"","Age 0","Age 1","Age 2","Age 3","Age 4","Age 5","Age 6","Age 7","Age 8","Age 9","Age 10","Age 11","Age 12","Age 13","Age 14","Age 15","Age 16","Age 17","Age 18","Age 19","Age 20","Age 21","Age 22","Age 23"
"Reader",2,2,2,2,2,2,2,2,2,2,2,2,2,2,2,2,2,2,2,2,2,2,2,2
"True_Age",0,1,2,3,4,5,6,7,8,9,10,11,12,13,14,15,16,17,18,19,20,21,22,23
"CV",0.0100384144100828,0.0100384144100828,0.0100384144100828,0.0100384144100828,0.0100384144100828,0.0100384144100828,0.0100384144100828,0.0100384144100828,0.0100384144100828,0.0100384144100828,0.0100384144100828,0.0100384144100828,0.0100384144100828,0.0100384144100828,0.0100384144100828,0.0100384144100828,0.0100384144100828,0.0100384144100828,0.0100384144100828,0.0100384144100828,0.0100384144100828,0.0100384144100828,0.0100384144100828,0.0100384144100828
"SD",0.0100384144100828,0.0100384144100828,0.0200768288201656,0.0301152432302484,0.0401536576403311,0.0501920720504139,0.0602304864604967,0.0702689008705795,0.0803073152806623,0.0903457296907451,0.100384144100828,0.110422558510911,0.120460972920993,0.130499387331076,0.140537801741159,0.150576216151242,0.160614630561325,0.170653044971407,0.18069145938149,0.190729873791573,0.200768288201656,0.210806702611738,0.220845117021821,0.230883531431904
"Expected_age",0.5,1.5,2.5,3.5,4.5,5.5,6.5,7.5,8.5,9.5,10.5,11.5,12.5,13.5,14.5,15.5,16.5,17.5,18.5,19.5,20.5,21.5,22.5,23.5
