"","Age 0","Age 1","Age 2","Age 3","Age 4","Age 5","Age 6","Age 7","Age 8","Age 9","Age 10","Age 11","Age 12","Age 13","Age 14","Age 15","Age 16","Age 17","Age 18","Age 19","Age 20","Age 21","Age 22","Age 23"
"Reader",3,3,3,3,3,3,3,3,3,3,3,3,3,3,3,3,3,3,3,3,3,3,3,3
"True_Age",0,1,2,3,4,5,6,7,8,9,10,11,12,13,14,15,16,17,18,19,20,21,22,23
"CV",0.13793412541771,0.13793412541771,0.13793412541771,0.13793412541771,0.13793412541771,0.13793412541771,0.13793412541771,0.13793412541771,0.13793412541771,0.13793412541771,0.13793412541771,0.13793412541771,0.13793412541771,0.13793412541771,0.13793412541771,0.13793412541771,0.13793412541771,0.13793412541771,0.13793412541771,0.13793412541771,0.13793412541771,0.13793412541771,0.13793412541771,0.13793412541771
"SD",0.13793412541771,0.13793412541771,0.275868250835419,0.413802376253129,0.551736501670839,0.689670627088548,0.827604752506258,0.965538877923967,1.10347300334168,1.24140712875939,1.3793412541771,1.51727537959481,1.65520950501252,1.79314363043023,1.93107775584793,2.06901188126564,2.20694600668335,2.34488013210106,2.48281425751877,2.62074838293648,2.75868250835419,2.8966166337719,3.03455075918961,3.17248488460732
"Expected_age",0.509902493170861,1.52970747951258,2.54951246585431,3.56931745219603,4.58912243853775,5.60892742487948,6.6287324112212,7.64853739756292,8.66834238390464,9.68814737024637,10.7079523565881,11.7277573429298,12.7475623292715,13.7673673156133,14.787172301955,15.8069772882967,16.8267822746384,17.8465872609801,18.8663922473219,19.8861972336636,20.9060022200053,21.925807206347,22.9456121926888,23.9654171790305
