"","Age 0","Age 1","Age 2","Age 3","Age 4","Age 5","Age 6","Age 7","Age 8","Age 9","Age 10","Age 11","Age 12","Age 13","Age 14","Age 15","Age 16","Age 17","Age 18","Age 19","Age 20","Age 21","Age 22","Age 23"
"Reader",3,3,3,3,3,3,3,3,3,3,3,3,3,3,3,3,3,3,3,3,3,3,3,3
"True_Age",0,1,2,3,4,5,6,7,8,9,10,11,12,13,14,15,16,17,18,19,20,21,22,23
"CV",0.125692760385406,0.125692760385406,0.125692760385406,0.125692760385406,0.125692760385406,0.125692760385406,0.125692760385406,0.125692760385406,0.125692760385406,0.125692760385406,0.125692760385406,0.125692760385406,0.125692760385406,0.125692760385406,0.125692760385406,0.125692760385406,0.125692760385406,0.125692760385406,0.125692760385406,0.125692760385406,0.125692760385406,0.125692760385406,0.125692760385406,0.125692760385406
"SD",0.125692760385406,0.125692760385406,0.251385520770813,0.377078281156219,0.502771041541625,0.628463801927032,0.754156562312438,0.879849322697844,1.00554208308325,1.13123484346866,1.25692760385406,1.38262036423947,1.50831312462488,1.63400588501028,1.75969864539569,1.88539140578109,2.0110841661665,2.13677692655191,2.26246968693731,2.38816244732272,2.51385520770813,2.63954796809353,2.76524072847894,2.89093348886435
"Expected_age",0.499048695578778,1.49714608673633,2.49524347789389,3.49334086905144,4.491438260209,5.48953565136656,6.48763304252411,7.48573043368167,8.48382782483922,9.48192521599678,10.4800226071543,11.4781199983119,12.4762173894694,13.474314780627,14.4724121717846,15.4705095629421,16.4686069540997,17.4667043452572,18.4648017364148,19.4628991275723,20.4609965187299,21.4590939098874,22.457191301045,23.4552886922026
