"","Age 0","Age 1","Age 2","Age 3","Age 4","Age 5","Age 6","Age 7","Age 8","Age 9","Age 10","Age 11","Age 12","Age 13","Age 14","Age 15","Age 16","Age 17","Age 18","Age 19","Age 20","Age 21","Age 22","Age 23"
"Reader",1,1,1,1,1,1,1,1,1,1,1,1,1,1,1,1,1,1,1,1,1,1,1,1
"True_Age",0,1,2,3,4,5,6,7,8,9,10,11,12,13,14,15,16,17,18,19,20,21,22,23
"CV",0.0598933678522539,0.0598933678522539,0.0598933678522539,0.0598933678522539,0.0598933678522539,0.0598933678522539,0.0598933678522539,0.0598933678522539,0.0598933678522539,0.0598933678522539,0.0598933678522539,0.0598933678522539,0.0598933678522539,0.0598933678522539,0.0598933678522539,0.0598933678522539,0.0598933678522539,0.0598933678522539,0.0598933678522539,0.0598933678522539,0.0598933678522539,0.0598933678522539,0.0598933678522539,0.0598933678522539
"SD",0.0598933678522539,0.0598933678522539,0.119786735704508,0.179680103556762,0.239573471409016,0.29946683926127,0.359360207113524,0.419253574965778,0.479146942818031,0.539040310670285,0.598933678522539,0.658827046374793,0.718720414227047,0.778613782079301,0.838507149931555,0.898400517783809,0.958293885636063,1.01818725348832,1.07808062134057,1.13797398919282,1.19786735704508,1.25776072489733,1.31765409274959,1.37754746060184
"Expected_age",0.5,1.5,2.5,3.5,4.5,5.5,6.5,7.5,8.5,9.5,10.5,11.5,12.5,13.5,14.5,15.5,16.5,17.5,18.5,19.5,20.5,21.5,22.5,23.5
