"Fleet","Year","Sample_size","Age","Cohort","Observed","Fitted","Difference","Absolute_difference"
"Fishery",1964,10,1,1963,0.025321,0.00191027558495656,0.0234107244150434,0.0234107244150434
"Fishery",1965,10,1,1964,0.01417,0.00990498368114743,0.00426501631885257,0.00426501631885257
"Fishery",1966,10,1,1965,0.028428,0.00855676315055026,0.0198712368494497,0.0198712368494497
"Fishery",1967,10,1,1966,0.00946700946700947,0.0165221371373759,-0.00705512767036643,0.00705512767036643
"Fishery",1968,10,1,1967,0.032939,0.0154475169122753,0.0174914830877247,0.0174914830877247
"Fishery",1969,10,1,1968,0.0146780146780147,0.0206074334732567,-0.00592941879524199,0.00592941879524199
"Fishery",1970,10,1,1969,0.156762,0.0250156676109555,0.131746332389045,0.131746332389045
"Fishery",1971,10,1,1970,0.165462,0.0169138204644453,0.148548179535555,0.148548179535555
"Fishery",1972,10,1,1971,0.0314280314280314,0.0127545733610108,0.0186734580670206,0.0186734580670206
"Fishery",1973,10,1,1972,0.011128983306525,0.0331167322021727,-0.0219877488956476,0.0219877488956476
"Fishery",1974,10,1,1973,0.0242470242470242,0.0208641877702737,0.00338283647675058,0.00338283647675058
"Fishery",1975,10,1,1974,0.00854299658280137,0.0135916059430852,-0.00504860936028383,0.00504860936028383
"Fishery",1976,10,1,1975,0.0001999998000002,0.00987599875172489,-0.00967599895172469,0.00967599895172469
"Fishery",1977,10,1,1976,0.0376720075344015,0.010671312455659,0.0270006950787425,0.0270006950787425
"Fishery",1978,39,1,1977,0.0120419975916005,0.0185923116258486,-0.00655031403424811,0.00655031403424811
"Fishery",1979,39,1,1978,0.0394999605000395,0.0376265897702243,0.00187337072981524,0.00187337072981524
"Fishery",1980,39,1,1979,0.00403399596600403,0.0119489691018551,-0.00791497313585108,0.00791497313585108
"Fishery",1981,39,1,1980,0.000261999738000262,0.00818506292043062,-0.00792306318243036,0.00792306318243036
"Fishery",1982,39,1,1981,0.00237,0.00295464634364312,-0.000584646343643122,0.000584646343643122
"Fishery",1983,39,1,1982,0.00290600581201162,0.00642902759050951,-0.00352302177849789,0.00352302177849789
"Fishery",1984,39,1,1983,0.00108200108200108,0.00145977448405344,-0.000377773402052361,0.000377773402052361
"Fishery",1985,39,1,1984,0.001377,0.00292549085544156,-0.00154849085544156,0.00154849085544156
"Fishery",1986,39,1,1985,0.00151400151400151,0.000943981974364303,0.000570019539637211,0.000570019539637211
"Fishery",1987,39,1,1986,0,0.000480155005175165,-0.000480155005175165,0.000480155005175165
"Fishery",1988,39,1,1987,0,0.000329318602314052,-0.000329318602314052,0.000329318602314052
"Fishery",1989,39,1,1988,0,0.000669156932534761,-0.000669156932534761,0.000669156932534761
"Fishery",1990,39,1,1989,0.000752,0.00324021911716871,-0.00248821911716871,0.00248821911716871
"Fishery",1991,260.3021832,1,1990,0.000377996130784693,0.00210387042595588,-0.00172587429517119,0.00172587429517119
"Fishery",1992,228.0450879,1,1991,0.000576504993068275,0.00162645487081543,-0.00104994987774716,0.00104994987774716
"Fishery",1993,344.4454631,1,1992,3.49144435660558e-05,0.00194597206185472,-0.00191105761828867,0.00191105761828867
"Fishery",1994,286.3559154,1,1993,0.000410145595595659,0.000523444240667824,-0.000113298645072165,0.000113298645072165
"Fishery",1995,256.9467042,1,1994,6.2317946939752e-09,0.000374878900345808,-0.000374872668551114,0.000374872668551114
"Fishery",1996,189.0802194,1,1995,7.09878750574638e-09,0.000918681582395149,-0.000918674483607643,0.000918674483607643
"Fishery",1997,318.6780707,1,1996,0.000668474600464001,0.00119201623322286,-0.000523541632758855,0.000523541632758855
"Fishery",1998,354.5667004,1,1997,0.000186710307353596,0.000466300789978675,-0.000279590482625078,0.000279590482625078
"Fishery",1999,476.1364988,1,1998,0.000155636513885107,0.00041646903270884,-0.000260832518823733,0.000260832518823733
"Fishery",2000,482.4344192,1,1999,6.06217395576521e-09,0.000590670736579979,-0.000590664674406024,0.000590664674406024
"Fishery",2001,328.1698823,1,2000,5.75869117229811e-09,0.000810341207706516,-0.000810335449015344,0.000810335449015344
"Fishery",2002,486.5633942,1,2001,0.000411649905254637,0.000578836534430079,-0.000167186629175442,0.000167186629175442
"Fishery",2003,440.9136437,1,2002,4.83748872093149e-09,0.000344682506690286,-0.000344677669201565,0.000344677669201565
"Fishery",2004,390.5174487,1,2003,4.74421714849014e-09,0.00012971528183362,-0.000129710537616472,0.000129710537616472
"Fishery",2005,494.3821404,1,2004,4.65424673615028e-09,8.21980003885359e-05,-8.21933461417997e-05,8.21933461417997e-05
"Fishery",2006,506.2105711,1,2005,4.70795912914708e-09,0.000249743330421775,-0.000249738622462646,0.000249738622462646
"Fishery",2007,500.2156307,1,2006,0.000986922027432978,0.000697648734681088,0.000289273292751889,0.000289273292751889
"Fishery",2008,523.649975,1,2007,8.53042441249223e-09,0.000514418742223859,-0.000514410211799447,0.000514410211799447
"Fishery",2009,420.0301079,1,2008,1.04274398039765e-08,0.00201219066256331,-0.00201218023512351,0.00201218023512351
"Fishery",2010,549.4055572,1,2009,0.000966514940487887,0.00068501062100721,0.000281504319480676,0.000281504319480676
"Fishery",2011,728.0740901,1,2010,0.000232636571620693,0.000376859697193167,-0.000144223125572474,0.000144223125572474
"Fishery",2012,607.4592535,1,2011,5.13959339609377e-09,0.000280001272197336,-0.00027999613260394,0.00027999613260394
"Fishery",2013,753.2713006,1,2012,0.00099174479823253,0.000953349760253841,3.83950379786893e-05,3.83950379786893e-05
"Fishery",2014,606.3439178,1,2013,5.73079794725016e-09,0.00108054070624672,-0.00108053497544877,0.00108053497544877
"Fishery",2015,821.2348389,1,2014,4.70421127808696e-09,0.00043021019095942,-0.000430205486748142,0.000430205486748142
"Fishery",2016,704.1101836,1,2015,4.40113509441796e-09,0.000116904594773655,-0.000116900193638561,0.000116900193638561
"Fishery",2017,606.7200798,1,2016,4.77503484713381e-09,0.000132464335257871,-0.000132459560223024,0.000132459560223024
"Fishery",2018,667.8408369,1,2017,4.69301904233991e-09,0.000247869814726835,-0.000247865121707792,0.000247865121707792
"Fishery",2019,700.7958749,1,2018,0.000396880917255185,0.00165117026496936,-0.00125428934771417,0.00125428934771417
"Fishery",2020,565.2432815,1,2019,0.00176076696700431,0.00060062507947483,0.00116014188752948,0.00116014188752948
"Fishery",2021,817.5780899,1,2020,4.00181428756453e-09,0.000263390749340525,-0.000263386747526237,0.000263386747526237
"Fishery",2022,641.2352943,1,2021,5.36012656383306e-09,0.000259540847774018,-0.000259535487647454,0.000259535487647454
"Fishery",2023,443.0433446,1,2022,0,0.000299660514032618,-0.000299660514032618,0.000299660514032618
"Fishery",1964,10,2,1962,0.105571,0.0520290490193366,0.0535419509806634,0.0535419509806634
"Fishery",1965,10,2,1963,0.015327,0.0286508571394352,-0.0133238571394352,0.0133238571394352
"Fishery",1966,10,2,1964,0.168302,0.131105144563395,0.0371968554366052,0.0371968554366052
"Fishery",1967,10,2,1965,0.11017811017811,0.0856608611087209,0.0245172490693892,0.0245172490693892
"Fishery",1968,10,2,1966,0.178617,0.140291983391696,0.0383250166083044,0.0383250166083044
"Fishery",1969,10,2,1967,0.0797660797660798,0.10832635091908,-0.0285602711529999,0.0285602711529999
"Fishery",1970,10,2,1968,0.238147,0.147759342238808,0.0903876577611924,0.0903876577611924
"Fishery",1971,10,2,1969,0.049415,0.140505419160862,-0.0910904191608615,0.0910904191608615
"Fishery",1972,10,2,1970,0.151596151596152,0.107389180720432,0.0442069708757195,0.0442069708757195
"Fishery",1973,10,2,1971,0.100337849493226,0.119011022165619,-0.0186731726723933,0.0186731726723933
"Fishery",1974,10,2,1972,0.527279527279527,0.341485015267633,0.185794512011895,0.185794512011895
"Fishery",1975,10,2,1973,0.150287939884824,0.187726776342202,-0.0374388364573777,0.0374388364573777
"Fishery",1976,10,2,1974,0.12016187983812,0.159192882521252,-0.039031002683132,0.039031002683132
"Fishery",1977,10,2,1975,0.24767304953461,0.144036643985192,0.103636405549418,0.103636405549418
"Fishery",1978,39,2,1976,0.186305962738807,0.148529053399342,0.0377769093394659,0.0377769093394659
"Fishery",1979,39,2,1977,0.211524788475211,0.193620573708568,0.0179042147666431,0.0179042147666431
"Fishery",1980,39,2,1978,0.190931809068191,0.225537513653854,-0.0346057045856627,0.0346057045856627
"Fishery",1981,39,2,1979,0.0332019667980332,0.0579844679393684,-0.0247825011413352,0.0247825011413352
"Fishery",1982,39,2,1980,0.012649,0.0434773728710597,-0.0308283728710597,0.0308283728710597
"Fishery",1983,39,2,1981,0.0679651359302718,0.0241932763918725,0.0437718595383993,0.0437718595383993
"Fishery",1984,39,2,1982,0.0236230236230236,0.0529435492563714,-0.0293205256333478,0.0293205256333478
"Fishery",1985,39,2,1983,0.028742,0.0149766740516574,0.0137653259483426,0.0137653259483426
"Fishery",1986,39,2,1984,0.0421540421540421,0.0314778801307454,0.0106761620232967,0.0106761620232967
"Fishery",1987,39,2,1985,0.0143529856470144,0.0114409081661475,0.00291207748086683,0.00291207748086683
"Fishery",1988,39,2,1986,0.00486699513300487,0.0060204461332839,-0.00115345100027903,0.00115345100027903
"Fishery",1989,39,2,1987,0.00267099732900267,0.00473753557502748,-0.00206653824602481,0.00206653824602481
"Fishery",1990,39,2,1988,0.018901,0.0121105428327635,0.00679045716723648,0.00679045716723648
"Fishery",1991,260.3021832,2,1989,0.0624190010851636,0.0641475216764254,-0.00172852059126175,0.00172852059126175
"Fishery",1992,228.0450879,2,1990,0.0442738718080198,0.0332107158467944,0.0110631559612254,0.0110631559612254
"Fishery",1993,344.4454631,2,1991,0.00391812877957373,0.0123546883599172,-0.00843655958034344,0.00843655958034344
"Fishery",1994,286.3559154,2,1992,0.0165196586624282,0.0193520437676193,-0.00283238510519111,0.00283238510519111
"Fishery",1995,256.9467042,2,1993,0.000320211358098723,0.00818057735650268,-0.00786036599840396,0.00786036599840396
"Fishery",1996,189.0802194,2,1994,0.0153618535044697,0.0115657863335225,0.00379606717094722,0.00379606717094722
"Fishery",1997,318.6780707,2,1995,0.0503902016020321,0.0353491037822019,0.0150410978198302,0.0150410978198302
"Fishery",1998,354.5667004,2,1996,0.0272082738325555,0.0279058557852946,-0.000697581952739109,0.000697581952739109
"Fishery",1999,476.1364988,2,1997,0.00692438176481414,0.00895922136720433,-0.0020348396023902,0.0020348396023902
"Fishery",2000,482.4344192,2,1998,0.00973629941666881,0.00822673841358543,0.00150956100308338,0.00150956100308338
"Fishery",2001,328.1698823,2,1999,0.0018488919576335,0.0101448734309144,-0.00829598147328095,0.00829598147328095
"Fishery",2002,486.5633942,2,2000,0.0250433744058684,0.0188185654046189,0.00622480900124957,0.00622480900124957
"Fishery",2003,440.9136437,2,2001,0.00702557327801886,0.00944168124276043,-0.00241610796474158,0.00241610796474158
"Fishery",2004,390.5174487,2,2002,0.000255547444291947,0.00447961400259521,-0.00422406655830327,0.00422406655830327
"Fishery",2005,494.3821404,2,2003,0.00222944589839401,0.00213515139955797,9.42944988360458e-05,9.42944988360458e-05
"Fishery",2006,506.2105711,2,2004,0.00465428863964411,0.00218765630594338,0.00246663233370073,0.00246663233370073
"Fishery",2007,500.2156307,2,2005,0.00936008245395354,0.00726350435571055,0.00209657809824298,0.00209657809824298
"Fishery",2008,523.649975,2,2006,0.0214678894440646,0.0191568823880621,0.0023110070560025,0.0023110070560025
"Fishery",2009,420.0301079,2,2007,0.00137115555637699,0.00821286996749334,-0.00684171441111635,0.00684171441111635
"Fishery",2010,549.4055572,2,2008,0.0236607879371185,0.0225042881202753,0.00115649981684316,0.00115649981684316
"Fishery",2011,728.0740901,2,2009,0.00630293822638126,0.00895217037405234,-0.00264923214767109,0.00264923214767109
"Fishery",2012,607.4592535,2,2010,0.0114352976873964,0.00601568315435854,0.00541961453303782,0.00541961453303782
"Fishery",2013,753.2713006,2,2011,0.000522290102537124,0.00403629043123701,-0.00351400032869988,0.00351400032869988
"Fishery",2014,606.3439178,2,2012,0.0224554906111136,0.0164139917215588,0.0060414988895548,0.0060414988895548
"Fishery",2015,821.2348389,2,2013,0.00727158777217709,0.0108934615250736,-0.00362187375289649,0.00362187375289649
"Fishery",2016,704.1101836,2,2014,0.000218674662002362,0.0031501007363766,-0.00293142607437424,0.00293142607437424
"Fishery",2017,606.7200798,2,2015,0.00103807246623952,0.00167901912541746,-0.000640946659177939,0.000640946659177939
"Fishery",2018,667.8408369,2,2016,0.000608211193259031,0.0020313246325604,-0.00142311343930137,0.00142311343930137
"Fishery",2019,700.7958749,2,2017,0.00622471175657267,0.00886490155361703,-0.00264018979704436,0.00264018979704436
"Fishery",2020,565.2432815,2,2018,0.125481192775049,0.122313461210831,0.00316773156421797,0.00316773156421797
"Fishery",2021,817.5780899,2,2019,0.0445574141747368,0.0419527777198295,0.00260463645490726,0.00260463645490726
"Fishery",2022,641.2352943,2,2020,0.0333408181323354,0.0270927441882541,0.00624807394408135,0.00624807394408135
"Fishery",2023,443.0433446,2,2021,0.0110094405044258,0.0150567718278897,-0.00404733132346395,0.00404733132346395
"Fishery",1964,10,3,1961,0.165563,0.168206176222114,-0.00264317622211407,0.00264317622211407
"Fishery",1965,10,3,1962,0.204164,0.179845586434573,0.0243184135654267,0.0243184135654267
"Fishery",1966,10,3,1963,0.057358,0.0996771068042694,-0.0423191068042694,0.0423191068042694
"Fishery",1967,10,3,1964,0.577515577515577,0.407136765594355,0.170378811921222,0.170378811921222
"Fishery",1968,10,3,1965,0.140218,0.226945003853849,-0.0867270038538486,0.0867270038538486
"Fishery",1969,10,3,1966,0.459233459233459,0.382968207401139,0.07626525183232,0.07626525183232
"Fishery",1970,10,3,1967,0.374263,0.299897191685106,0.0743658083148937,0.0743658083148937
"Fishery",1971,10,3,1968,0.27603,0.322332133070687,-0.0463021330706865,0.0463021330706865
"Fishery",1972,10,3,1969,0.34971534971535,0.326764078557604,0.0229512711577456,0.0229512711577456
"Fishery",1973,10,3,1970,0.121465817801273,0.237432321790765,-0.115966503989492,0.115966503989492
"Fishery",1974,10,3,1971,0.194871194871195,0.211238761647208,-0.0163675667760129,0.0163675667760129
"Fishery",1975,10,3,1972,0.691842723262911,0.522123283680218,0.169719439582693,0.169719439582693
"Fishery",1976,10,3,1973,0.454615545384455,0.411822464958514,0.0427930804259408,0.0427930804259408
"Fishery",1977,10,3,1974,0.331098066219613,0.360105427277065,-0.0290073610574516,0.0290073610574516
"Fishery",1978,39,3,1975,0.308117938376412,0.297409828720678,0.0107081096557342,0.0107081096557342
"Fishery",1979,39,3,1976,0.28037271962728,0.277313435344581,0.00305928428269958,0.00305928428269958
"Fishery",1980,39,3,1977,0.33992566007434,0.339577089530843,0.000348570543496407,0.000348570543496407
"Fishery",1981,39,3,1978,0.465712534287466,0.452220580109685,0.0134919541777809,0.0134919541777809
"Fishery",1982,39,3,1979,0.08055,0.119024215925881,-0.0384742159258811,0.0384742159258811
"Fishery",1983,39,3,1980,0.0904311808623617,0.11234586198637,-0.0219146811240082,0.0219146811240082
"Fishery",1984,39,3,1981,0.0456940456940457,0.0612447507931775,-0.0155507050991318,0.0155507050991318
"Fishery",1985,39,3,1982,0.198541,0.189975568818315,0.00856543118168535,0.00856543118168535
"Fishery",1986,39,3,1983,0.0452220452220452,0.052568895750787,-0.0073468505287418,0.0073468505287418
"Fishery",1987,39,3,1984,0.0809019190980809,0.137370658817473,-0.0564687397193924,0.0564687397193924
"Fishery",1988,39,3,1985,0.207077792922207,0.0846732275882098,0.122404565333997,0.122404565333997
"Fishery",1989,39,3,1986,0.0309039690960309,0.0361117453172878,-0.00520777622125693,0.00520777622125693
"Fishery",1990,39,3,1987,0.032625,0.0254877083019561,0.00713729169804387,0.00713729169804387
"Fishery",1991,260.3021832,3,1988,0.0242077563917163,0.0476551958900424,-0.0234474394983262,0.0234474394983262
"Fishery",1992,228.0450879,3,1989,0.353321255549602,0.339811097603306,0.0135101579462962,0.0135101579462962
"Fishery",1993,344.4454631,3,1990,0.137446132227176,0.123709178985934,0.0137369532412419,0.0137369532412419
"Fishery",1994,286.3559154,3,1991,0.0301761903471597,0.0396771092622249,-0.00950091891506513,0.00950091891506513
"Fishery",1995,256.9467042,3,1992,0.0453886011855439,0.0587092049898525,-0.0133206038043086,0.0133206038043086
"Fishery",1996,189.0802194,3,1993,0.0341002601857005,0.0324542175336867,0.00164604265201385,0.00164604265201385
"Fishery",1997,318.6780707,3,1994,0.0261551453455806,0.0285458152772559,-0.0023906699316753,0.0023906699316753
"Fishery",1998,354.5667004,3,1995,0.0547285184267323,0.0654404019157972,-0.0107118834890649,0.0107118834890649
"Fishery",1999,476.1364988,3,1996,0.199896977241383,0.183130458086015,0.0167665191553679,0.0167665191553679
"Fishery",2000,482.4344192,3,1997,0.0499276344791272,0.0510557105620462,-0.00112807608291901,0.00112807608291901
"Fishery",2001,328.1698823,3,1998,0.024620021918265,0.0351184012667242,-0.0104983793484592,0.0104983793484592
"Fishery",2002,486.5633942,3,1999,0.0575163317693922,0.0650787178389736,-0.00756238606958137,0.00756238606958137
"Fishery",2003,440.9136437,3,2000,0.198995489846623,0.179456471959037,0.0195390178875861,0.0195390178875861
"Fishery",2004,390.5174487,3,2001,0.0424662278177078,0.0526132269794447,-0.010146999161737,0.010146999161737
"Fishery",2005,494.3821404,3,2002,0.0242486972432764,0.0308895813963704,-0.00664088415309395,0.00664088415309395
"Fishery",2006,506.2105711,3,2003,0.0395905461269642,0.031945876001334,0.00764467012563022,0.00764467012563022
"Fishery",2007,500.2156307,3,2004,0.0351956241438236,0.0291180788028478,0.0060775453409758,0.0060775453409758
"Fishery",2008,523.649975,3,2005,0.05012554713376,0.059205810690449,-0.00908026355668907,0.00908026355668907
"Fishery",2009,420.0301079,3,2006,0.182843835042538,0.173515180501267,0.00932865454127046,0.00932865454127046
"Fishery",2010,549.4055572,3,2007,0.0284792138380294,0.0362002452102512,-0.0077210313722218,0.0077210313722218
"Fishery",2011,728.0740901,3,2008,0.117693428901772,0.119591430887411,-0.00189800198563948,0.00189800198563948
"Fishery",2012,607.4592535,3,2009,0.0599438924118966,0.0583998808680214,0.0015440115438753,0.0015440115438753
"Fishery",2013,753.2713006,3,2010,0.0343572300078929,0.0346248249703757,-0.000267594962482784,0.000267594962482784
"Fishery",2014,606.3439178,3,2011,0.0177653507764116,0.029348948732206,-0.0115835979557943,0.0115835979557943
"Fishery",2015,821.2348389,3,2012,0.297216031177855,0.276914060886822,0.0203019702910337,0.0203019702910337
"Fishery",2016,704.1101836,3,2013,0.0398179314039876,0.0495721272555983,-0.00975419585161071,0.00975419585161071
"Fishery",2017,606.7200798,3,2014,0.013437908242541,0.0174444480809017,-0.00400653983836061,0.00400653983836061
"Fishery",2018,667.8408369,3,2015,0.00647069404056931,0.00663528058904667,-0.000164586548477356,0.000164586548477356
"Fishery",2019,700.7958749,3,2016,0.00703050935372219,0.0104320358465287,-0.00340152649280648,0.00340152649280648
"Fishery",2020,565.2432815,3,2017,0.0433173579845959,0.0484697138890084,-0.00515235590441251,0.00515235590441251
"Fishery",2021,817.5780899,3,2018,0.518497402893118,0.504247565125963,0.014249837767155,0.014249837767155
"Fishery",2022,641.2352943,3,2019,0.0934239527167345,0.0958667636320653,-0.00244281091533077,0.00244281091533077
"Fishery",2023,443.0433446,3,2020,0.0377920529183332,0.0390945641641122,-0.00130251124577899,0.00130251124577899
"Fishery",1964,10,4,1960,0.193611,0.168197791193696,0.0254132088063039,0.0254132088063039
"Fishery",1965,10,4,1961,0.550318,0.342916279946176,0.207401720053824,0.207401720053824
"Fishery",1966,10,4,1962,0.420126,0.314575100712451,0.105550899287549,0.105550899287549
"Fishery",1967,10,4,1963,0.0876920876920877,0.118961282855297,-0.0312691951632092,0.0312691951632092
"Fishery",1968,10,4,1964,0.468517,0.377319575550599,0.091197424449401,0.091197424449401
"Fishery",1969,10,4,1965,0.315684315684316,0.193531077295259,0.122153238389057,0.122153238389057
"Fishery",1970,10,4,1966,0.176699,0.258930806800905,-0.0822318068009048,0.0822318068009048
"Fishery",1971,10,4,1967,0.185287,0.197141815602025,-0.0118548156020253,0.0118548156020253
"Fishery",1972,10,4,1968,0.28007928007928,0.244962218683728,0.0351170613955518,0.0351170613955518
"Fishery",1973,10,4,1969,0.264053603919594,0.252439335612371,0.0116142683072227,0.0116142683072227
"Fishery",1974,10,4,1970,0.0554270554270554,0.135733426631163,-0.0803063712041071,0.0803063712041071
"Fishery",1975,10,4,1971,0.0531849787260085,0.0938724460540315,-0.040687467328023,0.040687467328023
"Fishery",1976,10,4,1972,0.305985694014306,0.268991665855832,0.0369940281584744,0.0369940281584744
"Fishery",1977,10,4,1973,0.23990504798101,0.245143454791018,-0.00523840681000792,0.00523840681000792
"Fishery",1978,39,4,1974,0.26135894772821,0.249982058401534,0.0113768893266769,0.0113768893266769
"Fishery",1979,39,4,1975,0.163647836352164,0.189922631643485,-0.0262747952913213,0.0262747952913213
"Fishery",1980,39,4,1976,0.183115816884183,0.186704480770093,-0.00358866388590981,0.00358866388590981
"Fishery",1981,39,4,1977,0.293349706650293,0.287168251748695,0.00618145490159833,0.00618145490159833
"Fishery",1982,39,4,1978,0.584991,0.554264753695977,0.030726246304023,0.030726246304023
"Fishery",1983,39,4,1979,0.179378358756717,0.213939564060439,-0.0345612053037216,0.0345612053037216
"Fishery",1984,39,4,1980,0.222070222070222,0.213009880515207,0.00906034155501498,0.00906034155501498
"Fishery",1985,39,4,1981,0.06341,0.108004154511078,-0.0445941545110784,0.0445941545110784
"Fishery",1986,39,4,1982,0.366847366847367,0.330354058769243,0.0364933080781236,0.0364933080781236
"Fishery",1987,39,4,1983,0.0562789437210563,0.0839923106899772,-0.0277133669689209,0.0277133669689209
"Fishery",1988,39,4,1984,0.192307807692192,0.205311739843219,-0.0130039321510263,0.0130039321510263
"Fishery",1989,39,4,1985,0.0835269164730835,0.0972315266395618,-0.0137046101664783,0.0137046101664783
"Fishery",1990,39,4,1986,0.125708,0.0730924513084231,0.0526155486915769,0.0526155486915769
"Fishery",1991,260.3021832,4,1987,0.0499182180413692,0.0542497477574425,-0.00433152971607332,0.00433152971607332
"Fishery",1992,228.0450879,4,1988,0.0680053659213036,0.0914818293738372,-0.0234764634525336,0.0234764634525336
"Fishery",1993,344.4454631,4,1989,0.604986496837142,0.571633540296151,0.0333529565409906,0.0333529565409906
"Fishery",1994,286.3559154,4,1990,0.197626390523246,0.189921696589316,0.00770469393392961,0.00770469393392961
"Fishery",1995,256.9467042,4,1991,0.0913830424351633,0.0874574483004976,0.0039255941346657,0.0039255941346657
"Fishery",1996,189.0802194,4,1992,0.0509085164086678,0.0960812555327977,-0.0451727391241299,0.0451727391241299
"Fishery",1997,318.6780707,4,1993,0.0771655012020737,0.0677139857134464,0.00945151548862729,0.00945151548862729
"Fishery",1998,354.5667004,4,1994,0.0456407403080462,0.0508700939980187,-0.00522935368997246,0.00522935368997246
"Fishery",1999,476.1364988,4,1995,0.150590292965045,0.149640539445393,0.000949753519652624,0.000949753519652624
"Fishery",2000,482.4344192,4,1996,0.259505385173501,0.255938807864541,0.00356657730896059,0.00356657730896059
"Fishery",2001,328.1698823,4,1997,0.088883532566552,0.094424885223273,-0.00554135265672097,0.00554135265672097
"Fishery",2002,486.5633942,4,1998,0.115945461255595,0.114168689879629,0.00177677137596539,0.00177677137596539
"Fishery",2003,440.9136437,4,1999,0.156635233588645,0.166180762166267,-0.00954552857762289,0.00954552857762289
"Fishery",2004,390.5174487,4,2000,0.393908082413441,0.38170767621509,0.0122004061983517,0.0122004061983517
"Fishery",2005,494.3821404,4,2001,0.18265997318844,0.180503055001345,0.00215691818709446,0.00215691818709446
"Fishery",2006,506.2105711,4,2002,0.139103344263107,0.136736877387709,0.0023664668753986,0.0023664668753986
"Fishery",2007,500.2156307,4,2003,0.0827522989201546,0.0828712968419537,-0.000118997921799105,0.000118997921799105
"Fishery",2008,523.649975,4,2004,0.0675108615166993,0.0714702129092208,-0.00395935139252156,0.00395935139252156
"Fishery",2009,420.0301079,4,2005,0.208944217930687,0.214834137402534,-0.00588991947184719,0.00588991947184719
"Fishery",2010,549.4055572,4,2006,0.500192647523688,0.496186115417405,0.00400653210628271,0.00400653210628271
"Fishery",2011,728.0740901,4,2007,0.0702356690474396,0.084014183006244,-0.0137785139588044,0.0137785139588044
"Fishery",2012,607.4592535,4,2008,0.486078296189766,0.481703421897869,0.0043748742918972,0.0043748742918972
"Fishery",2013,753.2713006,4,2009,0.183948720560335,0.185616228928546,-0.00166750836821136,0.00166750836821136
"Fishery",2014,606.3439178,4,2010,0.0960548427333041,0.100510504977741,-0.00445566224443651,0.00445566224443651
"Fishery",2015,821.2348389,4,2011,0.0923002579986615,0.0958680076028949,-0.00356774960423338,0.00356774960423338
"Fishery",2016,704.1101836,4,2012,0.611276361654537,0.578489864160526,0.0327864974940117,0.0327864974940117
"Fishery",2017,606.7200798,4,2013,0.261922685294196,0.257807135553729,0.00411554974046707,0.00411554974046707
"Fishery",2018,667.8408369,4,2014,0.0539241126404286,0.0541121237534714,-0.000188011113042758,0.000188011113042758
"Fishery",2019,700.7958749,4,2015,0.0104856394911142,0.0186929055632225,-0.00820726607210831,0.00820726607210831
"Fishery",2020,565.2432815,4,2016,0.0511866108363787,0.0441492786280742,0.00703733220830448,0.00703733220830448
"Fishery",2021,817.5780899,4,2017,0.0576379383691036,0.0664193237371664,-0.00878138536806281,0.00878138536806281
"Fishery",2022,641.2352943,4,2018,0.554434012716809,0.54953930677131,0.00489470594549823,0.00489470594549823
"Fishery",2023,443.0433446,4,2019,0.114763437118328,0.115309738668791,-0.000546301550463271,0.000546301550463271
"Fishery",1964,10,5,1959,0.095442,0.110850957391058,-0.0154089573910585,0.0154089573910585
"Fishery",1965,10,5,1960,0.13476,0.110831029704274,0.0239289702957265,0.0239289702957265
"Fishery",1966,10,5,1961,0.264906,0.197524271420128,0.0673817285798724,0.0673817285798724
"Fishery",1967,10,5,1962,0.16000016000016,0.150920039587051,0.00908012041310857,0.00908012041310857
"Fishery",1968,10,5,1963,0.10737,0.0589526907668385,0.0484173092331615,0.0484173092331615
"Fishery",1969,10,5,1964,0.108430108430108,0.175733225727158,-0.0673031172970493,0.0673031172970493
"Fishery",1970,10,5,1965,0.034247,0.101388409255277,-0.067141409255277,0.067141409255277
"Fishery",1971,10,5,1966,0.274689,0.164670310287423,0.110018689712577,0.110018689712577
"Fishery",1972,10,5,1967,0.117347117347117,0.124121239847473,-0.00677412250035542,0.00677412250035542
"Fishery",1973,10,5,1968,0.202122696815955,0.159512474277699,0.0426102225382561,0.0426102225382561
"Fishery",1974,10,5,1969,0.0744530744530744,0.121047488491117,-0.0465944140380421,0.0465944140380421
"Fishery",1975,10,5,1970,0.0141489943404023,0.0586481526070962,-0.044499158266694,0.044499158266694
"Fishery",1976,10,5,1971,0.0301519698480302,0.0497676564992504,-0.0196156866512203,0.0196156866512203
"Fishery",1977,10,5,1972,0.0861290172258034,0.149299804325506,-0.0631707870997025,0.0631707870997025
"Fishery",1978,39,5,1973,0.150679969864006,0.147362046470831,0.00331792339317535,0.00331792339317535
"Fishery",1979,39,5,1974,0.152891847108153,0.149443241756631,0.00344860535152194,0.00344860535152194
"Fishery",1980,39,5,1975,0.104123895876104,0.10744476094664,-0.00332086507053579,0.00332086507053579
"Fishery",1981,39,5,1976,0.104386895613104,0.103840827843544,0.000546067769559955,0.000546067769559955
"Fishery",1982,39,5,1977,0.210743,0.196235449894261,0.0145075501057388,0.0145075501057388
"Fishery",1983,39,5,1978,0.468209936419873,0.480091876497858,-0.0118819400779848,0.0118819400779848
"Fishery",1984,39,5,1979,0.253549253549254,0.243249829031642,0.0102994245176117,0.0102994245176117
"Fishery",1985,39,5,1980,0.190469,0.225627350773279,-0.035158350773279,0.035158350773279
"Fishery",1986,39,5,1981,0.104926104926105,0.118431198402979,-0.0135050934768737,0.0135050934768737
"Fishery",1987,39,5,1982,0.2998577001423,0.339357951531337,-0.0395002513890367,0.0395002513890367
"Fishery",1988,39,5,1983,0.115003884996115,0.106542521698342,0.00846136329777251,0.00846136329777251
"Fishery",1989,39,5,1984,0.252882747117253,0.270674621758365,-0.0177918746411122,0.0177918746411122
"Fishery",1990,39,5,1985,0.114964,0.144318055833305,-0.0293540558333049,0.0293540558333049
"Fishery",1991,260.3021832,5,1986,0.0850862150862846,0.0857342072260872,-0.000647992139802531,0.000647992139802531
"Fishery",1992,228.0450879,5,1987,0.0416149748553043,0.0499443649270995,-0.00832939007179519,0.00832939007179519
"Fishery",1993,344.4454631,5,1988,0.0543302529718329,0.0766440193782256,-0.0223137664063927,0.0223137664063927
"Fishery",1994,286.3559154,5,1989,0.579858867240046,0.560779487494597,0.0190793797454492,0.0190793797454492
"Fishery",1995,256.9467042,5,1990,0.246204149778763,0.239763998276523,0.00644015150223992,0.00644015150223992
"Fishery",1996,189.0802194,5,1991,0.114158496284635,0.134210931690914,-0.0200524354062788,0.0200524354062788
"Fishery",1997,318.6780707,5,1992,0.295196998453943,0.287426263105105,0.0077707353488376,0.0077707353488376
"Fishery",1998,354.5667004,5,1993,0.0992860955586655,0.0985894279019854,0.000696667656680167,0.000696667656680167
"Fishery",1999,476.1364988,5,1994,0.0689517527073339,0.0729246554111646,-0.00397290270383076,0.00397290270383076
"Fishery",2000,482.4344192,5,1995,0.209851971473887,0.210301584858806,-0.000449613384919029,0.000449613384919029
"Fishery",2001,328.1698823,5,1996,0.334268625927401,0.336368510686274,-0.00209988475887296,0.00209988475887296
"Fishery",2002,486.5633942,5,1997,0.153064078349501,0.154685405861776,-0.00162132751227551,0.00162132751227551
"Fishery",2003,440.9136437,5,1998,0.174173102408961,0.173050794601007,0.00112230780795389,0.00112230780795389
"Fishery",2004,390.5174487,5,1999,0.227802070049785,0.231172705227271,-0.0033706351774859,0.0033706351774859
"Fishery",2005,494.3821404,5,2000,0.401629130738803,0.404837719887213,-0.00320858914841049,0.00320858914841049
"Fishery",2006,506.2105711,5,2001,0.291429035480703,0.287638387392529,0.0037906480881747,0.0037906480881747
"Fishery",2007,500.2156307,5,2002,0.231567767581859,0.228599103593756,0.00296866398810336,0.00296866398810336
"Fishery",2008,523.649975,5,2003,0.125278370254285,0.12928321156498,-0.00400484131069515,0.00400484131069515
"Fishery",2009,420.0301079,5,2004,0.0859964953924817,0.0925296843293361,-0.0065331889368544,0.0065331889368544
"Fishery",2010,549.4055572,5,2005,0.197158517635216,0.197665236929907,-0.00050671929469065,0.00050671929469065
"Fishery",2011,728.0740901,5,2006,0.492609089111862,0.500743459633804,-0.00813437052194171,0.00813437052194171
"Fishery",2012,607.4592535,5,2007,0.0887163196974944,0.099201359395902,-0.0104850396984076,0.0104850396984076
"Fishery",2013,753.2713006,5,2008,0.513534443992637,0.517462378754982,-0.00392793476234499,0.00392793476234499
"Fishery",2014,606.3439178,5,2009,0.228597786490656,0.227542029466207,0.00105575702444924,0.00105575702444924
"Fishery",2015,821.2348389,5,2010,0.10741891302708,0.10941820625605,-0.0019992932289693,0.0019992932289693
"Fishery",2016,704.1101836,5,2011,0.0702958064376718,0.080410417238147,-0.0101146108004753,0.0101146108004753
"Fishery",2017,606.7200798,5,2012,0.428857758056925,0.432646529950008,-0.00378877189308319,0.00378877189308319
"Fishery",2018,667.8408369,5,2013,0.570149609081825,0.542175613021276,0.027973996060549,0.027973996060549
"Fishery",2019,700.7958749,5,2014,0.0899940473936792,0.0973958212932767,-0.00740177389959745,0.00740177389959745
"Fishery",2020,565.2432815,5,2015,0.0684631440104649,0.0635160559789188,0.00494708803154616,0.00494708803154616
"Fishery",2021,817.5780899,5,2016,0.0440029352202611,0.0461995944911409,-0.00219665927087984,0.00219665927087984
"Fishery",2022,641.2352943,5,2017,0.0983517451801446,0.101915705872117,-0.00356396069197229,0.00356396069197229
"Fishery",2023,443.0433446,5,2018,0.642745018682275,0.633072440275459,0.00967257840681612,0.00967257840681612
"Fishery",1964,10,6,1958,0.268407,0.155238869596294,0.113168130403706,0.113168130403706
"Fishery",1965,10,6,1959,0.033545,0.0639000194228918,-0.0303550194228918,0.0303550194228918
"Fishery",1966,10,6,1960,0.024151,0.0622309204777599,-0.0380799204777599,0.0380799204777599
"Fishery",1967,10,6,1961,0.037988037988038,0.0946572009304743,-0.0566691629424363,0.0566691629424363
"Fishery",1968,10,6,1962,0.030573,0.0729067079730472,-0.0423337079730472,0.0423337079730472
"Fishery",1969,10,6,1963,0.0023050023050023,0.0278384849098765,-0.0255334826048742,0.0255334826048742
"Fishery",1970,10,6,1964,0.011143,0.0949800379030999,-0.0838370379030999,0.0838370379030999
"Fishery",1971,10,6,1965,0.026683,0.0596626797805424,-0.0329796797805424,0.0329796797805424
"Fishery",1972,10,6,1966,0.046028046028046,0.0924246429108581,-0.046396596882812,0.046396596882812
"Fishery",1973,10,6,1967,0.138069792895311,0.0807095465993099,0.0573602462960008,0.0573602462960008
"Fishery",1974,10,6,1968,0.0401920401920402,0.0756997578083317,-0.0355077176162915,0.0355077176162915
"Fishery",1975,10,6,1969,0.0265729893708043,0.0517480774770087,-0.0251750881062044,0.0251750881062044
"Fishery",1976,10,6,1970,0.0139159860840139,0.0318039325775704,-0.0178879464935565,0.0178879464935565
"Fishery",1977,10,6,1971,0.0191580038316008,0.0290131604605523,-0.0098551566289515,0.0098551566289515
"Fishery",1978,39,6,1972,0.0407949918410016,0.0842675776308998,-0.0434725857898981,0.0434725857898981
"Fishery",1979,39,6,1973,0.0839389160610839,0.0783502046919404,0.00558871136914356,0.00558871136914356
"Fishery",1980,39,6,1974,0.0871169128830871,0.0650739587361428,0.0220429541469443,0.0220429541469443
"Fishery",1981,39,6,1975,0.0473079526920473,0.0424424391841326,0.00486551350791474,0.00486551350791474
"Fishery",1982,39,6,1976,0.051754,0.0449709490473467,0.00678305095265326,0.00678305095265326
"Fishery",1983,39,6,1977,0.1250932501865,0.115057731794115,0.0100355183923859,0.0100355183923859
"Fishery",1984,39,6,1978,0.337247337247337,0.331956930300034,0.00529040694730332,0.00529040694730332
"Fishery",1985,39,6,1979,0.167426,0.184418134020919,-0.0169921340209186,0.0169921340209186
"Fishery",1986,39,6,1980,0.185293185293185,0.199840737833033,-0.0145475525398479,0.0145475525398479
"Fishery",1987,39,6,1981,0.100714899285101,0.113075758986127,-0.0123608597010263,0.0123608597010263
"Fishery",1988,39,6,1982,0.248301751698248,0.306549962580978,-0.0582482108827296,0.0582482108827296
"Fishery",1989,39,6,1983,0.0934729065270935,0.0955148970175935,-0.0020419904905,0.0020419904905
"Fishery",1990,39,6,1984,0.273633,0.281088813572276,-0.00745581357227648,0.00745581357227648
"Fishery",1991,260.3021832,6,1985,0.101979247086258,0.115105038127181,-0.0131257910409228,0.0131257910409228
"Fishery",1992,228.0450879,6,1986,0.056819857789606,0.0621155695357088,-0.00529571174610277,0.00529571174610277
"Fishery",1993,344.4454631,6,1987,0.0349062316496094,0.0371034996036451,-0.00219726795403578,0.00219726795403578
"Fishery",1994,286.3559154,6,1988,0.0961421080196901,0.0868133909978286,0.00932871702186147,0.00932871702186147
"Fishery",1995,256.9467042,6,1989,0.473832064775409,0.467498129980033,0.00633393479537586,0.00633393479537586
"Fishery",1996,189.0802194,6,1990,0.256652826371997,0.264039492530137,-0.00738666615813988,0.00738666615813988
"Fishery",1997,318.6780707,6,1991,0.187413916154697,0.195904854015538,-0.00849093786084068,0.00849093786084068
"Fishery",1998,354.5667004,6,1992,0.455007184523746,0.434655354120003,0.0203518304037432,0.0203518304037432
"Fishery",1999,476.1364988,6,1993,0.105075026850739,0.107452446283777,-0.00237741943303758,0.00237741943303758
"Fishery",2000,482.4344192,6,1994,0.0646076221433101,0.0723106711646802,-0.00770304902137009,0.00770304902137009
"Fishery",2001,328.1698823,6,1995,0.238772552821733,0.233052362087971,0.00572019073376195,0.00572019073376195
"Fishery",2002,486.5633942,6,1996,0.322752382006455,0.327030603153503,-0.00427822114704796,0.00427822114704796
"Fishery",2003,440.9136437,6,1997,0.145693024991812,0.14480029778412,0.000892727207692429,0.000892727207692429
"Fishery",2004,390.5174487,6,1998,0.112239331024256,0.117598836563257,-0.00535950553900072,0.00535950553900072
"Fishery",2005,494.3821404,6,1999,0.225336420023501,0.21436453740898,0.0109718826145209,0.0109718826145209
"Fishery",2006,506.2105711,6,2000,0.281073206810555,0.300158100002681,-0.0190848931921261,0.0190848931921261
"Fishery",2007,500.2156307,6,2001,0.304454150716149,0.300265039846216,0.00418911086993273,0.00418911086993273
"Fishery",2008,523.649975,6,2002,0.26389924721175,0.262782687143644,0.00111656006810523,0.00111656006810523
"Fishery",2009,420.0301079,6,2003,0.119216114147173,0.1240145888733,-0.00479847472612745,0.00479847472612745
"Fishery",2010,549.4055572,6,2004,0.0489471540202797,0.0548617102805637,-0.00591455626028398,0.00591455626028398
"Fishery",2011,728.0740901,6,2005,0.173321139280896,0.160177819054285,0.013143320226611,0.013143320226611
"Fishery",2012,607.4592535,6,2006,0.222096822238417,0.235323561878659,-0.0132267396402427,0.0132267396402427
"Fishery",2013,753.2713006,6,2007,0.104458067903211,0.10315478327961,0.00130328462360084,0.00130328462360084
"Fishery",2014,606.3439178,6,2008,0.430385453458161,0.437611374311948,-0.00722592085378659,0.00722592085378659
"Fishery",2015,821.2348389,6,2009,0.180596139563185,0.177586997541938,0.00300914202124755,0.00300914202124755
"Fishery",2016,704.1101836,6,2010,0.0767208349419371,0.0759987977315743,0.000722037210362736,0.000722037210362736
"Fishery",2017,606.7200798,6,2011,0.102795624532569,0.0909183841900614,0.0118772403425078,0.0118772403425078
"Fishery",2018,667.8408369,6,2012,0.237494497831557,0.247589413950912,-0.0100949161193552,0.0100949161193552
"Fishery",2019,700.7958749,6,2013,0.523500972231365,0.504718285663103,0.0187826865682619,0.0187826865682619
"Fishery",2020,565.2432815,6,2014,0.279164243435816,0.254985399723206,0.0241788437126095,0.0241788437126095
"Fishery",2021,817.5780899,6,2015,0.0428663967352791,0.0453976789942387,-0.00253128225895965,0.00253128225895965
"Fishery",2022,641.2352943,6,2016,0.0377186899905867,0.0420654008988595,-0.00434671090827283,0.00434671090827283
"Fishery",2023,443.0433446,6,2017,0.0991532367879832,0.0904100575419893,0.00874317924599394,0.00874317924599394
"Fishery",1964,10,7,1957,0.120764,0.092367092803704,0.028396907196296,0.028396907196296
"Fishery",1965,10,7,1958,0.032389,0.0764620595226537,-0.0440730595226537,0.0440730595226537
"Fishery",1966,10,7,1959,0.026415,0.0355110960620103,-0.00909609606201035,0.00909609606201035
"Fishery",1967,10,7,1960,0.0114790114790115,0.03069112234757,-0.0192121108685585,0.0192121108685585
"Fishery",1968,10,7,1961,0.036579,0.0461637761953162,-0.00958477619531623,0.00958477619531623
"Fishery",1969,10,7,1962,0.0121420121420121,0.03566952487479,-0.0235275127327778,0.0235275127327778
"Fishery",1970,10,7,1963,0.005571,0.0160655175789215,-0.0104945175789215,0.0104945175789215
"Fishery",1971,10,7,1964,0.017515,0.0561197425822674,-0.0386047425822674,0.0386047425822674
"Fishery",1972,10,7,1965,0.0174710174710175,0.0341717502462185,-0.0167007327752011,0.0167007327752011
"Fishery",1973,10,7,1966,0.0768218847671728,0.0601572719263204,0.0166646128408524,0.0166646128408524
"Fishery",1974,10,7,1967,0.0257450257450257,0.0382845476552221,-0.0125395219101963,0.0125395219101963
"Fishery",1975,10,7,1968,0.0254519898192041,0.0324502954468999,-0.00699830562769583,0.00699830562769583
"Fishery",1976,10,7,1969,0.0192789807210193,0.0284400201737311,-0.00916103945271182,0.00916103945271182
"Fishery",1977,10,7,1970,0.00703000140600028,0.0191172000352711,-0.0120871986292709,0.0120871986292709
"Fishery",1978,39,7,1971,0.0117719976456005,0.016820473108777,-0.00504847546317658,0.00504847546317658
"Fishery",1979,39,7,1972,0.0219209780790219,0.0451247294884551,-0.0232037514094332,0.0232037514094332
"Fishery",1980,39,7,1973,0.0345719654280346,0.032906209785724,0.00166575564231052,0.00166575564231052
"Fishery",1981,39,7,1974,0.0237579762420238,0.024151969043246,-0.000393992801222293,0.000393992801222293
"Fishery",1982,39,7,1975,0.017953,0.0182403662798946,-0.000287366279894629,0.000287366279894629
"Fishery",1983,39,7,1976,0.0237380474760949,0.0256100626063166,-0.00187201513022163,0.00187201513022163
"Fishery",1984,39,7,1977,0.069013069013069,0.0676640955580486,0.00134897345502039,0.00134897345502039
"Fishery",1985,39,7,1978,0.23081,0.213024390755733,0.0177856092442674,0.0177856092442674
"Fishery",1986,39,7,1979,0.108734108734109,0.108920039164719,-0.000185930430609924,0.000185930430609924
"Fishery",1987,39,7,1980,0.0888209111790888,0.128510101363762,-0.039689190184673,0.039689190184673
"Fishery",1988,39,7,1981,0.102526897473103,0.087266007948119,0.0152608895249835,0.0152608895249835
"Fishery",1989,39,7,1982,0.320775679224321,0.290261842335748,0.0305138368885728,0.0305138368885728
"Fishery",1990,39,7,1983,0.074005,0.0916593008624824,-0.0176543008624824,0.0176543008624824
"Fishery",1991,260.3021832,7,1984,0.275094874536963,0.267992689389381,0.00710218514758254,0.00710218514758254
"Fishery",1992,228.0450879,7,1985,0.069936174233296,0.0847473607881697,-0.0148111865548737,0.0148111865548737
"Fishery",1993,344.4454631,7,1986,0.035013660850892,0.035850032988559,-0.000836372137667039,0.000836372137667039
"Fishery",1994,286.3559154,7,1987,0.0292930442023565,0.0265443929508957,0.00274865125146082,0.00274865125146082
"Fishery",1995,256.9467042,7,1988,0.0848365872445186,0.0709084941872023,0.0139280930573163,0.0139280930573163
"Fishery",1996,189.0802194,7,1989,0.34162605886218,0.348571356332964,-0.00694529747078354,0.00694529747078354
"Fishery",1997,318.6780707,7,1990,0.166279720234649,0.180128828261062,-0.0138491080264129,0.0138491080264129
"Fishery",1998,354.5667004,7,1991,0.129207272754367,0.134653094328249,-0.00544582157388196,0.00544582157388196
"Fishery",1999,476.1364988,7,1992,0.314343879779453,0.304398436465906,0.00994544331354663,0.00994544331354663
"Fishery",2000,482.4344192,7,1993,0.101976170346416,0.101299522364176,0.000676647982240208,0.000676647982240208
"Fishery",2001,328.1698823,7,1994,0.07892156465348,0.0764215083856511,0.00250005626782888,0.00250005626782888
"Fishery",2002,486.5633942,7,1995,0.142633922641575,0.146038742745963,-0.00340482010438806,0.00340482010438806
"Fishery",2003,440.9136437,7,1996,0.16314751841337,0.166589960751335,-0.00344244233796531,0.00344244233796531
"Fishery",2004,390.5174487,7,1997,0.0802293054827268,0.0750096885239064,0.00521961695882037,0.00521961695882037
"Fishery",2005,494.3821404,7,1998,0.0741433444304274,0.0735519559200141,0.000591388510413279,0.000591388510413279
"Fishery",2006,506.2105711,7,1999,0.131027522349157,0.130489330594505,0.000538191754651862,0.000538191754651862
"Fishery",2007,500.2156307,7,2000,0.17886050282461,0.192195720491404,-0.0133352176667939,0.0133352176667939
"Fishery",2008,523.649975,7,2001,0.206476384229617,0.200976875614424,0.00549950861519305,0.00549950861519305
"Fishery",2009,420.0301079,7,2002,0.129500014981651,0.131736105501179,-0.00223609051952758,0.00223609051952758
"Fishery",2010,549.4055572,7,2003,0.0384586607891502,0.0430903525055554,-0.00463169171640521,0.00463169171640521
"Fishery",2011,728.0740901,7,2004,0.0386973113282443,0.0352002908110139,0.00349702051723043,0.00349702051723043
"Fishery",2012,607.4592535,7,2005,0.0726786457946565,0.064855455869907,0.00782318992474956,0.00782318992474956
"Fishery",2013,753.2713006,7,2006,0.0840994924141492,0.0943113898962092,-0.01021189748206,0.01021189748206
"Fishery",2014,606.3439178,7,2007,0.120356530736665,0.103550224911662,0.0168063058250022,0.0168063058250022
"Fishery",2015,821.2348389,7,2008,0.239740955750588,0.249536247254768,-0.00979529150418063,0.00979529150418063
"Fishery",2016,704.1101836,7,2009,0.0768494306574404,0.0765297852979873,0.000319645359453169,0.000319645359453169
"Fishery",2017,606.7200798,7,2010,0.0703914690455658,0.0649243421392024,0.00546712690636339,0.00546712690636339
"Fishery",2018,667.8408369,7,2011,0.0491353329430379,0.0494440146640784,-0.000308681721040573,0.000308681721040573
"Fishery",2019,700.7958749,7,2012,0.241236440447894,0.241497805171223,-0.000261364723328633,0.000261364723328633
"Fishery",2020,565.2432815,7,2013,0.302812621259844,0.300805272098063,0.00200734916178114,0.00200734916178114
"Fishery",2021,817.5780899,7,2014,0.123783682581606,0.112884700728841,0.0108989818527652,0.0108989818527652
"Fishery",2022,641.2352943,7,2015,0.0425893333843076,0.040009957048946,0.0025793763353616,0.0025793763353616
"Fishery",2023,443.0433446,7,2016,0.0128127600169765,0.0249506960511754,-0.0121379360341989,0.0121379360341989
"Fishery",1964,10,8,1956,0.025321,0.0555414677590949,-0.0302204677590949,0.0302204677590949
"Fishery",1965,10,8,1957,0.015327,0.0463635274581646,-0.0310365274581646,0.0310365274581646
"Fishery",1966,10,8,1958,0.010314,0.0426066537135962,-0.0322926537135962,0.0322926537135962
"Fishery",1967,10,8,1959,0.00568000568000568,0.0177514235142827,-0.012071417834277,0.012071417834277
"Fishery",1968,10,8,1960,0.005187,0.0149456894402145,-0.00975868944021448,0.00975868944021448
"Fishery",1969,10,8,1961,0.00776100776100776,0.0232090886687626,-0.0154480809077548,0.0154480809077548
"Fishery",1970,10,8,1962,0.003168,0.021749298052089,-0.018581298052089,0.018581298052089
"Fishery",1971,10,8,1963,0.004919,0.0099032698218926,-0.0049842698218926,0.0049842698218926
"Fishery",1972,10,8,1964,0.00633500633500634,0.0344041395801225,-0.0280691332451162,0.0280691332451162
"Fishery",1973,10,8,1965,0.0556429165356252,0.0230746683717547,0.0325682481638705,0.0325682481638705
"Fishery",1974,10,8,1966,0.0216900216900217,0.0292386442687972,-0.00754862257877549,0.00754862257877549
"Fishery",1975,10,8,1967,0.0138689944524022,0.0164742679167203,-0.00260527346431805,0.00260527346431805
"Fishery",1976,10,8,1968,0.0223629776370224,0.0179553307723109,0.00440764686471147,0.00440764686471147
"Fishery",1977,10,8,1969,0.0101410020282004,0.0173741309839722,-0.00723312895577183,0.00723312895577183
"Fishery",1978,39,8,1970,0.00709799858040028,0.011246521713733,-0.00414852313333277,0.00414852313333277
"Fishery",1979,39,8,1971,0.01001198998801,0.00899099324165005,0.00102099674635996,0.00102099674635996
"Fishery",1980,39,8,1972,0.0155249844750155,0.01914286083378,-0.0036178763587645,0.0036178763587645
"Fishery",1981,39,8,1973,0.0136099863900136,0.0123987691732266,0.00121121721678704,0.00121121721678704
"Fishery",1982,39,8,1974,0.017973,0.0104517355614637,0.00752126443853634,0.00752126443853634
"Fishery",1983,39,8,1975,0.0141670283340567,0.0104207807928363,0.00374624754122032,0.00374624754122032
"Fishery",1984,39,8,1976,0.0183400183400183,0.0151783407897433,0.00316167755027501,0.00316167755027501
"Fishery",1985,39,8,1977,0.058574,0.0429623325170979,0.0156116674829021,0.0156116674829021
"Fishery",1986,39,8,1978,0.105004105004105,0.121510780849609,-0.0165066758455043,0.0165066758455043
"Fishery",1987,39,8,1979,0.0657419342580657,0.0740066819091203,-0.0082647476510546,0.0082647476510546
"Fishery",1988,39,8,1980,0.0478659521340479,0.0916930192881619,-0.0438270671541141,0.0438270671541141
"Fishery",1989,39,8,1981,0.053996946003054,0.0617653949706422,-0.00776844896758821,0.00776844896758821
"Fishery",1990,39,8,1982,0.211015,0.208668932700968,0.0023460672990317,0.0023460672990317
"Fishery",1991,260.3021832,8,1983,0.0432038670997263,0.0623988219014236,-0.0191949548016973,0.0191949548016973
"Fishery",1992,228.0450879,8,1984,0.132610231757199,0.139961599148822,-0.0073513673916229,0.0073513673916229
"Fishery",1993,344.4454631,8,1985,0.0297904268523031,0.0323212753754123,-0.00253084852310928,0.00253084852310928
"Fishery",1994,286.3559154,8,1986,0.0104550237712716,0.0157748019829133,-0.00531977821164175,0.00531977821164175
"Fishery",1995,256.9467042,8,1987,0.0215252123315927,0.0178652749760149,0.00365993735557788,0.00365993735557788
"Fishery",1996,189.0802194,8,1988,0.130939953783407,0.0610544196132297,0.0698855341701772,0.0698855341701772
"Fishery",1997,318.6780707,8,1989,0.128780517545452,0.145227622803789,-0.0164471052583373,0.0164471052583373
"Fishery",1998,354.5667004,8,1990,0.0852814052878491,0.0906718069514923,-0.00539040166364321,0.00539040166364321
"Fishery",1999,476.1364988,8,1991,0.0876629876219072,0.089603189899885,-0.00194020227797785,0.00194020227797785
"Fishery",2000,482.4344192,8,1992,0.216636992753775,0.201548000727264,0.0150889920265111,0.0150889920265111
"Fishery",2001,328.1698823,8,1993,0.0742145837102138,0.0637527700156933,0.0104618136945204,0.0104618136945204
"Fishery",2002,486.5633942,8,1994,0.0524129113446231,0.0478634554422376,0.00454945590238554,0.00454945590238554
"Fishery",2003,440.9136437,8,1995,0.0766226371024737,0.0737898442162388,0.00283279288623485,0.00283279288623485
"Fishery",2004,390.5174487,8,1996,0.0740689532598976,0.0681711843936336,0.005897768866264,0.005897768866264
"Fishery",2005,494.3821404,8,1997,0.0316554861433973,0.0315565833389988,9.89028043984763e-05,9.89028043984763e-05
"Fishery",2006,506.2105711,8,1998,0.050486121800371,0.0470086783439571,0.00347744345641383,0.00347744345641383
"Fishery",2007,500.2156307,8,1999,0.0815177385806813,0.0825381080356458,-0.00102036945496452,0.00102036945496452
"Fishery",2008,523.649975,8,2000,0.126749680983585,0.131340562171743,-0.00459088118815834,0.00459088118815834
"Fishery",2009,420.0301079,8,2001,0.108671047405356,0.10372564876488,0.00494539864047573,0.00494539864047573
"Fishery",2010,549.4055572,8,2002,0.0515772227798888,0.0509852957072156,0.000591927072673186,0.000591927072673186
"Fishery",2011,728.0740901,8,2003,0.0228380590067739,0.0226523539227486,0.000185705084025298,0.000185705084025298
"Fishery",2012,607.4592535,8,2004,0.018833814191616,0.0151651989964952,0.00366861519512083,0.00366861519512083
"Fishery",2013,753.2713006,8,2005,0.0375916539597233,0.0321796825819981,0.00541197137772519,0.00541197137772519
"Fishery",2014,606.3439178,8,2006,0.0493684899800714,0.055967440593689,-0.00659895061361752,0.00659895061361752
"Fishery",2015,821.2348389,8,2007,0.0417380812969827,0.0422855280716408,-0.000547446774658039,0.000547446774658039
"Fishery",2016,704.1101836,8,2008,0.0987823199726757,0.105444522357635,-0.00666220238495914,0.00666220238495914
"Fishery",2017,606.7200798,8,2009,0.0582588350155614,0.0573449426038065,0.000913892411754887,0.000913892411754887
"Fishery",2018,667.8408369,8,2010,0.0384362219847474,0.0353821849094025,0.00305403707534495,0.00305403707534495
"Fishery",2019,700.7958749,8,2011,0.0532095460879209,0.043591623781784,0.00961792230613693,0.00961792230613693
"Fishery",2020,565.2432815,8,2012,0.0627886514702062,0.0925024612266373,-0.0297138097564311,0.0297138097564311
"Fishery",2021,817.5780899,8,2013,0.11835402135602,0.115992337624984,0.00236168373103642,0.00236168373103642
"Fishery",2022,641.2352943,8,2014,0.0759937951641383,0.0622898863542188,0.0137039088099195,0.0137039088099195
"Fishery",2023,443.0433446,8,2015,0.0197875271413894,0.0204471504411734,-0.000659623299784012,0.000659623299784012
"Fishery",1964,10,9,1955,0,0.0422075874878998,-0.0422075874878998,0.0422075874878998
"Fishery",1965,10,9,1956,0,0.0288236452325778,-0.0288236452325778,0.0288236452325778
"Fishery",1966,10,9,1957,0,0.026002457193354,-0.026002457193354,0.026002457193354
"Fishery",1967,10,9,1958,0,0.0215708998288123,-0.0215708998288123,0.0215708998288123
"Fishery",1968,10,9,1959,0,0.00866760350591139,-0.00866760350591139,0.00866760350591139
"Fishery",1969,10,9,1960,0,0.00759265654852267,-0.00759265654852267,0.00759265654852267
"Fishery",1970,10,9,1961,0,0.0141062494702072,-0.0141062494702072,0.0141062494702072
"Fishery",1971,10,9,1962,0,0.012713185141365,-0.012713185141365,0.012713185141365
"Fishery",1972,10,9,1963,0,0.00543462751547887,-0.00543462751547887,0.00543462751547887
"Fishery",1973,10,9,1964,0.0249719625420562,0.0210672517831316,0.00390471075892463,0.00390471075892463
"Fishery",1974,10,9,1965,0.0212890212890213,0.0106144902768474,0.0106745310121739,0.0106745310121739
"Fishery",1975,10,9,1966,0.00816199673520131,0.0122554528018233,-0.00409345606662199,0.00409345606662199
"Fishery",1976,10,9,1967,0.0173959826040174,0.00912702428837977,0.00826895831563762,0.00826895831563762
"Fishery",1977,10,9,1968,0.00811100162220032,0.0111529378124431,-0.00304193619024277,0.00304193619024277
"Fishery",1978,39,9,1969,0.00804699839060032,0.0105192544327437,-0.0024722560421434,0.0024722560421434
"Fishery",1979,39,9,1970,0.013972986027014,0.00616584012542172,0.00780714590159225,0.00780714590159225
"Fishery",1980,39,9,1971,0.00898099101900898,0.00380080071202165,0.00518019030698733,0.00518019030698733
"Fishery",1981,39,9,1972,0.0074029925970074,0.00726639091136559,0.000136601685641815,0.000136601685641815
"Fishery",1982,39,9,1973,0.010743,0.00536873084516159,0.00537426915483841,0.00537426915483841
"Fishery",1983,39,9,1974,0.0113530227060454,0.00596194081079888,0.00539108189524653,0.00539108189524653
"Fishery",1984,39,9,1975,0.0129380129380129,0.00619483610527085,0.00674317683274209,0.00674317683274209
"Fishery",1985,39,9,1976,0.019048,0.00962693895481115,0.00942106104518885,0.00942106104518885
"Fishery",1986,39,9,1977,0.0292490292490293,0.0251396869971053,0.00410934225192394,0.00410934225192394
"Fishery",1987,39,9,1978,0.179308820691179,0.0871891546570609,0.0921196660341184,0.0921196660341184
"Fishery",1988,39,9,1979,0.0178719821280179,0.0450596766645002,-0.0271876945364824,0.0271876945364824
"Fishery",1989,39,9,1980,0.0581659418340582,0.0642224057268012,-0.00605646389274302,0.00605646389274302
"Fishery",1990,39,9,1981,0.037632,0.0458614164180791,-0.00822941641807916,0.00822941641807916
"Fishery",1991,260.3021832,9,1982,0.159262691461944,0.155502045260151,0.00376064620179334,0.00376064620179334
"Fishery",1992,228.0450879,9,1983,0.0534813718627117,0.0397322823819054,0.0137490894808063,0.0137490894808063
"Fishery",1993,344.4454631,9,1984,0.0454696276895187,0.0466086218891952,-0.00113899419967649,0.00113899419967649
"Fishery",1994,286.3559154,9,1985,0.00719075997477272,0.0136025266494162,-0.00641176667464347,0.00641176667464347
"Fishery",1995,256.9467042,9,1986,0.00763965727230028,0.0103771783730627,-0.0027375211007624,0.0027375211007624
"Fishery",1996,189.0802194,9,1987,0.0238534595205181,0.0140468608506549,0.00980659866986316,0.00980659866986316
"Fishery",1997,318.6780707,9,1988,0.0415214077533941,0.0284036961616725,0.0131177115917216,0.0131177115917216
"Fishery",1998,354.5667004,9,1989,0.0716988581602041,0.071482718058086,0.00021614010211804,0.00021614010211804
"Fishery",1999,476.1364988,9,1990,0.0378113230859595,0.0430564747506892,-0.00524515166472965,0.00524515166472965
"Fishery",2000,482.4344192,9,1991,0.0514245128917696,0.052219920631901,-0.000795407740131447,0.000795407740131447
"Fishery",2001,328.1698823,9,1992,0.0904532119837214,0.0928085591442931,-0.00235534716057167,0.00235534716057167
"Fishery",2002,486.5633942,9,1993,0.0457172460162013,0.0375773909547412,0.00813985506146006,0.00813985506146006
"Fishery",2003,440.9136437,9,1994,0.0238842580875001,0.0227664013777435,0.00111785670975658,0.00111785670975658
"Fishery",2004,390.5174487,9,1995,0.0307871485509099,0.028845081834886,0.00194206671602385,0.00194206671602385
"Fishery",2005,494.3821404,9,1996,0.0309766542602959,0.028345201375344,0.0026314528849519,0.0026314528849519
"Fishery",2006,506.2105711,9,1997,0.0225843492556531,0.0203188461950467,0.00226550306060639,0.00226550306060639
"Fishery",2007,500.2156307,9,1998,0.0283104217110381,0.0297388579964492,-0.00142843628541109,0.00142843628541109
"Fishery",2008,523.649975,9,1999,0.0718184066145398,0.0633200634944517,0.00849834312008808,0.00849834312008808
"Fishery",2009,420.0301079,9,2000,0.069418438657918,0.0715448007376137,-0.00212636207969565,0.00212636207969565
"Fishery",2010,549.4055572,9,2001,0.0463010057693417,0.0404496128251726,0.00585139294416909,0.00585139294416909
"Fishery",2011,728.0740901,9,2002,0.0234349826140518,0.0227603384588125,0.000674644155239365,0.000674644155239365
"Fishery",2012,607.4592535,9,2003,0.00895026703501988,0.00965958029730975,-0.000709313262289863,0.000709313262289863
"Fishery",2013,753.2713006,9,2004,0.0111096723003903,0.00759244250321704,0.00351722979717324,0.00351722979717324
"Fishery",2014,606.3439178,9,2005,0.0170782657563406,0.014452394857666,0.00262587089867466,0.00262587089867466
"Fishery",2015,821.2348389,9,2006,0.0197990823641267,0.0239679760833913,-0.00416889371926457,0.00416889371926457
"Fishery",2016,704.1101836,9,2007,0.0149831831927426,0.0166887724869899,-0.00170558929424728,0.00170558929424728
"Fishery",2017,606.7200798,9,2008,0.0463909880735332,0.0590747688446236,-0.0126837807710905,0.0126837807710905
"Fishery",2018,667.8408369,9,2009,0.0284229255236125,0.0285792989208774,-0.000156373397264837,0.000156373397264837
"Fishery",2019,700.7958749,9,2010,0.0297751256084266,0.0272784680942668,0.00249665751415977,0.00249665751415977
"Fishery",2020,565.2432815,9,2011,0.0267269467154924,0.0232873012820592,0.0034396454334332,0.0034396454334332
"Fishery",2021,817.5780899,9,2012,0.0288389495756542,0.038666353652512,-0.0098274040768578,0.0098274040768578
"Fishery",2022,641.2352943,9,2013,0.0434425945289959,0.048834673914579,-0.00539207938558309,0.00539207938558309
"Fishery",2023,443.0433446,9,2014,0.0277298675493432,0.0235232788188958,0.0042065887304474,0.0042065887304474
"Fishery",1964,10,10,1954,0,0.0351060032024364,-0.0351060032024364,0.0351060032024364
"Fishery",1965,10,10,1955,0,0.0226807145009177,-0.0226807145009177,0.0226807145009177
"Fishery",1966,10,10,1956,0,0.0163522371355037,-0.0163522371355037,0.0163522371355037
"Fishery",1967,10,10,1957,0,0.0133006419440567,-0.0133006419440567,0.0133006419440567
"Fishery",1968,10,10,1958,0,0.010606261067089,-0.010606261067089,0.010606261067089
"Fishery",1969,10,10,1959,0,0.00448040945790822,-0.00448040945790822,0.00448040945790822
"Fishery",1970,10,10,1960,0,0.00473023030695754,-0.00473023030695754,0.00473023030695754
"Fishery",1971,10,10,1961,0,0.00836388399836223,-0.00836388399836223,0.00836388399836223
"Fishery",1972,10,10,1962,0,0.00700928625916158,-0.00700928625916158,0.00700928625916158
"Fishery",1973,10,10,1963,0.00449799325301012,0.00327829126255244,0.00121970199045768,0.00121970199045768
"Fishery",1974,10,10,1964,0.00895400895400895,0.00974400073634116,-0.000789991782332208,0.000789991782332208
"Fishery",1975,10,10,1965,0.00574699770120092,0.00449082900980836,0.00125616869139256,0.00125616869139256
"Fishery",1976,10,10,1966,0.00857199142800857,0.00689457400541682,0.00167741742259176,0.00167741742259176
"Fishery",1977,10,10,1967,0.00651400130280026,0.00586856505877411,0.000645436244026154,0.000645436244026154
"Fishery",1978,39,10,1968,0.00647099870580026,0.00690949983126938,-0.000438501125469126,0.000438501125469126
"Fishery",1979,39,10,1969,0.0107059892940107,0.00568982694212822,0.00501616235188248,0.00501616235188248
"Fishery",1980,39,10,1970,0.00987699012300988,0.00254422145115683,0.00733276867185304,0.00733276867185304
"Fishery",1981,39,10,1971,0.0042989957010043,0.00143839640664573,0.00286059929435856,0.00286059929435856
"Fishery",1982,39,10,1972,0.004531,0.00313965145299399,0.00139134854700601,0.00139134854700601
"Fishery",1983,39,10,1973,0.00636201272402545,0.00306758875950903,0.00329442396451641,0.00329442396451641
"Fishery",1984,39,10,1974,0.00806700806700807,0.00354454164167118,0.00452246642533689,0.00452246642533689
"Fishery",1985,39,10,1975,0.013449,0.00393166976500738,0.00951733023499262,0.00951733023499262
"Fishery",1986,39,10,1976,0.00744000744000744,0.00572320757855573,0.00171679986145171,0.00171679986145171
"Fishery",1987,39,10,1977,0.0392069607930392,0.017282147362461,0.0219248134305782,0.0219248134305782
"Fishery",1988,39,10,1978,0.0441489558510441,0.0511939465991329,-0.00704499074808872,0.00704499074808872
"Fishery",1989,39,10,1979,0.0181759818240182,0.0312656180370596,-0.0130896362130415,0.0130896362130415
"Fishery",1990,39,10,1980,0.058368,0.0485234849426845,0.00984451505731552,0.00984451505731552
"Fishery",1991,260.3021832,10,1981,0.0159606789762584,0.0325649233447918,-0.0166042443685334,0.0166042443685334
"Fishery",1992,228.0450879,10,1982,0.0768646777835989,0.0850429896176243,-0.0081783118340254,0.0081783118340254
"Fishery",1993,344.4454631,10,1983,0.011164114350769,0.0125159260420925,-0.00135181169132347,0.00135181169132347
"Fishery",1994,286.3559154,10,1984,0.0110338935295473,0.0194334598213688,-0.00839956629182153,0.00839956629182153
"Fishery",1995,256.9467042,10,1985,0.00467037720309141,0.00881573808076796,-0.00414536087767655,0.00414536087767655
"Fishery",1996,189.0802194,10,1986,0.0095372263611089,0.00790434260928994,0.00163288375181896,0.00163288375181896
"Fishery",1997,318.6780707,10,1987,0.00864901965572241,0.00730546068918146,0.00134355896654095,0.00134355896654095
"Fishery",1998,354.5667004,10,1988,0.017995464846538,0.0115265334619087,0.00646893138462922,0.00646893138462922
"Fishery",1999,476.1364988,10,1989,0.0222041079643304,0.0286646810072577,-0.00646057304292731,0.00646057304292731
"Fishery",2000,482.4344192,10,1990,0.0180003651684565,0.0236658958855947,-0.00566553071713824,0.00566553071713824
"Fishery",2001,328.1698823,10,1991,0.0332835182473376,0.028965036660259,0.00431848158707863,0.00431848158707863
"Fishery",2002,486.5633942,10,1992,0.0499964905900409,0.0535841677598964,-0.00358767716985558,0.00358767716985558
"Fishery",2003,440.9136437,10,1993,0.0189823790571603,0.0177582406502672,0.0012241384068931,0.0012241384068931
"Fishery",2004,390.5174487,10,1994,0.00763914044307944,0.00931584298485044,-0.001676702541771,0.001676702541771
"Fishery",2005,494.3821404,10,1995,0.0139970065816157,0.0128204556594097,0.00117655092220593,0.00117655092220593
"Fishery",2006,506.2105711,10,1996,0.0180443731653503,0.018007201219682,3.71719456682788e-05,3.71719456682788e-05
"Fishery",2007,500.2156307,10,1997,0.0163599414193444,0.0137537042669541,0.0026062371523903,0.0026062371523903
"Fishery",2008,523.649975,10,1998,0.0188997332498267,0.0222982389670255,-0.00339850571719882,0.00339850571719882
"Fishery",2009,420.0301079,10,1999,0.0418953209865719,0.0369951559431447,0.00490016504342717,0.00490016504342717
"Fishery",2010,549.4055572,10,2000,0.0284567961912376,0.0279049810420665,0.000551815149171082,0.000551815149171082
"Fishery",2011,728.0740901,10,2001,0.0252098854647944,0.019073208961064,0.00613667650373044,0.00613667650373044
"Fishery",2012,607.4592535,10,2002,0.00749752468666159,0.00964476757008649,-0.0021472428834249,0.0021472428834249
"Fishery",2013,753.2713006,10,2003,0.00684996034408314,0.00499410785272784,0.0018558524913553,0.0018558524913553
"Fishery",2014,606.3439178,10,2004,0.00513311246200714,0.00370314849658073,0.00142996396542641,0.00142996396542641
"Fishery",2015,821.2348389,10,2005,0.00829586867962805,0.00712534914049516,0.00117051953913289,0.00117051953913289
"Fishery",2016,704.1101836,10,2006,0.00607666555486508,0.00933679686448593,-0.00326013130962085,0.00326013130962085
"Fishery",2017,606.7200798,10,2007,0.0103782377231172,0.0100817449119147,0.000296492811202436,0.000296492811202436
"Fishery",2018,667.8408369,10,2008,0.0121399612520966,0.0257317068639165,-0.01359174561182,0.01359174561182
"Fishery",2019,700.7958749,10,2009,0.0302599913619413,0.0221037907550193,0.00815620060692206,0.00815620060692206
"Fishery",2020,565.2432815,10,2010,0.0195719081428713,0.0170368686386092,0.00253503950426219,0.00253503950426219
"Fishery",2021,817.5780899,10,2011,0.0106126698519814,0.00855097037767932,0.00206169947430207,0.00206169947430207
"Fishery",2022,641.2352943,10,2012,0.00874588451603387,0.0172394852832814,-0.00849360076724755,0.00849360076724755
"Fishery",2023,443.0433446,10,2013,0.0185993627933219,0.0217188070601953,-0.0031194442668734,0.0031194442668734
"Fishery",1964,10,11,1953,0,0.0290260916671076,-0.0290260916671076,0.0290260916671076
"Fishery",1965,10,11,1954,0,0.0195196386614381,-0.0195196386614381,0.0195196386614381
"Fishery",1966,10,11,1955,0,0.0130313443173145,-0.0130313443173145,0.0130313443173145
"Fishery",1967,10,11,1956,0,0.00842875676549425,-0.00842875676549425,0.00842875676549425
"Fishery",1968,10,11,1957,0,0.00656279898636301,-0.00656279898636301,0.00656279898636301
"Fishery",1969,10,11,1958,0,0.00553791696803451,-0.00553791696803451,0.00553791696803451
"Fishery",1970,10,11,1959,0,0.00279955441191958,-0.00279955441191958,0.00279955441191958
"Fishery",1971,10,11,1960,0,0.00277429970387909,-0.00277429970387909,0.00277429970387909
"Fishery",1972,10,11,1961,0,0.00451186726116235,-0.00451186726116235,0.00451186726116235
"Fishery",1973,10,11,1962,0.000565999151001274,0.00413503420348304,-0.00356903505248176,0.00356903505248176
"Fishery",1974,10,11,1963,0.00363800363800364,0.00149080999364457,0.00214719364435907,0.00214719364435907
"Fishery",1975,10,11,1964,0.00142099943160023,0.00408150494779622,-0.00266050551619599,0.00266050551619599
"Fishery",1976,10,11,1965,0.00395599604400396,0.00247736169916652,0.00147863434483744,0.00147863434483744
"Fishery",1977,10,11,1966,0.00336000067200013,0.00434501743095315,-0.000985016758953011,0.000985016758953011
"Fishery",1978,39,11,1967,0.00455899908820018,0.00351355250044077,0.00104544658775942,0.00104544658775942
"Fishery",1979,39,11,1968,0.00686199313800686,0.00355437591513762,0.00330761722286924,0.00330761722286924
"Fishery",1980,39,11,1969,0.0105079894920105,0.0022681574408379,0.0082398320511726,0.0082398320511726
"Fishery",1981,39,11,1970,0.00345299654700345,0.000939552530652145,0.00251344401635131,0.00251344401635131
"Fishery",1982,39,11,1971,0.002704,0.000619636493532285,0.00208436350646771,0.00208436350646771
"Fishery",1983,39,11,1972,0.00435600871201742,0.00180075887320616,0.00255524983881126,0.00255524983881126
"Fishery",1984,39,11,1973,0.00366000366000366,0.00182743005894354,0.00183257360106012,0.00183257360106012
"Fishery",1985,39,11,1974,0.012929,0.00225586330554831,0.0106731366944517,0.0106731366944517
"Fishery",1986,39,11,1975,0.00163700163700164,0.00235325235720477,-0.000716250720203135,0.000716250720203135
"Fishery",1987,39,11,1976,0.0280639719360281,0.0038798601134308,0.0241841118225973,0.0241841118225973
"Fishery",1988,39,11,1977,0.00832399167600832,0.0106604046607954,-0.0023364129847871,0.0023364129847871
"Fishery",1989,39,11,1978,0.0723299276700723,0.0367338085931481,0.0355961190769242,0.0355961190769242
"Fishery",1990,39,11,1979,0.005178,0.0265472170011796,-0.0213692170011796,0.0213692170011796
"Fishery",1991,260.3021832,11,1980,0.0796714903299587,0.0519041981189597,0.027767292210999,0.027767292210999
"Fishery",1992,228.0450879,11,1981,0.0303000415086784,0.0219106237477922,0.00838941776088616,0.00838941776088616
"Fishery",1993,344.4454631,11,1982,0.017243545307968,0.0266276464165101,-0.0093841011085421,0.0093841011085421
"Fishery",1994,286.3559154,11,1983,0.00531629764923975,0.00557641812494324,-0.000260120475703499,0.000260120475703499
"Fishery",1995,256.9467042,11,1984,0.0108808255834738,0.0126330192442473,-0.00175219366077347,0.00175219366077347
"Fishery",1996,189.0802194,11,1985,0.00563683434786604,0.00659253276623238,-0.00095569841836634,0.00095569841836634
"Fishery",1997,318.6780707,11,1986,0.00387224306211804,0.00445134908727595,-0.000579106025157909,0.000579106025157909
"Fishery",1998,354.5667004,11,1987,0.00397864974669623,0.00306796766318996,0.000910682083506273,0.000910682083506273
"Fishery",1999,476.1364988,11,1988,0.00265004984662566,0.00491780819103919,-0.00226775834441353,0.00226775834441353
"Fishery",2000,482.4344192,11,1989,0.0133510085416531,0.0161804108058647,-0.0028294022642116,0.0028294022642116
"Fishery",2001,328.1698823,11,1990,0.0193550366869847,0.0144544269726766,0.00490060971430802,0.00490060971430802
"Fishery",2002,486.5633942,11,1991,0.0184220530002663,0.0172813347512353,0.00114071824903099,0.00114071824903099
"Fishery",2003,440.9136437,11,1992,0.0172568545626538,0.0267320282530654,-0.00947517369041161,0.00947517369041161
"Fishery",2004,390.5174487,11,1993,0.0080861783611867,0.00797087958874048,0.000115298772446213,0.000115298772446213
"Fishery",2005,494.3821404,11,1994,0.00464918688180771,0.00449548812709753,0.000153698754710186,0.000153698754710186
"Fishery",2006,506.2105711,11,1995,0.00832432570454494,0.00859057274622397,-0.000266247041679031,0.000266247041679031
"Fishery",2007,500.2156307,11,1996,0.0130052663793031,0.012766891507557,0.000238374871746149,0.000238374871746149
"Fishery",2008,523.649975,11,1997,0.0149710154118006,0.0112202553945738,0.00375076001722672,0.00375076001722672
"Fishery",2009,420.0301079,11,1998,0.0245158382920998,0.0154600477287791,0.00905579056332073,0.00905579056332073
"Fishery",2010,549.4055572,11,1999,0.0142751801120848,0.0138497257629795,0.000425454349105283,0.000425454349105283
"Fishery",2011,728.0740901,11,2000,0.0157091742988977,0.0131556710965939,0.00255350320230377,0.00255350320230377
"Fishery",2012,607.4592535,11,2001,0.00817341326240615,0.00777484581474661,0.000398567447659537,0.000398567447659537
"Fishery",2013,753.2713006,11,2002,0.0068524872185722,0.00510322134283744,0.00174926587573476,0.00174926587573476
"Fishery",2014,606.3439178,11,2003,0.0025708269541693,0.00243084721796016,0.000139979736209142,0.000139979736209142
"Fishery",2015,821.2348389,11,2004,0.00137956840277708,0.00163444004263975,-0.000254871639862665,0.000254871639862665
"Fishery",2016,704.1101836,11,2005,0.00351577475379988,0.00238648221925369,0.00112929253454619,0.00112929253454619
"Fishery",2017,606.7200798,11,2006,0.00344184360516315,0.00560946084945317,-0.00216761724429002,0.00216761724429002
"Fishery",2018,667.8408369,11,2007,0.00200244659391458,0.00446542003293244,-0.00246297343901786,0.00246297343901786
"Fishery",2019,700.7958749,11,2008,0.00574417424210811,0.0180755102123725,-0.0123313359702644,0.0123313359702644
"Fishery",2020,565.2432815,11,2009,0.0138083160334,0.0141825243878083,-0.000374208354408278,0.000374208354408278
"Fishery",2021,817.5780899,11,2010,0.00645755714100752,0.0062639121174402,0.000193645023567315,0.000193645023567315
"Fishery",2022,641.2352943,11,2011,0.00603427242340951,0.0043070121962835,0.00172726022712601,0.00172726022712601
"Fishery",2023,443.0433446,11,2012,0.00821158733156481,0.00900066191625272,-0.000789074584687905,0.000789074584687905
"Fishery",1964,10,12,1952,0,0.0236400322413278,-0.0236400322413278,0.0236400322413278
"Fishery",1965,10,12,1953,0,0.0166149822125293,-0.0166149822125293,0.0166149822125293
"Fishery",1966,10,12,1954,0,0.0113529361321756,-0.0113529361321756,0.0113529361321756
"Fishery",1967,10,12,1955,0,0.00676212371067996,-0.00676212371067996,0.00676212371067996
"Fishery",1968,10,12,1956,0,0.00416280236388835,-0.00416280236388835,0.00416280236388835
"Fishery",1969,10,12,1957,0,0.00342649546009063,-0.00342649546009063,0.00342649546009063
"Fishery",1970,10,12,1958,0,0.00347489245547679,-0.00347489245547679,0.00347489245547679
"Fishery",1971,10,12,1959,0,0.0016451178051965,-0.0016451178051965,0.0016451178051965
"Fishery",1972,10,12,1960,0,0.0014767150304157,-0.0014767150304157,0.0014767150304157
"Fishery",1973,10,12,1961,0.000149999775000337,0.00262908134884813,-0.0024790815738478,0.0024790815738478
"Fishery",1974,10,12,1962,0.00095000095000095,0.00186293385745955,-0.000912932907458595,0.000912932907458595
"Fishery",1975,10,12,1963,0.00056199977520009,0.000624325277062892,-6.23255018628014e-05,6.23255018628014e-05
"Fishery",1976,10,12,1964,0.00270599729400271,0.00224951191417471,0.000456485379827998,0.000456485379827998
"Fishery",1977,10,12,1965,0.00166700033340007,0.00156214598044332,0.000104854352956749,0.000104854352956749
"Fishery",1978,39,12,1966,0.00174099965180007,0.0025630370677484,-0.000822037415948327,0.000822037415948327
"Fishery",1979,39,12,1967,0.00306899693100307,0.00176372715804399,0.00130526977295908,0.00130526977295908
"Fishery",1980,39,12,1968,0.00656099343900656,0.00139806841946604,0.00516292501954053,0.00516292501954053
"Fishery",1981,39,12,1969,0.00211499788500211,0.000835141208762446,0.00127985667623967,0.00127985667623967
"Fishery",1982,39,12,1970,0.001587,0.000404244991594576,0.00118275500840542,0.00118275500840542
"Fishery",1983,39,12,1971,0.00280800561601123,0.000356395432372533,0.0024516101836387,0.0024516101836387
"Fishery",1984,39,12,1972,0.0012990012990013,0.00107555801697339,0.00022344328202791,0.00022344328202791
"Fishery",1985,39,12,1973,0.005553,0.00116417062933563,0.00438882937066437,0.00438882937066437
"Fishery",1986,39,12,1974,0.00126400126400126,0.00135759582177746,-9.35945577761976e-05,9.35945577761976e-05
"Fishery",1987,39,12,1975,0.0155569844430156,0.00157506072204477,0.0139819237209708,0.0139819237209708
"Fishery",1988,39,12,1976,0.00465799534200466,0.00247330719871272,0.00218468814329193,0.00218468814329193
"Fishery",1989,39,12,1977,0.0061019938980061,0.0075015201159909,-0.0013995262179848,0.0013995262179848
"Fishery",1990,39,12,1978,0.034402,0.0302691847715468,0.00413281522845324,0.00413281522845324
"Fishery",1991,260.3021832,12,1979,0.0103336140780538,0.0234153662376943,-0.0130817521596405,0.0130817521596405
"Fishery",1992,228.0450879,12,1980,0.0242299950385434,0.0221412323520883,0.00208876268645509,0.00208876268645509
"Fishery",1993,344.4454631,12,1981,0.00651986283050128,0.00684723712396884,-0.000327374293467557,0.000327374293467557
"Fishery",1994,286.3559154,12,1982,0.00513387917608611,0.0123099148871011,-0.00717603571101498,0.00717603571101498
"Fishery",1995,256.9467042,12,1983,0.00311505742930958,0.00350928669698834,-0.000394229267678758,0.000394229267678758
"Fishery",1996,189.0802194,12,1984,0.00625046444547258,0.00925582432658993,-0.00300535988111736,0.00300535988111736
"Fishery",1997,318.6780707,12,1985,0.00301366100444763,0.00390828118771528,-0.000894620183267655,0.000894620183267655
"Fishery",1998,354.5667004,12,1986,0.00360283904894253,0.00196483535459416,0.00163800369434838,0.00163800369434838
"Fishery",1999,476.1364988,12,1987,0.00146140791885687,0.00145736656097629,4.04135788058257e-06,4.04135788058257e-06
"Fishery",2000,482.4344192,12,1988,0.00317697870156165,0.00281676117741225,0.000360217524149404,0.000360217524149404
"Fishery",2001,328.1698823,12,1989,0.00932308550567109,0.00968377825119517,-0.000360692745524072,0.000360692745524072
"Fishery",2002,486.5633942,12,1990,0.00766621085691392,0.00865696513266325,-0.00099075427574933,0.00099075427574933
"Fishery",2003,440.9136437,12,1991,0.0110843307969045,0.00935138224407697,0.00173294855282753,0.00173294855282753
"Fishery",2004,390.5174487,12,1992,0.0119776699288862,0.0132931077406124,-0.00131543781172624,0.00131543781172624
"Fishery",2005,494.3821404,12,1993,0.00425122357017166,0.00397630523440515,0.000274918335766505,0.000274918335766505
"Fishery",2006,506.2105711,12,1994,0.00387659981017106,0.00322233857868443,0.000654261231486628,0.000654261231486628
"Fishery",2007,500.2156307,12,1995,0.00530329095780117,0.0064125022242944,-0.00110921126649324,0.00110921126649324
"Fishery",2008,523.649975,12,1996,0.0123016458938245,0.0106511027625305,0.00165054313129404,0.00165054313129404
"Fishery",2009,420.0301079,12,1997,0.00793355345153652,0.00706350966094526,0.000870043790591256,0.000870043790591256
"Fishery",2010,549.4055572,12,1998,0.00771949800265981,0.00569757219618256,0.00202192580647725,0.00202192580647725
"Fishery",2011,728.0740901,12,1999,0.00758893128175071,0.00643968365860952,0.00114924762314119,0.00114924762314119
"Fishery",2012,607.4592535,12,2000,0.00692731981393595,0.00581379492004706,0.00111352489388889,0.00111352489388889
"Fishery",2013,753.2713006,12,2001,0.00582948254988694,0.00402292283621747,0.00180655971366947,0.00180655971366947
"Fishery",2014,606.3439178,12,2002,0.00259079967125675,0.00253289056543082,5.79091058259314e-05,5.79091058259314e-05
"Fishery",2015,821.2348389,12,2003,0.000965482455149712,0.00109662769878181,-0.000131145243632102,0.000131145243632102
"Fishery",2016,704.1101836,12,2004,0.000213331213546734,0.000522667969345941,-0.000309336755799207,0.000309336755799207
"Fishery",2017,606.7200798,12,2005,0.0026739899544964,0.00130489670535871,0.00136909324913769,0.00136909324913769
"Fishery",2018,667.8408369,12,2006,0.000515012103803273,0.00254007826321085,-0.00202506615940757,0.00202506615940757
"Fishery",2019,700.7958749,12,2007,0.00166062089628248,0.00313628803595669,-0.00147566713967421,0.00147566713967421
"Fishery",2020,565.2432815,12,2008,0.0034381172354656,0.0136596563375503,-0.0102215391020847,0.0102215391020847
"Fishery",2021,817.5780899,12,2009,0.00340242173601419,0.00542383387331931,-0.00202141213730512,0.00202141213730512
"Fishery",2022,641.2352943,12,2010,0.00218367078282648,0.00323452329604183,-0.00105085251321535,0.00105085251321535
"Fishery",2023,443.0433446,12,2011,0.00236801909010778,0.00200084823309712,0.000367170857010656,0.000367170857010656
"Fishery",1964,10,13,1951,0,0.019739339556608,-0.019739339556608,0.019739339556608
"Fishery",1965,10,13,1952,0,0.0141563594606682,-0.0141563594606682,0.0141563594606682
"Fishery",1966,10,13,1953,0,0.00982985656303525,-0.00982985656303525,0.00982985656303525
"Fishery",1967,10,13,1954,0,0.00593936367225286,-0.00593936367225286,0.00593936367225286
"Fishery",1968,10,13,1955,0,0.00334728075159515,-0.00334728075159515,0.00334728075159515
"Fishery",1969,10,13,1956,0,0.00217646849970284,-0.00217646849970284,0.00217646849970284
"Fishery",1970,10,13,1957,0,0.00215024951979659,-0.00215024951979659,0.00215024951979659
"Fishery",1971,10,13,1958,0,0.00200418212051594,-0.00200418212051594,0.00200418212051594
"Fishery",1972,10,13,1959,0,0.00084584337390867,-0.00084584337390867,0.00084584337390867
"Fishery",1973,10,13,1960,3.24999512500731e-05,0.000838580913904427,-0.000806080962654354,0.000806080962654354
"Fishery",1974,10,13,1961,0.000948000948000948,0.00116844309247335,-0.000220442144472405,0.000220442144472405
"Fishery",1975,10,13,1962,9.03999638400145e-05,0.000781720094728993,-0.000691320130888979,0.000691320130888979
"Fishery",1976,10,13,1963,0.000696999303000697,0.000344869204640429,0.000352130098360268,0.000352130098360268
"Fishery",1977,10,13,1964,0.00122900024580005,0.00142336235892564,-0.00019436211312559,0.00019436211312559
"Fishery",1978,39,13,1965,0.000721999855600029,0.000921707001978013,-0.000199707146377984,0.000199707146377984
"Fishery",1979,39,13,1966,0.00115299884700115,0.00128676276552662,-0.000133763918525469,0.000133763918525469
"Fishery",1980,39,13,1967,0.00319199680800319,0.000694518159108787,0.0024974786488944,0.0024974786488944
"Fishery",1981,39,13,1968,0.000698999301000699,0.00051695972756169,0.000182039573439009,0.000182039573439009
"Fishery",1982,39,13,1969,0.000928,0.000360825399536739,0.000567174600463261,0.000567174600463261
"Fishery",1983,39,13,1970,0.00201700403400807,0.000234039057501631,0.00178296497650644,0.00178296497650644
"Fishery",1984,39,13,1971,0.00151000151000151,0.000214353152595512,0.001295648357406,0.001295648357406
"Fishery",1985,39,13,1972,0.004909,0.00068997385864556,0.00421902614135444,0.00421902614135444
"Fishery",1986,39,13,1973,0.000132000132000132,0.000706613309546851,-0.000574613177546719,0.000574613177546719
"Fishery",1987,39,13,1974,0.020973979026021,0.00091253777314064,0.0200614412528803,0.0200614412528803
"Fishery",1988,39,13,1975,0.00171499828500171,0.00102707344616813,0.000687924838833584,0.000687924838833584
"Fishery",1989,39,13,1976,0.00223499776500223,0.00174190198730027,0.000493095777701969,0.000493095777701969
"Fishery",1990,39,13,1977,0.004865,0.00633670263011269,-0.00147170263011269,0.00147170263011269
"Fishery",1991,260.3021832,13,1978,0.0504088560585809,0.0285979417005435,0.0218109143580374,0.0218109143580374
"Fishery",1992,228.0450879,13,1979,0.00702433408620427,0.0109172863606506,-0.00389295227444635,0.00389295227444635
"Fishery",1993,344.4454631,13,1980,0.00710656461126466,0.00695586752782965,0.000150697083435011,0.000150697083435011
"Fishery",1994,286.3559154,13,1981,0.00413417289006585,0.00292514739852319,0.00120902549154266,0.00120902549154266
"Fishery",1995,256.9467042,13,1982,0.00361927972431842,0.00778098213372296,-0.00416170240940454,0.00416170240940454
"Fishery",1996,189.0802194,13,1983,0.00307456984994799,0.0026807787853793,0.000393791064568686,0.000393791064568686
"Fishery",1997,318.6780707,13,1984,0.0018775060912667,0.00592546926406131,-0.00404796317279461,0.00404796317279461
"Fishery",1998,354.5667004,13,1985,0.00165404142888839,0.00185406579895217,-0.000200024370063783,0.000200024370063783
"Fishery",1999,476.1364988,13,1986,0.000573314231455149,0.00099034132063511,-0.000417027089179962,0.000417027089179962
"Fishery",2000,482.4344192,13,1987,0.000858914417980763,0.000819825940433512,3.90884775472506e-05,3.90884775472506e-05
"Fishery",2001,328.1698823,13,1988,0.00315608333454717,0.00168891812230675,0.00146716521224042,0.00146716521224042
"Fishery",2002,486.5633942,13,1989,0.00587864635839189,0.00611478373810361,-0.000236137379711722,0.000236137379711722
"Fishery",2003,440.9136437,13,1990,0.00319882078548647,0.00487431175508877,-0.00167549096960231,0.00167549096960231
"Fishery",2004,390.5174487,13,1991,0.00447804544971708,0.00474820595078695,-0.000270160501069876,0.000270160501069876
"Fishery",2005,494.3821404,13,1992,0.00148500972751882,0.00719537988126396,-0.00571037015374515,0.00571037015374515
"Fishery",2006,506.2105711,13,1993,0.00390948811889321,0.00325659169484562,0.000652896424047592,0.000652896424047592
"Fishery",2007,500.2156307,13,1994,0.00388315479493744,0.00266381138226199,0.00121934341267545,0.00121934341267545
"Fishery",2008,523.649975,13,1995,0.0073569425776071,0.00564639305985287,0.00171054951775423,0.00171054951775423
"Fishery",2009,420.0301079,13,1996,0.00777752104556483,0.00687678942674673,0.000900731618818101,0.000900731618818101
"Fishery",2010,549.4055572,13,1997,0.00532975863166748,0.00275649533807328,0.0025732632935942,0.0025732632935942
"Fishery",2011,728.0740901,13,1998,0.00107035244385627,0.00250359845966182,-0.00143324601580555,0.00143324601580555
"Fishery",2012,607.4592535,13,1999,0.00380362346663592,0.00298327900969237,0.000820344456943555,0.000820344456943555
"Fishery",2013,753.2713006,13,2000,0.00420777899962068,0.00288760366890511,0.00132017533071558,0.00132017533071558
"Fishery",2014,606.3439178,13,2001,0.00261323683126656,0.00195901837612089,0.000654218455145663,0.000654218455145663
"Fishery",2015,821.2348389,13,2002,0.00145424373450459,0.00111170327297215,0.000342540461532444,0.000342540461532444
"Fishery",2016,704.1101836,13,2003,0.000517518057862771,0.000341852750894082,0.000175665306968689,0.000175665306968689
"Fishery",2017,606.7200798,13,2004,0.000235413110976623,0.000287572374708061,-5.21592637314382e-05,5.21592637314382e-05
"Fishery",2018,667.8408369,13,2005,0.000170168923734682,0.000595093369143787,-0.000424924445409105,0.000424924445409105
"Fishery",2019,700.7958749,13,2006,0.000481328779659676,0.00180437986714317,-0.0013230510874835,0.0013230510874835
"Fishery",2020,565.2432815,13,2007,0.000905348388919134,0.00247228023927385,-0.00156693185035471,0.00156693185035471
"Fishery",2021,817.5780899,13,2008,0.000820470848922582,0.00582294094436126,-0.00500247009543868,0.00500247009543868
"Fishery",2022,641.2352943,13,2009,0.00319378551784638,0.00302688728042346,0.000166898237422923,0.000166898237422923
"Fishery",2023,443.0433446,13,2010,0.00373588724890063,0.00156393026716191,0.00217195698173872,0.00217195698173872
"Fishery",1964,10,14,1950,0,0.0162826372181406,-0.0162826372181406,0.0162826372181406
"Fishery",1965,10,14,1951,0,0.0118205078329383,-0.0118205078329383,0.0118205078329383
"Fishery",1966,10,14,1952,0,0.00837527125657704,-0.00837527125657704,0.00837527125657704
"Fishery",1967,10,14,1953,0,0.00514255451578583,-0.00514255451578583,0.00514255451578583
"Fishery",1968,10,14,1954,0,0.00294001094145266,-0.00294001094145266,0.00294001094145266
"Fishery",1969,10,14,1955,0,0.00175008335219248,-0.00175008335219248,0.00175008335219248
"Fishery",1970,10,14,1956,0,0.00136581250459752,-0.00136581250459752,0.00136581250459752
"Fishery",1971,10,14,1957,0,0.00124017986094277,-0.00124017986094277,0.00124017986094277
"Fishery",1972,10,14,1958,0,0.0010304576130596,-0.0010304576130596,0.0010304576130596
"Fishery",1973,10,14,1959,0.00013799979300031,0.000480328360518322,-0.000342328567518012,0.000342328567518012
"Fishery",1974,10,14,1960,0.000169000169000169,0.000372690665034351,-0.000203690496034182,0.000203690496034182
"Fishery",1975,10,14,1961,0.000115999953600019,0.000490299449589311,-0.000374299495989293,0.000374299495989293
"Fishery",1976,10,14,1962,0,0.000431812065320994,-0.000431812065320994,0.000431812065320994
"Fishery",1977,10,14,1963,0.00024500004900001,0.000218213489577316,2.67865594226941e-05,2.67865594226941e-05
"Fishery",1978,39,14,1964,0.000220999955800009,0.000839821034012068,-0.000618821078212059,0.000618821078212059
"Fishery",1979,39,14,1965,0.000205999794000206,0.000462739406228091,-0.000256739612227885,0.000256739612227885
"Fishery",1980,39,14,1966,0.00103599896400104,0.000506699748341116,0.00052929921565992,0.00052929921565992
"Fishery",1981,39,14,1967,0.00028999971000029,0.000256809976765409,3.31897332348809e-05,3.31897332348809e-05
"Fishery",1982,39,14,1968,0.000344,0.00022335408465625,0.00012064591534375,0.00012064591534375
"Fishery",1983,39,14,1969,0.000997001994003988,0.000208901132199855,0.000788100861804133,0.000788100861804133
"Fishery",1984,39,14,1970,0.000861000861000861,0.000140762213118148,0.000720238647882713,0.000720238647882713
"Fishery",1985,39,14,1971,0.002088,0.000137508223150388,0.00195049177684961,0.00195049177684961
"Fishery",1986,39,14,1972,0.000583000583000583,0.000418791455026298,0.000164209127974285,0.000164209127974285
"Fishery",1987,39,14,1973,0.00442099557900442,0.000474965616144272,0.00394602996286015,0.00394602996286015
"Fishery",1988,39,14,1974,0.00250599749400251,0.000595052179449567,0.00191094531455294,0.00191094531455294
"Fishery",1989,39,14,1975,0.00143599856400144,0.000723347782238595,0.000712650781762841,0.000712650781762841
"Fishery",1990,39,14,1976,0.002677,0.00147142375593911,0.00120557624406089,0.00120557624406089
"Fishery",1991,260.3021832,14,1977,0.0125891304854228,0.00598683624145662,0.00660229424396619,0.00660229424396619
"Fishery",1992,228.0450879,14,1978,0.0229132188754035,0.0133336338069922,0.00957958506841135,0.00957958506841135
"Fishery",1993,344.4454631,14,1979,0.00356758210104775,0.00342976382165578,0.000137818279391972,0.000137818279391972
"Fishery",1994,286.3559154,14,1980,0.00216960961370981,0.00297155442919862,-0.000801944815488805,0.000801944815488805
"Fishery",1995,256.9467042,14,1981,0.00103164095162941,0.00184895832791376,-0.00081731737628435,0.00081731737628435
"Fishery",1996,189.0802194,14,1982,0.00413768164359029,0.00594396914090864,-0.00180628749731835,0.00180628749731835
"Fishery",1997,318.6780707,14,1983,0.0031011039324218,0.00171620287248527,0.00138490105993653,0.00138490105993653
"Fishery",1998,354.5667004,14,1984,0.00162002124411812,0.00281100805637292,-0.00119098681225479,0.00119098681225479
"Fishery",1999,476.1364988,14,1985,0.000319471020616014,0.000934509839506603,-0.000615038818890589,0.000615038818890589
"Fishery",2000,482.4344192,14,1986,0.000368722450464444,0.000557105896539816,-0.000188383446075372,0.000188383446075372
"Fishery",2001,328.1698823,14,1987,0.00177826377005827,0.000491564176274035,0.00128669959378424,0.00128669959378424
"Fishery",2002,486.5633942,14,1988,0.00157314794355061,0.00106646071413244,0.000506687229418172,0.000506687229418172
"Fishery",2003,440.9136437,14,1989,0.0017613831857375,0.00344293430754465,-0.00168155112180715,0.00168155112180715
"Fishery",2004,390.5174487,14,1990,0.00280514056377414,0.00247495348574405,0.000330187078030088,0.000330187078030088
"Fishery",2005,494.3821404,14,1991,0.00115404474168617,0.00257013982260978,-0.00141609508092361,0.00141609508092361
"Fishery",2006,506.2105711,14,1992,0.00250234509035924,0.00589301197499465,-0.00339066688463542,0.00339066688463542
"Fishery",2007,500.2156307,14,1993,0.00202481264015298,0.00269212741376523,-0.000667314773612248,0.000667314773612248
"Fishery",2008,523.649975,14,1994,0.0023601004262158,0.00234556271100806,1.45377152077422e-05,1.45377152077422e-05
"Fishery",2009,420.0301079,14,1995,0.00282272770352824,0.00364554327931649,-0.000822815575788258,0.000822815575788258
"Fishery",2010,549.4055572,14,1996,0.00391255484884177,0.0026836288057405,0.00122892604310127,0.00122892604310127
"Fishery",2011,728.0740901,14,1997,0.00242065269026974,0.00121124528919337,0.00120940740107637,0.00120940740107637
"Fishery",2012,607.4592535,14,1998,0.00315433462648909,0.00115982913592684,0.00199450549056225,0.00199450549056225
"Fishery",2013,753.2713006,14,1999,0.00258206424596452,0.00148173912775127,0.00110032511821325,0.00110032511821325
"Fishery",2014,606.3439178,14,2000,0.00158251874424736,0.00140615887518689,0.000176359869060467,0.000176359869060467
"Fishery",2015,821.2348389,14,2001,0.00124888488477675,0.000859826780623565,0.000389058104153188,0.000389058104153188
"Fishery",2016,704.1101836,14,2002,0.000294291574693835,0.000346552273361003,-5.22606986671685e-05,5.22606986671685e-05
"Fishery",2017,606.7200798,14,2003,0.000116859705872628,0.000188087683081316,-7.12279772086875e-05,7.12279772086875e-05
"Fishery",2018,667.8408369,14,2004,0.000298256044930156,0.000131146329540817,0.00016710971538934,0.00016710971538934
"Fishery",2019,700.7958749,14,2005,5.71602929048514e-09,0.000422732838552824,-0.000422727122523533,0.000422727122523533
"Fishery",2020,565.2432815,14,2006,0.000574769674113694,0.00142236065008643,-0.000847590975972732,0.000847590975972732
"Fishery",2021,817.5780899,14,2007,4.00181428756453e-09,0.00105390219749736,-0.00105389819568307,0.00105389819568307
"Fishery",2022,641.2352943,14,2008,0.000547434225579008,0.00324961757509685,-0.00270218334951784,0.00270218334951784
"Fishery",2023,443.0433446,14,2009,0.00113468653950703,0.00146353579797511,-0.000328849258468075,0.000328849258468075
"Fishery",1964,10,15,1949,0,0.0296566290562249,-0.0296566290562249,0.0296566290562249
"Fishery",1965,10,15,1950,0,0.0275098087896154,-0.0275098087896154,0.0275098087896154
"Fishery",1966,10,15,1951,0,0.0232688404978803,-0.0232688404978803,0.0232688404978803
"Fishery",1967,10,15,1952,0,0.0165548264877904,-0.0165548264877904,0.0165548264877904
"Fishery",1968,10,15,1953,0,0.0107402982998656,-0.0107402982998656,0.0107402982998656
"Fishery",1969,10,15,1954,0,0.00715257644422762,-0.00715257644422762,0.00715257644422762
"Fishery",1970,10,15,1955,0,0.00558674020588323,-0.00558674020588323,0.00558674020588323
"Fishery",1971,10,15,1956,0,0.0040099605995945,-0.0040099605995945,0.0040099605995945
"Fishery",1972,10,15,1957,0,0.00269937903936603,-0.00269937903936603,0.00269937903936603
"Fishery",1973,10,15,1958,0,0.00211805918155031,-0.00211805918155031,0.00211805918155031
"Fishery",1974,10,15,1959,0.000147000147000147,0.00115480183845551,-0.00100780169145536,0.00100780169145536
"Fishery",1975,10,15,1960,0,0.000640962951929091,-0.000640962951929091,0.000640962951929091
"Fishery",1976,10,15,1961,0,0.000624894712715552,-0.000624894712715552,0.000624894712715552
"Fishery",1977,10,15,1962,6.78000135600027e-05,0.000668623554648128,-0.000600823541088126,0.000600823541088126
"Fishery",1978,39,15,1963,6.91999861600028e-05,0.00052325706016547,-0.000454057074005467,0.000454057074005467
"Fishery",1979,39,15,1964,0.000221999778000222,0.000684328041979308,-0.000462328263979086,0.000462328263979086
"Fishery",1980,39,15,1965,0.0004999995000005,0.000451690710135761,4.83087898647393e-05,4.83087898647393e-05
"Fishery",1981,39,15,1966,0.000151999848000152,0.000354381275918639,-0.000202381427918487,0.000202381427918487
"Fishery",1982,39,15,1967,0.00018,0.000264067112997428,-8.40671129974282e-05,8.40671129974282e-05
"Fishery",1983,39,15,1968,0.000218000436000872,0.000282194214095771,-6.41937780948991e-05,6.41937780948991e-05
"Fishery",1984,39,15,1969,0.00104600104600105,0.000295368083150453,0.000750632962850593,0.000750632962850593
"Fishery",1985,39,15,1970,0.002675,0.000279778959981592,0.00239522104001841,0.00239522104001841
"Fishery",1986,39,15,1971,0,0.000253279605303771,-0.000253279605303771,0.000253279605303771
"Fishery",1987,39,15,1972,0.0057989942010058,0.000451747286598824,0.00534724691440697,0.00534724691440697
"Fishery",1988,39,15,1973,0.00282499717500282,0.000604295568613493,0.00222070160638933,0.00222070160638933
"Fishery",1989,39,15,1974,0.00332499667500332,0.000844677210700909,0.00248031946430242,0.00248031946430242
"Fishery",1990,39,15,1975,0.005275,0.00132454595111483,0.00395045404888517,0.00395045404888517
"Fishery",1991,260.3021832,15,1976,0.029486363151515,0.00264159670246475,0.0268447664490502,0.0268447664490502
"Fishery",1992,228.0450879,15,1977,0.0180281239374606,0.00402295963839415,0.0140051642990665,0.0140051642990665
"Fishery",1993,344.4454631,15,1978,0.00850245849683575,0.00545273012904887,0.00304972836778688,0.00304972836778688
"Fishery",1994,286.3559154,15,1979,0.00453995880478475,0.00379461140338623,0.000745347401398518,0.000745347401398518
"Fishery",1995,256.9467042,15,1980,0.00555328649499346,0.00427683017632525,0.0012764563186682,0.0012764563186682
"Fishery",1996,189.0802194,15,1981,0.00376179133165109,0.00467955037129841,-0.000917759039647326,0.000917759039647326
"Fishery",1997,318.6780707,15,1982,0.00591458336173797,0.00680105154598699,-0.000886468184249018,0.000886468184249018
"Fishery",1998,354.5667004,15,1983,0.00290392452529706,0.00404053581607704,-0.00113661129077998,0.00113661129077998
"Fishery",1999,476.1364988,15,1984,0.00137939048759575,0.00345340233784272,-0.00207401185024696,0.00207401185024696
"Fishery",2000,482.4344192,15,1985,0.000577415979254538,0.00246837297057592,-0.00189095699132138,0.00189095699132138
"Fishery",2001,328.1698823,15,1986,0.00112102115771023,0.00181406436878763,-0.000693043211077409,0.000693043211077409
"Fishery",2002,486.5633942,15,1987,0.00096609355637093,0.00145588008809584,-0.000489786531724909,0.000489786531724909
"Fishery",2003,440.9136437,15,1988,0.0015393890571655,0.00142020618475784,0.000119182872407658,0.000119182872407658
"Fishery",2004,390.5174487,15,1989,0.00325715446612326,0.00246928122734897,0.00078787323877429,0.00078787323877429
"Fishery",2005,494.3821404,15,1990,0.00158437191641866,0.00267624754700118,-0.00109187563058252,0.00109187563058252
"Fishery",2006,506.2105711,15,1991,0.00339444867656764,0.00429678823144319,-0.000902339554875549,0.000902339554875549
"Fishery",2007,500.2156307,15,1992,0.00641802484875867,0.00842360450650303,-0.00200557965774436,0.00200557965774436
"Fishery",2008,523.649975,15,1993,0.0107841665220011,0.00978772238581077,0.000996444136190374,0.000996444136190374
"Fishery",2009,420.0301079,15,1994,0.00909370897907823,0.00783374722090131,0.00125996175817692,0.00125996175817692
"Fishery",2010,549.4055572,15,1995,0.00456448698030858,0.00447972923760463,8.47577427039526e-05,8.47577427039526e-05
"Fishery",2011,728.0740901,15,1996,0.00263574973138998,0.00314768668931322,-0.000511936957923241,0.000511936957923241
"Fishery",2012,607.4592535,15,1997,0.00171042375801552,0.00201933991878157,-0.000308916160766049,0.000308916160766049
"Fishery",2013,753.2713006,15,1998,0.00306491060276488,0.00157903406513198,0.00148587653763289,0.00148587653763289
"Fishery",2014,606.3439178,15,1999,0.00344728906353123,0.00149048618979585,0.00195680287373537,0.00195680287373537
"Fishery",2015,821.2348389,15,2000,0.000574898188295714,0.00127135765095016,-0.000696459462654444,0.000696459462654444
"Fishery",2016,704.1101836,15,2001,0.000437871521101882,0.000664356063051687,-0.000226484541949805,0.000226484541949805
"Fishery",2017,606.7200798,15,2002,6.03103982079391e-05,0.000556202652475839,-0.0004958922542679,0.0004958922542679
"Fishery",2018,667.8408369,15,2003,0.000232545149464723,0.000339430884903729,-0.000106885735439006,0.000106885735439006
"Fishery",2019,700.7958749,15,2004,5.71602929048514e-09,0.000334281058964982,-0.000334275342935691,0.000334275342935691
"Fishery",2020,565.2432815,15,2005,5.07037856332597e-09,0.000596740630398781,-0.000596735560020218,0.000596735560020218
"Fishery",2021,817.5780899,15,2006,0.00016813151266706,0.000860717665687485,-0.000692586153020426,0.000692586153020426
"Fishery",2022,641.2352943,15,2007,5.36012656383306e-09,0.00106849484074881,-0.00106848948062224,0.00106848948062224
"Fishery",2023,443.0433446,15,2008,0.000157116277544021,0.00208785842179983,-0.00193074214425581,0.00193074214425581
"BTS",1982,162,1,1981,0.081799774485464,0.0814040401191223,0.000395734366341702,0.000395734366341702
"BTS",1983,130,1,1982,0.173609874063025,0.172946827816662,0.000663046246363513,0.000663046246363513
"BTS",1984,63,1,1983,0.037021503999245,0.0586611749505412,-0.0216396709512963,0.0216396709512963
"BTS",1985,73,1,1984,0.237872085813383,0.230477265117818,0.00739482069556444,0.00739482069556444
"BTS",1986,151,1,1985,0.173909690439288,0.155287849935974,0.0186218405033144,0.0186218405033144
"BTS",1987,61,1,1986,0.0346878582282931,0.05734959882278,-0.0226617405944869,0.0226617405944869
"BTS",1988,82,1,1987,0.0671207858895604,0.0425129765658914,0.0246078093236691,0.0246078093236691
"BTS",1989,53,1,1988,0.0434077837035517,0.0526438345274038,-0.00923605082385206,0.00923605082385206
"BTS",1990,48,1,1989,0.101726987504077,0.141840988863617,-0.0401140013595405,0.0401140013595405
"BTS",1991,79,1,1990,0.246031341110552,0.215498975481085,0.0305323656294674,0.0305323656294674
"BTS",1992,85,1,1991,0.143545485962506,0.149402602581463,-0.00585711661895666,0.00585711661895666
"BTS",1993,91,1,1992,0.18678891405549,0.197835034653667,-0.0110461205981776,0.0110461205981776
"BTS",1994,86,1,1993,0.117588754673082,0.111811835114513,0.00577691955856964,0.00577691955856964
"BTS",1995,104,1,1994,0.102348000780867,0.100310650246993,0.00203735053387454,0.00203735053387454
"BTS",1996,226,1,1995,0.242778292238213,0.24110705136204,0.00167124087617337,0.00167124087617337
"BTS",1997,73,1,1996,0.225606079311111,0.228810362596521,-0.00320428328540989,0.00320428328540989
"BTS",1998,65,1,1997,0.11274094050237,0.112574586179529,0.000166354322841886,0.000166354322841886
"BTS",1999,95,1,1998,0.0875418059097998,0.086113257580079,0.00142854832972082,0.00142854832972082
"BTS",2000,90,1,1999,0.0762193630181208,0.0859535911054835,-0.00973422808736271,0.00973422808736271
"BTS",2001,183,1,2000,0.174549729968858,0.171815853577196,0.00273387639166178,0.00273387639166178
"BTS",2002,186,1,2001,0.12500550213738,0.121345859220469,0.00365964291691095,0.00365964291691095
"BTS",2003,125,1,2002,0.0399392138377982,0.0510710984491513,-0.0111318846113531,0.0111318846113531
"BTS",2004,188,1,2003,0.0495194332119352,0.0468147843175617,0.00270464889437348,0.00270464889437348
"BTS",2005,194,1,2004,0.0390408266252992,0.0370891075741903,0.00195171905110884,0.00195171905110884
"BTS",2006,329,1,2005,0.118073324234574,0.118274412626222,-0.000201088391647744,0.000201088391647744
"BTS",2007,192,1,2006,0.216566179979603,0.209893745563526,0.00667243441607715,0.00667243441607715
"BTS",2008,235,1,2007,0.0805841216798948,0.0816824826682522,-0.0010983609883574,0.0010983609883574
"BTS",2009,144,1,2008,0.172066598345673,0.176940374082216,-0.00487377573654257,0.00487377573654257
"BTS",2010,107,1,2009,0.053575362427353,0.0666470102631623,-0.0130716478358094,0.0130716478358094
"BTS",2011,165,1,2010,0.187591929923022,0.174514126706342,0.0130778032166795,0.0130778032166795
"BTS",2012,107,1,2011,0.12987516501579,0.117515194029474,0.0123599709863159,0.0123599709863159
"BTS",2013,66,1,2012,0.113534649563574,0.133517021193456,-0.0199823716298822,0.0199823716298822
"BTS",2014,117,1,2013,0.130239846169132,0.135416499271867,-0.00517665310273474,0.00517665310273474
"BTS",2015,103,1,2014,0.0828124842948467,0.0840325282531649,-0.00122004395831816,0.00122004395831816
"BTS",2016,122,1,2015,0.0555384702719029,0.0511283495611585,0.00441012071074434,0.00441012071074434
"BTS",2017,234,1,2016,0.0562799757194152,0.0553777870391356,0.000902188680279532,0.000902188680279532
"BTS",2018,158,1,2017,0.140789756082589,0.132167864088105,0.00862189199448413,0.00862189199448413
"BTS",2019,120,1,2018,0.160915256209317,0.176055296607013,-0.0151400403976956,0.0151400403976956
"BTS",2021,149,1,2020,0.111175347895409,0.102870304938992,0.00830504295641664,0.00830504295641664
"BTS",2022,172,1,2021,0.0692434863070164,0.0727361138449147,-0.00349262753789828,0.00349262753789828
"BTS",2023,126,1,2022,0.133870738370342,0.131306888857236,0.00256384951310601,0.00256384951310601
"BTS",2024,64,1,2023,0.0986375265247045,0.0986423140919126,-4.78756720803664e-06,4.78756720803664e-06
"BTS",1982,162,2,1980,0.206616306711783,0.216332488349679,-0.00971618163789609,0.00971618163789609
"BTS",1983,130,2,1981,0.0410208902920911,0.0422091518250066,-0.00118826153291546,0.00118826153291546
"BTS",1984,63,2,1982,0.0304234977821799,0.0915610128038229,-0.061137515021643,0.061137515021643
"BTS",1985,73,2,1983,0.0380847441655287,0.0406551502104885,-0.00257040604495985,0.00257040604495985
"BTS",1986,151,2,1984,0.0576216694113817,0.0832494362591951,-0.0256277668478134,0.0256277668478134
"BTS",1987,61,2,1985,0.0486902067608123,0.0465434570224953,0.00214674973831695,0.00214674973831695
"BTS",1988,82,2,1986,0.0331901509344754,0.0402233154313713,-0.0070331644968959,0.0070331644968959
"BTS",1989,53,2,1987,0.0261617655127649,0.0322123663494304,-0.00605060083666553,0.00605060083666553
"BTS",1990,48,2,1988,0.0126367293050732,0.0162080975295803,-0.00357136822450712,0.00357136822450712
"BTS",1991,79,2,1989,0.070702779892148,0.0755300486487967,-0.00482726875664873,0.00482726875664873
"BTS",1992,85,2,1990,0.0403117601313998,0.0592237395730394,-0.0189119794416396,0.0189119794416396
"BTS",1993,91,2,1991,0.0308357509753968,0.031599573690497,-0.000763822715100206,0.000763822715100206
"BTS",1994,86,2,1992,0.0523014391786628,0.0451626031836132,0.0071388359950496,0.0071388359950496
"BTS",1995,104,2,1993,0.0136902064002178,0.0114207560352487,0.00226945036496911,0.00226945036496911
"BTS",1996,226,2,1994,0.053284192303103,0.0144362949761321,0.0388478973269709,0.0388478973269709
"BTS",1997,73,2,1995,0.0392405384758013,0.0411032149776024,-0.0018626765018011,0.0018626765018011
"BTS",1998,65,2,1996,0.089084118080244,0.0926555345745251,-0.0035714164942811,0.0035714164942811
"BTS",1999,95,2,1997,0.0982555045211001,0.0608305770456886,0.0374249274754115,0.0374249274754115
"BTS",2000,90,2,1998,0.0273935874199962,0.0464486393377323,-0.0190550519177361,0.0190550519177361
"BTS",2001,183,2,1999,0.107393529870776,0.0881262630481223,0.0192672668226538,0.0192672668226538
"BTS",2002,186,2,2000,0.0361924499357498,0.0618465356111967,-0.025654085675447,0.025654085675447
"BTS",2003,125,2,2001,0.0115511716294291,0.0254667337550618,-0.0139155621256326,0.0139155621256326
"BTS",2004,188,2,2002,0.033183447229055,0.0204159750233908,0.0127674722056642,0.0127674722056642
"BTS",2005,194,2,2003,0.0143668411539084,0.00701740665693138,0.00734943449697706,0.00734943449697706
"BTS",2006,329,2,2004,0.0109245744588349,0.0102904664326603,0.000634108026174517,0.000634108026174517
"BTS",2007,192,2,2005,0.00537035487403152,0.0113270558109855,-0.00595670093695402,0.00595670093695402
"BTS",2008,235,2,2006,0.0197058171316965,0.0191395333602638,0.0005662837714327,0.0005662837714327
"BTS",2009,144,2,2007,0.0430410393644741,0.0252804313503,0.0177606080141742,0.0177606080141742
"BTS",2010,107,2,2008,0.0150266690870845,0.0249562418487835,-0.00992957276169895,0.00992957276169895
"BTS",2011,165,2,2009,0.0197721307966659,0.0117049530697031,0.00806717772696278,0.00806717772696278
"BTS",2012,107,2,2010,0.020900940137541,0.0208084720190289,9.2468118512122e-05,9.2468118512122e-05
"BTS",2013,66,2,2011,0.0120771380766929,0.0113584955213017,0.000718642555391159,0.000718642555391159
"BTS",2014,117,2,2012,0.0250255747725719,0.021519603076216,0.00350597169635591,0.00350597169635591
"BTS",2015,103,2,2013,0.0527841534553105,0.0530988736380945,-0.000314720182784035,0.000314720182784035
"BTS",2016,122,2,2014,0.0345039756409971,0.0168693297089575,0.0176346459320396,0.0176346459320396
"BTS",2017,234,2,2015,0.0230887220807839,0.00809455813182759,0.0149941639489563,0.0149941639489563
"BTS",2018,158,2,2016,0.0590392976941731,0.0250188937775408,0.0340204039166323,0.0340204039166323
"BTS",2019,120,2,2017,0.0428398490307598,0.0292625037699206,0.0135773452608392,0.0135773452608392
"BTS",2021,149,2,2019,0.085953647678695,0.046595771280086,0.039357876398609,0.039357876398609
"BTS",2022,172,2,2020,0.0299553164730002,0.0184192534080391,0.0115360630649611,0.0115360630649611
"BTS",2023,126,2,2021,0.0459327131665153,0.0270041860142582,0.018928527152257,0.018928527152257
"BTS",2024,64,2,2022,0.0664772137117895,0.0414428258781167,0.0250343878336728,0.0250343878336728
"BTS",1982,162,3,1979,0.24069576337699,0.182699851312063,0.0579959120649274,0.0579959120649274
"BTS",1983,130,3,1980,0.111770400948897,0.120554072204782,-0.00878367125588532,0.00878367125588532
"BTS",1984,63,3,1981,0.0614453913800211,0.0538545002261685,0.00759089115385254,0.00759089115385254
"BTS",1985,73,3,1982,0.188033416256941,0.172809621619743,0.0152237946371985,0.0152237946371985
"BTS",1986,151,3,1983,0.046663695468965,0.0442060543441641,0.00245764112480095,0.00245764112480095
"BTS",1987,61,3,1984,0.0831393017138785,0.136876852261034,-0.053737550547156,0.053737550547156
"BTS",1988,82,3,1985,0.103810319765852,0.0735985446807409,0.030211775085111,0.030211775085111
"BTS",1989,53,3,1986,0.0460448136670747,0.0470220538500311,-0.000977240182956425,0.000977240182956425
"BTS",1990,48,3,1987,0.00503259851773174,0.0192203194294514,-0.0141877209117196,0.0141877209117196
"BTS",1991,79,3,1988,0.027211322889211,0.0391953845471345,-0.0119840616579236,0.0119840616579236
"BTS",1992,85,3,1989,0.269713219470797,0.218879219485182,0.050833999985615,0.050833999985615
"BTS",1993,91,3,1990,0.0801292764863754,0.0885783370566859,-0.00844906057031052,0.00844906057031052
"BTS",1994,86,3,1991,0.038360544148561,0.0559334754210326,-0.0175729312724715,0.0175729312724715
"BTS",1995,104,3,1992,0.0301668349071389,0.0772065028690972,-0.0470396679619583,0.0470396679619583
"BTS",1996,226,3,1993,0.0248642400939483,0.0321346459239257,-0.00727040582997738,0.00727040582997738
"BTS",1997,73,3,1994,0.0213085611537577,0.0277708549933178,-0.00646229383956012,0.00646229383956012
"BTS",1998,65,3,1995,0.048015710808929,0.0816558929010624,-0.0336401820921334,0.0336401820921334
"BTS",1999,95,3,1996,0.11456334248983,0.136620787435843,-0.022057444946013,0.022057444946013
"BTS",2000,90,3,1997,0.0504064971336195,0.0563298165222271,-0.00592331938860768,0.00592331938860768
"BTS",2001,183,3,1998,0.0637655172831698,0.0688375138784431,-0.00507199659527333,0.00507199659527333
"BTS",2002,186,3,1999,0.0729188583554269,0.0734418087661941,-0.000522950410767234,0.000522950410767234
"BTS",2003,125,3,2000,0.0742116225757,0.0811237821776678,-0.0069121596019678,0.0069121596019678
"BTS",2004,188,3,2001,0.0235358961285154,0.0628874211730538,-0.0393515250445384,0.0393515250445384
"BTS",2005,194,3,2002,0.0214214696596527,0.0349071956456775,-0.0134857259860247,0.0134857259860247
"BTS",2006,329,3,2003,0.016430320961394,0.0234928845213048,-0.00706256355991074,0.00706256355991074
"BTS",2007,192,3,2004,0.0175121262888866,0.0119625860147861,0.00554954027410046,0.00554954027410046
"BTS",2008,235,3,2005,0.0218776085037382,0.032096749101865,-0.0102191405981268,0.0102191405981268
"BTS",2009,144,3,2006,0.0884756634835224,0.105480277844303,-0.0170046143607802,0.0170046143607802
"BTS",2010,107,3,2007,0.0340086888843855,0.0379941242710343,-0.0039854353866488,0.0039854353866488
"BTS",2011,165,3,2008,0.0497246688378703,0.091567302172977,-0.0418426333351067,0.0418426333351067
"BTS",2012,107,3,2009,0.049400305918506,0.0732031164658359,-0.0238028105473299,0.0238028105473299
"BTS",2013,66,3,2010,0.0246650196788055,0.0321192331294877,-0.00745421345068217,0.00745421345068217
"BTS",2014,117,3,2011,0.0142927021657309,0.0211711983407252,-0.00687849617499437,0.00687849617499437
"BTS",2015,103,3,2012,0.157242641753013,0.13129119522699,0.0259514465260231,0.0259514465260231
"BTS",2016,122,3,2013,0.0509194367896164,0.11644444397883,-0.065525007189214,0.065525007189214
"BTS",2017,234,3,2014,0.0391402348305848,0.0488491004045643,-0.00970886557397951,0.00970886557397951
"BTS",2018,158,3,2015,0.031373159081227,0.0321901786309631,-0.000817019549736134,0.000817019549736134
"BTS",2019,120,3,2016,0.0356122768331654,0.024430630885256,0.0111816459479094,0.0111816459479094
"BTS",2021,149,3,2018,0.211570855957637,0.268545662487876,-0.0569748065302383,0.0569748065302383
"BTS",2022,172,3,2019,0.0511665322760395,0.0588468048454157,-0.00768027256937619,0.00768027256937619
"BTS",2023,126,3,2020,0.0410748408340373,0.0356751440293251,0.00539969680471223,0.00539969680471223
"BTS",2024,64,3,2021,0.0591143598954253,0.0406705239707129,0.0184438359247124,0.0184438359247124
"BTS",1982,162,4,1978,0.325157454317615,0.345639963125833,-0.0204825088082178,0.0204825088082178
"BTS",1983,130,4,1979,0.174452556849239,0.155462646594917,0.018989910254322,0.018989910254322
"BTS",1984,63,4,1980,0.172746111074577,0.152178305721697,0.0205678053528801,0.0205678053528801
"BTS",1985,73,4,1981,0.0665387097515296,0.0739524929207563,-0.00741378316922671,0.00741378316922671
"BTS",1986,151,4,1982,0.197615267073308,0.19786420958644,-0.0002489425131314,0.0002489425131314
"BTS",1987,61,4,1983,0.0653953290313429,0.068614523118334,-0.00321919408699109,0.00321919408699109
"BTS",1988,82,4,1984,0.203396515595176,0.201774452178849,0.00162206341632692,0.00162206341632692
"BTS",1989,53,4,1985,0.146516578387064,0.0888716792567945,0.0576448991302692,0.0576448991302692
"BTS",1990,48,4,1986,0.0521210908990039,0.0509255171868375,0.00119557371216644,0.00119557371216644
"BTS",1991,79,4,1987,0.0106266341447617,0.0369489069197865,-0.0263222727750248,0.0263222727750248
"BTS",1992,85,4,1988,0.040141443387573,0.0962863339837968,-0.0561448905962237,0.0561448905962237
"BTS",1993,91,4,1989,0.356825077664762,0.333503344299246,0.0233217333655159,0.0233217333655159
"BTS",1994,86,4,1990,0.148918631788364,0.142518008701728,0.00640062308663636,0.00640062308663636
"BTS",1995,104,4,1991,0.126825456988885,0.0918479622868976,0.0349774947019876,0.0349774947019876
"BTS",1996,226,4,1992,0.0508897820260716,0.152410684334673,-0.101520902308602,0.101520902308602
"BTS",1997,73,4,1993,0.0259866636770772,0.0566624719020841,-0.0306758082250069,0.0306758082250069
"BTS",1998,65,4,1994,0.0345174664292805,0.0495941134872456,-0.0150766470579651,0.0150766470579651
"BTS",1999,95,4,1995,0.108944111055179,0.117778129095631,-0.00883401804045192,0.00883401804045192
"BTS",2000,90,4,1996,0.156837250193607,0.147550735094703,0.00928651509890427,0.00928651509890427
"BTS",2001,183,4,1997,0.0617443419491515,0.0760349787433418,-0.0142906367941903,0.0142906367941903
"BTS",2002,186,4,1998,0.113649134536146,0.0786293776816298,0.035019756854516,0.035019756854516
"BTS",2003,125,4,1999,0.127244436367116,0.123751741660845,0.00349269470627148,0.00349269470627148
"BTS",2004,188,4,2000,0.201310909791122,0.166772354525494,0.0345385552656283,0.0345385552656283
"BTS",2005,194,4,2001,0.10757983489329,0.120382737050688,-0.0128029021573972,0.0128029021573972
"BTS",2006,329,4,2002,0.0750707667850294,0.0829157351418566,-0.00784496835682724,0.00784496835682724
"BTS",2007,192,4,2003,0.0560077503613748,0.0405471620806114,0.0154605882807634,0.0154605882807634
"BTS",2008,235,4,2004,0.0423309243218512,0.0416487624955816,0.00068216182626963,0.00068216182626963
"BTS",2009,144,4,2005,0.100086046073031,0.105542571362717,-0.00545652528968686,0.00545652528968686
"BTS",2010,107,4,2006,0.452057268537469,0.306586195850166,0.145471072687303,0.145471072687303
"BTS",2011,165,4,2007,0.0618895166466785,0.088171312262498,-0.0262817956158196,0.0262817956158196
"BTS",2012,107,4,2008,0.425415301898748,0.318815007324672,0.106600294574076,0.106600294574076
"BTS",2013,66,4,2009,0.10261125345957,0.120187227873625,-0.0175759744140546,0.0175759744140546
"BTS",2014,117,4,2010,0.0253571726778169,0.0755158071537555,-0.0501586344759386,0.0501586344759386
"BTS",2015,103,4,2011,0.0421311650429241,0.091165792555115,-0.0490346275121909,0.0490346275121909
"BTS",2016,122,4,2012,0.281381738156142,0.237772873195205,0.0436088649609366,0.0436088649609366
"BTS",2017,234,4,2013,0.190209033935954,0.248081566767074,-0.0578725328311201,0.0578725328311201
"BTS",2018,158,4,2014,0.0454607608528873,0.113038054891571,-0.0675772940386835,0.0675772940386835
"BTS",2019,120,4,2015,0.0369446656238982,0.0418912931920647,-0.0049466275681665,0.0049466275681665
"BTS",2021,149,4,2017,0.0811478367434366,0.0838491994997645,-0.00270136275632787,0.00270136275632787
"BTS",2022,172,4,2018,0.341656071730868,0.381960581589996,-0.0403045098591281,0.0403045098591281
"BTS",2023,126,4,2019,0.0764684681817265,0.0888105138406907,-0.0123420456589642,0.0123420456589642
"BTS",2024,64,4,2020,0.0401735728391808,0.0551438870880843,-0.0149703142489034,0.0149703142489034
"BTS",1982,162,5,1977,0.110200812832219,0.103067811299422,0.00713300153279721,0.00713300153279721
"BTS",1983,130,5,1978,0.359141638726877,0.346502711717743,0.012638927009134,0.012638927009134
"BTS",1984,63,5,1979,0.191264918728453,0.170414331253959,0.020850587474494,0.020850587474494
"BTS",1985,73,5,1980,0.21891772196423,0.139532284231807,0.079385437732423,0.079385437732423
"BTS",1986,151,5,1981,0.100708053793332,0.0811058046988932,0.0196022490944389,0.0196022490944389
"BTS",1987,61,5,1982,0.39405027905864,0.259519305193337,0.134530973865303,0.134530973865303
"BTS",1988,82,5,1983,0.0876814137872344,0.0836721181340745,0.00400929565315987,0.00400929565315987
"BTS",1989,53,5,1984,0.324763683750938,0.22851206165931,0.0962516220916272,0.0962516220916272
"BTS",1990,48,5,1985,0.117640991267397,0.113057448588352,0.00458354267904469,0.00458354267904469
"BTS",1991,79,5,1986,0.0749701434066655,0.0643481684140895,0.010621974992576,0.010621974992576
"BTS",1992,85,5,1987,0.0483856492645017,0.0602776362744768,-0.0118919870099751,0.0118919870099751
"BTS",1993,91,5,1988,0.0742405029198721,0.119292487720448,-0.0450519848005755,0.0450519848005755
"BTS",1994,86,5,1989,0.433633512836379,0.382283712830339,0.0513498000060399,0.0513498000060399
"BTS",1995,104,5,1990,0.185281022495701,0.18397885064091,0.00130217185479128,0.00130217185479128
"BTS",1996,226,5,1991,0.141501155726411,0.114361242901033,0.027139912825378,0.027139912825378
"BTS",1997,73,5,1992,0.297759230338805,0.222667522052876,0.0750917082859291,0.0750917082859291
"BTS",1998,65,5,1993,0.0720454964877122,0.0827176273785128,-0.0106721308908006,0.0106721308908006
"BTS",1999,95,5,1994,0.0604683073416591,0.0636007829108017,-0.00313247556914264,0.00313247556914264
"BTS",2000,90,5,1995,0.157531992600602,0.134232950568967,0.0232990420316355,0.0232990420316355
"BTS",2001,183,5,1996,0.148415038987817,0.156647406323306,-0.00823236733548813,0.00823236733548813
"BTS",2002,186,5,1997,0.125369429970766,0.0983719599022417,0.026997470068524,0.026997470068524
"BTS",2003,125,5,1998,0.150343542320284,0.132793064115423,0.0175504782048609,0.0175504782048609
"BTS",2004,188,5,1999,0.198120721217757,0.195058144069592,0.00306257714816463,0.00306257714816463
"BTS",2005,194,5,2000,0.315455705059936,0.260688048781782,0.0547676562781545,0.0547676562781545
"BTS",2006,329,5,2001,0.202671347950805,0.172627351712086,0.0300439962387194,0.0300439962387194
"BTS",2007,192,5,2002,0.175697452974819,0.148651835313354,0.0270456176614653,0.0270456176614653
"BTS",2008,235,5,2003,0.125630894703292,0.114038040212589,0.0115928544907034,0.0115928544907034
"BTS",2009,144,5,2004,0.0678980504948196,0.0682343174828728,-0.000336266988053183,0.000336266988053183
"BTS",2010,107,5,2005,0.186210191069064,0.263697255555129,-0.0774870644860653,0.0774870644860653
"BTS",2011,165,5,2006,0.312575747720349,0.306843683929836,0.00573206379051311,0.00573206379051311
"BTS",2012,107,5,2007,0.0965613128281085,0.147034494653694,-0.0504731818255858,0.0504731818255858
"BTS",2013,66,5,2008,0.49516605977719,0.41493153680451,0.0802345229726794,0.0802345229726794
"BTS",2014,117,5,2009,0.118027317475454,0.216658522387857,-0.0986312049124026,0.0986312049124026
"BTS",2015,103,5,2010,0.0861699042352975,0.15098379715137,-0.0648138929160729,0.0648138929160729
"BTS",2016,122,5,2011,0.118823849060777,0.122737481045659,-0.00391363198488232,0.00391363198488232
"BTS",2017,234,5,2012,0.251060973003771,0.268410899029062,-0.0173499260252913,0.0173499260252913
"BTS",2018,158,5,2013,0.312076603987815,0.285846083029174,0.0262305209586413,0.0262305209586413
"BTS",2019,120,5,2014,0.1056732956893,0.157999609979934,-0.0523263142906348,0.0523263142906348
"BTS",2021,149,5,2016,0.0741976311621967,0.053184010690397,0.0210136204717998,0.0210136204717998
"BTS",2022,172,5,2017,0.159691321588711,0.120964942062082,0.0387263795266286,0.0387263795266286
"BTS",2023,126,5,2018,0.330540630293341,0.404256617237831,-0.0737159869444905,0.0737159869444905
"BTS",2024,64,5,2019,0.126037351708923,0.119461170524036,0.00657618118488691,0.00657618118488691
"BTS",1982,162,6,1976,0.0147126270384302,0.0307087171970097,-0.0159960901585796,0.0159960901585796
"BTS",1983,130,6,1977,0.103655748500818,0.104608955774256,-0.000953207273437964,0.000953207273437964
"BTS",1984,63,6,1978,0.407021112089425,0.332614573557135,0.0744065385322895,0.0744065385322895
"BTS",1985,73,6,1979,0.134798631241619,0.107296870690655,0.0275017605509644,0.0275017605509644
"BTS",1986,151,6,1980,0.152068525174634,0.14079902117571,0.0112695039989242,0.0112695039989242
"BTS",1987,61,6,1981,0.103067016266529,0.0886678522977444,0.0143991639687844,0.0143991639687844
"BTS",1988,82,6,1982,0.270639433171896,0.260757581646926,0.00988185152497023,0.00988185152497023
"BTS",1989,53,6,1983,0.0612176729062426,0.0851256554517811,-0.0239079825455385,0.0239079825455385
"BTS",1990,48,6,1984,0.380658655109264,0.256654827613978,0.124003827495285,0.124003827495285
"BTS",1991,79,6,1985,0.0641124796181975,0.100338418035771,-0.0362259384175737,0.0362259384175737
"BTS",1992,85,6,1986,0.0783345740210419,0.064757691746263,0.0135768822747789,0.0135768822747789
"BTS",1993,91,6,1987,0.0564417625455735,0.0479818794657381,0.00845988307983544,0.00845988307983544
"BTS",1994,86,6,1988,0.0705076308849083,0.108336340568893,-0.0378287096839842,0.0378287096839842
"BTS",1995,104,6,1989,0.323015696471479,0.34278535624288,-0.0197696597714011,0.0197696597714011
"BTS",1996,226,6,1990,0.187814677488958,0.140658010682575,0.0471566668063834,0.0471566668063834
"BTS",1997,73,6,1991,0.136560788363773,0.129101362009553,0.00745942635422014,0.00745942635422014
"BTS",1998,65,6,1992,0.395756799513482,0.254079456895175,0.141677342618306,0.141677342618306
"BTS",1999,95,6,1993,0.111285506196455,0.0909446622387092,0.0203408439577453,0.0203408439577453
"BTS",2000,90,6,1994,0.0874592109126505,0.0738574242075108,0.0136017867051398,0.0136017867051398
"BTS",2001,183,6,1995,0.145487242990413,0.114222914105321,0.0312643288850914,0.0312643288850914
"BTS",2002,186,6,1996,0.162427013773993,0.187889354527415,-0.0254623407534214,0.0254623407534214
"BTS",2003,125,6,1997,0.125291803452229,0.13540843513362,-0.0101166316813909,0.0101166316813909
"BTS",2004,188,6,1998,0.146843510349763,0.14063200183471,0.00621150851505306,0.00621150851505306
"BTS",2005,194,6,1999,0.212212443344676,0.229010654033373,-0.016798210688697,0.016798210688697
"BTS",2006,329,6,2000,0.238147647503241,0.223917840372223,0.0142298071310183,0.0142298071310183
"BTS",2007,192,6,2001,0.198660810700894,0.215065972942677,-0.0164051622417832,0.0164051622417832
"BTS",2008,235,6,2002,0.248969656572013,0.221161008181381,0.0278086483906317,0.0278086483906317
"BTS",2009,144,6,2003,0.10244806718888,0.093738248737465,0.00870981845141447,0.00870981845141447
"BTS",2010,107,6,2004,0.0522927082712967,0.0790565691267278,-0.0267638608554311,0.0267638608554311
"BTS",2011,165,6,2005,0.151403621057485,0.162173199730599,-0.0107695786731133,0.0107695786731133
"BTS",2012,107,6,2006,0.144581911594775,0.188362306613624,-0.0437803950188492,0.0437803950188492
"BTS",2013,66,6,2007,0.111709494121151,0.135062192904143,-0.0233526987829921,0.0233526987829921
"BTS",2014,117,6,2008,0.397629232939566,0.388820417253923,0.00880881568564235,0.00880881568564235
"BTS",2015,103,6,2009,0.15548622934964,0.190222267202197,-0.0347360378525573,0.0347360378525573
"BTS",2016,122,6,2010,0.0839419579955837,0.135642930193171,-0.0517009721975872,0.0517009721975872
"BTS",2017,234,6,2011,0.114721987838811,0.0969091959148702,0.0178127919239413,0.0178127919239413
"BTS",2018,158,6,2012,0.191813841866515,0.17980819218821,0.0120056496783049,0.0120056496783049
"BTS",2019,120,6,2013,0.376941193310486,0.300283364643835,0.0766578286666504,0.0766578286666504
"BTS",2021,149,6,2015,0.0540667708506789,0.059682373914309,-0.00561560306363008,0.00561560306363008
"BTS",2022,172,6,2016,0.0622205557040113,0.0662317680862672,-0.00401121238225588,0.00401121238225588
"BTS",2023,126,6,2017,0.0971470289410529,0.0988979708830911,-0.00175094194203813,0.00175094194203813
"BTS",2024,64,6,2018,0.41272465208693,0.446220754778596,-0.0334961026916662,0.0334961026916662
"BTS",1982,162,7,1975,0.00949482448163972,0.0157711611399214,-0.00627633665828171,0.00627633665828171
"BTS",1983,130,7,1976,0.0175881666349479,0.0289527943477161,-0.0113646277127683,0.0113646277127683
"BTS",1984,63,7,1977,0.0720242108884209,0.0923168490267609,-0.02029263813834,0.02029263813834
"BTS",1985,73,7,1978,0.0890929121089755,0.169198518074329,-0.0801056059653533,0.0801056059653533
"BTS",1986,151,7,1979,0.126216664067659,0.0985781133093424,0.0276385507583169,0.0276385507583169
"BTS",1987,61,7,1980,0.0940352174748948,0.128237782987341,-0.0342025655124458,0.0342025655124458
"BTS",1988,82,7,1981,0.0725087696234278,0.073374516586323,-0.000865746962895236,0.000865746962895236
"BTS",1989,53,7,1982,0.216087826859922,0.235552644370008,-0.019464817510086,0.019464817510086
"BTS",1990,48,7,1983,0.0700384794320046,0.0765084000172608,-0.00646992058525617,0.00646992058525617
"BTS",1991,79,7,1984,0.191479622265693,0.188408317525558,0.00307130474013523,0.00307130474013523
"BTS",1992,85,7,1985,0.0697216467496953,0.0724255298095063,-0.00270388305981099,0.00270388305981099
"BTS",1993,91,7,1986,0.028196390993236,0.0348641029421535,-0.00666771194891744,0.00666771194891744
"BTS",1994,86,7,1987,0.0169434690518277,0.0351064319446831,-0.0181629628928554,0.0181629628928554
"BTS",1995,104,7,1988,0.118472078572195,0.083823120049241,0.0346489585229538,0.0346489585229538
"BTS",1996,226,7,1989,0.160482236136371,0.185586029442915,-0.0251037933065442,0.0251037933065442
"BTS",1997,73,7,1990,0.0802058685767429,0.114271840037428,-0.034065971460685,0.034065971460685
"BTS",1998,65,7,1991,0.101431738465262,0.120485567863938,-0.0190538293986762,0.0190538293986762
"BTS",1999,95,7,1992,0.260459174554706,0.223786435004455,0.0366727395502509,0.0366727395502509
"BTS",2000,90,7,1993,0.0695623452597993,0.095257432699651,-0.0256950874398517,0.0256950874398517
"BTS",2001,183,7,1994,0.0606119555338525,0.0547910023821516,0.00582095315170096,0.00582095315170096
"BTS",2002,186,7,1995,0.0810771804378465,0.124088918135269,-0.0430117376974226,0.0430117376974226
"BTS",2003,125,7,1996,0.157187854020219,0.179901222229267,-0.0227133682090487,0.0227133682090487
"BTS",2004,188,7,1997,0.0819768567463573,0.0972484460174859,-0.0152715892711286,0.0152715892711286
"BTS",2005,194,7,1998,0.11108847920089,0.11274799718007,-0.00165951797918013,0.00165951797918013
"BTS",2006,329,7,1999,0.139930255393263,0.156545098057073,-0.0166148426638107,0.0166148426638107
"BTS",2007,192,7,2000,0.13248639037262,0.176499184352381,-0.0440127939797608,0.0440127939797608
"BTS",2008,235,7,2001,0.181456213577076,0.199439385153881,-0.0179831715768054,0.0179831715768054
"BTS",2009,144,7,2002,0.144668223709113,0.132051066757294,0.0126171569518196,0.0126171569518196
"BTS",2010,107,7,2003,0.0417726705314405,0.0542058131682727,-0.0124331426368322,0.0124331426368322
"BTS",2011,165,7,2004,0.0428071045559249,0.0444503630291845,-0.00164325847325964,0.00164325847325964
"BTS",2012,107,7,2005,0.0459115178890012,0.0685062215448004,-0.0225947036557992,0.0225947036557992
"BTS",2013,66,7,2006,0.068114149861878,0.0995099726519781,-0.0313958227901001,0.0313958227901001
"BTS",2014,117,7,2007,0.196086103365636,0.0764235347834656,0.11966256858217,0.11966256858217
"BTS",2015,103,7,2008,0.292755550292708,0.227056386398977,0.0656991638937312,0.0656991638937312
"BTS",2016,122,7,2009,0.123669420837259,0.133789592352058,-0.0101201715147984,0.0101201715147984
"BTS",2017,234,7,2010,0.088409370199406,0.0869868125273095,0.00142255767209649,0.00142255767209649
"BTS",2018,158,7,2011,0.0664838392649449,0.0552689380834488,0.0112149011814961,0.0112149011814961
"BTS",2019,120,7,2012,0.150537899451832,0.144777308707813,0.00576059074401894,0.00576059074401894
"BTS",2021,149,7,2014,0.137778714805422,0.120610226490627,0.017168488314795,0.017168488314795
"BTS",2022,172,7,2015,0.0691466341529544,0.0564102287133196,0.0127364054396348,0.0127364054396348
"BTS",2023,126,7,2016,0.0535248499419956,0.045251626759927,0.00827322318206858,0.00827322318206858
"BTS",2024,64,7,2017,0.0914993968115781,0.0885049386980891,0.00299445811348904,0.00299445811348904
"BTS",1982,162,8,1974,0.00454948357617693,0.010855512301231,-0.00630602872505405,0.00630602872505405
"BTS",1983,130,8,1975,0.00795658708006737,0.0129961648315042,-0.00503957775143687,0.00503957775143687
"BTS",1984,63,8,1976,0.0154240551193725,0.0245534090186391,-0.00912935389926655,0.00912935389926655
"BTS",1985,73,8,1977,0.0169478892046537,0.0431449032002352,-0.0261970139955815,0.0261970139955815
"BTS",1986,151,8,1978,0.10535685580034,0.146394298953726,-0.0410374431533861,0.0410374431533861
"BTS",1987,61,8,1979,0.036537051795456,0.076947964018114,-0.0404109122226579,0.0404109122226579
"BTS",1988,82,8,1980,0.0513497853100825,0.0926655150894313,-0.0413157297793489,0.0413157297793489
"BTS",1989,53,8,1981,0.030327554476185,0.0607230616844157,-0.0303955072082307,0.0303955072082307
"BTS",1990,48,8,1982,0.166228756576963,0.176316269357261,-0.0100875127802978,0.0100875127802978
"BTS",1991,79,8,1983,0.0666285124932548,0.0545178413080716,0.0121106711851832,0.0121106711851832
"BTS",1992,85,8,1984,0.0971470576230119,0.114531721185119,-0.0173846635621066,0.0173846635621066
"BTS",1993,91,8,1985,0.0369648953420306,0.0320163552799923,0.0049485400620383,0.0049485400620383
"BTS",1994,86,8,1986,0.0130669746338173,0.0230240352342214,-0.00995706060040413,0.00995706060040413
"BTS",1995,104,8,1987,0.0256080999065317,0.024832300253627,0.000775799652904707,0.000775799652904707
"BTS",1996,226,8,1988,0.0528945143487325,0.0459384406785463,0.00695607367018625,0.00695607367018625
"BTS",1997,73,8,1989,0.10315581835818,0.11545405395896,-0.0122982356007797,0.0122982356007797
"BTS",1998,65,8,1990,0.0614011238336615,0.086184957182906,-0.0247838333492445,0.0247838333492445
"BTS",1999,95,8,1991,0.0668293555620934,0.093852455362292,-0.0270230998001986,0.0270230998001986
"BTS",2000,90,8,1992,0.211158920926868,0.198743262087586,0.0124156588392817,0.0124156588392817
"BTS",2001,183,8,1993,0.0294562838347446,0.06065684387508,-0.0312005600403354,0.0312005600403354
"BTS",2002,186,8,1994,0.0391974888491339,0.0522515638754558,-0.0130540750263219,0.0130540750263219
"BTS",2003,125,8,1995,0.0811907650950614,0.0958827657543215,-0.0146920006592601,0.0146920006592601
"BTS",2004,188,8,1996,0.0865801976221318,0.106368918375377,-0.0197887207532456,0.0197887207532456
"BTS",2005,194,8,1997,0.0443050819612213,0.0573804883145605,-0.0130754063533391,0.0130754063533391
"BTS",2006,329,8,1998,0.063718677259446,0.0732125661432065,-0.00949388888376057,0.00949388888376057
"BTS",2007,192,8,1999,0.0923504385546392,0.0907097121440275,0.00164072641061171,0.00164072641061171
"BTS",2008,235,8,2000,0.113435468069115,0.142041620380191,-0.0286061523110753,0.0286061523110753
"BTS",2009,144,8,2001,0.109967033811978,0.116924994556693,-0.00695796074471509,0.00695796074471509
"BTS",2010,107,8,2002,0.0427306554308479,0.056146269238353,-0.0134156138075051,0.0134156138075051
"BTS",2011,165,8,2003,0.0232908793047839,0.0298923778943817,-0.00660149858959788,0.00660149858959788
"BTS",2012,107,8,2004,0.0171958012867076,0.0176367279415513,-0.000440926654843656,0.000440926654843656
"BTS",2013,66,8,2005,0.0238290665888776,0.0285596839639914,-0.00473061737511381,0.00473061737511381
"BTS",2014,117,8,2006,0.0411694623739715,0.0438628158901108,-0.00269335351613935,0.00269335351613935
"BTS",2015,103,8,2007,0.0864759692418885,0.0395777163698892,0.0468982528719992,0.0468982528719992
"BTS",2016,122,8,2008,0.188242725904581,0.14093911276592,0.0473036131386611,0.0473036131386611
"BTS",2017,234,8,2009,0.0829332937381349,0.0806128727788916,0.00232042095924329,0.00232042095924329
"BTS",2018,158,8,2010,0.0483753099305128,0.0509424173404715,-0.00256710740995875,0.00256710740995875
"BTS",2019,120,8,2011,0.0357797750713773,0.0367745765416832,-0.000994801470305923,0.000994801470305923
"BTS",2021,149,8,2013,0.159087031736944,0.145578390036874,0.0135086417000705,0.0135086417000705
"BTS",2022,172,8,2014,0.0974282977036833,0.0810019083332886,0.0164263893703947,0.0164263893703947
"BTS",2023,126,8,2015,0.0532405653974702,0.0332713654712466,0.0199691999262237,0.0199691999262237
"BTS",2024,64,8,2016,0.02851859332308,0.0314095148160617,-0.00289092149298172,0.00289092149298172
"BTS",1982,162,9,1973,0.00281622139026084,0.0064399476279363,-0.00362372623767546,0.00362372623767546
"BTS",1983,130,9,1974,0.00364142929542629,0.00776984945817106,-0.00412842016274477,0.00412842016274477
"BTS",1984,63,9,1975,0.00702787400073008,0.0108196429432672,-0.00379176894253707,0.00379176894253707
"BTS",1985,73,9,1976,0.0041376665216305,0.0113972043334654,-0.00725953781183495,0.00725953781183495
"BTS",1986,151,9,1977,0.0313989996558548,0.0351326398956885,-0.00373364023983363,0.00373364023983363
"BTS",1987,61,9,1978,0.114010430113458,0.10324896067205,0.0107614694414082,0.0107614694414082
"BTS",1988,82,9,1979,0.0285186438059512,0.0496336547224517,-0.0211150109165005,0.0211150109165005
"BTS",1989,53,9,1980,0.0335974281524755,0.0727397054835406,-0.0391422773310651,0.0391422773310651
"BTS",1990,48,9,1981,0.0157235696587458,0.0416814643905127,-0.0259578947317669,0.0259578947317669
"BTS",1991,79,9,1982,0.128789521865211,0.122385276019159,0.00640424584605188,0.00640424584605188
"BTS",1992,85,9,1983,0.0417595043065811,0.0329602692242172,0.00879923508236382,0.00879923508236382
"BTS",1993,91,9,1984,0.0468218975795865,0.0473293845252947,-0.000507486945708215,0.000507486945708215
"BTS",1994,86,9,1985,0.0141295936438308,0.0208482900556397,-0.00671869641180885,0.00671869641180885
"BTS",1995,104,9,1986,0.0148853331439492,0.0161037376487357,-0.00121840450478651,0.00121840450478651
"BTS",1996,226,9,1987,0.0127990523588307,0.0149604344140987,-0.002161382055268,0.002161382055268
"BTS",1997,73,9,1988,0.0178206231688737,0.0248485275240378,-0.00702790435516404,0.00702790435516404
"BTS",1998,65,9,1989,0.0466222593041692,0.0776665037595945,-0.0310442444554253,0.0310442444554253
"BTS",1999,95,9,1990,0.031807083048697,0.0576948725522102,-0.0258877895035132,0.0258877895035132
"BTS",2000,90,9,1991,0.0799597153336962,0.0761070425932073,0.00385267274048891,0.00385267274048891
"BTS",2001,183,9,1992,0.0874696658781232,0.115585358621268,-0.028115692743145,0.028115692743145
"BTS",2002,186,9,1993,0.0524716005035743,0.0505097839060111,0.00196181659756316,0.00196181659756316
"BTS",2003,125,9,1994,0.0338350014001626,0.0363751528128007,-0.00254015141263805,0.00254015141263805
"BTS",2004,188,9,1995,0.0428388465041726,0.0550859292548241,-0.0122470827506515,0.0122470827506515
"BTS",2005,194,9,1996,0.0376898645740851,0.0551844817693135,-0.0174946171952284,0.0174946171952284
"BTS",2006,329,9,1997,0.0353763448873096,0.0382329311695374,-0.00285658628222782,0.00285658628222782
"BTS",2007,192,9,1998,0.0366257389931336,0.0351267548592697,0.00149898413386388,0.00149898413386388
"BTS",2008,235,9,1999,0.0690215533589195,0.0717931340983273,-0.00277158073940775,0.00277158073940775
"BTS",2009,144,9,2000,0.0787480754316122,0.0851418218478161,-0.00639374641620388,0.00639374641620388
"BTS",2010,107,9,2001,0.0428271124932215,0.045089272762664,-0.00226216026944241,0.00226216026944241
"BTS",2011,165,9,2002,0.0353540732960209,0.0304702655364038,0.00488380775961703,0.00488380775961703
"BTS",2012,107,9,2003,0.0114760137457353,0.0119123823266797,-0.000436368580944393,0.000436368580944393
"BTS",2013,66,9,2004,0.00807035381415423,0.00679247647764891,0.00127787733650532,0.00127787733650532
"BTS",2014,117,9,2005,0.0223912300957572,0.0112911198828288,0.0111001102129284,0.0111001102129284
"BTS",2015,103,9,2006,0.0218801880758133,0.022534710540014,-0.000654522464200738,0.000654522464200738
"BTS",2016,122,9,2007,0.0379141953644304,0.0246774063539589,0.0132367890104715,0.0132367890104715
"BTS",2017,234,9,2008,0.106009462733557,0.0805854109574757,0.0254240517760809,0.0254240517760809
"BTS",2018,158,9,2009,0.0496924835280516,0.0514626662511298,-0.00177018272307818,0.00177018272307818
"BTS",2019,120,9,2010,0.0257983749906613,0.0284052961236479,-0.00260692113298664,0.00260692113298664
"BTS",2021,149,9,2012,0.0422165639460786,0.0633813379271912,-0.0211647739811126,0.0211647739811126
"BTS",2022,172,9,2013,0.073000327283924,0.0826387596206792,-0.00963843233675524,0.00963843233675524
"BTS",2023,126,9,2014,0.08452424908652,0.0465071287507161,0.0380171203358038,0.0380171203358038
"BTS",2024,64,9,2015,0.02688500323961,0.0182651141604174,0.00861988907919259,0.00861988907919259
"BTS",1982,162,10,1972,0.00177219880508342,0.0042015578838011,-0.00242935907871769,0.00242935907871769
"BTS",1983,130,10,1973,0.00327044463566341,0.00408894701940618,-0.000818502383742773,0.000818502383742773
"BTS",1984,63,10,1974,0.00235202791452412,0.00642513133924517,-0.00407310342472106,0.00407310342472106
"BTS",1985,73,10,1975,0.00349973594047015,0.00512737334125406,-0.00162763740078391,0.00162763740078391
"BTS",1986,151,10,1976,0.00485245133682522,0.00885855592112222,-0.00400610458429701,0.00400610458429701
"BTS",1987,61,10,1977,0.0179803395608961,0.0231490449892131,-0.00516870542831696,0.00516870542831696
"BTS",1988,82,10,1978,0.068743594193563,0.062311467190693,0.00643212700286996,0.00643212700286996
"BTS",1989,53,10,1979,0.0125590349244567,0.0372112553827838,-0.0246522204583271,0.0246522204583271
"BTS",1990,48,10,1980,0.0270537903103652,0.0477283423121108,-0.0206745520017456,0.0206745520017456
"BTS",1991,79,10,1981,0.0325263168400175,0.0298246584918504,0.00270165834816707,0.00270165834816707
"BTS",1992,85,10,1982,0.077210314191511,0.0723687712207434,0.00484154297076755,0.00484154297076755
"BTS",1993,91,10,1983,0.0285871944537997,0.0135090848456636,0.0150781096081361,0.0150781096081361
"BTS",1994,86,10,1984,0.0261033252715564,0.030882879846374,-0.00477955457481765,0.00477955457481765
"BTS",1995,104,10,1985,0.0093673842883046,0.0146343088468369,-0.00526692455853233,0.00526692455853233
"BTS",1996,226,10,1986,0.0138510336928527,0.0105301704367041,0.00332086325614862,0.00332086325614862
"BTS",1997,73,10,1987,0.00896919328154347,0.00790484895399454,0.00106434432754892,0.00106434432754892
"BTS",1998,65,10,1988,0.0119843428357347,0.0159157827400248,-0.00393143990429011,0.00393143990429011
"BTS",1999,95,10,1989,0.0293828811966534,0.0462994784097852,-0.0169165972131317,0.0169165972131317
"BTS",2000,90,10,1990,0.0417318590428102,0.0419327386338291,-0.000200879591018915,0.000200879591018915
"BTS",2001,183,10,1991,0.0625139182882657,0.044095178983629,0.0184187393046367,0.0184187393046367
"BTS",2002,186,10,1992,0.0978715846228339,0.0876604135330547,0.0102111710897792,0.0102111710897792
"BTS",2003,125,10,1993,0.0442317986543637,0.0342933248331351,0.00993847382122853,0.00993847382122853
"BTS",2004,188,10,1994,0.0270349219679673,0.0216359515873074,0.0053989703806599,0.0053989703806599
"BTS",2005,194,10,1995,0.0263223462141349,0.0280447032015691,-0.00172235698743426,0.00172235698743426
"BTS",2006,329,10,1996,0.029513087014215,0.0378354009337347,-0.00832231391951977,0.00832231391951977
"BTS",2007,192,10,1997,0.0157086772496902,0.0169324167248498,-0.00122373947515964,0.00122373947515964
"BTS",2008,235,10,1998,0.0250722087449685,0.0282864834303846,-0.003214274685416,0.003214274685416
"BTS",2009,144,10,1999,0.0358645248455641,0.0434091692803983,-0.00754464443483418,0.00754464443483418
"BTS",2010,107,10,2000,0.0293375092679994,0.0320824452404865,-0.00274493597248704,0.00274493597248704
"BTS",2011,165,10,2001,0.0348739974059712,0.0242758719952466,0.0105981254107246,0.0105981254107246
"BTS",2012,107,10,2002,0.0157601467224382,0.0122493276616708,0.00351081906076743,0.00351081906076743
"BTS",2013,66,10,2003,0.00721178250621798,0.00449684195641496,0.00271494054980302,0.00271494054980302
"BTS",2014,117,10,2004,0.00808934692599215,0.00257589666011439,0.00551345026587776,0.00551345026587776
"BTS",2015,103,10,2005,0.0108299559730669,0.00558235579790268,0.00524760017516423,0.00524760017516423
"BTS",2016,122,10,2006,0.0155238688301964,0.0140488319492721,0.00147503688092429,0.00147503688092429
"BTS",2017,234,10,2007,0.0304272064587905,0.014388673626965,0.0160385328318254,0.0160385328318254
"BTS",2018,158,10,2008,0.0407357406704552,0.0551631551832613,-0.0144274145128061,0.0144274145128061
"BTS",2019,120,10,2009,0.0152652501185578,0.0254944469915843,-0.0102291968730265,0.0102291968730265
"BTS",2021,149,10,2011,0.016390562369878,0.015411239828572,0.000979322541305979,0.000979322541305979
"BTS",2022,172,10,2012,0.0231837464423611,0.0335294130923091,-0.010345666649948,0.010345666649948
"BTS",2023,126,10,2013,0.0596986417572251,0.050323810772975,0.0093748309842501,0.0093748309842501
"BTS",2024,64,10,2014,0.0241969436357412,0.0222599683045679,0.00193697533117332,0.00193697533117332
"BTS",1982,162,11,1971,0.00109125239496959,0.000896866173902959,0.000194386221066632,0.000194386221066632
"BTS",1983,130,11,1972,0.00232823807541063,0.00243291197500151,-0.000104673899590883,0.000104673899590883
"BTS",1984,63,11,1973,0.00160626077154682,0.00337521038016682,-0.00176894960862,0.00176894960862
"BTS",1985,73,11,1974,0.00121945747425723,0.00311847478413253,-0.0018990173098753,0.0018990173098753
"BTS",1986,151,11,1975,0.00217697111719585,0.0038541523412629,-0.00167718122406705,0.00167718122406705
"BTS",1987,61,11,1976,0.00551029346204977,0.00561071829240194,-0.000100424830352174,0.000100424830352174
"BTS",1988,82,11,1977,0.00662077137327892,0.0134054458505855,-0.00678467447730659,0.00678467447730659
"BTS",1989,53,11,1978,0.0393407943328014,0.0455046600563147,-0.0061638657235133,0.0061638657235133
"BTS",1990,48,11,1979,0.00409617561936289,0.0232292217484327,-0.0191330461290698,0.0191330461290698
"BTS",1991,79,11,1980,0.0434471815547748,0.0323151868265949,0.0111319947281799,0.0111319947281799
"BTS",1992,85,11,1981,0.0265926565725926,0.0177782417408945,0.0088144148316981,0.0088144148316981
"BTS",1993,91,11,1982,0.0247256275885929,0.0297950117787022,-0.00506938419010936,0.00506938419010936
"BTS",1994,86,11,1983,0.0159279063345396,0.00888464905874673,0.00704325727579291,0.00704325727579291
"BTS",1995,104,11,1984,0.0172046545051421,0.0218031102982688,-0.00459845579312679,0.00459845579312679
"BTS",1996,226,11,1985,0.00925012273956222,0.0100592589077435,-0.000809136168181306,0.000809136168181306
"BTS",1997,73,11,1986,0.0065073580320768,0.00558757282558277,0.000919785206494035,0.000919785206494035
"BTS",1998,65,11,1987,0.00528732316015077,0.00514381761478085,0.00014350554536992,0.00014350554536992
"BTS",1999,95,11,1988,0.010984316346044,0.00887881250157675,0.00210550384446725,0.00210550384446725
"BTS",2000,90,11,1989,0.0178684231086577,0.030565732139566,-0.0126973090309083,0.0126973090309083
"BTS",2001,183,11,1990,0.0238144472483972,0.0241479246856905,-0.000333477437293301,0.000333477437293301
"BTS",2002,186,11,1991,0.0487832339232478,0.0312883799792702,0.0174948539439776,0.0174948539439776
"BTS",2003,125,11,1992,0.0861203667948459,0.0601257847846516,0.0259945820101943,0.0259945820101943
"BTS",2004,188,11,1993,0.0270516185291912,0.0211684465936189,0.00588317193557227,0.00588317193557227
"BTS",2005,194,11,1994,0.0076329946335949,0.0112285302040321,-0.00359553557043719,0.00359553557043719
"BTS",2006,329,11,1995,0.0141879686191124,0.0199138219543313,-0.00572585333521891,0.00572585333521891
"BTS",2007,192,11,1996,0.0137704413126919,0.0162850412250908,-0.0025145999123989,0.0025145999123989
"BTS",2008,235,11,1997,0.0204676088983132,0.0135616552054219,0.00690595369289126,0.00690595369289126
"BTS",2009,144,11,1998,0.0225618163594978,0.0173260459905409,0.0052357703689569,0.0052357703689569
"BTS",2010,107,11,1999,0.0249688016547154,0.0161747933527658,0.00879400830194957,0.00879400830194957
"BTS",2011,165,11,2000,0.0296358066356851,0.0175136797609625,0.0121221268747226,0.0121221268747226
"BTS",2012,107,11,2001,0.0126754977026057,0.00961921044997575,0.00305628725262995,0.00305628725262995
"BTS",2013,66,11,2002,0.00947100116918205,0.00460491348964501,0.00486608767953704,0.00486608767953704
"BTS",2014,117,11,2003,0.00316657183623864,0.00169872903952137,0.00146784279671727,0.00146784279671727
"BTS",2015,103,11,2004,0.00155298962376844,0.00123734209873583,0.000315647525032614,0.000315647525032614
"BTS",2016,122,11,2005,0.00559823951453873,0.00332346806944746,0.00227477144509127,0.00227477144509127
"BTS",2017,234,11,2006,0.011680399607516,0.00824481439788002,0.00343558520963594,0.00343558520963594
"BTS",2018,158,11,2007,0.0114115132507089,0.0103680527262422,0.00104346052446672,0.00104346052446672
"BTS",2019,120,11,2008,0.00802637985807595,0.0260627464884309,-0.018036366630355,0.018036366630355
"BTS",2021,149,11,2010,0.0137319250062416,0.0122423433939139,0.00148958161232775,0.00148958161232775
"BTS",2022,172,11,2011,0.00988730349096635,0.0076507853952603,0.00223651809570605,0.00223651809570605
"BTS",2023,126,11,2012,0.0127423194288562,0.0211249659654448,-0.00838264653658866,0.00838264653658866
"BTS",2024,64,11,2013,0.0165300965057181,0.022144089554687,-0.0056139930489689,0.0056139930489689
"BTS",1982,162,12,1970,0.000645744224536045,0.000618026449087951,2.77177754480932e-05,2.77177754480932e-05
"BTS",1983,130,12,1971,0.000844044953209173,0.000485674519245474,0.000358370433963699,0.000358370433963699
"BTS",1984,63,12,1972,0.00060360011453298,0.00200833078583752,-0.00140473067130454,0.00140473067130454
"BTS",1985,73,12,1973,0.000382656950188515,0.00166907972087271,-0.0012864227706842,0.0012864227706842
"BTS",1986,151,12,1974,0.00095887710611213,0.00229421030988092,-0.00133533320376879,0.00133533320376879
"BTS",1987,61,12,1975,0.00209528272772026,0.00238822688041748,-0.000292944152697221,0.000292944152697221
"BTS",1988,82,12,1976,0.00389516376077891,0.0031712016414276,0.000723962119351311,0.000723962119351311
"BTS",1989,53,12,1977,0.0067245531316313,0.00960899066999989,-0.00288443753836859,0.00288443753836859
"BTS",1990,48,12,1978,0.0380940246198492,0.0281389671800126,0.00995505743983665,0.00995505743983665
"BTS",1991,79,12,1979,0.00890907642637543,0.0157100004327239,-0.00680092400634844,0.00680092400634844
"BTS",1992,85,12,1980,0.0330520201488636,0.0180517775680966,0.015000242580767,0.015000242580767
"BTS",1993,91,12,1981,0.0179267796040424,0.00715180092468172,0.0107749786793606,0.0107749786793606
"BTS",1994,86,12,1982,0.022029922179955,0.0196980779401197,0.00233184423983533,0.00233184423983533
"BTS",1995,104,12,1983,0.00696893367222136,0.00629589324642103,0.000673040425800336,0.000673040425800336
"BTS",1996,226,12,1984,0.0176731235680442,0.0154100982246144,0.00226302534342975,0.00226302534342975
"BTS",1997,73,12,1985,0.00697622967363157,0.00540027399465623,0.00157595567897534,0.00157595567897534
"BTS",1998,65,12,1986,0.00181050104286363,0.0037209963500323,-0.00191049530716867,0.00191049530716867
"BTS",1999,95,12,1987,0.00465524590439274,0.00275220747165168,0.00190303843274107,0.00190303843274107
"BTS",2000,90,12,1988,0.0114389996843015,0.00544989122932194,0.00598910845497955,0.00598910845497955
"BTS",2001,183,12,1989,0.0185690514044422,0.0175769733352147,0.00099207806922751,0.00099207806922751
"BTS",2002,186,12,1990,0.0224420503275246,0.0163354515902424,0.00610659873728222,0.00610659873728222
"BTS",2003,125,12,1991,0.0389631448156926,0.0214555234232786,0.017507621392414,0.017507621392414
"BTS",2004,188,12,1992,0.0495817118563902,0.0380998186643274,0.0114818931920628,0.0114818931920628
"BTS",2005,194,12,1993,0.0155849702042483,0.0112156728845433,0.00436929731970499,0.00436929731970499
"BTS",2006,329,12,1994,0.00880276263621014,0.00823472442356465,0.000568038212645495,0.000568038212645495
"BTS",2007,192,12,1995,0.0124574233673407,0.00857371627804401,0.00388370708929672,0.00388370708929672
"BTS",2008,235,12,1996,0.0153522559255475,0.0131537375424959,0.00219851838305159,0.00219851838305159
"BTS",2009,144,12,1997,0.00714777053825254,0.00831536027572991,-0.00116758973747737,0.00116758973747737
"BTS",2010,107,12,1998,0.00908623255238896,0.00633476302841437,0.0027514695239746,0.0027514695239746
"BTS",2011,165,12,1999,0.0227295265150774,0.00891858497281628,0.0138109415422611,0.0138109415422611
"BTS",2012,107,12,2000,0.010964986003996,0.00695892464097893,0.00400606136301712,0.00400606136301712
"BTS",2013,66,12,2001,0.00718066056473095,0.00357448765676769,0.00360617290796326,0.00360617290796326
"BTS",2014,117,12,2002,0.00452803522558416,0.00172977811926625,0.00279825710631791,0.00279825710631791
"BTS",2015,103,12,2003,0.00147578658948595,0.000812962282186751,0.000662824307299199,0.000662824307299199
"BTS",2016,122,12,2004,0.00122600989104844,0.000731887434457349,0.000494122456591091,0.000494122456591091
"BTS",2017,234,12,2005,0.00392261261776043,0.00193102754583451,0.00199158507192591,0.00199158507192591
"BTS",2018,158,12,2006,0.00177735257047335,0.00611475206215713,-0.00433739949168378,0.00433739949168378
"BTS",2019,120,12,2007,0.00364470181058885,0.0047109914296079,-0.00106628961901905,0.00106628961901905
"BTS",2021,149,12,2009,0.00889503004401418,0.0115068853239147,-0.00261185527990054,0.00261185527990054
"BTS",2022,172,12,2010,0.00823867673822246,0.00598514895464722,0.00225352778357524,0.00225352778357524
"BTS",2023,126,12,2011,0.00528730485739832,0.0048554823123251,0.000431822545073217,0.000431822545073217
"BTS",2024,64,12,2012,0.00622223719954671,0.0088059805965171,-0.0025837433969704,0.0025837433969704
"BTS",1982,162,13,1969,0.000240573409870627,0.000570207511281362,-0.000329634101410735,0.000329634101410735
"BTS",1983,130,13,1970,0.000310354056409419,0.000319208134079804,-8.85407767038573e-06,8.85407767038573e-06
"BTS",1984,63,13,1971,0.000363258258513773,0.000400967044296495,-3.7708785782722e-05,3.7708785782722e-05
"BTS",1985,73,13,1972,0.000407898176785954,0.00100526358258918,-0.000597365405803225,0.000597365405803225
"BTS",1986,151,13,1973,8.76020585169876e-05,0.00121192767347459,-0.0011243256149576,0.0011243256149576
"BTS",1987,61,13,1974,0.000414786580426406,0.00140430605653914,-0.000989519476112735,0.000989519476112735
"BTS",1988,82,13,1975,0.000864361928081226,0.00133143548117244,-0.000467073553091212,0.000467073553091212
"BTS",1989,53,13,1976,0.00600792035594906,0.00224403382328051,0.00376388653266855,0.00376388653266855
"BTS",1990,48,13,1977,0.00327628839134682,0.00589086894154104,-0.00261458055019422,0.00261458055019422
"BTS",1991,79,13,1978,0.0260959223185725,0.0191890207729664,0.00690690154560603,0.00690690154560603
"BTS",1992,85,13,1979,0.014099699505554,0.00890239629674335,0.00519730320881068,0.00519730320881068
"BTS",1993,91,13,1980,0.0142876647066628,0.00726554676636107,0.00702211794030171,0.00702211794030171
"BTS",1994,86,13,1981,0.00839752341233177,0.00468121213826618,0.0037163112740656,0.0037163112740656
"BTS",1995,104,13,1982,0.0127551113803892,0.0139633797052611,-0.0012082683248719,0.0012082683248719
"BTS",1996,226,13,1983,0.00593503398674708,0.00449993978965957,0.00143509419708751,0.00143509419708751
"BTS",1997,73,13,1984,0.0118845354016708,0.00832193171912887,0.00356260368254195,0.00356260368254195
"BTS",1998,65,13,1985,0.00412599498645964,0.00365720388524922,0.00046879110121042,0.00046879110121042
"BTS",1999,95,13,1986,0.00190012384889281,0.00194271263947294,-4.25887905801247e-05,4.25887905801247e-05
"BTS",2000,90,13,1987,0.00358534472730371,0.0016040978547765,0.00198124687252721,0.00198124687252721
"BTS",2001,183,13,1988,0.00643834269804227,0.00312643274011411,0.00331190995792815,0.00331190995792815
"BTS",2002,186,13,1989,0.0133753824606442,0.0115648194814982,0.00181056297914597,0.00181056297914597
"BTS",2003,125,13,1990,0.0161505555563173,0.01118778854941,0.00496276700690733,0.00496276700690733
"BTS",2004,188,13,1991,0.0219770023388738,0.0136219953558059,0.00835500698306794,0.00835500698306794
"BTS",2005,194,13,1992,0.0258794770644183,0.0203002440641512,0.00557923300026711,0.00557923300026711
"BTS",2006,329,13,1993,0.0126265554315807,0.00834800007980093,0.00427855535177979,0.00427855535177979
"BTS",2007,192,13,1994,0.0056792354109094,0.00356177699038091,0.00211745842052849,0.00211745842052849
"BTS",2008,235,13,1995,0.00696115851079131,0.0069731332691596,-1.19747583682897e-05,1.19747583682897e-05
"BTS",2009,144,13,1996,0.0071855296626541,0.00809740516886035,-0.000911875506206247,0.000911875506206247
"BTS",2010,107,13,1997,0.00542769716887885,0.00306476966498941,0.00236292750388945,0.00236292750388945
"BTS",2011,165,13,1998,0.00992892070550299,0.00346736182852789,0.00646155887697511,0.00646155887697511
"BTS",2012,107,13,1999,0.00944883770168442,0.0035718526673333,0.00587698503435112,0.00587698503435112
"BTS",2013,66,13,2000,0.00690848881576391,0.0025659764073575,0.00434251240840642,0.00434251240840642
"BTS",2014,117,13,2001,0.00470824290927837,0.00133787163825155,0.00337037127102682,0.00337037127102682
"BTS",2015,103,13,2002,0.00280087424004702,0.000824145533202138,0.00197672870684488,0.00197672870684488
"BTS",2016,122,13,2003,0.00128108069949425,0.00047870062489203,0.000802380074602222,0.000802380074602222
"BTS",2017,234,13,2004,0.000595302890258161,0.000425625058533368,0.000169677831724792,0.000169677831724792
"BTS",2018,158,13,2005,0.000227876016553558,0.00145186541262336,-0.0012239893960698,0.0012239893960698
"BTS",2019,120,13,2006,0.00144025295716658,0.00271314485955985,-0.00127289190239327,0.00127289190239327
"BTS",2021,149,13,2008,0.00193956807806183,0.0124376440140496,-0.0104980759359877,0.0104980759359877
"BTS",2022,172,13,2009,0.00317825508436419,0.00561186799839624,-0.00243361291403205,0.00243361291403205
"BTS",2023,126,13,2010,0.0032389082734872,0.00385790488317218,-0.000618996609684988,0.000618996609684988
"BTS",2024,64,13,2011,0.00196953525656768,0.00197162501703269,-2.08976046500633e-06,2.08976046500633e-06
"BTS",1982,162,14,1968,0.00010471516090144,0.000360873994492389,-0.000256158833590949,0.000256158833590949
"BTS",1983,130,14,1969,0.000278799370038381,0.000285017531927368,-6.21816188898751e-06,6.21816188898751e-06
"BTS",1984,63,14,1970,0.00045303566830724,0.000263496478815472,0.000189539189491768,0.000189539189491768
"BTS",1985,73,14,1971,3.43050844554807e-05,0.000202148837990676,-0.000167843753535195,0.000167843753535195
"BTS",1986,151,14,1972,0.000268011574319258,0.000724002012628297,-0.000455990438309039,0.000455990438309039
"BTS",1987,61,14,1973,0.000203736508810573,0.000737066881543937,-0.000533330372733364,0.000533330372733364
"BTS",1988,82,14,1974,0.00104454275300576,0.000776372630929216,0.000268170122076547,0.000268170122076547
"BTS",1989,53,14,1975,0.00281176238774307,0.000934715584137883,0.00187704680360519,0.00187704680360519
"BTS",1990,48,14,1976,0.00238747178841321,0.00136790494671114,0.00101956684170206,0.00101956684170206
"BTS",1991,79,14,1977,0.00396358867111061,0.00401723908851634,-5.36504174057243e-05,5.36504174057243e-05
"BTS",1992,85,14,1978,0.0111000976185002,0.0108733583455869,0.000226739272913234,0.000226739272913234
"BTS",1993,91,14,1979,0.00779389365942226,0.00358249499638659,0.00421139866303567,0.00421139866303567
"BTS",1994,86,14,1980,0.00823586629760391,0.00475560256271779,0.00348026373488612,0.00348026373488612
"BTS",1995,104,14,1981,0.00519769389827079,0.00331830994327029,0.00187938395500049,0.00187938395500049
"BTS",1996,226,14,1982,0.0106288646750828,0.0100128322665153,0.000616032408567514,0.000616032408567514
"BTS",1997,73,14,1983,0.0038066265377694,0.00242959446252518,0.00137703207524422,0.00137703207524422
"BTS",1998,65,14,1984,0.00444494707360741,0.00567709994785427,-0.00123215287424686,0.00123215287424686
"BTS",1999,95,14,1985,0.00280923869132981,0.00187595291001751,0.0009332857813123,0.0009332857813123
"BTS",2000,90,14,1986,0.00162501126017442,0.00109618415741675,0.000528827102757674,0.000528827102757674
"BTS",2001,183,14,1987,0.00266993720567213,0.00091994033265132,0.00174999687302081,0.00174999687302081
"BTS",2002,186,14,1988,0.00422301179417655,0.00201880908707827,0.00220420270709828,0.00220420270709828
"BTS",2003,125,14,1989,0.00664531479185038,0.00790334473709561,-0.00125802994524523,0.00125802994524523
"BTS",2004,188,14,1990,0.00568131734843459,0.00710264867705695,-0.00142133132862235,0.00142133132862235
"BTS",2005,194,14,1991,0.0102825101437061,0.00725160102157794,0.0030309091221282,0.0030309091221282
"BTS",2006,329,14,1992,0.0170211590705307,0.0151250604341488,0.00189609863638191,0.00189609863638191
"BTS",2007,192,14,1993,0.00687636356608841,0.00359968245814276,0.00327668110794565,0.00327668110794565
"BTS",2008,235,14,1994,0.00386054012712964,0.00289670532733348,0.000963834799796156,0.000963834799796156
"BTS",2009,144,14,1995,0.00370488848427455,0.00429290459511336,-0.000588016110838803,0.000588016110838803
"BTS",2010,107,14,1996,0.00321258092171091,0.00298375409369566,0.000228826828015255,0.000228826828015255
"BTS",2011,165,14,1997,0.00469815615031732,0.00167751784333231,0.00302063830698501,0.00302063830698501
"BTS",2012,107,14,1998,0.00339485348284662,0.00138876649848325,0.00200608698436336,0.00200608698436336
"BTS",2013,66,14,1999,0.00395608116223932,0.001316734849319,0.00263934631292032,0.00263934631292032
"BTS",2014,117,14,2000,0.00233171899006182,0.000960308335695009,0.00137141065436681,0.00137141065436681
"BTS",2015,103,14,2001,0.00171406459677378,0.000637421681050202,0.00107664291572358,0.00107664291572358
"BTS",2016,122,14,2002,0.000464465555096578,0.000485283026570471,-2.08174714738928e-05,2.08174714738928e-05
"BTS",2017,234,14,2003,0.000350202217486901,0.000278393931081205,7.18082864056959e-05,7.18082864056959e-05
"BTS",2018,158,14,2004,3.74775637956519e-05,0.000322160442653749,-0.000284682878858097,0.000284682878858097
"BTS",2019,120,14,2005,0.000415118459021123,0.000635884429362857,-0.000220765970341734,0.000220765970341734
"BTS",2021,149,14,2007,0.00137778915680453,0.00225798937420522,-0.000880200217400686,0.000880200217400686
"BTS",2022,172,14,2008,0.0018168955080481,0.00602935582498322,-0.00421246031693512,0.00421246031693512
"BTS",2023,126,14,2009,0.00128039465166729,0.00364061136145115,-0.00236021670978386,0.00236021670978386
"BTS",2024,64,14,2010,0.000751051964584853,0.00154492806501142,-0.000793876100426564,0.000793876100426564
"BTS",1982,162,15,1967,0.00010224779405975,0.000432975515216748,-0.000330727721156998,0.000330727721156998
"BTS",1983,130,15,1968,0.000130826517881082,0.000385066249582552,-0.00025423973170147,0.00025423973170147
"BTS",1984,63,15,1969,0.000223142210151347,0.000553064469648098,-0.000329922259496752,0.000329922259496752
"BTS",1985,73,15,1970,3.21693453510475e-05,0.000413349333863295,-0.000381179988512248,0.000381179988512248
"BTS",1986,151,15,1971,9.66659222676363e-05,0.000439723582498478,-0.000343057660230841,0.000343057660230841
"BTS",1987,61,15,1972,0.000182870716791893,0.000704340506654549,-0.000521469789862656,0.000521469789862656
"BTS",1988,82,15,1973,0.000615748107636185,0.000791402169132698,-0.000175654061496513,0.000175654061496513
"BTS",1989,53,15,1974,0.00443082745120015,0.00109328185076723,0.00333754560043292,0.00333754560043292
"BTS",1990,48,15,1975,0.0032843910004027,0.00123136189434017,0.00205302910606252,0.00205302910606252
"BTS",1991,79,15,1976,0.00450555650345472,0.00177255748789635,0.00273299901555837,0.00273299901555837
"BTS",1992,85,15,1977,0.00888487104587051,0.00328071096487221,0.0056041600809983,0.0056041600809983
"BTS",1993,91,15,1978,0.00943437142515681,0.00569556105448211,0.00373881037067469,0.00373881037067469
"BTS",1994,86,15,1979,0.0138549056645805,0.00607284539911406,0.0077820602654664,0.0077820602654664
"BTS",1995,104,15,1980,0.00821349258870646,0.0076757616863115,0.000537730902394957,0.000537730902394957
"BTS",1996,226,15,1981,0.0153536786170723,0.00789486565882521,0.00745881295824712,0.00745881295824712
"BTS",1997,73,15,1982,0.0142118856491857,0.00966556799173272,0.00454631765745299,0.00454631765745299
"BTS",1998,65,15,1983,0.010731237476073,0.00827085923956981,0.00246037823650316,0.00246037823650316
"BTS",1999,95,15,1984,0.0101140033331682,0.00702887684178634,0.00308512649138184,0.00308512649138184
"BTS",2000,90,15,1985,0.00722147937779251,0.00487046176802202,0.00235101760977049,0.00235101760977049
"BTS",2001,183,15,1986,0.00710099685827464,0.00341541536847029,0.00368558148980435,0.00368558148980435
"BTS",2002,186,15,1987,0.00499607837155726,0.00275696470297453,0.00223911366858273,0.00223911366858273
"BTS",2003,125,15,1988,0.00709340868893194,0.00326023758427181,0.00383317110466013,0.00383317110466013
"BTS",2004,188,15,1989,0.00476360915833347,0.00708716453039353,-0.00232355537206006,0.00232355537206006
"BTS",2005,194,15,1990,0.0111371552669382,0.0075511316175409,0.00358602364939732,0.00358602364939732
"BTS",2006,329,15,1991,0.0175052077944544,0.0110337059982505,0.00647150179620391,0.00647150179620391
"BTS",2007,192,15,1992,0.0142306159932775,0.0112633572418738,0.00296725875140372,0.00296725875140372
"BTS",2008,235,15,1993,0.0252739698756528,0.0120875695728722,0.0131864003027807,0.0131864003027807
"BTS",2009,144,15,1994,0.0161366722066541,0.00922501066768081,0.00691166153897327,0.00691166153897327
"BTS",2010,107,15,1995,0.00746585170214391,0.00498072253535527,0.00248512916678864,0.00248512916678864
"BTS",2011,165,15,1996,0.0137239204486457,0.00435939926718944,0.0093645211814563,0.0093645211814563
"BTS",2012,107,15,1997,0.00643740807151675,0.00241799516219751,0.00401941290931924,0.00401941290931924
"BTS",2013,66,15,1998,0.00549480083997303,0.00140320512035348,0.00409159571961955,0.00409159571961955
"BTS",2014,117,15,1999,0.00695744207720925,0.0010178981664031,0.00593954391080615,0.00593954391080615
"BTS",2015,103,15,2000,0.00388804323541575,0.00094250527110973,0.00294553796430602,0.00294553796430602
"BTS",2016,122,15,2001,0.000970565488335781,0.000930309740442414,4.02557478933678e-05,4.02557478933678e-05
"BTS",2017,234,15,2002,0.00117122212777094,0.000823261889495516,0.000347960238275419,0.000347960238275419
"BTS",2018,158,15,2003,0.000704987639297267,0.000836725892448683,-0.000131738253151417,0.000131738253151417
"BTS",2019,120,15,2004,0.00016571058579313,0.000502905350286318,-0.000337194764493187,0.000337194764493187
"BTS",2021,149,15,2006,0.000470724568501386,0.00184662079922852,-0.00137589623072713,0.00137589623072713
"BTS",2022,172,15,2007,0.000186579515830195,0.00198306823040173,-0.00179648871457154,0.00179648871457154
"BTS",2023,126,15,2008,0.00142834681836498,0.00521578286030916,-0.00378743604194418,0.00378743604194418
"BTS",2024,64,15,2009,0.000262465296619364,0.0035123644561567,-0.00324989915953733,0.00324989915953733
"ATS",1994,43,2,1992,0.438386144299212,0.450666774659172,-0.0122806303599599,0.0122806303599599
"ATS",1996,32,2,1994,0.0894033980168323,0.150587348759244,-0.0611839507424116,0.0611839507424116
"ATS",1997,49,2,1995,0.377453764335551,0.304821866791016,0.0726318975445345,0.0726318975445345
"ATS",1999,67,2,1997,0.163919504010163,0.190842708908605,-0.0269232048984422,0.0269232048984422
"ATS",2000,70,2,1998,0.159940438515599,0.217151522255049,-0.0572110837394508,0.0572110837394508
"ATS",2002,72,2,2000,0.393806701716222,0.393862228622752,-5.55269065294905e-05,5.55269065294905e-05
"ATS",2004,51,2,2002,0.0401335393733987,0.176213059314883,-0.136079519941484,0.136079519941484
"ATS",2006,47,2,2004,0.0640940749325509,0.107339811883567,-0.0432457369510164,0.0432457369510164
"ATS",2007,39,2,2005,0.243864260700877,0.307030098754619,-0.0631658380537424,0.0631658380537424
"ATS",2008,35,2,2006,0.563879936786969,0.525947491347325,0.0379324454396444,0.0379324454396444
"ATS",2009,26,2,2007,0.237655405760348,0.30021179451386,-0.0625563887535118,0.0625563887535118
"ATS",2010,34,2,2008,0.615773038232947,0.621708584101222,-0.00593554586827449,0.00593554586827449
"ATS",2012,44,2,2010,0.271871706778775,0.227553423078186,0.0443182837005882,0.0443182837005882
"ATS",2014,79,2,2012,0.586318084086284,0.537601832353261,0.0487162517330226,0.0487162517330226
"ATS",2016,61,2,2014,0.0861596015917353,0.204306033620423,-0.118146432028688,0.118146432028688
"ATS",2018,50,2,2016,0.100902388107774,0.128846717251394,-0.02794432914362,0.02794432914362
"ATS",2020,1,2,2018,0.0886551465063862,0.673363013371561,-0.584707866865175,0.584707866865175
"ATS",2022,52,2,2020,0.0348603359167275,0.106551005379078,-0.07169066946235,0.07169066946235
"ATS",2024,79,2,2022,0.182431269270475,0.203085399716019,-0.0206541304455438,0.0206541304455438
"ATS",1994,43,3,1991,0.125671720054901,0.154807262225723,-0.0291355421708226,0.0291355421708226
"ATS",1996,32,3,1993,0.0871149969985089,0.144506050136524,-0.0573910531380154,0.0573910531380154
"ATS",1997,49,3,1994,0.0577105013860847,0.0992933657101614,-0.0415828643240767,0.0415828643240767
"ATS",1999,67,3,1996,0.342303622914895,0.299018472335643,0.0432851505792514,0.0432851505792514
"ATS",2000,70,3,1997,0.148813167649621,0.158905470489418,-0.0100923028397969,0.0100923028397969
"ATS",2002,72,3,1999,0.269638160390513,0.224994417585705,0.0446437428048079,0.0446437428048079
"ATS",2004,51,3,2001,0.155798760804497,0.224611319692453,-0.0688125588879559,0.0688125588879559
"ATS",2006,47,3,2003,0.0860251973773843,0.11212599685523,-0.0261007994778456,0.0261007994778456
"ATS",2007,39,3,2004,0.0808744884973082,0.0900606765871188,-0.00918618808981053,0.00918618808981053
"ATS",2008,35,3,2005,0.202544367134673,0.174427248233123,0.02811711890155,0.02811711890155
"ATS",2009,26,3,2006,0.505162123695975,0.392685406455048,0.112476717240927,0.112476717240927
"ATS",2010,34,3,2007,0.0945713141414965,0.116528465977133,-0.0219571518356362,0.0219571518356362
"ATS",2012,44,3,2009,0.231436893418136,0.236244867141979,-0.00480797372384353,0.00480797372384353
"ATS",2014,79,3,2011,0.0656735244702375,0.0970101239164675,-0.03133659944623,0.03133659944623
"ATS",2016,61,3,2013,0.373244757113994,0.375327669057384,-0.00208291194339016,0.00208291194339016
"ATS",2018,50,3,2015,0.0485639392728569,0.0922303047319598,-0.0436663654591029,0.0436663654591029
"ATS",2020,1,3,2017,0.341848234410218,0.10149985759365,0.240348376816568,0.240348376816568
"ATS",2022,52,3,2019,0.102301493374856,0.151740179180764,-0.0494386858059078,0.0494386858059078
"ATS",2024,79,3,2021,0.10830722070911,0.109400462025972,-0.00109324131686196,0.00109324131686196
"ATS",1994,43,4,1990,0.16044119465288,0.146632353379411,0.0138088412734695,0.0138088412734695
"ATS",1996,32,4,1992,0.432460086133535,0.355700905938463,0.0767591801950719,0.0767591801950719
"ATS",1997,49,4,1993,0.0701759930035062,0.115239591046082,-0.0450635980425759,0.0450635980425759
"ATS",1999,67,4,1995,0.166652729967403,0.176857839071683,-0.0102051091042799,0.0102051091042799
"ATS",2000,70,4,1996,0.313101920635356,0.259957746721999,0.0531441739133569,0.0531441739133569
"ATS",2002,72,4,1998,0.103147083998649,0.117415293081167,-0.0142682090825178,0.0142682090825178
"ATS",2004,51,4,2000,0.39978653527192,0.292124591523473,0.107661943748447,0.107661943748447
"ATS",2006,47,4,2002,0.193200499758558,0.204364662229616,-0.0111641624710584,0.0111641624710584
"ATS",2007,39,4,2003,0.11197445727866,0.099444215137649,0.0125302421410109,0.0125302421410109
"ATS",2008,35,4,2004,0.0321206279616834,0.0520399215360024,-0.0199192935743191,0.0199192935743191
"ATS",2009,26,4,2005,0.0819346294060366,0.133979740066651,-0.0520451106606145,0.0520451106606145
"ATS",2010,34,4,2006,0.220659949623878,0.15708837025133,0.0635715793725477,0.0635715793725477
"ATS",2012,44,4,2008,0.370517996189675,0.360188648958823,0.0103293472308527,0.0103293472308527
"ATS",2014,79,4,2010,0.0786521547391467,0.0863331479881369,-0.00768099324899021,0.00768099324899021
"ATS",2016,61,4,2012,0.371612561582017,0.245269746168135,0.126342815413882,0.126342815413882
"ATS",2018,50,4,2014,0.121327114126753,0.195704927334661,-0.0743778132079084,0.0743778132079084
"ATS",2020,1,4,2016,0.3335837716003,0.0412983234214125,0.292285448178888,0.292285448178888
"ATS",2022,52,4,2018,0.69000707764085,0.554303101002145,0.135703976638704,0.135703976638704
"ATS",2024,79,4,2020,0.0603688532152464,0.091900762309302,-0.0315319090940556,0.0315319090940556
"ATS",1994,43,5,1989,0.198658399212207,0.177634207713503,0.021024191498704,0.021024191498704
"ATS",1996,32,5,1991,0.144354708656736,0.139929338103456,0.00442537055328007,0.00442537055328007
"ATS",1997,49,5,1992,0.305302107830271,0.270078552432993,0.0352235553972786,0.0352235553972786
"ATS",1999,67,5,1994,0.0600299177047806,0.0640380708116591,-0.00400815310687856,0.00400815310687856
"ATS",2000,70,5,1995,0.122411856343579,0.135245011577108,-0.0128331552335293,0.0128331552335293
"ATS",2002,72,5,1997,0.0526211663158868,0.0738465182736066,-0.0212253519577198,0.0212253519577198
"ATS",2004,51,5,1999,0.209242000683113,0.153230034053098,0.0560119666300145,0.0560119666300145
"ATS",2006,47,5,2001,0.231385691116975,0.226837341772525,0.00454834934445078,0.00454834934445078
"ATS",2007,39,5,2002,0.186002862303248,0.155122304714122,0.0308805575891266,0.0308805575891266
"ATS",2008,35,5,2003,0.0311151698719931,0.0501373538903951,-0.019022184018402,0.019022184018402
"ATS",2009,26,5,2004,0.0223415283821196,0.037398792960157,-0.0150572645780374,0.0150572645780374
"ATS",2010,34,5,2005,0.0428720183073878,0.0513326131044518,-0.00846059479706392,0.00846059479706392
"ATS",2012,44,5,2007,0.0382361862111008,0.0767010680314829,-0.0384648818203821,0.0384648818203821
"ATS",2014,79,5,2009,0.075782913566487,0.0985250873277965,-0.0227421737613095,0.0227421737613095
"ATS",2016,61,5,2011,0.0593950466555178,0.0506900333639519,0.00870501329156593,0.00870501329156593
"ATS",2018,50,5,2013,0.44288851306252,0.336501830235848,0.106386682826672,0.106386682826672
"ATS",2020,1,5,2015,0.0894064613072878,0.0321357613470547,0.057270699960233,0.057270699960233
"ATS",2022,52,5,2017,0.0859578395829454,0.0856583448334072,0.000299494749538165,0.000299494749538165
"ATS",2024,79,5,2019,0.13051346042645,0.13119236582444,-0.000678905397989871,0.000678905397989871
"ATS",1994,43,6,1988,0.0343288370355183,0.0310554081410263,0.00327342889449202,0.00327342889449202
"ATS",1996,32,6,1990,0.0999529797646855,0.0937356886489516,0.00621729111573394,0.00621729111573394
"ATS",1997,49,6,1991,0.071591366075278,0.0919871233975745,-0.0203957573222965,0.0203957573222965
"ATS",1999,67,6,1993,0.0366076269848728,0.063430773648014,-0.0268231466631412,0.0268231466631412
"ATS",2000,70,6,1994,0.0395142244464044,0.0479913452500052,-0.00847712080360084,0.00847712080360084
"ATS",2002,72,6,1996,0.0745002439212706,0.084228366908533,-0.0097281229872624,0.0097281229872624
"ATS",2004,51,6,1998,0.0726081454995637,0.0589649622014572,0.0136431832981065,0.0136431832981065
"ATS",2006,47,6,2000,0.194517685959461,0.174981847197016,0.0195358387624453,0.0195358387624453
"ATS",2007,39,6,2001,0.170946989590244,0.143390192688471,0.0275567969017727,0.0275567969017727
"ATS",2008,35,6,2002,0.0556319434221672,0.0640349221999168,-0.00840297877774961,0.00840297877774961
"ATS",2009,26,6,2003,0.027413201169275,0.0305439336572471,-0.00313073248797205,0.00313073248797205
"ATS",2010,34,6,2004,0.00702711005872177,0.0133604728839206,-0.00633336282519879,0.00633336282519879
"ATS",2012,44,6,2006,0.0501276024177648,0.0634008010316391,-0.0132731986138743,0.0132731986138743
"ATS",2014,79,6,2008,0.119877874152588,0.135320600919006,-0.0154427267664179,0.0154427267664179
"ATS",2016,61,6,2010,0.0288977619460992,0.0401745933412496,-0.0112768313951504,0.0112768313951504
"ATS",2018,50,6,2012,0.184399085912308,0.145724692171595,0.0386743937407131,0.0386743937407131
"ATS",2020,1,6,2014,0.0368144252441773,0.0566370725424109,-0.0198226472982336,0.0198226472982336
"ATS",2022,52,6,2016,0.0221377236146917,0.0282472458414231,-0.00610952222673148,0.00610952222673148
"ATS",2024,79,6,2018,0.395462558535427,0.354921013066303,0.040541545469124,0.040541545469124
"ATS",1994,43,7,1987,0.00958032474340473,0.00888348380610878,0.000696840937295955,0.000696840937295955
"ATS",1996,32,7,1989,0.0923025878474787,0.0809828971675689,0.0113196906799099,0.0113196906799099
"ATS",1997,49,7,1990,0.041008634810385,0.0561909202560392,-0.0151822854456542,0.0151822854456542
"ATS",1999,67,7,1992,0.142558107287557,0.123888462005849,0.0186696452817076,0.0186696452817076
"ATS",2000,70,7,1993,0.0373061870734925,0.0468359106853868,-0.00952972361189435,0.00952972361189435
"ATS",2002,72,7,1995,0.0428892818601036,0.0408877154102884,0.00200156644981526,0.00200156644981526
"ATS",2004,51,7,1997,0.0368355948624391,0.029018441243178,0.00781715361926119,0.00781715361926119
"ATS",2006,47,7,1999,0.115253395011227,0.0866487250289974,0.0286046699822299,0.0286046699822299
"ATS",2007,39,7,2000,0.0953552623267729,0.101508044802845,-0.00615278247607173,0.00615278247607173
"ATS",2008,35,7,2001,0.0454440908113836,0.0537534179064143,-0.00830932709503073,0.00830932709503073
"ATS",2009,26,7,2002,0.0375426518786688,0.0344955854470167,0.00304706643165212,0.00304706643165212
"ATS",2010,34,7,2003,0.00319672986892996,0.00955891679562385,-0.00636218692669389,0.00636218692669389
"ATS",2012,44,7,2005,0.0154675305658271,0.019370436619069,-0.00390290605324192,0.00390290605324192
"ATS",2014,79,7,2007,0.0501374018569763,0.0256279544443889,0.0245094474125874,0.0245094474125874
"ATS",2016,61,7,2009,0.0325585137108953,0.0370829563997026,-0.00452444268880733,0.00452444268880733
"ATS",2018,50,7,2011,0.0387466122224195,0.0326106788260226,0.00613593339639697,0.00613593339639697
"ATS",2020,1,7,2013,0.0420736288504884,0.0580539004052269,-0.0159802715547386,0.0159802715547386
"ATS",2022,52,7,2015,0.0139491352217169,0.0177159482516748,-0.0037668130299579,0.0037668130299579
"ATS",2024,79,7,2017,0.0716053596239383,0.0562955023215601,0.0153098573023782,0.0153098573023782
"ATS",1994,43,8,1986,0.00845957943723522,0.00597998557356481,0.00247959386367041,0.00247959386367041
"ATS",1996,32,8,1988,0.0223546330570763,0.0158304374950269,0.00652419556204938,0.00652419556204938
"ATS",1997,49,8,1989,0.0380412760205082,0.044619473940486,-0.00657819791997777,0.00657819791997777
"ATS",1999,67,8,1991,0.048462498280222,0.041177230798036,0.00728526748218599,0.00728526748218599
"ATS",2000,70,8,1992,0.114877678119568,0.0805050095097424,0.0343726686098258,0.0343726686098258
"ATS",2002,72,8,1994,0.0111801220331907,0.0145838348554034,-0.00340371282221276,0.00340371282221276
"ATS",2004,51,8,1996,0.036195665203148,0.0272825908457136,0.00891307435743447,0.00891307435743447
"ATS",2006,47,8,1998,0.0427958310125978,0.0332974476856027,0.00949838332699511,0.00949838332699511
"ATS",2007,39,8,1999,0.0564297717980028,0.0508499866407957,0.00557978515720705,0.00557978515720705
"ATS",2008,35,8,2000,0.0263270530836927,0.0390152396536286,-0.0126881865699359,0.0126881865699359
"ATS",2009,26,8,2001,0.0322659113039855,0.0288713865704997,0.00339452473348574,0.00339452473348574
"ATS",2010,34,8,2002,0.00354680688370491,0.0102405892948599,-0.00669378241115496,0.00669378241115496
"ATS",2012,44,8,2004,0.0048788508235535,0.00456762154357035,0.000311229279983148,0.000311229279983148
"ATS",2014,79,8,2006,0.0115260956335539,0.0133383332713027,-0.00181223763774883,0.00181223763774883
"ATS",2016,61,8,2008,0.0348905143020043,0.0358609264744586,-0.000970412172454284,0.000970412172454284
"ATS",2018,50,8,2010,0.0218273072320959,0.0229258896124565,-0.00109858238036056,0.00109858238036056
"ATS",2020,1,8,2012,0.0488354620586026,0.0207724115089871,0.0280630505496154,0.0280630505496154
"ATS",2022,52,8,2014,0.0250840662569927,0.0213957424012171,0.00368832385577564,0.00368832385577564
"ATS",2024,79,8,2016,0.0174739851193117,0.0168137659109048,0.00066021920840682,0.00066021920840682
"ATS",1994,43,9,1985,0.00495831999305495,0.00531985380453436,-0.000361533811479416,0.000361533811479416
"ATS",1996,32,9,1987,0.00609246046849957,0.00427430281457115,0.00181815765392842,0.00181815765392842
"ATS",1997,49,9,1988,0.00984040010686502,0.00776591829628996,0.00207448181057506,0.00207448181057506
"ATS",1999,67,9,1990,0.0165780956149066,0.0205798292466108,-0.00400173363170421,0.00400173363170421
"ATS",2000,70,9,1991,0.0335825092483617,0.0265995161887649,0.00698299305959682,0.00698299305959682
"ATS",2002,72,9,1993,0.0129395756826694,0.0129502115593208,-1.06358766514443e-05,1.06358766514443e-05
"ATS",2004,51,9,1995,0.0154801650006436,0.0132401312182286,0.002240033782415,0.002240033782415
"ATS",2006,47,9,1997,0.0220923443349898,0.0156700156501714,0.00642232868481842,0.00642232868481842
"ATS",2007,39,9,1998,0.022893184798606,0.019426833953078,0.00346635084552803,0.00346635084552803
"ATS",2008,35,9,1999,0.0197030606893079,0.0196263609006698,7.66997886380398e-05,7.66997886380398e-05
"ATS",2009,26,9,2000,0.0223490763422141,0.0203660764102192,0.00198299993199492,0.00198299993199492
"ATS",2010,34,9,2001,0.00363003121273552,0.00821985532958732,-0.0045898241168518,0.0045898241168518
"ATS",2012,44,9,2003,0.00340336445845633,0.00299085703436212,0.000412507424094207,0.000412507424094207
"ATS",2014,79,9,2005,0.00533877195889418,0.00342111840071182,0.00191765355818235,0.00191765355818235
"ATS",2016,61,9,2007,0.0079418947377728,0.0062393185517341,0.0017025761860387,0.0017025761860387
"ATS",2018,50,9,2009,0.0209588809503718,0.0197854150828067,0.00117346586756509,0.00117346586756509
"ATS",2020,1,9,2011,0.00976709241172051,0.00477100695994151,0.00499608545177901,0.00499608545177901
"ATS",2022,52,9,2013,0.0174397861605316,0.0201529158437145,-0.00271312968318296,0.00271312968318296
"ATS",2024,79,9,2015,0.0136958892431299,0.00890138915694989,0.00479450008618002,0.00479450008618002
"ATS",1994,43,10,1984,0.00592200956979824,0.00784230954514811,-0.00192029997534987,0.00192029997534987
"ATS",1996,32,10,1986,0.00444441979773995,0.0027424206911526,0.00170199910658735,0.00170199910658735
"ATS",1997,49,10,1987,0.00364598176986984,0.00218766554133116,0.00145831622853869,0.00145831622853869
"ATS",1999,67,10,1989,0.0130441524197788,0.0142805693929035,-0.00123641697312473,0.00123641697312473
"ATS",2000,70,10,1990,0.0162233125899009,0.013499824319573,0.00272348827032785,0.00272348827032785
"ATS",2002,72,10,1992,0.024251679351664,0.0216885247064879,0.00256315464517611,0.00256315464517611
"ATS",2004,51,10,1994,0.00876887121964335,0.00508075599014121,0.00368811522950214,0.00368811522950214
"ATS",2006,47,10,1996,0.0172950586168259,0.0148230256816449,0.00247203293518094,0.00247203293518094
"ATS",2007,39,10,1997,0.00920106033191146,0.00933312716750233,-0.000132066835590869,0.000132066835590869
"ATS",2008,35,10,1998,0.00618976538670623,0.007726092461109,-0.00153632707440277,0.00153632707440277
"ATS",2009,26,10,1999,0.012883250416058,0.0102865604161627,0.00259668999989528,0.00259668999989528
"ATS",2010,34,10,2000,0.00278190398867191,0.00584834791499307,-0.00306644392632116,0.00306644392632116
"ATS",2012,44,10,2002,0.00392937768955895,0.00304606866149866,0.000883309028060295,0.000883309028060295
"ATS",2014,79,10,2004,0.00213523455504338,0.000779943674939226,0.00135529088010415,0.00135529088010415
"ATS",2016,61,10,2006,0.00255219978438999,0.00354706608343951,-0.000994866299049519,0.000994866299049519
"ATS",2018,50,10,2008,0.0146313408535149,0.0193744950482496,-0.0047431541947347,0.0047431541947347
"ATS",2020,1,10,2010,0.00450788880540947,0.00361522496393837,0.000892663841471092,0.000892663841471092
"ATS",2022,52,10,2012,0.00355184243345107,0.00791417030903381,-0.00436232787558274,0.00436232787558274
"ATS",2024,79,10,2014,0.0110945659012573,0.0103455087065216,0.000749057194735782,0.000749057194735782
"ATS",1994,43,11,1983,0.00267542307409684,0.00225318046312691,0.000422242610969932,0.000422242610969932
"ATS",1996,32,11,1985,0.00353738477102147,0.00251068707389947,0.00102669769712201,0.00102669769712201
"ATS",1997,49,11,1986,0.00404393842629934,0.00144961196285002,0.00259432646344933,0.00259432646344933
"ATS",1999,67,11,1988,0.00444268685088631,0.00248650080985769,0.00195618604102862,0.00195618604102862
"ATS",2000,70,11,1989,0.00729013948174267,0.00942249533915449,-0.00213235585741182,0.00213235585741182
"ATS",2002,72,11,1991,0.00825311464445701,0.00763028691825582,0.000622827726201198,0.000622827726201198
"ATS",2004,51,11,1993,0.00753483848046467,0.00493092924111211,0.00260390923935256,0.00260390923935256
"ATS",2006,47,11,1995,0.00969549171354791,0.00765694951950187,0.00203854219404605,0.00203854219404605
"ATS",2007,39,11,1996,0.00872738307953746,0.00896888676661311,-0.00024150368707565,0.00024150368707565
"ATS",2008,35,11,1997,0.00582990337933393,0.00370361005963243,0.0021262933197015,0.0021262933197015
"ATS",2009,26,11,1998,0.00733338596439658,0.00409450559385142,0.00323888037054516,0.00323888037054516
"ATS",2010,34,11,1999,0.00249574298447316,0.00294850249487168,-0.000452759510398515,0.000452759510398515
"ATS",2012,44,11,2001,0.00342551423725947,0.00238503472013873,0.00104047951712074,0.00104047951712074
"ATS",2014,79,11,2003,0.000852192913328136,0.000514284270144371,0.000337908643183765,0.000337908643183765
"ATS",2016,61,11,2005,0.00149284755918947,0.000838854057955002,0.000653993501234466,0.000653993501234466
"ATS",2018,50,11,2007,0.00385244529382446,0.00346678790768093,0.000385657386143532,0.000385657386143532
"ATS",2020,1,11,2009,0.00225394440270473,0.00326520659169921,-0.00101126218899448,0.00101126218899448
"ATS",2022,52,11,2011,0.00175459337624264,0.0017827207810013,-2.81274047586595e-05,2.81274047586595e-05
"ATS",2024,79,11,2013,0.00600927044686584,0.0100561531734995,-0.00404688272663367,0.00404688272663367
"ATS",1994,43,12,1982,0.0045114653820191,0.00499373098807823,-0.000482265606059131,0.000482265606059131
"ATS",1996,32,12,1984,0.00622752656315173,0.003774486252081,0.00245304031107073,0.00245304031107073
"ATS",1997,49,12,1985,0.00460523724977273,0.00135577146401344,0.00324946578575929,0.00324946578575929
"ATS",1999,67,12,1987,0.0018878006364685,0.000724788710607618,0.00116301192586088,0.00116301192586088
"ATS",2000,70,12,1988,0.00430687260745099,0.00164308637797759,0.0026637862294734,0.0026637862294734
"ATS",2002,72,12,1990,0.00361409314530602,0.00396083989370088,-0.000346746748394861,0.000346746748394861
"ATS",2004,51,12,1992,0.00985902574674257,0.00885020792613696,0.0010088178206056,0.0010088178206056
"ATS",2006,47,12,1994,0.00641520106683101,0.00314219850462887,0.00327300256220214,0.00327300256220214
"ATS",2007,39,12,1995,0.00440968193470727,0.00472096317268776,-0.00031128123798049,0.00031128123798049
"ATS",2008,35,12,1996,0.00367569108246364,0.00359210723932652,8.35838431371191e-05,8.35838431371191e-05
"ATS",2009,26,12,1997,0.00328860626439818,0.00196353675561849,0.00132506950877969,0.00132506950877969
"ATS",2010,34,12,1998,0.0012638237212099,0.00115476278618827,0.000109060935021634,0.000109060935021634
"ATS",2012,44,12,2000,0.00244636550992573,0.00172389560036025,0.00072246990956548,0.00072246990956548
"ATS",2014,79,12,2002,0.000939583112645524,0.000523671659592182,0.000415911453053342,0.000415911453053342
"ATS",2016,61,12,2004,0.00048510457546485,0.000184718176865225,0.000300386398599624,0.000300386398599624
"ATS",2018,50,12,2006,0.00107550705583514,0.00199237568097263,-0.000916868625137483,0.000916868625137483
"ATS",2020,1,12,2008,0.000751314800901578,0.00345288939238502,-0.00270157459148344,0.00270157459148344
"ATS",2022,52,12,2010,0.00187748592919898,0.00138761379985829,0.000489872129340696,0.000489872129340696
"ATS",2024,79,12,2012,0.00221033065132857,0.00395490550052909,-0.00174457484920052,0.00174457484920052
"ATS",1994,43,13,1981,0.00182035649611464,0.00118663689738489,0.000633719598729754,0.000633719598729754
"ATS",1996,32,13,1983,0.00219800853871631,0.00109321031960559,0.00110479821911072,0.00110479821911072
"ATS",1997,49,13,1984,0.00509928281640064,0.00205552818572897,0.00304375463067167,0.00304375463067167
"ATS",1999,67,13,1986,0.00094546943844835,0.000492524137759631,0.000452945300688719,0.000452945300688719
"ATS",2000,70,13,1987,0.000845338161646467,0.000478224723430936,0.000367113438215531,0.000367113438215531
"ATS",2002,72,13,1989,0.00160866909462456,0.0027977101674872,-0.00118904107286264,0.00118904107286264
"ATS",2004,51,13,1991,0.00479107534138367,0.00316123293067129,0.00162984241071238,0.00162984241071238
"ATS",2006,47,13,1993,0.00487147770157343,0.00317559974033158,0.00169587796124185,0.00169587796124185
"ATS",2007,39,13,1994,0.00214950988778596,0.00196113077154201,0.000188379116243953,0.000188379116243953
"ATS",2008,35,13,1995,0.00210344459463156,0.00190425816355206,0.000199186431079506,0.000199186431079506
"ATS",2009,26,13,1996,0.00292930736132877,0.00191163167436779,0.00101767568696098,0.00101767568696098
"ATS",2010,34,13,1997,0.000771739929011066,0.000558676244390758,0.000213063684620308,0.000213063684620308
"ATS",2012,44,13,1999,0.00221052793330535,0.000884596314486807,0.00132593161881854,0.00132593161881854
"ATS",2014,79,13,2001,0.00095243681189822,0.000405024369467901,0.000547412442430319,0.000547412442430319
"ATS",2016,61,13,2003,0.000294872899855749,0.000120815547546442,0.000174057352309307,0.000174057352309307
"ATS",2018,50,13,2005,0.000557401201413502,0.000466776781551368,9.0624419862134e-05,9.0624419862134e-05
"ATS",2020,1,13,2007,0.000751314800901578,0.000624943263742659,0.000126371537158919,0.000126371537158919
"ATS",2022,52,13,2009,0.000689906666450084,0.00129853773694286,-0.000608631070492773,0.000608631070492773
"ATS",2024,79,13,2011,0.000540525036373618,0.000880838920546797,-0.000340313884173179,0.000340313884173179
"ATS",1994,43,14,1980,0.00155522125427944,0.00120546271618819,0.00034975853809125,0.00034975853809125
"ATS",1996,32,14,1982,0.00391512092764103,0.00242392562926041,0.00149119529838061,0.00149119529838061
"ATS",1997,49,14,1983,0.00245187588134945,0.000595345823193859,0.00185653005815559,0.00185653005815559
"ATS",1999,67,14,1985,0.000717874313962843,0.000464757597547993,0.00025311671641485,0.00025311671641485
"ATS",2000,70,14,1986,0.000551083614775613,0.000324973631785324,0.000226109982990289,0.000226109982990289
"ATS",2002,72,14,1988,0.000970131129543187,0.000487940066393798,0.000482191063149389,0.000482191063149389
"ATS",2004,51,14,1990,0.00160471113856064,0.00164776013132225,-4.30489927616051e-05,4.30489927616051e-05
"ATS",2006,47,14,1992,0.00584659275325918,0.00574645182789827,0.000100140925360911,0.000100140925360911
"ATS",2007,39,14,1993,0.00224471600397261,0.00198197738293452,0.00026273862103809,0.00026273862103809
"ATS",2008,35,14,1994,0.00108777057747629,0.000791046052446935,0.000296724525029356,0.000296724525029356
"ATS",2009,26,14,1995,0.00160221080420487,0.00101339965070253,0.000588811153502341,0.000588811153502341
"ATS",2010,34,14,1996,0.000470242245365197,0.000543907926061618,-7.36656806964202e-05,7.36656806964202e-05
"ATS",2012,44,14,1998,0.000693934321035396,0.000343910366996178,0.000350023954039217,0.000350023954039217
"ATS",2014,79,14,2000,0.000521857530435837,0.000290721423921506,0.000231136106514331,0.000231136106514331
"ATS",2016,61,14,2002,0.000186579848926443,0.000122476424571895,6.41034243545481e-05,6.41034243545481e-05
"ATS",2018,50,14,2004,0,0.000102867994821408,-0.000102867994821408,0.000102867994821408
"ATS",2020,1,14,2006,0,0.000359544477508434,-0.000359544477508434,0.000359544477508434
"ATS",2022,52,14,2008,0.00022438443940246,0.00139408926100005,-0.00116970482159759,0.00116970482159759
"ATS",2024,79,14,2010,0.000174335038316612,0.000688493322756927,-0.000514158284440315,0.000514158284440315
"ATS",1994,43,15,1979,0.00303100479527888,0.00153935008703113,0.00149165470824775,0.00149165470824775
"ATS",1996,32,15,1981,0.00564168845837725,0.00190830097019504,0.00373338748818221,0.00373338748818221
"ATS",1997,49,15,1982,0.0090296402878585,0.00235926515224047,0.00667037513561803,0.00667037513561803
"ATS",1999,67,15,1984,0.00184991357565497,0.00171747252522221,0.00013244105043276,0.00013244105043276
"ATS",2000,70,15,1985,0.00123527151250189,0.00143986293060435,-0.000204591418102465,0.000204591418102465
"ATS",2002,72,15,1987,0.000579976715899294,0.000666111950898053,-8.61352349987596e-05,8.61352349987596e-05
"ATS",2004,51,15,1989,0.0013610713744825,0.00164398368813177,-0.000282912313649278,0.000282912313649278
"ATS",2006,47,15,1991,0.00651145864421756,0.00418992642326862,0.00232153222094894,0.00232153222094894
"ATS",2007,39,15,1992,0.0049263714683661,0.00620156146002167,-0.00127518999165558,0.00127518999165558
"ATS",2008,35,15,1993,0.00434717521751803,0.00330093035645787,0.00104624486106016,0.00104624486106016
"ATS",2009,26,15,1994,0.00529871125099122,0.00217764982859887,0.00312106142239235,0.00312106142239235
"ATS",2010,34,15,1995,0.000939548801466687,0.000907934895366725,3.16139060999618e-05,3.16139060999618e-05
"ATS",2012,44,15,1997,0.00135414944562704,0.000598770897407435,0.000755378548219606,0.000755378548219606
"ATS",2014,79,15,1999,0.00129187461248119,0.000308155980863257,0.000983718631617933,0.000983718631617933
"ATS",2016,61,15,2001,0.000287743692138037,0.000234792732582857,5.29509595551803e-05,5.29509595551803e-05
"ATS",2018,50,15,2003,0.000269464708313062,0.00026624133998074,3.22336833232136e-06,3.22336833232136e-06
"ATS",2020,1,15,2005,0.000751314800901578,0.000150844160481905,0.000600470640419673,0.000600470640419673
"ATS",2022,52,15,2007,0.000164329385943605,0.00045838537874029,-0.000294055992796686,0.000294055992796686
"ATS",2024,79,15,2009,0.000112376782769834,0.00156344004469571,-0.00145106326192587,0.00145106326192587
