"Model","Terminal_year","Year","Quantity","Value"
"Year_2015",2015,1964,"Spawning biomass",1373.0041432592
"Year_2015",2015,1965,"Spawning biomass",1400.79021676261
"Year_2015",2015,1966,"Spawning biomass",1422.85694690074
"Year_2015",2015,1967,"Spawning biomass",1533.23832611195
"Year_2015",2015,1968,"Spawning biomass",1699.90532077753
"Year_2015",2015,1969,"Spawning biomass",1922.46443213324
"Year_2015",2015,1970,"Spawning biomass",2032.05589848686
"Year_2015",2015,1971,"Spawning biomass",2142.90176132608
"Year_2015",2015,1972,"Spawning biomass",2002.08421534948
"Year_2015",2015,1973,"Spawning biomass",1719.95734374513
"Year_2015",2015,1974,"Spawning biomass",1315.37446058296
"Year_2015",2015,1975,"Spawning biomass",1220.08891798072
"Year_2015",2015,1976,"Spawning biomass",1134.81299355851
"Year_2015",2015,1977,"Spawning biomass",1313.99600401476
"Year_2015",2015,1978,"Spawning biomass",1161.47542048202
"Year_2015",2015,1979,"Spawning biomass",1066.6352431993
"Year_2015",2015,1980,"Spawning biomass",1265.3905653521
"Year_2015",2015,1981,"Spawning biomass",1949.28687518992
"Year_2015",2015,1982,"Spawning biomass",2728.77716440095
"Year_2015",2015,1983,"Spawning biomass",3684.15012852115
"Year_2015",2015,1984,"Spawning biomass",3830.09023066683
"Year_2015",2015,1985,"Spawning biomass",4349.81428587814
"Year_2015",2015,1986,"Spawning biomass",4205.74499616929
"Year_2015",2015,1987,"Spawning biomass",4192.71167875051
"Year_2015",2015,1988,"Spawning biomass",3922.86421816786
"Year_2015",2015,1989,"Spawning biomass",3378.83677461031
"Year_2015",2015,1990,"Spawning biomass",2854.91026340173
"Year_2015",2015,1991,"Spawning biomass",2295.71307586313
"Year_2015",2015,1992,"Spawning biomass",2173.18321142101
"Year_2015",2015,1993,"Spawning biomass",2845.21086280039
"Year_2015",2015,1994,"Spawning biomass",3308.17057357293
"Year_2015",2015,1995,"Spawning biomass",3539.99934822817
"Year_2015",2015,1996,"Spawning biomass",3478.63209856855
"Year_2015",2015,1997,"Spawning biomass",3383.48405430012
"Year_2015",2015,1998,"Spawning biomass",2876.18769187679
"Year_2015",2015,1999,"Spawning biomass",2996.78569658272
"Year_2015",2015,2000,"Spawning biomass",2883.07260066844
"Year_2015",2015,2001,"Spawning biomass",2921.6509704878
"Year_2015",2015,2002,"Spawning biomass",2714.95736266675
"Year_2015",2015,2003,"Spawning biomass",2739.07799832249
"Year_2015",2015,2004,"Spawning biomass",3027.79855295705
"Year_2015",2015,2005,"Spawning biomass",2662.60636500824
"Year_2015",2015,2006,"Spawning biomass",2432.76524176048
"Year_2015",2015,2007,"Spawning biomass",1994.76496683473
"Year_2015",2015,2008,"Spawning biomass",1525.58376305437
"Year_2015",2015,2009,"Spawning biomass",1614.87200009702
"Year_2015",2015,2010,"Spawning biomass",1651.20314836293
"Year_2015",2015,2011,"Spawning biomass",2005.29794847966
"Year_2015",2015,2012,"Spawning biomass",2364.49276308789
"Year_2015",2015,2013,"Spawning biomass",2503.39240282377
"Year_2015",2015,2014,"Spawning biomass",2975.57520181365
"Year_2015",2015,2015,"Spawning biomass",35549.531613507
"Year_2015",2015,1964,"Total biomass",4912.94392923475
"Year_2015",2015,1965,"Total biomass",5286.94225147339
"Year_2015",2015,1966,"Total biomass",5504.7952416288
"Year_2015",2015,1967,"Total biomass",6244.42660447484
"Year_2015",2015,1968,"Total biomass",6891.13662272202
"Year_2015",2015,1969,"Total biomass",7473.02310000516
"Year_2015",2015,1970,"Total biomass",8172.81207655672
"Year_2015",2015,1971,"Total biomass",8095.26267431124
"Year_2015",2015,1972,"Total biomass",7350.45005007862
"Year_2015",2015,1973,"Total biomass",6588.80167530804
"Year_2015",2015,1974,"Total biomass",5542.25707842078
"Year_2015",2015,1975,"Total biomass",4755.74926687885
"Year_2015",2015,1976,"Total biomass",4333.78844666802
"Year_2015",2015,1977,"Total biomass",4051.35223468955
"Year_2015",2015,1978,"Total biomass",4318.83795631262
"Year_2015",2015,1979,"Total biomass",5570.38646341408
"Year_2015",2015,1980,"Total biomass",6367.06648497803
"Year_2015",2015,1981,"Total biomass",7954.90745023634
"Year_2015",2015,1982,"Total biomass",9618.86220927822
"Year_2015",2015,1983,"Total biomass",11000.5997198901
"Year_2015",2015,1984,"Total biomass",10707.4256992939
"Year_2015",2015,1985,"Total biomass",12549.581678726
"Year_2015",2015,1986,"Total biomass",11317.1409121893
"Year_2015",2015,1987,"Total biomass",10806.9133106523
"Year_2015",2015,1988,"Total biomass",9705.03105274981
"Year_2015",2015,1989,"Total biomass",8246.42895811333
"Year_2015",2015,1990,"Total biomass",7858.15224348885
"Year_2015",2015,1991,"Total biomass",8942.38818188702
"Year_2015",2015,1992,"Total biomass",9843.73633804898
"Year_2015",2015,1993,"Total biomass",10445.6344874284
"Year_2015",2015,1994,"Total biomass",10645.1834012377
"Year_2015",2015,1995,"Total biomass",8903.78280172476
"Year_2015",2015,1996,"Total biomass",9300.10135231892
"Year_2015",2015,1997,"Total biomass",8685.26382771672
"Year_2015",2015,1998,"Total biomass",8842.53381206594
"Year_2015",2015,1999,"Total biomass",8905.34920391219
"Year_2015",2015,2000,"Total biomass",9225.02388631988
"Year_2015",2015,2001,"Total biomass",9082.91945047738
"Year_2015",2015,2002,"Total biomass",9524.85161268992
"Year_2015",2015,2003,"Total biomass",10809.0392106042
"Year_2015",2015,2004,"Total biomass",9982.29824267425
"Year_2015",2015,2005,"Total biomass",8227.69499930452
"Year_2015",2015,2006,"Total biomass",6938.42851508155
"Year_2015",2015,2007,"Total biomass",6346.04133994134
"Year_2015",2015,2008,"Total biomass",5017.69014879728
"Year_2015",2015,2009,"Total biomass",5963.3115628238
"Year_2015",2015,2010,"Total biomass",7736.35812315175
"Year_2015",2015,2011,"Total biomass",8287.95844648536
"Year_2015",2015,2012,"Total biomass",8089.13663954202
"Year_2015",2015,2013,"Total biomass",47582.5968256016
"Year_2015",2015,2014,"Total biomass",130084.808455972
"Year_2015",2015,2015,"Total biomass",236128.43841958
"Year_2015",2015,1964,"Age-1 recruitment",5798.92503366398
"Year_2015",2015,1965,"Age-1 recruitment",23667.2710753353
"Year_2015",2015,1966,"Age-1 recruitment",15992.5980197656
"Year_2015",2015,1967,"Age-1 recruitment",27324.4585053294
"Year_2015",2015,1968,"Age-1 recruitment",22518.1507878254
"Year_2015",2015,1969,"Age-1 recruitment",26317.5358172032
"Year_2015",2015,1970,"Age-1 recruitment",23370.4746418164
"Year_2015",2015,1971,"Age-1 recruitment",13679.671952052
"Year_2015",2015,1972,"Age-1 recruitment",10942.4561183636
"Year_2015",2015,1973,"Age-1 recruitment",26598.7460473163
"Year_2015",2015,1974,"Age-1 recruitment",19170.9903733003
"Year_2015",2015,1975,"Age-1 recruitment",16327.3768760347
"Year_2015",2015,1976,"Age-1 recruitment",12864.7993751965
"Year_2015",2015,1977,"Age-1 recruitment",13951.2795586347
"Year_2015",2015,1978,"Age-1 recruitment",26643.6040440768
"Year_2015",2015,1979,"Age-1 recruitment",63994.253707755
"Year_2015",2015,1980,"Age-1 recruitment",30753.7041151685
"Year_2015",2015,1981,"Age-1 recruitment",35025.7926908916
"Year_2015",2015,1982,"Age-1 recruitment",18881.9385799553
"Year_2015",2015,1983,"Age-1 recruitment",51502.3953375813
"Year_2015",2015,1984,"Age-1 recruitment",14024.6634570289
"Year_2015",2015,1985,"Age-1 recruitment",32033.174990718
"Year_2015",2015,1986,"Age-1 recruitment",12458.9809316064
"Year_2015",2015,1987,"Age-1 recruitment",7137.10239031441
"Year_2015",2015,1988,"Age-1 recruitment",5561.34853000288
"Year_2015",2015,1989,"Age-1 recruitment",11767.8139281098
"Year_2015",2015,1990,"Age-1 recruitment",50352.6262695414
"Year_2015",2015,1991,"Age-1 recruitment",27331.8722712929
"Year_2015",2015,1992,"Age-1 recruitment",23639.136348152
"Year_2015",2015,1993,"Age-1 recruitment",46098.774980658
"Year_2015",2015,1994,"Age-1 recruitment",15854.889938133
"Year_2015",2015,1995,"Age-1 recruitment",11122.080211485
"Year_2015",2015,1996,"Age-1 recruitment",22622.8687374215
"Year_2015",2015,1997,"Age-1 recruitment",30289.02556606
"Year_2015",2015,1998,"Age-1 recruitment",14927.9261705361
"Year_2015",2015,1999,"Age-1 recruitment",16177.7955502297
"Year_2015",2015,2000,"Age-1 recruitment",24705.0683570741
"Year_2015",2015,2001,"Age-1 recruitment",34489.8963901429
"Year_2015",2015,2002,"Age-1 recruitment",23000.9996837637
"Year_2015",2015,2003,"Age-1 recruitment",14380.545505112
"Year_2015",2015,2004,"Age-1 recruitment",6528.48911832094
"Year_2015",2015,2005,"Age-1 recruitment",4622.59548800196
"Year_2015",2015,2006,"Age-1 recruitment",11481.132957997
"Year_2015",2015,2007,"Age-1 recruitment",25342.6868074392
"Year_2015",2015,2008,"Age-1 recruitment",13250.140965266
"Year_2015",2015,2009,"Age-1 recruitment",47830.951744236
"Year_2015",2015,2010,"Age-1 recruitment",17435.1847569152
"Year_2015",2015,2011,"Age-1 recruitment",5641.78080418513
"Year_2015",2015,2012,"Age-1 recruitment",10054.5159061935
"Year_2015",2015,2013,"Age-1 recruitment",2618458.50102237
"Year_2015",2015,2014,"Age-1 recruitment",158057.30710946
"Year_2015",2015,2015,"Age-1 recruitment",36956.8957032755
"Year_2015",2015,1964,"Fishing mortality",0.0519564146785998
"Year_2015",2015,1965,"Fishing mortality",0.0640360508487269
"Year_2015",2015,1966,"Fishing mortality",0.0678075244389283
"Year_2015",2015,1967,"Fishing mortality",0.128263000028074
"Year_2015",2015,1968,"Fishing mortality",0.13689349671189
"Year_2015",2015,1969,"Fishing mortality",0.146135875235231
"Year_2015",2015,1970,"Fishing mortality",0.211653931414568
"Year_2015",2015,1971,"Fishing mortality",0.301837066439576
"Year_2015",2015,1972,"Fishing mortality",0.344409982022493
"Year_2015",2015,1973,"Fishing mortality",0.396985469552853
"Year_2015",2015,1974,"Fishing mortality",0.43192641261119
"Year_2015",2015,1975,"Fishing mortality",0.364399126161974
"Year_2015",2015,1976,"Fishing mortality",0.337490130197206
"Year_2015",2015,1977,"Fishing mortality",0.316844530734934
"Year_2015",2015,1978,"Fishing mortality",0.355498962013069
"Year_2015",2015,1979,"Fishing mortality",0.371175664329662
"Year_2015",2015,1980,"Fishing mortality",0.338579914703554
"Year_2015",2015,1981,"Fishing mortality",0.239925614660139
"Year_2015",2015,1982,"Fishing mortality",0.152971684869115
"Year_2015",2015,1983,"Fishing mortality",0.126606930185992
"Year_2015",2015,1984,"Fishing mortality",0.123971043338132
"Year_2015",2015,1985,"Fishing mortality",0.125773281213043
"Year_2015",2015,1986,"Fishing mortality",0.118804461878264
"Year_2015",2015,1987,"Fishing mortality",0.0895912437486785
"Year_2015",2015,1988,"Fishing mortality",0.128096292041024
"Year_2015",2015,1989,"Fishing mortality",0.135915411835641
"Year_2015",2015,1990,"Fishing mortality",0.208379532549206
"Year_2015",2015,1991,"Fishing mortality",0.248777222043939
"Year_2015",2015,1992,"Fishing mortality",0.334541338156446
"Year_2015",2015,1993,"Fishing mortality",0.216746275241397
"Year_2015",2015,1994,"Fishing mortality",0.169935673964762
"Year_2015",2015,1995,"Fishing mortality",0.16763835334022
"Year_2015",2015,1996,"Fishing mortality",0.195684109304999
"Year_2015",2015,1997,"Fishing mortality",0.199036281310741
"Year_2015",2015,1998,"Fishing mortality",0.167997286425415
"Year_2015",2015,1999,"Fishing mortality",0.135367771525536
"Year_2015",2015,2000,"Fishing mortality",0.151865337427373
"Year_2015",2015,2001,"Fishing mortality",0.176303975925465
"Year_2015",2015,2002,"Fishing mortality",0.208139357733456
"Year_2015",2015,2003,"Fishing mortality",0.224807592695905
"Year_2015",2015,2004,"Fishing mortality",0.204755802238531
"Year_2015",2015,2005,"Fishing mortality",0.194854677658507
"Year_2015",2015,2006,"Fishing mortality",0.240742461070853
"Year_2015",2015,2007,"Fishing mortality",0.259146112511624
"Year_2015",2015,2008,"Fishing mortality",0.284678569217453
"Year_2015",2015,2009,"Fishing mortality",0.275237868374933
"Year_2015",2015,2010,"Fishing mortality",0.234299335596972
"Year_2015",2015,2011,"Fishing mortality",0.327195258324816
"Year_2015",2015,2012,"Fishing mortality",0.349283763642828
"Year_2015",2015,2013,"Fishing mortality",0.390034260679988
"Year_2015",2015,2014,"Fishing mortality",0.397606677544952
"Year_2015",2015,2015,"Fishing mortality",0.553901483962956
"Year_2016",2016,1964,"Spawning biomass",1304.87488359371
"Year_2016",2016,1965,"Spawning biomass",1333.99481231378
"Year_2016",2016,1966,"Spawning biomass",1356.95151351419
"Year_2016",2016,1967,"Spawning biomass",1467.28910515604
"Year_2016",2016,1968,"Spawning biomass",1632.80553133246
"Year_2016",2016,1969,"Spawning biomass",1855.11522687606
"Year_2016",2016,1970,"Spawning biomass",1969.11283467376
"Year_2016",2016,1971,"Spawning biomass",2083.07963817061
"Year_2016",2016,1972,"Spawning biomass",1949.01782359888
"Year_2016",2016,1973,"Spawning biomass",1672.13879284191
"Year_2016",2016,1974,"Spawning biomass",1272.08676615987
"Year_2016",2016,1975,"Spawning biomass",1178.04976580079
"Year_2016",2016,1976,"Spawning biomass",1097.56116486517
"Year_2016",2016,1977,"Spawning biomass",1272.23338683902
"Year_2016",2016,1978,"Spawning biomass",1121.04356540402
"Year_2016",2016,1979,"Spawning biomass",1025.96652381169
"Year_2016",2016,1980,"Spawning biomass",1220.33407168823
"Year_2016",2016,1981,"Spawning biomass",1902.2551381876
"Year_2016",2016,1982,"Spawning biomass",2682.65356115034
"Year_2016",2016,1983,"Spawning biomass",3631.14827799721
"Year_2016",2016,1984,"Spawning biomass",3769.044086819
"Year_2016",2016,1985,"Spawning biomass",4266.37668176144
"Year_2016",2016,1986,"Spawning biomass",4110.50283274516
"Year_2016",2016,1987,"Spawning biomass",4081.21311071109
"Year_2016",2016,1988,"Spawning biomass",3802.20641283924
"Year_2016",2016,1989,"Spawning biomass",3256.84636379742
"Year_2016",2016,1990,"Spawning biomass",2731.03649906336
"Year_2016",2016,1991,"Spawning biomass",2173.41771695146
"Year_2016",2016,1992,"Spawning biomass",2059.52588849173
"Year_2016",2016,1993,"Spawning biomass",2725.02083327189
"Year_2016",2016,1994,"Spawning biomass",3179.87364577589
"Year_2016",2016,1995,"Spawning biomass",3400.36118556004
"Year_2016",2016,1996,"Spawning biomass",3334.33315380031
"Year_2016",2016,1997,"Spawning biomass",3235.75485619354
"Year_2016",2016,1998,"Spawning biomass",2743.61503382449
"Year_2016",2016,1999,"Spawning biomass",2861.61997172698
"Year_2016",2016,2000,"Spawning biomass",2755.81461535275
"Year_2016",2016,2001,"Spawning biomass",2792.38999297812
"Year_2016",2016,2002,"Spawning biomass",2590.388847715
"Year_2016",2016,2003,"Spawning biomass",2616.51204251732
"Year_2016",2016,2004,"Spawning biomass",2898.84227701736
"Year_2016",2016,2005,"Spawning biomass",2542.53726874955
"Year_2016",2016,2006,"Spawning biomass",2310.45796790076
"Year_2016",2016,2007,"Spawning biomass",1874.25181252363
"Year_2016",2016,2008,"Spawning biomass",1410.66414043456
"Year_2016",2016,2009,"Spawning biomass",1475.96213131155
"Year_2016",2016,2010,"Spawning biomass",1497.287057236
"Year_2016",2016,2011,"Spawning biomass",1828.15997277101
"Year_2016",2016,2012,"Spawning biomass",2173.59586590221
"Year_2016",2016,2013,"Spawning biomass",2320.47818838043
"Year_2016",2016,2014,"Spawning biomass",2207.91971907552
"Year_2016",2016,2015,"Spawning biomass",8593.95786895999
"Year_2016",2016,2016,"Spawning biomass",15085.9653247247
"Year_2016",2016,1964,"Total biomass",4683.26382856199
"Year_2016",2016,1965,"Total biomass",5059.72091607247
"Year_2016",2016,1966,"Total biomass",5282.63215420417
"Year_2016",2016,1967,"Total biomass",6024.3179739809
"Year_2016",2016,1968,"Total biomass",6671.73692696442
"Year_2016",2016,1969,"Total biomass",7263.10884080249
"Year_2016",2016,1970,"Total biomass",7972.19258140612
"Year_2016",2016,1971,"Total biomass",7907.98627982383
"Year_2016",2016,1972,"Total biomass",7182.6247961394
"Year_2016",2016,1973,"Total biomass",6442.92102068785
"Year_2016",2016,1974,"Total biomass",5412.96600268924
"Year_2016",2016,1975,"Total biomass",4639.58505306076
"Year_2016",2016,1976,"Total biomass",4227.30698228112
"Year_2016",2016,1977,"Total biomass",3948.39665301109
"Year_2016",2016,1978,"Total biomass",4212.93478416803
"Year_2016",2016,1979,"Total biomass",5459.91734396082
"Year_2016",2016,1980,"Total biomass",6252.5906282047
"Year_2016",2016,1981,"Total biomass",7825.49051451037
"Year_2016",2016,1982,"Total biomass",9473.34134006958
"Year_2016",2016,1983,"Total biomass",10830.575174212
"Year_2016",2016,1984,"Total biomass",10516.4343706319
"Year_2016",2016,1985,"Total biomass",12293.8975746735
"Year_2016",2016,1986,"Total biomass",11054.862394271
"Year_2016",2016,1987,"Total biomass",10505.959496862
"Year_2016",2016,1988,"Total biomass",9408.5141473679
"Year_2016",2016,1989,"Total biomass",7964.76550539015
"Year_2016",2016,1990,"Total biomass",7571.76223894023
"Year_2016",2016,1991,"Total biomass",8624.36128619381
"Year_2016",2016,1992,"Total biomass",9512.57807784057
"Year_2016",2016,1993,"Total biomass",10096.2023313563
"Year_2016",2016,1994,"Total biomass",10268.8008671284
"Year_2016",2016,1995,"Total biomass",8569.19815451956
"Year_2016",2016,1996,"Total biomass",8941.93052894601
"Year_2016",2016,1997,"Total biomass",8341.39432070838
"Year_2016",2016,1998,"Total biomass",8491.02840736675
"Year_2016",2016,1999,"Total biomass",8554.03293068497
"Year_2016",2016,2000,"Total biomass",8876.81015266873
"Year_2016",2016,2001,"Total biomass",8740.3316637224
"Year_2016",2016,2002,"Total biomass",9177.932889501
"Year_2016",2016,2003,"Total biomass",10430.8191400743
"Year_2016",2016,2004,"Total biomass",9618.83243188636
"Year_2016",2016,2005,"Total biomass",7902.84786014691
"Year_2016",2016,2006,"Total biomass",6628.65819904105
"Year_2016",2016,2007,"Total biomass",5999.8386968592
"Year_2016",2016,2008,"Total biomass",4677.60628453685
"Year_2016",2016,2009,"Total biomass",5530.97975000358
"Year_2016",2016,2010,"Total biomass",7198.21786409136
"Year_2016",2016,2011,"Total biomass",7778.04652406446
"Year_2016",2016,2012,"Total biomass",7610.62200068749
"Year_2016",2016,2013,"Total biomass",15711.2061906888
"Year_2016",2016,2014,"Total biomass",32575.6901438208
"Year_2016",2016,2015,"Total biomass",54378.9044028237
"Year_2016",2016,2016,"Total biomass",64023.276599681
"Year_2016",2016,1964,"Age-1 recruitment",5612.83484940908
"Year_2016",2016,1965,"Age-1 recruitment",23261.4789647065
"Year_2016",2016,1966,"Age-1 recruitment",15733.5688447815
"Year_2016",2016,1967,"Age-1 recruitment",27122.424559742
"Year_2016",2016,1968,"Age-1 recruitment",22406.0132227536
"Year_2016",2016,1969,"Age-1 recruitment",26290.3121408085
"Year_2016",2016,1970,"Age-1 recruitment",23357.3125641
"Year_2016",2016,1971,"Age-1 recruitment",13608.5884030501
"Year_2016",2016,1972,"Age-1 recruitment",10874.8783309508
"Year_2016",2016,1973,"Age-1 recruitment",26621.1609124035
"Year_2016",2016,1974,"Age-1 recruitment",19073.883742669
"Year_2016",2016,1975,"Age-1 recruitment",16179.3982077559
"Year_2016",2016,1976,"Age-1 recruitment",12717.7386103825
"Year_2016",2016,1977,"Age-1 recruitment",13804.5251040327
"Year_2016",2016,1978,"Age-1 recruitment",26435.7757763677
"Year_2016",2016,1979,"Age-1 recruitment",63833.0397428253
"Year_2016",2016,1980,"Age-1 recruitment",30607.6926606875
"Year_2016",2016,1981,"Age-1 recruitment",34470.7757057656
"Year_2016",2016,1982,"Age-1 recruitment",18349.0430680668
"Year_2016",2016,1983,"Age-1 recruitment",50328.433175774
"Year_2016",2016,1984,"Age-1 recruitment",13598.9675060519
"Year_2016",2016,1985,"Age-1 recruitment",30908.9982986623
"Year_2016",2016,1986,"Age-1 recruitment",11996.1623408968
"Year_2016",2016,1987,"Age-1 recruitment",6871.66157771156
"Year_2016",2016,1988,"Age-1 recruitment",5346.13444077661
"Year_2016",2016,1989,"Age-1 recruitment",11462.2250653429
"Year_2016",2016,1990,"Age-1 recruitment",49662.3322928114
"Year_2016",2016,1991,"Age-1 recruitment",26779.4674169709
"Year_2016",2016,1992,"Age-1 recruitment",22929.4499592252
"Year_2016",2016,1993,"Age-1 recruitment",44681.1388463637
"Year_2016",2016,1994,"Age-1 recruitment",15341.963791077
"Year_2016",2016,1995,"Age-1 recruitment",10780.9907720488
"Year_2016",2016,1996,"Age-1 recruitment",22088.2545251727
"Year_2016",2016,1997,"Age-1 recruitment",29701.8553507432
"Year_2016",2016,1998,"Age-1 recruitment",14600.0114744754
"Year_2016",2016,1999,"Age-1 recruitment",15806.819055522
"Year_2016",2016,2000,"Age-1 recruitment",24199.8110140502
"Year_2016",2016,2001,"Age-1 recruitment",33871.349051483
"Year_2016",2016,2002,"Age-1 recruitment",22407.5546215616
"Year_2016",2016,2003,"Age-1 recruitment",13940.1769169269
"Year_2016",2016,2004,"Age-1 recruitment",6308.30966705066
"Year_2016",2016,2005,"Age-1 recruitment",4395.09126208293
"Year_2016",2016,2006,"Age-1 recruitment",10876.6235728366
"Year_2016",2016,2007,"Age-1 recruitment",23472.7496073585
"Year_2016",2016,2008,"Age-1 recruitment",12217.1630022155
"Year_2016",2016,2009,"Age-1 recruitment",47282.5648715298
"Year_2016",2016,2010,"Age-1 recruitment",15846.2991281709
"Year_2016",2016,2011,"Age-1 recruitment",7508.23639213771
"Year_2016",2016,2012,"Age-1 recruitment",7550.94031082273
"Year_2016",2016,2013,"Age-1 recruitment",559252.543365838
"Year_2016",2016,2014,"Age-1 recruitment",59216.9808478175
"Year_2016",2016,2015,"Age-1 recruitment",14946.9567075409
"Year_2016",2016,2016,"Age-1 recruitment",8891.94539244461
"Year_2016",2016,1964,"Fishing mortality",0.0546775381083658
"Year_2016",2016,1965,"Fishing mortality",0.0672196775806146
"Year_2016",2016,1966,"Fishing mortality",0.0710338803819464
"Year_2016",2016,1967,"Fishing mortality",0.13435969082464
"Year_2016",2016,1968,"Fishing mortality",0.14287867180072
"Year_2016",2016,1969,"Fishing mortality",0.152429797695857
"Year_2016",2016,1970,"Fishing mortality",0.220902203753998
"Year_2016",2016,1971,"Fishing mortality",0.315188247462214
"Year_2016",2016,1972,"Fishing mortality",0.3589407640323
"Year_2016",2016,1973,"Fishing mortality",0.414125860349375
"Year_2016",2016,1974,"Fishing mortality",0.450907508473686
"Year_2016",2016,1975,"Fishing mortality",0.379080338511786
"Year_2016",2016,1976,"Fishing mortality",0.351311717257952
"Year_2016",2016,1977,"Fishing mortality",0.330994009099223
"Year_2016",2016,1978,"Fishing mortality",0.372858095085779
"Year_2016",2016,1979,"Fishing mortality",0.39090282267316
"Year_2016",2016,1980,"Fishing mortality",0.356811811208409
"Year_2016",2016,1981,"Fishing mortality",0.251692109056801
"Year_2016",2016,1982,"Fishing mortality",0.159548617607109
"Year_2016",2016,1983,"Fishing mortality",0.13126519955507
"Year_2016",2016,1984,"Fishing mortality",0.127523408236976
"Year_2016",2016,1985,"Fishing mortality",0.129433030372215
"Year_2016",2016,1986,"Fishing mortality",0.122742283932907
"Year_2016",2016,1987,"Fishing mortality",0.0927914020809844
"Year_2016",2016,1988,"Fishing mortality",0.133246772205061
"Year_2016",2016,1989,"Fishing mortality",0.141531615222844
"Year_2016",2016,1990,"Fishing mortality",0.218291723724896
"Year_2016",2016,1991,"Fishing mortality",0.263371193161048
"Year_2016",2016,1992,"Fishing mortality",0.36013063720724
"Year_2016",2016,1993,"Fishing mortality",0.236535739765011
"Year_2016",2016,1994,"Fishing mortality",0.184049119656279
"Year_2016",2016,1995,"Fishing mortality",0.179549647064164
"Year_2016",2016,1996,"Fishing mortality",0.209740915310891
"Year_2016",2016,1997,"Fishing mortality",0.21611837770668
"Year_2016",2016,1998,"Fishing mortality",0.182621258723604
"Year_2016",2016,1999,"Fishing mortality",0.146807963321057
"Year_2016",2016,2000,"Fishing mortality",0.16367098238778
"Year_2016",2016,2001,"Fishing mortality",0.188730606469046
"Year_2016",2016,2002,"Fishing mortality",0.223029875682912
"Year_2016",2016,2003,"Fishing mortality",0.241278336721592
"Year_2016",2016,2004,"Fishing mortality",0.219517170220823
"Year_2016",2016,2005,"Fishing mortality",0.20758317811678
"Year_2016",2016,2006,"Fishing mortality",0.256172166815797
"Year_2016",2016,2007,"Fishing mortality",0.278481312289582
"Year_2016",2016,2008,"Fishing mortality",0.312716243267354
"Year_2016",2016,2009,"Fishing mortality",0.311096948120657
"Year_2016",2016,2010,"Fishing mortality",0.273191325755793
"Year_2016",2016,2011,"Fishing mortality",0.391568268681832
"Year_2016",2016,2012,"Fishing mortality",0.458229425014083
"Year_2016",2016,2013,"Fishing mortality",0.611599971915752
"Year_2016",2016,2014,"Fishing mortality",0.867305130795088
"Year_2016",2016,2015,"Fishing mortality",1.02751534407386
"Year_2016",2016,2016,"Fishing mortality",1.33493367553427
"Year_2017",2017,1964,"Spawning biomass",1368.91524867433
"Year_2017",2017,1965,"Spawning biomass",1398.54348926857
"Year_2017",2017,1966,"Spawning biomass",1422.04478504472
"Year_2017",2017,1967,"Spawning biomass",1533.69685559565
"Year_2017",2017,1968,"Spawning biomass",1701.58930329476
"Year_2017",2017,1969,"Spawning biomass",1925.25040861367
"Year_2017",2017,1970,"Spawning biomass",2035.65890479377
"Year_2017",2017,1971,"Spawning biomass",2147.63137869541
"Year_2017",2017,1972,"Spawning biomass",2007.88560820728
"Year_2017",2017,1973,"Spawning biomass",1726.88781320356
"Year_2017",2017,1974,"Spawning biomass",1323.4399198538
"Year_2017",2017,1975,"Spawning biomass",1233.0280872852
"Year_2017",2017,1976,"Spawning biomass",1155.67380769934
"Year_2017",2017,1977,"Spawning biomass",1352.69397247759
"Year_2017",2017,1978,"Spawning biomass",1210.41727799802
"Year_2017",2017,1979,"Spawning biomass",1126.61508284572
"Year_2017",2017,1980,"Spawning biomass",1344.93931471183
"Year_2017",2017,1981,"Spawning biomass",2043.55724088142
"Year_2017",2017,1982,"Spawning biomass",2817.07502241686
"Year_2017",2017,1983,"Spawning biomass",3742.93498208774
"Year_2017",2017,1984,"Spawning biomass",3852.7243597691
"Year_2017",2017,1985,"Spawning biomass",4359.11891731711
"Year_2017",2017,1986,"Spawning biomass",4219.00542147319
"Year_2017",2017,1987,"Spawning biomass",4217.97009848114
"Year_2017",2017,1988,"Spawning biomass",3961.48824931869
"Year_2017",2017,1989,"Spawning biomass",3425.89504530577
"Year_2017",2017,1990,"Spawning biomass",2908.6602107518
"Year_2017",2017,1991,"Spawning biomass",2353.99547238924
"Year_2017",2017,1992,"Spawning biomass",2231.97716200692
"Year_2017",2017,1993,"Spawning biomass",2911.96298872708
"Year_2017",2017,1994,"Spawning biomass",3381.13957196094
"Year_2017",2017,1995,"Spawning biomass",3619.77011851512
"Year_2017",2017,1996,"Spawning biomass",3561.15847095155
"Year_2017",2017,1997,"Spawning biomass",3468.07825011607
"Year_2017",2017,1998,"Spawning biomass",2952.38216520759
"Year_2017",2017,1999,"Spawning biomass",3074.689273818
"Year_2017",2017,2000,"Spawning biomass",2956.5327722626
"Year_2017",2017,2001,"Spawning biomass",2996.28221892735
"Year_2017",2017,2002,"Spawning biomass",2786.65777898764
"Year_2017",2017,2003,"Spawning biomass",2808.43242338009
"Year_2017",2017,2004,"Spawning biomass",3098.65090348339
"Year_2017",2017,2005,"Spawning biomass",2726.86803165778
"Year_2017",2017,2006,"Spawning biomass",2496.42681085365
"Year_2017",2017,2007,"Spawning biomass",2056.1547186317
"Year_2017",2017,2008,"Spawning biomass",1582.83663092686
"Year_2017",2017,2009,"Spawning biomass",1677.01231404344
"Year_2017",2017,2010,"Spawning biomass",1725.21844590053
"Year_2017",2017,2011,"Spawning biomass",2180.06261590282
"Year_2017",2017,2012,"Spawning biomass",2744.22923117734
"Year_2017",2017,2013,"Spawning biomass",3229.26216495462
"Year_2017",2017,2014,"Spawning biomass",3425.33789916923
"Year_2017",2017,2015,"Spawning biomass",4467.3094457399
"Year_2017",2017,2016,"Spawning biomass",5919.165157528
"Year_2017",2017,2017,"Spawning biomass",7139.73804855941
"Year_2017",2017,1964,"Total biomass",4901.13226095546
"Year_2017",2017,1965,"Total biomass",5280.65270485713
"Year_2017",2017,1966,"Total biomass",5502.49822614046
"Year_2017",2017,1967,"Total biomass",6246.782641598
"Year_2017",2017,1968,"Total biomass",6897.79027359708
"Year_2017",2017,1969,"Total biomass",7482.96774758027
"Year_2017",2017,1970,"Total biomass",8186.54918199124
"Year_2017",2017,1971,"Total biomass",8111.75892767525
"Year_2017",2017,1972,"Total biomass",7369.99196038074
"Year_2017",2017,1973,"Total biomass",6617.14147268833
"Year_2017",2017,1974,"Total biomass",5582.12861899947
"Year_2017",2017,1975,"Total biomass",4813.57545974527
"Year_2017",2017,1976,"Total biomass",4414.56125635275
"Year_2017",2017,1977,"Total biomass",4159.79150598456
"Year_2017",2017,1978,"Total biomass",4467.25048920667
"Year_2017",2017,1979,"Total biomass",5753.53019486586
"Year_2017",2017,1980,"Total biomass",6557.06181522894
"Year_2017",2017,1981,"Total biomass",8121.45384497061
"Year_2017",2017,1982,"Total biomass",9776.50571435188
"Year_2017",2017,1983,"Total biomass",11100.6657214645
"Year_2017",2017,1984,"Total biomass",10778.8960846022
"Year_2017",2017,1985,"Total biomass",12625.7361696156
"Year_2017",2017,1986,"Total biomass",11386.3200822805
"Year_2017",2017,1987,"Total biomass",10911.4841114146
"Year_2017",2017,1988,"Total biomass",9813.7593189703
"Year_2017",2017,1989,"Total biomass",8350.10919942094
"Year_2017",2017,1990,"Total biomass",7987.66940332566
"Year_2017",2017,1991,"Total biomass",9101.07293255828
"Year_2017",2017,1992,"Total biomass",10019.5014775777
"Year_2017",2017,1993,"Total biomass",10639.7577971075
"Year_2017",2017,1994,"Total biomass",10857.9573411092
"Year_2017",2017,1995,"Total biomass",9093.90937965845
"Year_2017",2017,1996,"Total biomass",9504.28764895041
"Year_2017",2017,1997,"Total biomass",8882.16950656303
"Year_2017",2017,1998,"Total biomass",9044.0517754849
"Year_2017",2017,1999,"Total biomass",9107.12309770544
"Year_2017",2017,2000,"Total biomass",9424.54480799666
"Year_2017",2017,2001,"Total biomass",9277.63659605295
"Year_2017",2017,2002,"Total biomass",9718.30240972156
"Year_2017",2017,2003,"Total biomass",11013.2058382401
"Year_2017",2017,2004,"Total biomass",10174.1428519406
"Year_2017",2017,2005,"Total biomass",8395.14477459874
"Year_2017",2017,2006,"Total biomass",7094.56044280902
"Year_2017",2017,2007,"Total biomass",6510.72199889075
"Year_2017",2017,2008,"Total biomass",5183.30586171889
"Year_2017",2017,2009,"Total biomass",6269.24519145495
"Year_2017",2017,2010,"Total biomass",8436.67158281483
"Year_2017",2017,2011,"Total biomass",9552.83929069076
"Year_2017",2017,2012,"Total biomass",10035.0460146304
"Year_2017",2017,2013,"Total biomass",12550.3395967614
"Year_2017",2017,2014,"Total biomass",16867.5686148641
"Year_2017",2017,2015,"Total biomass",21982.2850463215
"Year_2017",2017,2016,"Total biomass",25065.4202923263
"Year_2017",2017,2017,"Total biomass",23341.523921477
"Year_2017",2017,1964,"Age-1 recruitment",5796.4434892606
"Year_2017",2017,1965,"Age-1 recruitment",23719.161661068
"Year_2017",2017,1966,"Age-1 recruitment",16005.0720960797
"Year_2017",2017,1967,"Age-1 recruitment",27369.6015027501
"Year_2017",2017,1968,"Age-1 recruitment",22544.1027410554
"Year_2017",2017,1969,"Age-1 recruitment",26364.3036024779
"Year_2017",2017,1970,"Age-1 recruitment",23420.1919511472
"Year_2017",2017,1971,"Age-1 recruitment",13711.6347991774
"Year_2017",2017,1972,"Age-1 recruitment",10983.2640589737
"Year_2017",2017,1973,"Age-1 recruitment",26878.7824798318
"Year_2017",2017,1974,"Age-1 recruitment",19522.9022426457
"Year_2017",2017,1975,"Age-1 recruitment",16758.7167517515
"Year_2017",2017,1976,"Age-1 recruitment",13235.2708233842
"Year_2017",2017,1977,"Age-1 recruitment",14353.3906558926
"Year_2017",2017,1978,"Age-1 recruitment",27345.4284819519
"Year_2017",2017,1979,"Age-1 recruitment",64459.5739767313
"Year_2017",2017,1980,"Age-1 recruitment",30144.3647923825
"Year_2017",2017,1981,"Age-1 recruitment",33532.5236297321
"Year_2017",2017,1982,"Age-1 recruitment",18965.5156418946
"Year_2017",2017,1983,"Age-1 recruitment",52008.4807837854
"Year_2017",2017,1984,"Age-1 recruitment",14262.4304355463
"Year_2017",2017,1985,"Age-1 recruitment",32803.9554257838
"Year_2017",2017,1986,"Age-1 recruitment",12803.4207994057
"Year_2017",2017,1987,"Age-1 recruitment",7332.34136518381
"Year_2017",2017,1988,"Age-1 recruitment",5709.52268365718
"Year_2017",2017,1989,"Age-1 recruitment",11967.5409959936
"Year_2017",2017,1990,"Age-1 recruitment",50802.015666105
"Year_2017",2017,1991,"Age-1 recruitment",27641.5606768506
"Year_2017",2017,1992,"Age-1 recruitment",24031.9535167557
"Year_2017",2017,1993,"Age-1 recruitment",46894.9389971418
"Year_2017",2017,1994,"Age-1 recruitment",16153.1073944938
"Year_2017",2017,1995,"Age-1 recruitment",11314.9769648674
"Year_2017",2017,1996,"Age-1 recruitment",22931.7204815967
"Year_2017",2017,1997,"Age-1 recruitment",30628.3956809204
"Year_2017",2017,1998,"Age-1 recruitment",15104.612333359
"Year_2017",2017,1999,"Age-1 recruitment",16375.265275654
"Year_2017",2017,2000,"Age-1 recruitment",24963.1600529492
"Year_2017",2017,2001,"Age-1 recruitment",34754.5881035294
"Year_2017",2017,2002,"Age-1 recruitment",23270.0300165713
"Year_2017",2017,2003,"Age-1 recruitment",14562.3439601654
"Year_2017",2017,2004,"Age-1 recruitment",6614.71890755904
"Year_2017",2017,2005,"Age-1 recruitment",4704.81351911783
"Year_2017",2017,2006,"Age-1 recruitment",11761.8573231427
"Year_2017",2017,2007,"Age-1 recruitment",25700.3194531089
"Year_2017",2017,2008,"Age-1 recruitment",14737.4641666046
"Year_2017",2017,2009,"Age-1 recruitment",57401.9340203634
"Year_2017",2017,2010,"Age-1 recruitment",24135.5497382284
"Year_2017",2017,2011,"Age-1 recruitment",19209.0087593888
"Year_2017",2017,2012,"Age-1 recruitment",21768.8305663236
"Year_2017",2017,2013,"Age-1 recruitment",135543.907467915
"Year_2017",2017,2014,"Age-1 recruitment",62708.5004431152
"Year_2017",2017,2015,"Age-1 recruitment",26370.0267629022
"Year_2017",2017,2016,"Age-1 recruitment",16023.9224904222
"Year_2017",2017,2017,"Age-1 recruitment",13407.2588379535
"Year_2017",2017,1964,"Fishing mortality",0.0520772446219421
"Year_2017",2017,1965,"Fishing mortality",0.0640676358197093
"Year_2017",2017,1966,"Fishing mortality",0.0677674427386126
"Year_2017",2017,1967,"Fishing mortality",0.128089179717157
"Year_2017",2017,1968,"Fishing mortality",0.1366398414792
"Year_2017",2017,1969,"Fishing mortality",0.145829499054249
"Year_2017",2017,1970,"Fishing mortality",0.211184757625315
"Year_2017",2017,1971,"Fishing mortality",0.301143915902765
"Year_2017",2017,1972,"Fishing mortality",0.343587898598161
"Year_2017",2017,1973,"Fishing mortality",0.395856747926569
"Year_2017",2017,1974,"Fishing mortality",0.429787116240291
"Year_2017",2017,1975,"Fishing mortality",0.361010181421016
"Year_2017",2017,1976,"Fishing mortality",0.331549480616689
"Year_2017",2017,1977,"Fishing mortality",0.307351943100795
"Year_2017",2017,1978,"Fishing mortality",0.340376467870648
"Year_2017",2017,1979,"Fishing mortality",0.350137184330194
"Year_2017",2017,1980,"Fishing mortality",0.31577807679934
"Year_2017",2017,1981,"Fishing mortality",0.224520369068885
"Year_2017",2017,1982,"Fishing mortality",0.146258627623538
"Year_2017",2017,1983,"Fishing mortality",0.123416458674856
"Year_2017",2017,1984,"Fishing mortality",0.122445039589509
"Year_2017",2017,1985,"Fishing mortality",0.1250109567693
"Year_2017",2017,1986,"Fishing mortality",0.118182631792885
"Year_2017",2017,1987,"Fishing mortality",0.0888265913780933
"Year_2017",2017,1988,"Fishing mortality",0.126188655471776
"Year_2017",2017,1989,"Fishing mortality",0.133631136441993
"Year_2017",2017,1990,"Fishing mortality",0.203986397798706
"Year_2017",2017,1991,"Fishing mortality",0.242828948839425
"Year_2017",2017,1992,"Fishing mortality",0.322983658226937
"Year_2017",2017,1993,"Fishing mortality",0.20727309508863
"Year_2017",2017,1994,"Fishing mortality",0.162711070947872
"Year_2017",2017,1995,"Fishing mortality",0.161252898976914
"Year_2017",2017,1996,"Fishing mortality",0.188028616714394
"Year_2017",2017,1997,"Fishing mortality",0.189813648145958
"Year_2017",2017,1998,"Fishing mortality",0.160220556365007
"Year_2017",2017,1999,"Fishing mortality",0.129394678993568
"Year_2017",2017,2000,"Fishing mortality",0.145679893716354
"Year_2017",2017,2001,"Fishing mortality",0.169573376455791
"Year_2017",2017,2002,"Fishing mortality",0.200087995763005
"Year_2017",2017,2003,"Fishing mortality",0.215917777716359
"Year_2017",2017,2004,"Fishing mortality",0.196882296834384
"Year_2017",2017,2005,"Fishing mortality",0.188281956302843
"Year_2017",2017,2006,"Fishing mortality",0.232922393253761
"Year_2017",2017,2007,"Fishing mortality",0.250150035695444
"Year_2017",2017,2008,"Fishing mortality",0.271874360306521
"Year_2017",2017,2009,"Fishing mortality",0.259923141257278
"Year_2017",2017,2010,"Fishing mortality",0.218911817057937
"Year_2017",2017,2011,"Fishing mortality",0.304543172089629
"Year_2017",2017,2012,"Fishing mortality",0.321092111944497
"Year_2017",2017,2013,"Fishing mortality",0.326034254544584
"Year_2017",2017,2014,"Fishing mortality",0.332780390422344
"Year_2017",2017,2015,"Fishing mortality",0.378818147772292
"Year_2017",2017,2016,"Fishing mortality",0.255908634741482
"Year_2017",2017,2017,"Fishing mortality",0.220831849522989
"Year_2018",2018,1964,"Spawning biomass",1339.4550381827
"Year_2018",2018,1965,"Spawning biomass",1370.12069133004
"Year_2018",2018,1966,"Spawning biomass",1394.36172724023
"Year_2018",2018,1967,"Spawning biomass",1506.29752414112
"Year_2018",2018,1968,"Spawning biomass",1673.9673150788
"Year_2018",2018,1969,"Spawning biomass",1897.7057457113
"Year_2018",2018,1970,"Spawning biomass",2010.04081043297
"Year_2018",2018,1971,"Spawning biomass",2123.47507447997
"Year_2018",2018,1972,"Spawning biomass",1986.70244665381
"Year_2018",2018,1973,"Spawning biomass",1707.98027109898
"Year_2018",2018,1974,"Spawning biomass",1306.4494761924
"Year_2018",2018,1975,"Spawning biomass",1217.59277406077
"Year_2018",2018,1976,"Spawning biomass",1144.48330514344
"Year_2018",2018,1977,"Spawning biomass",1344.35850922457
"Year_2018",2018,1978,"Spawning biomass",1205.57596411168
"Year_2018",2018,1979,"Spawning biomass",1124.78881455782
"Year_2018",2018,1980,"Spawning biomass",1346.15846411137
"Year_2018",2018,1981,"Spawning biomass",2045.10653197936
"Year_2018",2018,1982,"Spawning biomass",2815.69237623415
"Year_2018",2018,1983,"Spawning biomass",3739.27116932202
"Year_2018",2018,1984,"Spawning biomass",3850.98609125987
"Year_2018",2018,1985,"Spawning biomass",4367.16249581611
"Year_2018",2018,1986,"Spawning biomass",4237.76955752658
"Year_2018",2018,1987,"Spawning biomass",4249.38186508089
"Year_2018",2018,1988,"Spawning biomass",4002.3021791876
"Year_2018",2018,1989,"Spawning biomass",3471.76999505381
"Year_2018",2018,1990,"Spawning biomass",2958.5563770455
"Year_2018",2018,1991,"Spawning biomass",2406.01736833891
"Year_2018",2018,1992,"Spawning biomass",2282.66847010906
"Year_2018",2018,1993,"Spawning biomass",2967.3852558226
"Year_2018",2018,1994,"Spawning biomass",3439.83646926095
"Year_2018",2018,1995,"Spawning biomass",3682.11833525498
"Year_2018",2018,1996,"Spawning biomass",3624.34623094985
"Year_2018",2018,1997,"Spawning biomass",3531.8444385108
"Year_2018",2018,1998,"Spawning biomass",3009.29152201402
"Year_2018",2018,1999,"Spawning biomass",3132.48675227215
"Year_2018",2018,2000,"Spawning biomass",3010.96671102374
"Year_2018",2018,2001,"Spawning biomass",3051.92590744621
"Year_2018",2018,2002,"Spawning biomass",2841.64429885961
"Year_2018",2018,2003,"Spawning biomass",2865.26731256752
"Year_2018",2018,2004,"Spawning biomass",3162.24568092854
"Year_2018",2018,2005,"Spawning biomass",2789.13302926243
"Year_2018",2018,2006,"Spawning biomass",2563.4894861044
"Year_2018",2018,2007,"Spawning biomass",2125.78323678385
"Year_2018",2018,2008,"Spawning biomass",1651.07413780624
"Year_2018",2018,2009,"Spawning biomass",1752.8824997656
"Year_2018",2018,2010,"Spawning biomass",1797.89372014634
"Year_2018",2018,2011,"Spawning biomass",2249.67501250052
"Year_2018",2018,2012,"Spawning biomass",2823.10251833528
"Year_2018",2018,2013,"Spawning biomass",3311.47653879542
"Year_2018",2018,2014,"Spawning biomass",3389.2979949894
"Year_2018",2018,2015,"Spawning biomass",3482.22345715288
"Year_2018",2018,2016,"Spawning biomass",4066.5540940181
"Year_2018",2018,2017,"Spawning biomass",4643.21450050937
"Year_2018",2018,2018,"Spawning biomass",4309.38727407609
"Year_2018",2018,1964,"Total biomass",4802.31773478948
"Year_2018",2018,1965,"Total biomass",5184.24802433311
"Year_2018",2018,1966,"Total biomass",5409.16439044832
"Year_2018",2018,1967,"Total biomass",6155.32704822904
"Year_2018",2018,1968,"Total biomass",6807.50745751646
"Year_2018",2018,1969,"Total biomass",7397.22799294383
"Year_2018",2018,1970,"Total biomass",8105.25848116804
"Year_2018",2018,1971,"Total biomass",8036.25082096498
"Year_2018",2018,1972,"Total biomass",7302.79564703022
"Year_2018",2018,1973,"Total biomass",6561.15827987909
"Year_2018",2018,1974,"Total biomass",5535.84369490114
"Year_2018",2018,1975,"Total biomass",4777.37587313071
"Year_2018",2018,1976,"Total biomass",4388.67685276595
"Year_2018",2018,1977,"Total biomass",4143.05098705495
"Year_2018",2018,1978,"Total biomass",4459.35060332807
"Year_2018",2018,1979,"Total biomass",5747.15149433361
"Year_2018",2018,1980,"Total biomass",6552.36560727114
"Year_2018",2018,1981,"Total biomass",8119.19886429431
"Year_2018",2018,1982,"Total biomass",9772.5015013907
"Year_2018",2018,1983,"Total biomass",11105.5249487181
"Year_2018",2018,1984,"Total biomass",10797.5133777885
"Year_2018",2018,1985,"Total biomass",12675.0183433767
"Year_2018",2018,1986,"Total biomass",11450.8704480604
"Year_2018",2018,1987,"Total biomass",11012.7904581214
"Year_2018",2018,1988,"Total biomass",9921.63601016551
"Year_2018",2018,1989,"Total biomass",8457.35302817484
"Year_2018",2018,1990,"Total biomass",8106.13123148295
"Year_2018",2018,1991,"Total biomass",9238.44719661745
"Year_2018",2018,1992,"Total biomass",10166.0741288228
"Year_2018",2018,1993,"Total biomass",10795.9441378757
"Year_2018",2018,1994,"Total biomass",11025.130923718
"Year_2018",2018,1995,"Total biomass",9241.41286879007
"Year_2018",2018,1996,"Total biomass",9660.03293945324
"Year_2018",2018,1997,"Total biomass",9030.76613777938
"Year_2018",2018,1998,"Total biomass",9194.60952758455
"Year_2018",2018,1999,"Total biomass",9257.67156652747
"Year_2018",2018,2000,"Total biomass",9574.97545045204
"Year_2018",2018,2001,"Total biomass",9429.11138135529
"Year_2018",2018,2002,"Total biomass",9879.36144002859
"Year_2018",2018,2003,"Total biomass",11199.6539469473
"Year_2018",2018,2004,"Total biomass",10361.8905096629
"Year_2018",2018,2005,"Total biomass",8569.38862442051
"Year_2018",2018,2006,"Total biomass",7266.36297438506
"Year_2018",2018,2007,"Total biomass",6701.88000927997
"Year_2018",2018,2008,"Total biomass",5360.04295299028
"Year_2018",2018,2009,"Total biomass",6463.38149298155
"Year_2018",2018,2010,"Total biomass",8662.02464804491
"Year_2018",2018,2011,"Total biomass",9749.80947345165
"Year_2018",2018,2012,"Total biomass",10136.9642627735
"Year_2018",2018,2013,"Total biomass",11550.9513156989
"Year_2018",2018,2014,"Total biomass",13404.8960336253
"Year_2018",2018,2015,"Total biomass",15341.456641221
"Year_2018",2018,2016,"Total biomass",16782.515008064
"Year_2018",2018,2017,"Total biomass",15133.9470729849
"Year_2018",2018,2018,"Total biomass",12802.6148797923
"Year_2018",2018,1964,"Age-1 recruitment",5717.93174438756
"Year_2018",2018,1965,"Age-1 recruitment",23561.4019356548
"Year_2018",2018,1966,"Age-1 recruitment",15898.0940131684
"Year_2018",2018,1967,"Age-1 recruitment",27291.897213564
"Year_2018",2018,1968,"Age-1 recruitment",22499.5606129694
"Year_2018",2018,1969,"Age-1 recruitment",26362.1580793693
"Year_2018",2018,1970,"Age-1 recruitment",23421.8169855518
"Year_2018",2018,1971,"Age-1 recruitment",13681.0426639076
"Year_2018",2018,1972,"Age-1 recruitment",10953.9328964438
"Year_2018",2018,1973,"Age-1 recruitment",26965.7033102042
"Year_2018",2018,1974,"Age-1 recruitment",19579.5312896473
"Year_2018",2018,1975,"Age-1 recruitment",16812.4486055832
"Year_2018",2018,1976,"Age-1 recruitment",13272.9013557599
"Year_2018",2018,1977,"Age-1 recruitment",14401.3247795887
"Year_2018",2018,1978,"Age-1 recruitment",27413.1154722573
"Year_2018",2018,1979,"Age-1 recruitment",64288.318780039
"Year_2018",2018,1980,"Age-1 recruitment",30032.5917703025
"Year_2018",2018,1981,"Age-1 recruitment",33604.3501811405
"Year_2018",2018,1982,"Age-1 recruitment",19043.25515258
"Year_2018",2018,1983,"Age-1 recruitment",52587.8208267818
"Year_2018",2018,1984,"Age-1 recruitment",14464.0724724508
"Year_2018",2018,1985,"Age-1 recruitment",33377.0378143502
"Year_2018",2018,1986,"Age-1 recruitment",13048.50558194
"Year_2018",2018,1987,"Age-1 recruitment",7477.94201226687
"Year_2018",2018,1988,"Age-1 recruitment",5822.06813672041
"Year_2018",2018,1989,"Age-1 recruitment",12125.3604129665
"Year_2018",2018,1990,"Age-1 recruitment",51145.1171885402
"Year_2018",2018,1991,"Age-1 recruitment",27858.6199916001
"Year_2018",2018,1992,"Age-1 recruitment",24308.8647418086
"Year_2018",2018,1993,"Age-1 recruitment",47474.9348290808
"Year_2018",2018,1994,"Age-1 recruitment",16362.6915860939
"Year_2018",2018,1995,"Age-1 recruitment",11455.4300514351
"Year_2018",2018,1996,"Age-1 recruitment",23157.0790734757
"Year_2018",2018,1997,"Age-1 recruitment",30878.2517579947
"Year_2018",2018,1998,"Age-1 recruitment",15242.2621753279
"Year_2018",2018,1999,"Age-1 recruitment",16546.9099779443
"Year_2018",2018,2000,"Age-1 recruitment",25250.7976867132
"Year_2018",2018,2001,"Age-1 recruitment",35130.513324028
"Year_2018",2018,2002,"Age-1 recruitment",23634.3607954934
"Year_2018",2018,2003,"Age-1 recruitment",14842.3727575005
"Year_2018",2018,2004,"Age-1 recruitment",6770.49818229264
"Year_2018",2018,2005,"Age-1 recruitment",4841.73534908482
"Year_2018",2018,2006,"Age-1 recruitment",12066.7077706138
"Year_2018",2018,2007,"Age-1 recruitment",26144.9451580785
"Year_2018",2018,2008,"Age-1 recruitment",14892.0487408156
"Year_2018",2018,2009,"Age-1 recruitment",57050.2796438405
"Year_2018",2018,2010,"Age-1 recruitment",26356.4606511954
"Year_2018",2018,2011,"Age-1 recruitment",17611.2548630916
"Year_2018",2018,2012,"Age-1 recruitment",15894.5525752431
"Year_2018",2018,2013,"Age-1 recruitment",67865.7785474762
"Year_2018",2018,2014,"Age-1 recruitment",59199.7877248419
"Year_2018",2018,2015,"Age-1 recruitment",11193.7740623555
"Year_2018",2018,2016,"Age-1 recruitment",8308.42590224301
"Year_2018",2018,2017,"Age-1 recruitment",9562.38650743346
"Year_2018",2018,2018,"Age-1 recruitment",15683.8008335998
"Year_2018",2018,1964,"Fishing mortality",0.0532152582590102
"Year_2018",2018,1965,"Fishing mortality",0.0653651727882322
"Year_2018",2018,1966,"Fishing mortality",0.0690608338085216
"Year_2018",2018,1967,"Fishing mortality",0.130501803496995
"Year_2018",2018,1968,"Fishing mortality",0.138987468940107
"Year_2018",2018,1969,"Fishing mortality",0.148287046216277
"Year_2018",2018,1970,"Fishing mortality",0.214784275708418
"Year_2018",2018,1971,"Fishing mortality",0.306328494847112
"Year_2018",2018,1972,"Fishing mortality",0.349221570641384
"Year_2018",2018,1973,"Fishing mortality",0.402525980212574
"Year_2018",2018,1974,"Fishing mortality",0.437012038784563
"Year_2018",2018,1975,"Fishing mortality",0.366061100454795
"Year_2018",2018,1976,"Fishing mortality",0.33544425263852
"Year_2018",2018,1977,"Fishing mortality",0.310212390899206
"Year_2018",2018,1978,"Fishing mortality",0.342713565996076
"Year_2018",2018,1979,"Fishing mortality",0.351501240843219
"Year_2018",2018,1980,"Fishing mortality",0.315912575846217
"Year_2018",2018,1981,"Fishing mortality",0.223956642440146
"Year_2018",2018,1982,"Fishing mortality",0.145558930310507
"Year_2018",2018,1983,"Fishing mortality",0.122634398533873
"Year_2018",2018,1984,"Fishing mortality",0.121794398095424
"Year_2018",2018,1985,"Fishing mortality",0.124182108684738
"Year_2018",2018,1986,"Fishing mortality",0.117044830319959
"Year_2018",2018,1987,"Fishing mortality",0.0877890794874426
"Year_2018",2018,1988,"Fishing mortality",0.124303077838127
"Year_2018",2018,1989,"Fishing mortality",0.131515380914359
"Year_2018",2018,1990,"Fishing mortality",0.200175730986359
"Year_2018",2018,1991,"Fishing mortality",0.237461843359449
"Year_2018",2018,1992,"Fishing mortality",0.31343826169892
"Year_2018",2018,1993,"Fishing mortality",0.19990737982386
"Year_2018",2018,1994,"Fishing mortality",0.157199964688178
"Year_2018",2018,1995,"Fishing mortality",0.156391406257158
"Year_2018",2018,1996,"Fishing mortality",0.182361983358633
"Year_2018",2018,1997,"Fishing mortality",0.183254215352024
"Year_2018",2018,1998,"Fishing mortality",0.15480719649706
"Year_2018",2018,1999,"Fishing mortality",0.125253873411933
"Year_2018",2018,2000,"Fishing mortality",0.141445295589721
"Year_2018",2018,2001,"Fishing mortality",0.164993162238553
"Year_2018",2018,2002,"Fishing mortality",0.194616552378441
"Year_2018",2018,2003,"Fishing mortality",0.209889726122499
"Year_2018",2018,2004,"Fishing mortality",0.191336303448743
"Year_2018",2018,2005,"Fishing mortality",0.182940378297977
"Year_2018",2018,2006,"Fishing mortality",0.225416649000813
"Year_2018",2018,2007,"Fishing mortality",0.240366178129167
"Year_2018",2018,2008,"Fishing mortality",0.257655130341413
"Year_2018",2018,2009,"Fishing mortality",0.241873877248748
"Year_2018",2018,2010,"Fishing mortality",0.199959851159354
"Year_2018",2018,2011,"Fishing mortality",0.271657750038117
"Year_2018",2018,2012,"Fishing mortality",0.266579927767622
"Year_2018",2018,2013,"Fishing mortality",0.245883041478362
"Year_2018",2018,2014,"Fishing mortality",0.225240449772107
"Year_2018",2018,2015,"Fishing mortality",0.232513899264523
"Year_2018",2018,2016,"Fishing mortality",0.1606098863566
"Year_2018",2018,2017,"Fishing mortality",0.147597979224652
"Year_2018",2018,2018,"Fishing mortality",0.125787772917439
"Year_2019",2019,1964,"Spawning biomass",1343.09670078978
"Year_2019",2019,1965,"Spawning biomass",1372.35201096464
"Year_2019",2019,1966,"Spawning biomass",1395.48100618475
"Year_2019",2019,1967,"Spawning biomass",1506.37917850833
"Year_2019",2019,1968,"Spawning biomass",1672.9816218935
"Year_2019",2019,1969,"Spawning biomass",1895.64265716144
"Year_2019",2019,1970,"Spawning biomass",2007.00830777713
"Year_2019",2019,1971,"Spawning biomass",2119.16133468754
"Year_2019",2019,1972,"Spawning biomass",1981.2072400413
"Year_2019",2019,1973,"Spawning biomass",1701.35040471763
"Year_2019",2019,1974,"Spawning biomass",1299.01203079633
"Year_2019",2019,1975,"Spawning biomass",1207.56639696393
"Year_2019",2019,1976,"Spawning biomass",1131.08121967624
"Year_2019",2019,1977,"Spawning biomass",1321.99289305755
"Year_2019",2019,1978,"Spawning biomass",1178.24279248702
"Year_2019",2019,1979,"Spawning biomass",1091.37244035525
"Year_2019",2019,1980,"Spawning biomass",1300.30920552454
"Year_2019",2019,1981,"Spawning biomass",1982.47687236015
"Year_2019",2019,1982,"Spawning biomass",2741.25143697658
"Year_2019",2019,1983,"Spawning biomass",3654.89410138233
"Year_2019",2019,1984,"Spawning biomass",3770.2847203286
"Year_2019",2019,1985,"Spawning biomass",4282.99915341355
"Year_2019",2019,1986,"Spawning biomass",4159.1019569525
"Year_2019",2019,1987,"Spawning biomass",4172.49616330411
"Year_2019",2019,1988,"Spawning biomass",3928.48476648789
"Year_2019",2019,1989,"Spawning biomass",3402.31207849636
"Year_2019",2019,1990,"Spawning biomass",2890.80331239004
"Year_2019",2019,1991,"Spawning biomass",2339.83973211442
"Year_2019",2019,1992,"Spawning biomass",2219.56947332406
"Year_2019",2019,1993,"Spawning biomass",2897.4241693543
"Year_2019",2019,1994,"Spawning biomass",3363.364485467
"Year_2019",2019,1995,"Spawning biomass",3598.66122430532
"Year_2019",2019,1996,"Spawning biomass",3538.4858309962
"Year_2019",2019,1997,"Spawning biomass",3444.43604512415
"Year_2019",2019,1998,"Spawning biomass",2931.08170206459
"Year_2019",2019,1999,"Spawning biomass",3052.8062908996
"Year_2019",2019,2000,"Spawning biomass",2935.78614094937
"Year_2019",2019,2001,"Spawning biomass",2975.27846997248
"Year_2019",2019,2002,"Spawning biomass",2767.18016535314
"Year_2019",2019,2003,"Spawning biomass",2791.06877842527
"Year_2019",2019,2004,"Spawning biomass",3083.17930679739
"Year_2019",2019,2005,"Spawning biomass",2714.98187688126
"Year_2019",2019,2006,"Spawning biomass",2487.45559837714
"Year_2019",2019,2007,"Spawning biomass",2050.58140258062
"Year_2019",2019,2008,"Spawning biomass",1579.29775674266
"Year_2019",2019,2009,"Spawning biomass",1667.65598119662
"Year_2019",2019,2010,"Spawning biomass",1700.85513537871
"Year_2019",2019,2011,"Spawning biomass",2096.90387438308
"Year_2019",2019,2012,"Spawning biomass",2593.31362690553
"Year_2019",2019,2013,"Spawning biomass",3010.78052557766
"Year_2019",2019,2014,"Spawning biomass",3055.21245931663
"Year_2019",2019,2015,"Spawning biomass",3207.50597308967
"Year_2019",2019,2016,"Spawning biomass",3954.09587079642
"Year_2019",2019,2017,"Spawning biomass",4712.42602631892
"Year_2019",2019,2018,"Spawning biomass",4507.3920086539
"Year_2019",2019,2019,"Spawning biomass",4524.33676714387
"Year_2019",2019,1964,"Total biomass",4813.06066671093
"Year_2019",2019,1965,"Total biomass",5190.63697422115
"Year_2019",2019,1966,"Total biomass",5412.29861684927
"Year_2019",2019,1967,"Total biomass",6154.47842697049
"Year_2019",2019,1968,"Total biomass",6802.75146338445
"Year_2019",2019,1969,"Total biomass",7389.19792057809
"Year_2019",2019,1970,"Total biomass",8093.33001144726
"Year_2019",2019,1971,"Total biomass",8021.31579962461
"Year_2019",2019,1972,"Total biomass",7284.80281826654
"Year_2019",2019,1973,"Total biomass",6538.12826152909
"Year_2019",2019,1974,"Total biomass",5506.88107248207
"Year_2019",2019,1975,"Total biomass",4739.75475979577
"Year_2019",2019,1976,"Total biomass",4340.12464752839
"Year_2019",2019,1977,"Total biomass",4080.3809296816
"Year_2019",2019,1978,"Total biomass",4373.33755848281
"Year_2019",2019,1979,"Total biomass",5625.33377107565
"Year_2019",2019,1980,"Total biomass",6407.64081400185
"Year_2019",2019,1981,"Total biomass",7947.21510168206
"Year_2019",2019,1982,"Total biomass",9569.21387516863
"Year_2019",2019,1983,"Total biomass",10896.8756715491
"Year_2019",2019,1984,"Total biomass",10596.9318840554
"Year_2019",2019,1985,"Total biomass",12451.3061452165
"Year_2019",2019,1986,"Total biomass",11247.5117874111
"Year_2019",2019,1987,"Total biomass",10823.3031516217
"Year_2019",2019,1988,"Total biomass",9744.90919774775
"Year_2019",2019,1989,"Total biomass",8295.14154694071
"Year_2019",2019,1990,"Total biomass",7943.8624163186
"Year_2019",2019,1991,"Total biomass",9056.54792287181
"Year_2019",2019,1992,"Total biomass",9973.44948126751
"Year_2019",2019,1993,"Total biomass",10589.5815467073
"Year_2019",2019,1994,"Total biomass",10802.6190141974
"Year_2019",2019,1995,"Total biomass",9043.1921148544
"Year_2019",2019,1996,"Total biomass",9448.12875434039
"Year_2019",2019,1997,"Total biomass",8827.42286663565
"Year_2019",2019,1998,"Total biomass",8986.889143534
"Year_2019",2019,1999,"Total biomass",9049.42725616123
"Year_2019",2019,2000,"Total biomass",9367.14396165047
"Year_2019",2019,2001,"Total biomass",9223.46687938196
"Year_2019",2019,2002,"Total biomass",9668.49802635123
"Year_2019",2019,2003,"Total biomass",10967.0032219296
"Year_2019",2019,2004,"Total biomass",10136.6931377421
"Year_2019",2019,2005,"Total biomass",8367.17820381534
"Year_2019",2019,2006,"Total biomass",7073.03069661757
"Year_2019",2019,2007,"Total biomass",6487.66772766416
"Year_2019",2019,2008,"Total biomass",5148.41994109833
"Year_2019",2019,2009,"Total biomass",6146.01684423584
"Year_2019",2019,2010,"Total biomass",8161.6221110788
"Year_2019",2019,2011,"Total biomass",9096.38892816055
"Year_2019",2019,2012,"Total biomass",9366.71603759366
"Year_2019",2019,2013,"Total biomass",10718.3622641295
"Year_2019",2019,2014,"Total biomass",12797.9768141369
"Year_2019",2019,2015,"Total biomass",15106.3096221359
"Year_2019",2019,2016,"Total biomass",17211.9105254676
"Year_2019",2019,2017,"Total biomass",15952.1357295164
"Year_2019",2019,2018,"Total biomass",13856.3327352263
"Year_2019",2019,2019,"Total biomass",13487.8268802587
"Year_2019",2019,1964,"Age-1 recruitment",5720.56826144175
"Year_2019",2019,1965,"Age-1 recruitment",23519.7997119219
"Year_2019",2019,1966,"Age-1 recruitment",15885.498636206
"Year_2019",2019,1967,"Age-1 recruitment",27247.5008490323
"Year_2019",2019,1968,"Age-1 recruitment",22467.2067061518
"Year_2019",2019,1969,"Age-1 recruitment",26316.4351001912
"Year_2019",2019,1970,"Age-1 recruitment",23373.509641304
"Year_2019",2019,1971,"Age-1 recruitment",13653.2387533358
"Year_2019",2019,1972,"Age-1 recruitment",10924.7608582889
"Year_2019",2019,1973,"Age-1 recruitment",26837.2351543223
"Year_2019",2019,1974,"Age-1 recruitment",19410.0040522555
"Year_2019",2019,1975,"Age-1 recruitment",16593.8015001242
"Year_2019",2019,1976,"Age-1 recruitment",13068.6606477907
"Year_2019",2019,1977,"Age-1 recruitment",14157.3115416463
"Year_2019",2019,1978,"Age-1 recruitment",26931.7666358426
"Year_2019",2019,1979,"Age-1 recruitment",63399.09644805
"Year_2019",2019,1980,"Age-1 recruitment",29825.3647270008
"Year_2019",2019,1981,"Age-1 recruitment",33469.2127203783
"Year_2019",2019,1982,"Age-1 recruitment",18742.2912522681
"Year_2019",2019,1983,"Age-1 recruitment",52128.7652258286
"Year_2019",2019,1984,"Age-1 recruitment",14322.4536719305
"Year_2019",2019,1985,"Age-1 recruitment",32955.9742848133
"Year_2019",2019,1986,"Age-1 recruitment",12826.3803627244
"Year_2019",2019,1987,"Age-1 recruitment",7329.4954043936
"Year_2019",2019,1988,"Age-1 recruitment",5695.18882930608
"Year_2019",2019,1989,"Age-1 recruitment",11931.6249198293
"Year_2019",2019,1990,"Age-1 recruitment",50660.9183637083
"Year_2019",2019,1991,"Age-1 recruitment",27520.305774548
"Year_2019",2019,1992,"Age-1 recruitment",23900.4455078773
"Year_2019",2019,1993,"Age-1 recruitment",46655.409437514
"Year_2019",2019,1994,"Age-1 recruitment",16075.1493816139
"Year_2019",2019,1995,"Age-1 recruitment",11262.4795303714
"Year_2019",2019,1996,"Age-1 recruitment",22841.8158603231
"Year_2019",2019,1997,"Age-1 recruitment",30521.6322134049
"Year_2019",2019,1998,"Age-1 recruitment",15039.1202582827
"Year_2019",2019,1999,"Age-1 recruitment",16311.4746146287
"Year_2019",2019,2000,"Age-1 recruitment",24914.941478368
"Year_2019",2019,2001,"Age-1 recruitment",34729.7775174498
"Year_2019",2019,2002,"Age-1 recruitment",23260.9949392568
"Year_2019",2019,2003,"Age-1 recruitment",14559.223981844
"Year_2019",2019,2004,"Age-1 recruitment",6621.9454960979
"Year_2019",2019,2005,"Age-1 recruitment",4704.18515609431
"Year_2019",2019,2006,"Age-1 recruitment",11695.0867818397
"Year_2019",2019,2007,"Age-1 recruitment",25172.7857191903
"Year_2019",2019,2008,"Age-1 recruitment",13920.3729730007
"Year_2019",2019,2009,"Age-1 recruitment",52199.2792799347
"Year_2019",2019,2010,"Age-1 recruitment",25188.1695905415
"Year_2019",2019,2011,"Age-1 recruitment",15952.7498225765
"Year_2019",2019,2012,"Age-1 recruitment",15276.5425980815
"Year_2019",2019,2013,"Age-1 recruitment",69114.8358528066
"Year_2019",2019,2014,"Age-1 recruitment",69602.8948132533
"Year_2019",2019,2015,"Age-1 recruitment",12002.9014229049
"Year_2019",2019,2016,"Age-1 recruitment",11296.1162047769
"Year_2019",2019,2017,"Age-1 recruitment",12906.1800136211
"Year_2019",2019,2018,"Age-1 recruitment",20749.8385871331
"Year_2019",2019,2019,"Age-1 recruitment",35831.6001086697
"Year_2019",2019,1964,"Fishing mortality",0.0530966635289967
"Year_2019",2019,1965,"Fishing mortality",0.0653129463824642
"Year_2019",2019,1966,"Fishing mortality",0.069064827874358
"Year_2019",2019,1967,"Fishing mortality",0.130586331160353
"Year_2019",2019,1968,"Fishing mortality",0.139140536809019
"Year_2019",2019,1969,"Fishing mortality",0.148481878368088
"Year_2019",2019,1970,"Fishing mortality",0.215088617264171
"Year_2019",2019,1971,"Fishing mortality",0.306805648529547
"Year_2019",2019,1972,"Fishing mortality",0.349854384369239
"Year_2019",2019,1973,"Fishing mortality",0.403513510978135
"Year_2019",2019,1974,"Fishing mortality",0.438783141788267
"Year_2019",2019,1975,"Fishing mortality",0.368300574894768
"Year_2019",2019,1976,"Fishing mortality",0.339047889098297
"Year_2019",2019,1977,"Fishing mortality",0.315829208853798
"Year_2019",2019,1978,"Fishing mortality",0.351569485562752
"Year_2019",2019,1979,"Fishing mortality",0.363686873152039
"Year_2019",2019,1980,"Fishing mortality",0.329322427507421
"Year_2019",2019,1981,"Fishing mortality",0.233927031092861
"Year_2019",2019,1982,"Fishing mortality",0.151161032757499
"Year_2019",2019,1983,"Fishing mortality",0.126591847445863
"Year_2019",2019,1984,"Fishing mortality",0.124995272120031
"Year_2019",2019,1985,"Fishing mortality",0.127174111735048
"Year_2019",2019,1986,"Fishing mortality",0.119679339564765
"Year_2019",2019,1987,"Fishing mortality",0.089656645147393
"Year_2019",2019,1988,"Fishing mortality",0.126675481347912
"Year_2019",2019,1989,"Fishing mortality",0.133950575472555
"Year_2019",2019,1990,"Fishing mortality",0.204241196451966
"Year_2019",2019,1991,"Fishing mortality",0.244277831773646
"Year_2019",2019,1992,"Fishing mortality",0.324989872610369
"Year_2019",2019,1993,"Fishing mortality",0.208718245089059
"Year_2019",2019,1994,"Fishing mortality",0.163773675685617
"Year_2019",2019,1995,"Fishing mortality",0.162309152924958
"Year_2019",2019,1996,"Fishing mortality",0.189536273017661
"Year_2019",2019,1997,"Fishing mortality",0.191689564180132
"Year_2019",2019,1998,"Fishing mortality",0.161943510507998
"Year_2019",2019,1999,"Fishing mortality",0.130734422144638
"Year_2019",2019,2000,"Fishing mortality",0.14698316554323
"Year_2019",2019,2001,"Fishing mortality",0.170869374803495
"Year_2019",2019,2002,"Fishing mortality",0.201682911596944
"Year_2019",2019,2003,"Fishing mortality",0.21771893167387
"Year_2019",2019,2004,"Fishing mortality",0.198387956317386
"Year_2019",2019,2005,"Fishing mortality",0.189259296851134
"Year_2019",2019,2006,"Fishing mortality",0.233314979730585
"Year_2019",2019,2007,"Fishing mortality",0.250083278683533
"Year_2019",2019,2008,"Fishing mortality",0.271308535489534
"Year_2019",2019,2009,"Fishing mortality",0.258503669922517
"Year_2019",2019,2010,"Fishing mortality",0.216429398979531
"Year_2019",2019,2011,"Fishing mortality",0.297867656354054
"Year_2019",2019,2012,"Fishing mortality",0.304094867757789
"Year_2019",2019,2013,"Fishing mortality",0.29683893044462
"Year_2019",2019,2014,"Fishing mortality",0.292172995886117
"Year_2019",2019,2015,"Fishing mortality",0.33057097608029
"Year_2019",2019,2016,"Fishing mortality",0.240668574397234
"Year_2019",2019,2017,"Fishing mortality",0.234998577169518
"Year_2019",2019,2018,"Fishing mortality",0.190786070848649
"Year_2019",2019,2019,"Fishing mortality",0.186968737375964
"Year_2020",2020,1964,"Spawning biomass",1343.89691327307
"Year_2020",2020,1965,"Spawning biomass",1372.04301954406
"Year_2020",2020,1966,"Spawning biomass",1394.29012812399
"Year_2020",2020,1967,"Spawning biomass",1504.32604077758
"Year_2020",2020,1968,"Spawning biomass",1669.99125131128
"Year_2020",2020,1969,"Spawning biomass",1891.71829486656
"Year_2020",2020,1970,"Spawning biomass",2002.39208575947
"Year_2020",2020,1971,"Spawning biomass",2113.57063876956
"Year_2020",2020,1972,"Spawning biomass",1974.83856388096
"Year_2020",2020,1973,"Spawning biomass",1694.09937712761
"Year_2020",2020,1974,"Spawning biomass",1291.00591972941
"Year_2020",2020,1975,"Spawning biomass",1197.00740066153
"Year_2020",2020,1976,"Spawning biomass",1117.29333669938
"Year_2020",2020,1977,"Spawning biomass",1299.16832226296
"Year_2020",2020,1978,"Spawning biomass",1150.18221853851
"Year_2020",2020,1979,"Spawning biomass",1056.7124682109
"Year_2020",2020,1980,"Spawning biomass",1251.59672418817
"Year_2020",2020,1981,"Spawning biomass",1911.79567376815
"Year_2020",2020,1982,"Spawning biomass",2654.57173383795
"Year_2020",2020,1983,"Spawning biomass",3564.95307273341
"Year_2020",2020,1984,"Spawning biomass",3705.05872125052
"Year_2020",2020,1985,"Spawning biomass",4242.34216642847
"Year_2020",2020,1986,"Spawning biomass",4137.29687281752
"Year_2020",2020,1987,"Spawning biomass",4162.66077509996
"Year_2020",2020,1988,"Spawning biomass",3925.8193388594
"Year_2020",2020,1989,"Spawning biomass",3403.92015799575
"Year_2020",2020,1990,"Spawning biomass",2894.94841618435
"Year_2020",2020,1991,"Spawning biomass",2345.05308165595
"Year_2020",2020,1992,"Spawning biomass",2223.74383186725
"Year_2020",2020,1993,"Spawning biomass",2899.60388353177
"Year_2020",2020,1994,"Spawning biomass",3363.35866825534
"Year_2020",2020,1995,"Spawning biomass",3596.8344235421
"Year_2020",2020,1996,"Spawning biomass",3535.6518507211
"Year_2020",2020,1997,"Spawning biomass",3441.15071828836
"Year_2020",2020,1998,"Spawning biomass",2928.25377067297
"Year_2020",2020,1999,"Spawning biomass",3050.2422673948
"Year_2020",2020,2000,"Spawning biomass",2933.78576663279
"Year_2020",2020,2001,"Spawning biomass",2973.91366596243
"Year_2020",2020,2002,"Spawning biomass",2766.86615221774
"Year_2020",2020,2003,"Spawning biomass",2792.29273432154
"Year_2020",2020,2004,"Spawning biomass",3086.57517519942
"Year_2020",2020,2005,"Spawning biomass",2720.01988176968
"Year_2020",2020,2006,"Spawning biomass",2494.93379118193
"Year_2020",2020,2007,"Spawning biomass",2060.62400994867
"Year_2020",2020,2008,"Spawning biomass",1591.73407097119
"Year_2020",2020,2009,"Spawning biomass",1687.07793882154
"Year_2020",2020,2010,"Spawning biomass",1725.39396638226
"Year_2020",2020,2011,"Spawning biomass",2127.27088495124
"Year_2020",2020,2012,"Spawning biomass",2619.0650665829
"Year_2020",2020,2013,"Spawning biomass",3013.18176213027
"Year_2020",2020,2014,"Spawning biomass",2992.80388481826
"Year_2020",2020,2015,"Spawning biomass",2818.42507008293
"Year_2020",2020,2016,"Spawning biomass",3070.73891404593
"Year_2020",2020,2017,"Spawning biomass",3443.57023803133
"Year_2020",2020,2018,"Spawning biomass",3218.14126192793
"Year_2020",2020,2019,"Spawning biomass",3196.77397446828
"Year_2020",2020,2020,"Spawning biomass",2731.00960669608
"Year_2020",2020,1964,"Total biomass",4814.50124660251
"Year_2020",2020,1965,"Total biomass",5188.57321477779
"Year_2020",2020,1966,"Total biomass",5407.70135375687
"Year_2020",2020,1967,"Total biomass",6146.61220917531
"Year_2020",2020,1968,"Total biomass",6791.63131381668
"Year_2020",2020,1969,"Total biomass",7375.63208057837
"Year_2020",2020,1970,"Total biomass",8076.71629146242
"Year_2020",2020,1971,"Total biomass",8002.43173765415
"Year_2020",2020,1972,"Total biomass",7263.69472085413
"Year_2020",2020,1973,"Total biomass",6512.94014689844
"Year_2020",2020,1974,"Total biomass",5476.2603839829
"Year_2020",2020,1975,"Total biomass",4700.57450969021
"Year_2020",2020,1976,"Total biomass",4289.87278507196
"Year_2020",2020,1977,"Total biomass",4015.44363897545
"Year_2020",2020,1978,"Total biomass",4282.43786136341
"Year_2020",2020,1979,"Total biomass",5488.13294139061
"Year_2020",2020,1980,"Total biomass",6245.27776743276
"Year_2020",2020,1981,"Total biomass",7768.66776323322
"Year_2020",2020,1982,"Total biomass",9374.9722819887
"Year_2020",2020,1983,"Total biomass",10735.3597179201
"Year_2020",2020,1984,"Total biomass",10476.0443950439
"Year_2020",2020,1985,"Total biomass",12357.458837743
"Year_2020",2020,1986,"Total biomass",11188.6696370214
"Year_2020",2020,1987,"Total biomass",10806.6890826006
"Year_2020",2020,1988,"Total biomass",9742.02423404999
"Year_2020",2020,1989,"Total biomass",8300.65952855712
"Year_2020",2020,1990,"Total biomass",7950.89193062463
"Year_2020",2020,1991,"Total biomass",9062.21962462052
"Year_2020",2020,1992,"Total biomass",9976.51135625859
"Year_2020",2020,1993,"Total biomass",10588.9381146078
"Year_2020",2020,1994,"Total biomass",10799.4791568564
"Year_2020",2020,1995,"Total biomass",9038.78563625823
"Year_2020",2020,1996,"Total biomass",9441.57092405003
"Year_2020",2020,1997,"Total biomass",8820.83598668628
"Year_2020",2020,1998,"Total biomass",8979.98970103667
"Year_2020",2020,1999,"Total biomass",9043.42118397964
"Year_2020",2020,2000,"Total biomass",9362.45100328768
"Year_2020",2020,2001,"Total biomass",9221.09650816628
"Year_2020",2020,2002,"Total biomass",9670.32872147281
"Year_2020",2020,2003,"Total biomass",10975.4785125667
"Year_2020",2020,2004,"Total biomass",10150.6612100793
"Year_2020",2020,2005,"Total biomass",8384.68281575643
"Year_2020",2020,2006,"Total biomass",7094.69236542265
"Year_2020",2020,2007,"Total biomass",6522.21419215784
"Year_2020",2020,2008,"Total biomass",5190.5208635126
"Year_2020",2020,2009,"Total biomass",6209.30925114745
"Year_2020",2020,2010,"Total biomass",8231.86465235102
"Year_2020",2020,2011,"Total biomass",9139.67578093692
"Year_2020",2020,2012,"Total biomass",9340.52004006517
"Year_2020",2020,2013,"Total biomass",10237.300538715
"Year_2020",2020,2014,"Total biomass",11133.7171034771
"Year_2020",2020,2015,"Total biomass",12149.8179498649
"Year_2020",2020,2016,"Total biomass",13038.5506311564
"Year_2020",2020,2017,"Total biomass",11941.6994979787
"Year_2020",2020,2018,"Total biomass",10626.6568681722
"Year_2020",2020,2019,"Total biomass",13155.2697370339
"Year_2020",2020,2020,"Total biomass",15584.2306255173
"Year_2020",2020,1964,"Age-1 recruitment",5716.65868156259
"Year_2020",2020,1965,"Age-1 recruitment",23471.8411989177
"Year_2020",2020,1966,"Age-1 recruitment",15865.8587386212
"Year_2020",2020,1967,"Age-1 recruitment",27202.6110921453
"Year_2020",2020,1968,"Age-1 recruitment",22436.0280933711
"Year_2020",2020,1969,"Age-1 recruitment",26278.2719606679
"Year_2020",2020,1970,"Age-1 recruitment",23331.1131083097
"Year_2020",2020,1971,"Age-1 recruitment",13621.6170692503
"Year_2020",2020,1972,"Age-1 recruitment",10889.0052853143
"Year_2020",2020,1973,"Age-1 recruitment",26715.1666469233
"Year_2020",2020,1974,"Age-1 recruitment",19241.3682376339
"Year_2020",2020,1975,"Age-1 recruitment",16364.8553661741
"Year_2020",2020,1976,"Age-1 recruitment",12848.8792075307
"Year_2020",2020,1977,"Age-1 recruitment",13894.3467000374
"Year_2020",2020,1978,"Age-1 recruitment",26366.2134663869
"Year_2020",2020,1979,"Age-1 recruitment",62150.073159215
"Year_2020",2020,1980,"Age-1 recruitment",29676.0765316703
"Year_2020",2020,1981,"Age-1 recruitment",34037.6524133413
"Year_2020",2020,1982,"Age-1 recruitment",19208.0045852226
"Year_2020",2020,1983,"Age-1 recruitment",52396.7284152093
"Year_2020",2020,1984,"Age-1 recruitment",14388.8602171385
"Year_2020",2020,1985,"Age-1 recruitment",33090.2187922863
"Year_2020",2020,1986,"Age-1 recruitment",12863.3702500049
"Year_2020",2020,1987,"Age-1 recruitment",7346.29579357324
"Year_2020",2020,1988,"Age-1 recruitment",5704.3403965247
"Year_2020",2020,1989,"Age-1 recruitment",11932.7597906929
"Year_2020",2020,1990,"Age-1 recruitment",50612.7782787261
"Year_2020",2020,1991,"Age-1 recruitment",27480.9716316685
"Year_2020",2020,1992,"Age-1 recruitment",23869.1626752838
"Year_2020",2020,1993,"Age-1 recruitment",46607.3475175582
"Year_2020",2020,1994,"Age-1 recruitment",16067.6274884962
"Year_2020",2020,1995,"Age-1 recruitment",11258.5545292478
"Year_2020",2020,1996,"Age-1 recruitment",22835.9384466784
"Year_2020",2020,1997,"Age-1 recruitment",30520.9758468369
"Year_2020",2020,1998,"Age-1 recruitment",15036.5283841564
"Year_2020",2020,1999,"Age-1 recruitment",16312.9689230874
"Year_2020",2020,2000,"Age-1 recruitment",24934.9936376221
"Year_2020",2020,2001,"Age-1 recruitment",34768.3412711097
"Year_2020",2020,2002,"Age-1 recruitment",23319.2676835655
"Year_2020",2020,2003,"Age-1 recruitment",14613.0271950566
"Year_2020",2020,2004,"Age-1 recruitment",6662.35738426459
"Year_2020",2020,2005,"Age-1 recruitment",4743.17801180822
"Year_2020",2020,2006,"Age-1 recruitment",11806.7519072506
"Year_2020",2020,2007,"Age-1 recruitment",25489.3181732538
"Year_2020",2020,2008,"Age-1 recruitment",14119.5911810822
"Year_2020",2020,2009,"Age-1 recruitment",52261.6092300885
"Year_2020",2020,2010,"Age-1 recruitment",24498.8577866085
"Year_2020",2020,2011,"Age-1 recruitment",14940.9893005111
"Year_2020",2020,2012,"Age-1 recruitment",12789.281156901
"Year_2020",2020,2013,"Age-1 recruitment",46257.5362401899
"Year_2020",2020,2014,"Age-1 recruitment",48075.5168540324
"Year_2020",2020,2015,"Age-1 recruitment",16100.1514178347
"Year_2020",2020,2016,"Age-1 recruitment",9929.02343205235
"Year_2020",2020,2017,"Age-1 recruitment",14329.5210665317
"Year_2020",2020,2018,"Age-1 recruitment",28777.9767668957
"Year_2020",2020,2019,"Age-1 recruitment",143666.128813064
"Year_2020",2020,2020,"Age-1 recruitment",12624.5849103464
"Year_2020",2020,1964,"Fishing mortality",0.0530859925162973
"Year_2020",2020,1965,"Fishing mortality",0.0653704508602525
"Year_2020",2020,1966,"Fishing mortality",0.0691693743308512
"Year_2020",2020,1967,"Fishing mortality",0.130846515013227
"Year_2020",2020,1968,"Fishing mortality",0.139453856671268
"Year_2020",2020,1969,"Fishing mortality",0.148838057168111
"Year_2020",2020,1970,"Fishing mortality",0.21562172325863
"Year_2020",2020,1971,"Fishing mortality",0.30759178679043
"Year_2020",2020,1972,"Fishing mortality",0.350796117803129
"Year_2020",2020,1973,"Fishing mortality",0.404848890330738
"Year_2020",2020,1974,"Fishing mortality",0.440888866188442
"Year_2020",2020,1975,"Fishing mortality",0.370732320038726
"Year_2020",2020,1976,"Fishing mortality",0.342757554592073
"Year_2020",2020,1977,"Fishing mortality",0.32150514863154
"Year_2020",2020,1978,"Fishing mortality",0.360594895837705
"Year_2020",2020,1979,"Fishing mortality",0.376380187888374
"Year_2020",2020,1980,"Fishing mortality",0.343620022830844
"Year_2020",2020,1981,"Fishing mortality",0.244285562345647
"Year_2020",2020,1982,"Fishing mortality",0.156039942442498
"Year_2020",2020,1983,"Fishing mortality",0.12915107368865
"Year_2020",2020,1984,"Fishing mortality",0.126777261894833
"Year_2020",2020,1985,"Fishing mortality",0.128140621748691
"Year_2020",2020,1986,"Fishing mortality",0.11976405302884
"Year_2020",2020,1987,"Fishing mortality",0.0894897206165485
"Year_2020",2020,1988,"Fishing mortality",0.126192744159561
"Year_2020",2020,1989,"Fishing mortality",0.13343405076448
"Year_2020",2020,1990,"Fishing mortality",0.203406199154514
"Year_2020",2020,1991,"Fishing mortality",0.243692589892963
"Year_2020",2020,1992,"Fishing mortality",0.323836306499318
"Year_2020",2020,1993,"Fishing mortality",0.207970417038393
"Year_2020",2020,1994,"Fishing mortality",0.163375407732045
"Year_2020",2020,1995,"Fishing mortality",0.162125131357868
"Year_2020",2020,1996,"Fishing mortality",0.189464807954093
"Year_2020",2020,1997,"Fishing mortality",0.191568544661384
"Year_2020",2020,1998,"Fishing mortality",0.161910069673624
"Year_2020",2020,1999,"Fishing mortality",0.130720570632615
"Year_2020",2020,2000,"Fishing mortality",0.146911917497709
"Year_2020",2020,2001,"Fishing mortality",0.170674988942706
"Year_2020",2020,2002,"Fishing mortality",0.201392375539183
"Year_2020",2020,2003,"Fishing mortality",0.217241397895867
"Year_2020",2020,2004,"Fishing mortality",0.197811410180308
"Year_2020",2020,2005,"Fishing mortality",0.188621032875247
"Year_2020",2020,2006,"Fishing mortality",0.232123337019726
"Year_2020",2020,2007,"Fishing mortality",0.248227043394758
"Year_2020",2020,2008,"Fishing mortality",0.268032841162192
"Year_2020",2020,2009,"Fishing mortality",0.253648123599267
"Year_2020",2020,2010,"Fishing mortality",0.210122392378214
"Year_2020",2020,2011,"Fishing mortality",0.284574430121013
"Year_2020",2020,2012,"Fishing mortality",0.279525819782301
"Year_2020",2020,2013,"Fishing mortality",0.259169510763865
"Year_2020",2020,2014,"Fishing mortality",0.239025460228359
"Year_2020",2020,2015,"Fishing mortality",0.25098931291268
"Year_2020",2020,2016,"Fishing mortality",0.18222889033403
"Year_2020",2020,2017,"Fishing mortality",0.174304806568835
"Year_2020",2020,2018,"Fishing mortality",0.144078485320696
"Year_2020",2020,2019,"Fishing mortality",0.158291040208876
"Year_2020",2020,2020,"Fishing mortality",0.214463488778191
"Year_2021",2021,1964,"Spawning biomass",1317.86721767111
"Year_2021",2021,1965,"Spawning biomass",1345.71019307427
"Year_2021",2021,1966,"Spawning biomass",1367.64952991687
"Year_2021",2021,1967,"Spawning biomass",1477.03229889125
"Year_2021",2021,1968,"Spawning biomass",1641.56739823761
"Year_2021",2021,1969,"Spawning biomass",1862.53911277501
"Year_2021",2021,1970,"Spawning biomass",1974.47732749498
"Year_2021",2021,1971,"Spawning biomass",2086.22012250255
"Year_2021",2021,1972,"Spawning biomass",1949.60797404465
"Year_2021",2021,1973,"Spawning biomass",1670.29999063885
"Year_2021",2021,1974,"Spawning biomass",1268.39823690817
"Year_2021",2021,1975,"Spawning biomass",1172.78068229387
"Year_2021",2021,1976,"Spawning biomass",1091.86671485867
"Year_2021",2021,1977,"Spawning biomass",1263.67108526218
"Year_2021",2021,1978,"Spawning biomass",1109.59190179977
"Year_2021",2021,1979,"Spawning biomass",1008.50566190809
"Year_2021",2021,1980,"Spawning biomass",1186.03319127188
"Year_2021",2021,1981,"Spawning biomass",1823.96541817214
"Year_2021",2021,1982,"Spawning biomass",2555.33119405824
"Year_2021",2021,1983,"Spawning biomass",3466.57645417928
"Year_2021",2021,1984,"Spawning biomass",3626.69776923865
"Year_2021",2021,1985,"Spawning biomass",4171.94535105628
"Year_2021",2021,1986,"Spawning biomass",4074.01466798679
"Year_2021",2021,1987,"Spawning biomass",4099.43485772829
"Year_2021",2021,1988,"Spawning biomass",3862.07318197433
"Year_2021",2021,1989,"Spawning biomass",3341.63082905371
"Year_2021",2021,1990,"Spawning biomass",2832.5605017022
"Year_2021",2021,1991,"Spawning biomass",2283.07868861967
"Year_2021",2021,1992,"Spawning biomass",2164.6183045481
"Year_2021",2021,1993,"Spawning biomass",2834.66325244616
"Year_2021",2021,1994,"Spawning biomass",3292.83365198787
"Year_2021",2021,1995,"Spawning biomass",3519.92714627098
"Year_2021",2021,1996,"Spawning biomass",3456.38824020002
"Year_2021",2021,1997,"Spawning biomass",3360.31128688569
"Year_2021",2021,1998,"Spawning biomass",2855.88217453899
"Year_2021",2021,1999,"Spawning biomass",2976.5676341693
"Year_2021",2021,2000,"Spawning biomass",2864.44179707314
"Year_2021",2021,2001,"Spawning biomass",2903.52551484004
"Year_2021",2021,2002,"Spawning biomass",2699.05452154027
"Year_2021",2021,2003,"Spawning biomass",2725.67726250509
"Year_2021",2021,2004,"Spawning biomass",3016.85312008487
"Year_2021",2021,2005,"Spawning biomass",2655.73798834661
"Year_2021",2021,2006,"Spawning biomass",2430.40125486054
"Year_2021",2021,2007,"Spawning biomass",1998.32239301047
"Year_2021",2021,2008,"Spawning biomass",1534.50832042454
"Year_2021",2021,2009,"Spawning biomass",1625.65170102069
"Year_2021",2021,2010,"Spawning biomass",1662.34378988619
"Year_2021",2021,2011,"Spawning biomass",2037.79555931854
"Year_2021",2021,2012,"Spawning biomass",2484.42644755368
"Year_2021",2021,2013,"Spawning biomass",2830.50771685881
"Year_2021",2021,2014,"Spawning biomass",2779.50228639478
"Year_2021",2021,2015,"Spawning biomass",2581.3636839478
"Year_2021",2021,2016,"Spawning biomass",2813.86626298037
"Year_2021",2021,2017,"Spawning biomass",3176.75272991297
"Year_2021",2021,2018,"Spawning biomass",2906.97095223423
"Year_2021",2021,2019,"Spawning biomass",2657.03546613522
"Year_2021",2021,2020,"Spawning biomass",1864.19643688225
"Year_2021",2021,2021,"Spawning biomass",3139.08152070085
"Year_2021",2021,1964,"Total biomass",4725.81502153973
"Year_2021",2021,1965,"Total biomass",5098.25497952076
"Year_2021",2021,1966,"Total biomass",5317.49726721013
"Year_2021",2021,1967,"Total biomass",6054.84457670912
"Year_2021",2021,1968,"Total biomass",6697.8218258039
"Year_2021",2021,1969,"Total biomass",7283.81636234294
"Year_2021",2021,1970,"Total biomass",7986.43412463934
"Year_2021",2021,1971,"Total biomass",7915.80616329528
"Year_2021",2021,1972,"Total biomass",7183.11241845086
"Year_2021",2021,1973,"Total biomass",6437.5773064591
"Year_2021",2021,1974,"Total biomass",5402.47788625068
"Year_2021",2021,1975,"Total biomass",4623.70889623863
"Year_2021",2021,1976,"Total biomass",4205.63359128311
"Year_2021",2021,1977,"Total biomass",3916.93363294539
"Year_2021",2021,1978,"Total biomass",4154.8639100812
"Year_2021",2021,1979,"Total biomass",5316.19033267678
"Year_2021",2021,1980,"Total biomass",6050.64101903964
"Year_2021",2021,1981,"Total biomass",7558.31727867154
"Year_2021",2021,1982,"Total biomass",9140.25284973818
"Year_2021",2021,1983,"Total biomass",10522.0902839246
"Year_2021",2021,1984,"Total biomass",10287.7412017955
"Year_2021",2021,1985,"Total biomass",12157.2692838732
"Year_2021",2021,1986,"Total biomass",11013.1654586138
"Year_2021",2021,1987,"Total biomass",10639.537824787
"Year_2021",2021,1988,"Total biomass",9585.63053304452
"Year_2021",2021,1989,"Total biomass",8158.22964888314
"Year_2021",2021,1990,"Total biomass",7802.67805901019
"Year_2021",2021,1991,"Total biomass",8894.25038267164
"Year_2021",2021,1992,"Total biomass",9798.75622133429
"Year_2021",2021,1993,"Total biomass",10398.6836746613
"Year_2021",2021,1994,"Total biomass",10593.8374718069
"Year_2021",2021,1995,"Total biomass",8855.63167542396
"Year_2021",2021,1996,"Total biomass",9245.55557274669
"Year_2021",2021,1997,"Total biomass",8632.69948483761
"Year_2021",2021,1998,"Total biomass",8788.02760929377
"Year_2021",2021,1999,"Total biomass",8851.5337680949
"Year_2021",2021,2000,"Total biomass",9171.89903667316
"Year_2021",2021,2001,"Total biomass",9033.73242088387
"Year_2021",2021,2002,"Total biomass",9480.83456069646
"Year_2021",2021,2003,"Total biomass",10770.3694203865
"Year_2021",2021,2004,"Total biomass",9955.52433203563
"Year_2021",2021,2005,"Total biomass",8212.69167302935
"Year_2021",2021,2006,"Total biomass",6933.72721853892
"Year_2021",2021,2007,"Total biomass",6354.19291298951
"Year_2021",2021,2008,"Total biomass",5035.74159761462
"Year_2021",2021,2009,"Total biomass",6004.93576386629
"Year_2021",2021,2010,"Total biomass",7926.42309185927
"Year_2021",2021,2011,"Total biomass",8748.12467153429
"Year_2021",2021,2012,"Total biomass",8871.6032076971
"Year_2021",2021,2013,"Total biomass",9630.10533164862
"Year_2021",2021,2014,"Total biomass",10418.0633747599
"Year_2021",2021,2015,"Total biomass",11354.4628654133
"Year_2021",2021,2016,"Total biomass",12142.5470930194
"Year_2021",2021,2017,"Total biomass",10878.1590981714
"Year_2021",2021,2018,"Total biomass",8939.73596050865
"Year_2021",2021,2019,"Total biomass",11517.0131236925
"Year_2021",2021,2020,"Total biomass",15902.3826626585
"Year_2021",2021,2021,"Total biomass",18839.0013443627
"Year_2021",2021,1964,"Age-1 recruitment",5641.00124356296
"Year_2021",2021,1965,"Age-1 recruitment",23278.0925783208
"Year_2021",2021,1966,"Age-1 recruitment",15750.7398277258
"Year_2021",2021,1967,"Age-1 recruitment",27092.2845792437
"Year_2021",2021,1968,"Age-1 recruitment",22371.5186238543
"Year_2021",2021,1969,"Age-1 recruitment",26240.7019290857
"Year_2021",2021,1970,"Age-1 recruitment",23296.8377484723
"Year_2021",2021,1971,"Age-1 recruitment",13570.6795650598
"Year_2021",2021,1972,"Age-1 recruitment",10835.1555629756
"Year_2021",2021,1973,"Age-1 recruitment",26618.1405444069
"Year_2021",2021,1974,"Age-1 recruitment",19049.020513135
"Year_2021",2021,1975,"Age-1 recruitment",16083.8576055099
"Year_2021",2021,1976,"Age-1 recruitment",12563.6994013016
"Year_2021",2021,1977,"Age-1 recruitment",13540.6986694867
"Year_2021",2021,1978,"Age-1 recruitment",25660.2759038708
"Year_2021",2021,1979,"Age-1 recruitment",61033.1348588646
"Year_2021",2021,1980,"Age-1 recruitment",29682.0428423485
"Year_2021",2021,1981,"Age-1 recruitment",34571.5464472405
"Year_2021",2021,1982,"Age-1 recruitment",19098.6055536006
"Year_2021",2021,1983,"Age-1 recruitment",51996.3284510743
"Year_2021",2021,1984,"Age-1 recruitment",14221.5572867178
"Year_2021",2021,1985,"Age-1 recruitment",32579.1378350398
"Year_2021",2021,1986,"Age-1 recruitment",12618.4801976698
"Year_2021",2021,1987,"Age-1 recruitment",7195.85596614453
"Year_2021",2021,1988,"Age-1 recruitment",5580.23917211845
"Year_2021",2021,1989,"Age-1 recruitment",11751.5205186798
"Year_2021",2021,1990,"Age-1 recruitment",50184.5643527993
"Year_2021",2021,1991,"Age-1 recruitment",27174.8515929017
"Year_2021",2021,1992,"Age-1 recruitment",23490.0234099375
"Year_2021",2021,1993,"Age-1 recruitment",45843.8625838334
"Year_2021",2021,1994,"Age-1 recruitment",15793.3013936841
"Year_2021",2021,1995,"Age-1 recruitment",11075.9739878356
"Year_2021",2021,1996,"Age-1 recruitment",22543.6362550062
"Year_2021",2021,1997,"Age-1 recruitment",30198.0214184471
"Year_2021",2021,1998,"Age-1 recruitment",14855.5523030263
"Year_2021",2021,1999,"Age-1 recruitment",16105.3077773917
"Year_2021",2021,2000,"Age-1 recruitment",24649.0881065305
"Year_2021",2021,2001,"Age-1 recruitment",34434.8884205866
"Year_2021",2021,2002,"Age-1 recruitment",23013.14652665
"Year_2021",2021,2003,"Age-1 recruitment",14396.07247094
"Year_2021",2021,2004,"Age-1 recruitment",6560.9309363026
"Year_2021",2021,2005,"Age-1 recruitment",4649.24416611379
"Year_2021",2021,2006,"Age-1 recruitment",11580.6888505168
"Year_2021",2021,2007,"Age-1 recruitment",25026.7265331628
"Year_2021",2021,2008,"Age-1 recruitment",13590.1833168496
"Year_2021",2021,2009,"Age-1 recruitment",49695.3822977772
"Year_2021",2021,2010,"Age-1 recruitment",23079.5869829461
"Year_2021",2021,2011,"Age-1 recruitment",14027.3366565706
"Year_2021",2021,2012,"Age-1 recruitment",11990.5150839477
"Year_2021",2021,2013,"Age-1 recruitment",42706.9402661612
"Year_2021",2021,2014,"Age-1 recruitment",47875.5593532918
"Year_2021",2021,2015,"Age-1 recruitment",16326.0265455921
"Year_2021",2021,2016,"Age-1 recruitment",4401.51633929255
"Year_2021",2021,2017,"Age-1 recruitment",5998.79109571721
"Year_2021",2021,2018,"Age-1 recruitment",6768.91533896455
"Year_2021",2021,2019,"Age-1 recruitment",191390.554197849
"Year_2021",2021,2020,"Age-1 recruitment",82889.466361219
"Year_2021",2021,2021,"Age-1 recruitment",18614.26967985
"Year_2021",2021,1964,"Fishing mortality",0.0541538515734059
"Year_2021",2021,1965,"Fishing mortality",0.0666734146930745
"Year_2021",2021,1966,"Fishing mortality",0.0705249569234188
"Year_2021",2021,1967,"Fishing mortality",0.133456088131529
"Year_2021",2021,1968,"Fishing mortality",0.142055660711202
"Year_2021",2021,1969,"Fishing mortality",0.151593738813519
"Year_2021",2021,1970,"Fishing mortality",0.219676486102035
"Year_2021",2021,1971,"Fishing mortality",0.313455303928089
"Year_2021",2021,1972,"Fishing mortality",0.35722475158944
"Year_2021",2021,1973,"Fishing mortality",0.412597960075449
"Year_2021",2021,1974,"Fishing mortality",0.449962726834817
"Year_2021",2021,1975,"Fishing mortality",0.378456760354026
"Year_2021",2021,1976,"Fishing mortality",0.351350944587572
"Year_2021",2021,1977,"Fishing mortality",0.332208619548097
"Year_2021",2021,1978,"Fishing mortality",0.376146716505838
"Year_2021",2021,1979,"Fishing mortality",0.397209824088834
"Year_2021",2021,1980,"Fishing mortality",0.366364927768657
"Year_2021",2021,1981,"Fishing mortality",0.26048134618009
"Year_2021",2021,1982,"Fishing mortality",0.163988510356802
"Year_2021",2021,1983,"Fishing mortality",0.133822151945732
"Year_2021",2021,1984,"Fishing mortality",0.130074573970692
"Year_2021",2021,1985,"Fishing mortality",0.130756612932867
"Year_2021",2021,1986,"Fishing mortality",0.121820940349367
"Year_2021",2021,1987,"Fishing mortality",0.0910110930466722
"Year_2021",2021,1988,"Fishing mortality",0.128387249523367
"Year_2021",2021,1989,"Fishing mortality",0.135781770247127
"Year_2021",2021,1990,"Fishing mortality",0.207486773540946
"Year_2021",2021,1991,"Fishing mortality",0.250183170069719
"Year_2021",2021,1992,"Fishing mortality",0.335174854688339
"Year_2021",2021,1993,"Fishing mortality",0.216847808715835
"Year_2021",2021,1994,"Fishing mortality",0.170022058109918
"Year_2021",2021,1995,"Fishing mortality",0.168026143132835
"Year_2021",2021,1996,"Fishing mortality",0.196525942472246
"Year_2021",2021,1997,"Fishing mortality",0.199908590470957
"Year_2021",2021,1998,"Fishing mortality",0.168980228337063
"Year_2021",2021,1999,"Fishing mortality",0.136176378391171
"Year_2021",2021,2000,"Fishing mortality",0.15243637441513
"Year_2021",2021,2001,"Fishing mortality",0.176492994198833
"Year_2021",2021,2002,"Fishing mortality",0.208340038085802
"Year_2021",2021,2003,"Fishing mortality",0.224862317391812
"Year_2021",2021,2004,"Fishing mortality",0.204577153599226
"Year_2021",2021,2005,"Fishing mortality",0.194527039211313
"Year_2021",2021,2006,"Fishing mortality",0.23927160151921
"Year_2021",2021,2007,"Fishing mortality",0.256754570574794
"Year_2021",2021,2008,"Fishing mortality",0.27965571549091
"Year_2021",2021,2009,"Fishing mortality",0.267194875481341
"Year_2021",2021,2010,"Fishing mortality",0.222294786100868
"Year_2021",2021,2011,"Fishing mortality",0.301077185861321
"Year_2021",2021,2012,"Fishing mortality",0.298675371957734
"Year_2021",2021,2013,"Fishing mortality",0.281596280771431
"Year_2021",2021,2014,"Fishing mortality",0.26430786907584
"Year_2021",2021,2015,"Fishing mortality",0.284738635525877
"Year_2021",2021,2016,"Fishing mortality",0.211362957868955
"Year_2021",2021,2017,"Fishing mortality",0.208252051064353
"Year_2021",2021,2018,"Fishing mortality",0.177175412646557
"Year_2021",2021,2019,"Fishing mortality",0.204595056573989
"Year_2021",2021,2020,"Fishing mortality",0.298041119823384
"Year_2021",2021,2021,"Fishing mortality",0.338445835654189
"Year_2022",2022,1964,"Spawning biomass",1319.13490180324
"Year_2022",2022,1965,"Spawning biomass",1347.72852493802
"Year_2022",2022,1966,"Spawning biomass",1370.27315372281
"Year_2022",2022,1967,"Spawning biomass",1480.28488845997
"Year_2022",2022,1968,"Spawning biomass",1645.54392253927
"Year_2022",2022,1969,"Spawning biomass",1867.22361022441
"Year_2022",2022,1970,"Spawning biomass",1979.57416089308
"Year_2022",2022,1971,"Spawning biomass",2091.97567178989
"Year_2022",2022,1972,"Spawning biomass",1955.77775426538
"Year_2022",2022,1973,"Spawning biomass",1677.00920512999
"Year_2022",2022,1974,"Spawning biomass",1275.5539153975
"Year_2022",2022,1975,"Spawning biomass",1181.68225841478
"Year_2022",2022,1976,"Spawning biomass",1102.86649781874
"Year_2022",2022,1977,"Spawning biomass",1281.45158591501
"Year_2022",2022,1978,"Spawning biomass",1131.66975011476
"Year_2022",2022,1979,"Spawning biomass",1036.45692099321
"Year_2022",2022,1980,"Spawning biomass",1226.58375462642
"Year_2022",2022,1981,"Spawning biomass",1884.02275018267
"Year_2022",2022,1982,"Spawning biomass",2629.29232394286
"Year_2022",2022,1983,"Spawning biomass",3543.4578978996
"Year_2022",2022,1984,"Spawning biomass",3684.54932413651
"Year_2022",2022,1985,"Spawning biomass",4212.76017062944
"Year_2022",2022,1986,"Spawning biomass",4100.62647910087
"Year_2022",2022,1987,"Spawning biomass",4116.85029088411
"Year_2022",2022,1988,"Spawning biomass",3873.48754796146
"Year_2022",2022,1989,"Spawning biomass",3349.01238134178
"Year_2022",2022,1990,"Spawning biomass",2837.54970271964
"Year_2022",2022,1991,"Spawning biomass",2286.71804739394
"Year_2022",2022,1992,"Spawning biomass",2167.72192143128
"Year_2022",2022,1993,"Spawning biomass",2838.23117806221
"Year_2022",2022,1994,"Spawning biomass",3297.00946400379
"Year_2022",2022,1995,"Spawning biomass",3524.7059287234
"Year_2022",2022,1996,"Spawning biomass",3461.46711913163
"Year_2022",2022,1997,"Spawning biomass",3365.5555567171
"Year_2022",2022,1998,"Spawning biomass",2860.57462234402
"Year_2022",2022,1999,"Spawning biomass",2981.36152583496
"Year_2022",2022,2000,"Spawning biomass",2868.94102319603
"Year_2022",2022,2001,"Spawning biomass",2908.02960316208
"Year_2022",2022,2002,"Spawning biomass",2703.32296252332
"Year_2022",2022,2003,"Spawning biomass",2729.77165828812
"Year_2022",2022,2004,"Spawning biomass",3020.95892904954
"Year_2022",2022,2005,"Spawning biomass",2659.30508502326
"Year_2022",2022,2006,"Spawning biomass",2433.7398688446
"Year_2022",2022,2007,"Spawning biomass",2001.27523076521
"Year_2022",2022,2008,"Spawning biomass",1536.87158473993
"Year_2022",2022,2009,"Spawning biomass",1627.605161411
"Year_2022",2022,2010,"Spawning biomass",1663.78463024947
"Year_2022",2022,2011,"Spawning biomass",2038.91636399296
"Year_2022",2022,2012,"Spawning biomass",2486.41141327004
"Year_2022",2022,2013,"Spawning biomass",2835.82513921685
"Year_2022",2022,2014,"Spawning biomass",2791.1930477749
"Year_2022",2022,2015,"Spawning biomass",2600.94542649176
"Year_2022",2022,2016,"Spawning biomass",2849.66303420094
"Year_2022",2022,2017,"Spawning biomass",3273.82416187804
"Year_2022",2022,2018,"Spawning biomass",3094.40956359722
"Year_2022",2022,2019,"Spawning biomass",2979.29858990098
"Year_2022",2022,2020,"Spawning biomass",2284.88314300354
"Year_2022",2022,2021,"Spawning biomass",2716.03529631607
"Year_2022",2022,2022,"Spawning biomass",4073.68124246708
"Year_2022",2022,1964,"Total biomass",4730.98938150961
"Year_2022",2022,1965,"Total biomass",5105.87782706192
"Year_2022",2022,1966,"Total biomass",5326.81421446203
"Year_2022",2022,1967,"Total biomass",6066.49597496942
"Year_2022",2022,1968,"Total biomass",6711.85540633498
"Year_2022",2022,1969,"Total biomass",7299.43801672174
"Year_2022",2022,1970,"Total biomass",8004.10956716796
"Year_2022",2022,1971,"Total biomass",7934.87505505962
"Year_2022",2022,1972,"Total biomass",7203.36776881873
"Year_2022",2022,1973,"Total biomass",6460.07119949658
"Year_2022",2022,1974,"Total biomass",5428.46263638884
"Year_2022",2022,1975,"Total biomass",4655.75717968511
"Year_2022",2022,1976,"Total biomass",4245.99633805893
"Year_2022",2022,1977,"Total biomass",3969.25039942543
"Year_2022",2022,1978,"Total biomass",4229.3836559866
"Year_2022",2022,1979,"Total biomass",5430.53405138954
"Year_2022",2022,1980,"Total biomass",6186.90158087309
"Year_2022",2022,1981,"Total biomass",7709.77061586192
"Year_2022",2022,1982,"Total biomass",9310.27416933045
"Year_2022",2022,1983,"Total biomass",10668.6085973561
"Year_2022",2022,1984,"Total biomass",10402.5288274296
"Year_2022",2022,1985,"Total biomass",12255.6296189166
"Year_2022",2022,1986,"Total biomass",11082.5147054028
"Year_2022",2022,1987,"Total biomass",10675.1566817334
"Year_2022",2022,1988,"Total biomass",9609.27724075875
"Year_2022",2022,1989,"Total biomass",8173.56733558975
"Year_2022",2022,1990,"Total biomass",7814.89289734018
"Year_2022",2022,1991,"Total biomass",8906.24136066641
"Year_2022",2022,1992,"Total biomass",9809.9577857377
"Year_2022",2022,1993,"Total biomass",10410.4186381273
"Year_2022",2022,1994,"Total biomass",10606.4569245987
"Year_2022",2022,1995,"Total biomass",8867.06073599265
"Year_2022",2022,1996,"Total biomass",9258.08651791657
"Year_2022",2022,1997,"Total biomass",8644.9139551987
"Year_2022",2022,1998,"Total biomass",8800.59311117312
"Year_2022",2022,1999,"Total biomass",8864.15730581717
"Year_2022",2022,2000,"Total biomass",9184.57058731627
"Year_2022",2022,2001,"Total biomass",9046.02497858664
"Year_2022",2022,2002,"Total biomass",9493.05347642244
"Year_2022",2022,2003,"Total biomass",10783.1222892473
"Year_2022",2022,2004,"Total biomass",9966.88487006904
"Year_2022",2022,2005,"Total biomass",8222.03091959015
"Year_2022",2022,2006,"Total biomass",6941.79328532519
"Year_2022",2022,2007,"Total biomass",6361.48864404784
"Year_2022",2022,2008,"Total biomass",5041.16300102528
"Year_2022",2022,2009,"Total biomass",6009.55042956309
"Year_2022",2022,2010,"Total biomass",7932.22963634399
"Year_2022",2022,2011,"Total biomass",8757.04401240707
"Year_2022",2022,2012,"Total biomass",8887.5772272012
"Year_2022",2022,2013,"Total biomass",9665.73452529125
"Year_2022",2022,2014,"Total biomass",10494.5807127397
"Year_2022",2022,2015,"Total biomass",11538.6299837711
"Year_2022",2022,2016,"Total biomass",12498.6347525116
"Year_2022",2022,2017,"Total biomass",11468.6320541474
"Year_2022",2022,2018,"Total biomass",9880.40765849578
"Year_2022",2022,2019,"Total biomass",11008.015919594
"Year_2022",2022,2020,"Total biomass",12286.0978269549
"Year_2022",2022,2021,"Total biomass",12566.1249258165
"Year_2022",2022,2022,"Total biomass",14347.2751398562
"Year_2022",2022,1964,"Age-1 recruitment",5648.97520799335
"Year_2022",2022,1965,"Age-1 recruitment",23324.1865809119
"Year_2022",2022,1966,"Age-1 recruitment",15772.5161541862
"Year_2022",2022,1967,"Age-1 recruitment",27131.3019542302
"Year_2022",2022,1968,"Age-1 recruitment",22398.2152090731
"Year_2022",2022,1969,"Age-1 recruitment",26270.1548928086
"Year_2022",2022,1970,"Age-1 recruitment",23329.024559794
"Year_2022",2022,1971,"Age-1 recruitment",13596.9823319795
"Year_2022",2022,1972,"Age-1 recruitment",10864.1242706988
"Year_2022",2022,1973,"Age-1 recruitment",26698.6983820868
"Year_2022",2022,1974,"Age-1 recruitment",19173.300226206
"Year_2022",2022,1975,"Age-1 recruitment",16267.0428378758
"Year_2022",2022,1976,"Age-1 recruitment",12753.1501662989
"Year_2022",2022,1977,"Age-1 recruitment",13778.8967095632
"Year_2022",2022,1978,"Age-1 recruitment",26167.9867515648
"Year_2022",2022,1979,"Age-1 recruitment",62105.5631286328
"Year_2022",2022,1980,"Age-1 recruitment",29791.5317459158
"Year_2022",2022,1981,"Age-1 recruitment",34095.0842524353
"Year_2022",2022,1982,"Age-1 recruitment",18868.0099497199
"Year_2022",2022,1983,"Age-1 recruitment",51856.922667357
"Year_2022",2022,1984,"Age-1 recruitment",14188.3841220301
"Year_2022",2022,1985,"Age-1 recruitment",32518.8656819542
"Year_2022",2022,1986,"Age-1 recruitment",12609.4059431524
"Year_2022",2022,1987,"Age-1 recruitment",7196.18269115392
"Year_2022",2022,1988,"Age-1 recruitment",5584.40371093582
"Year_2022",2022,1989,"Age-1 recruitment",11761.3236894959
"Year_2022",2022,1990,"Age-1 recruitment",50218.1174656572
"Year_2022",2022,1991,"Age-1 recruitment",27199.1092082176
"Year_2022",2022,1992,"Age-1 recruitment",23515.9083491183
"Year_2022",2022,1993,"Age-1 recruitment",45893.9196591312
"Year_2022",2022,1994,"Age-1 recruitment",15812.9930601137
"Year_2022",2022,1995,"Age-1 recruitment",11086.5766087182
"Year_2022",2022,1996,"Age-1 recruitment",22564.7317421563
"Year_2022",2022,1997,"Age-1 recruitment",30221.080875803
"Year_2022",2022,1998,"Age-1 recruitment",14867.866260256
"Year_2022",2022,1999,"Age-1 recruitment",16122.5416255186
"Year_2022",2022,2000,"Age-1 recruitment",24670.2442528835
"Year_2022",2022,2001,"Age-1 recruitment",34456.4617610018
"Year_2022",2022,2002,"Age-1 recruitment",23029.2576939962
"Year_2022",2022,2003,"Age-1 recruitment",14403.6484754233
"Year_2022",2022,2004,"Age-1 recruitment",6564.64478804202
"Year_2022",2022,2005,"Age-1 recruitment",4650.91766649654
"Year_2022",2022,2006,"Age-1 recruitment",11584.101651742
"Year_2022",2022,2007,"Age-1 recruitment",25026.0258749134
"Year_2022",2022,2008,"Age-1 recruitment",13592.0833239788
"Year_2022",2022,2009,"Age-1 recruitment",49698.4088500985
"Year_2022",2022,2010,"Age-1 recruitment",23206.4644269421
"Year_2022",2022,2011,"Age-1 recruitment",14165.0496943369
"Year_2022",2022,2012,"Age-1 recruitment",12229.8061919902
"Year_2022",2022,2013,"Age-1 recruitment",43151.7083999474
"Year_2022",2022,2014,"Age-1 recruitment",48902.8227669522
"Year_2022",2022,2015,"Age-1 recruitment",20235.9564945666
"Year_2022",2022,2016,"Age-1 recruitment",7298.18850184803
"Year_2022",2022,2017,"Age-1 recruitment",8274.12086341553
"Year_2022",2022,2018,"Age-1 recruitment",16136.0787422704
"Year_2022",2022,2019,"Age-1 recruitment",104114.845702589
"Year_2022",2022,2020,"Age-1 recruitment",26870.5123992083
"Year_2022",2022,2021,"Age-1 recruitment",15416.1875373039
"Year_2022",2022,2022,"Age-1 recruitment",9192.90725635727
"Year_2022",2022,1964,"Fishing mortality",0.054086499255625
"Year_2022",2022,1965,"Fishing mortality",0.0665433612112021
"Year_2022",2022,1966,"Fishing mortality",0.0703591100663387
"Year_2022",2022,1967,"Fishing mortality",0.13309648500827
"Year_2022",2022,1968,"Fishing mortality",0.14166000290063
"Year_2022",2022,1969,"Fishing mortality",0.151158624748803
"Year_2022",2022,1970,"Fishing mortality",0.219032074235324
"Year_2022",2022,1971,"Fishing mortality",0.312512211119675
"Year_2022",2022,1972,"Fishing mortality",0.356135875646994
"Year_2022",2022,1973,"Fishing mortality",0.411134498340599
"Year_2022",2022,1974,"Fishing mortality",0.447869594821207
"Year_2022",2022,1975,"Fishing mortality",0.376271332590399
"Year_2022",2022,1976,"Fishing mortality",0.348185573806167
"Year_2022",2022,1977,"Fishing mortality",0.327364851512947
"Year_2022",2022,1978,"Fishing mortality",0.368210758044638
"Year_2022",2022,1979,"Fishing mortality",0.3856285602016
"Year_2022",2022,1980,"Fishing mortality",0.352845301612422
"Year_2022",2022,1981,"Fishing mortality",0.250538686100802
"Year_2022",2022,1982,"Fishing mortality",0.159386013830783
"Year_2022",2022,1983,"Fishing mortality",0.131382428331461
"Year_2022",2022,1984,"Fishing mortality",0.128329031763388
"Year_2022",2022,1985,"Fishing mortality",0.129682112106793
"Year_2022",2022,1986,"Fishing mortality",0.12145515501681
"Year_2022",2022,1987,"Fishing mortality",0.0908969883403672
"Year_2022",2022,1988,"Fishing mortality",0.128448888399467
"Year_2022",2022,1989,"Fishing mortality",0.135865004034366
"Year_2022",2022,1990,"Fishing mortality",0.207643427535449
"Year_2022",2022,1991,"Fishing mortality",0.249856041411403
"Year_2022",2022,1992,"Fishing mortality",0.334687266318143
"Year_2022",2022,1993,"Fishing mortality",0.216434438401142
"Year_2022",2022,1994,"Fishing mortality",0.169692266866307
"Year_2022",2022,1995,"Fishing mortality",0.167679364721282
"Year_2022",2022,1996,"Fishing mortality",0.19608669866717
"Year_2022",2022,1997,"Fishing mortality",0.199410526497818
"Year_2022",2022,1998,"Fishing mortality",0.168554227276335
"Year_2022",2022,1999,"Fishing mortality",0.135848816879954
"Year_2022",2022,2000,"Fishing mortality",0.152139743136108
"Year_2022",2022,2001,"Fishing mortality",0.176216245861466
"Year_2022",2022,2002,"Fishing mortality",0.208005821734516
"Year_2022",2022,2003,"Fishing mortality",0.224543369583048
"Year_2022",2022,2004,"Fishing mortality",0.204316728806639
"Year_2022",2022,2005,"Fishing mortality",0.194278711146032
"Year_2022",2022,2006,"Fishing mortality",0.238947119979981
"Year_2022",2022,2007,"Fishing mortality",0.256391523110886
"Year_2022",2022,2008,"Fishing mortality",0.279191861397434
"Year_2022",2022,2009,"Fishing mortality",0.266639899012048
"Year_2022",2022,2010,"Fishing mortality",0.221903802842852
"Year_2022",2022,2011,"Fishing mortality",0.300811133845174
"Year_2022",2022,2012,"Fishing mortality",0.29869186336109
"Year_2022",2022,2013,"Fishing mortality",0.281871366984177
"Year_2022",2022,2014,"Fishing mortality",0.265083794237936
"Year_2022",2022,2015,"Fishing mortality",0.286588237724987
"Year_2022",2022,2016,"Fishing mortality",0.212844505939381
"Year_2022",2022,2017,"Fishing mortality",0.207739233913308
"Year_2022",2022,2018,"Fishing mortality",0.172690395893119
"Year_2022",2022,2019,"Fishing mortality",0.192743695186326
"Year_2022",2022,2020,"Fishing mortality",0.254324136046984
"Year_2022",2022,2021,"Fishing mortality",0.24390683778166
"Year_2022",2022,2022,"Fishing mortality",0.181616706441171
"Year_2023",2023,1964,"Spawning biomass",1316.21993438545
"Year_2023",2023,1965,"Spawning biomass",1344.97023200689
"Year_2023",2023,1966,"Spawning biomass",1367.63266260884
"Year_2023",2023,1967,"Spawning biomass",1477.7225230508
"Year_2023",2023,1968,"Spawning biomass",1643.02045966683
"Year_2023",2023,1969,"Spawning biomass",1864.77437544213
"Year_2023",2023,1970,"Spawning biomass",1977.36940327308
"Year_2023",2023,1971,"Spawning biomass",2089.98933065294
"Year_2023",2023,1972,"Spawning biomass",1954.14354129164
"Year_2023",2023,1973,"Spawning biomass",1675.66280296114
"Year_2023",2023,1974,"Spawning biomass",1274.4474840846
"Year_2023",2023,1975,"Spawning biomass",1180.88520141229
"Year_2023",2023,1976,"Spawning biomass",1102.66568994742
"Year_2023",2023,1977,"Spawning biomass",1282.0712607415
"Year_2023",2023,1978,"Spawning biomass",1132.93381763194
"Year_2023",2023,1979,"Spawning biomass",1038.36786049633
"Year_2023",2023,1980,"Spawning biomass",1229.4604253703
"Year_2023",2023,1981,"Spawning biomass",1887.59329446377
"Year_2023",2023,1982,"Spawning biomass",2632.46972434448
"Year_2023",2023,1983,"Spawning biomass",3544.76186840531
"Year_2023",2023,1984,"Spawning biomass",3684.45839165889
"Year_2023",2023,1985,"Spawning biomass",4212.84237018222
"Year_2023",2023,1986,"Spawning biomass",4101.40028121362
"Year_2023",2023,1987,"Spawning biomass",4118.23931238289
"Year_2023",2023,1988,"Spawning biomass",3875.38928169782
"Year_2023",2023,1989,"Spawning biomass",3351.16780978814
"Year_2023",2023,1990,"Spawning biomass",2839.88097142014
"Year_2023",2023,1991,"Spawning biomass",2289.13152771394
"Year_2023",2023,1992,"Spawning biomass",2170.01672365454
"Year_2023",2023,1993,"Spawning biomass",2840.68741415574
"Year_2023",2023,1994,"Spawning biomass",3299.60402439388
"Year_2023",2023,1995,"Spawning biomass",3527.4709272862
"Year_2023",2023,1996,"Spawning biomass",3464.27355875592
"Year_2023",2023,1997,"Spawning biomass",3368.37508686815
"Year_2023",2023,1998,"Spawning biomass",2863.06130362529
"Year_2023",2023,1999,"Spawning biomass",2983.85462354805
"Year_2023",2023,2000,"Spawning biomass",2871.2680971903
"Year_2023",2023,2001,"Spawning biomass",2910.37774399036
"Year_2023",2023,2002,"Spawning biomass",2705.57421957773
"Year_2023",2023,2003,"Spawning biomass",2731.9642832827
"Year_2023",2023,2004,"Spawning biomass",3023.21121772021
"Year_2023",2023,2005,"Spawning biomass",2661.32158578641
"Year_2023",2023,2006,"Spawning biomass",2435.67038994291
"Year_2023",2023,2007,"Spawning biomass",2003.02385143821
"Year_2023",2023,2008,"Spawning biomass",1538.32236284614
"Year_2023",2023,2009,"Spawning biomass",1628.82921880391
"Year_2023",2023,2010,"Spawning biomass",1664.69039093727
"Year_2023",2023,2011,"Spawning biomass",2039.51256422046
"Year_2023",2023,2012,"Spawning biomass",2486.91742051471
"Year_2023",2023,2013,"Spawning biomass",2837.49448104462
"Year_2023",2023,2014,"Spawning biomass",2795.39885881229
"Year_2023",2023,2015,"Spawning biomass",2609.45995290668
"Year_2023",2023,2016,"Spawning biomass",2866.98558982399
"Year_2023",2023,2017,"Spawning biomass",3308.24286422377
"Year_2023",2023,2018,"Spawning biomass",3144.30883507344
"Year_2023",2023,2019,"Spawning biomass",3034.34949344161
"Year_2023",2023,2020,"Spawning biomass",2321.54154055987
"Year_2023",2023,2021,"Spawning biomass",2545.96319701003
"Year_2023",2023,2022,"Spawning biomass",3554.56228983225
"Year_2023",2023,2023,"Spawning biomass",3524.41891251979
"Year_2023",2023,1964,"Total biomass",4721.27802995839
"Year_2023",2023,1965,"Total biomass",5096.59082313907
"Year_2023",2023,1966,"Total biomass",5317.96966220351
"Year_2023",2023,1967,"Total biomass",6058.0353589201
"Year_2023",2023,1968,"Total biomass",6703.71953400957
"Year_2023",2023,1969,"Total biomass",7291.92623081115
"Year_2023",2023,1970,"Total biomass",7997.25756798522
"Year_2023",2023,1971,"Total biomass",7928.76857306582
"Year_2023",2023,1972,"Total biomass",7198.24853981965
"Year_2023",2023,1973,"Total biomass",6456.30742152772
"Year_2023",2023,1974,"Total biomass",5425.98252241617
"Year_2023",2023,1975,"Total biomass",4654.76977088793
"Year_2023",2023,1976,"Total biomass",4246.64529894946
"Year_2023",2023,1977,"Total biomass",3971.59481091948
"Year_2023",2023,1978,"Total biomass",4233.87625711639
"Year_2023",2023,1979,"Total biomass",5436.69929229521
"Year_2023",2023,1980,"Total biomass",6193.28827267106
"Year_2023",2023,1981,"Total biomass",7714.35546486356
"Year_2023",2023,1982,"Total biomass",9315.51932883376
"Year_2023",2023,1983,"Total biomass",10671.6636590748
"Year_2023",2023,1984,"Total biomass",10404.6558479396
"Year_2023",2023,1985,"Total biomass",12258.5971207912
"Year_2023",2023,1986,"Total biomass",11085.342305876
"Year_2023",2023,1987,"Total biomass",10679.7205652149
"Year_2023",2023,1988,"Total biomass",9614.00123765902
"Year_2023",2023,1989,"Total biomass",8178.09342178745
"Year_2023",2023,1990,"Total biomass",7820.22856687154
"Year_2023",2023,1991,"Total biomass",8912.40841009984
"Year_2023",2023,1992,"Total biomass",9816.44248352797
"Year_2023",2023,1993,"Total biomass",10417.3299920169
"Year_2023",2023,1994,"Total biomass",10613.8704672913
"Year_2023",2023,1995,"Total biomass",8873.5809201038
"Year_2023",2023,1996,"Total biomass",9264.95881050743
"Year_2023",2023,1997,"Total biomass",8651.41804202327
"Year_2023",2023,1998,"Total biomass",8807.13009872164
"Year_2023",2023,1999,"Total biomass",8870.62386281301
"Year_2023",2023,2000,"Total biomass",9190.94433063841
"Year_2023",2023,2001,"Total biomass",9052.24486809787
"Year_2023",2023,2002,"Total biomass",9499.24927057942
"Year_2023",2023,2003,"Total biomass",10789.6137224834
"Year_2023",2023,2004,"Total biomass",9972.88154777257
"Year_2023",2023,2005,"Total biomass",8227.11584958393
"Year_2023",2023,2006,"Total biomass",6946.34714540901
"Year_2023",2023,2007,"Total biomass",6365.7213177673
"Year_2023",2023,2008,"Total biomass",5044.47941185631
"Year_2023",2023,2009,"Total biomass",6012.27614243928
"Year_2023",2023,2010,"Total biomass",7934.40693837758
"Year_2023",2023,2011,"Total biomass",8759.94615864819
"Year_2023",2023,2012,"Total biomass",8892.81254652706
"Year_2023",2023,2013,"Total biomass",9679.45076054854
"Year_2023",2023,2014,"Total biomass",10530.5140968571
"Year_2023",2023,2015,"Total biomass",11608.7793233395
"Year_2023",2023,2016,"Total biomass",12614.2488236451
"Year_2023",2023,2017,"Total biomass",11600.1687506579
"Year_2023",2023,2018,"Total biomass",10015.0362282972
"Year_2023",2023,2019,"Total biomass",10721.155335814
"Year_2023",2023,2020,"Total biomass",11394.4893097118
"Year_2023",2023,2021,"Total biomass",11204.5257718771
"Year_2023",2023,2022,"Total biomass",12360.7743898306
"Year_2023",2023,2023,"Total biomass",11138.7161774331
"Year_2023",2023,1964,"Age-1 recruitment",5641.57370702658
"Year_2023",2023,1965,"Age-1 recruitment",23311.7378376629
"Year_2023",2023,1966,"Age-1 recruitment",15763.4836148215
"Year_2023",2023,1967,"Age-1 recruitment",27126.9218099767
"Year_2023",2023,1968,"Age-1 recruitment",22396.2278155201
"Year_2023",2023,1969,"Age-1 recruitment",26272.7366144995
"Year_2023",2023,1970,"Age-1 recruitment",23332.2251661338
"Year_2023",2023,1971,"Age-1 recruitment",13596.3113058691
"Year_2023",2023,1972,"Age-1 recruitment",10863.7656994096
"Year_2023",2023,1973,"Age-1 recruitment",26714.2312826768
"Year_2023",2023,1974,"Age-1 recruitment",19189.1031445289
"Year_2023",2023,1975,"Age-1 recruitment",16286.2987234326
"Year_2023",2023,1976,"Age-1 recruitment",12769.73312569
"Year_2023",2023,1977,"Age-1 recruitment",13797.2207897396
"Year_2023",2023,1978,"Age-1 recruitment",26199.5381938822
"Year_2023",2023,1979,"Age-1 recruitment",62120.0718599687
"Year_2023",2023,1980,"Age-1 recruitment",29751.1718951388
"Year_2023",2023,1981,"Age-1 recruitment",33996.2997335961
"Year_2023",2023,1982,"Age-1 recruitment",18923.789947649
"Year_2023",2023,1983,"Age-1 recruitment",51886.6019277082
"Year_2023",2023,1984,"Age-1 recruitment",14198.2203883266
"Year_2023",2023,1985,"Age-1 recruitment",32548.0918769215
"Year_2023",2023,1986,"Age-1 recruitment",12620.7617231209
"Year_2023",2023,1987,"Age-1 recruitment",7202.8553885965
"Year_2023",2023,1988,"Age-1 recruitment",5589.57480759724
"Year_2023",2023,1989,"Age-1 recruitment",11767.9726996144
"Year_2023",2023,1990,"Age-1 recruitment",50232.0105947227
"Year_2023",2023,1991,"Age-1 recruitment",27209.0782853344
"Year_2023",2023,1992,"Age-1 recruitment",23528.7085697263
"Year_2023",2023,1993,"Age-1 recruitment",45919.9988518098
"Year_2023",2023,1994,"Age-1 recruitment",15821.9397005029
"Year_2023",2023,1995,"Age-1 recruitment",11092.0473588565
"Year_2023",2023,1996,"Age-1 recruitment",22573.7695793495
"Year_2023",2023,1997,"Age-1 recruitment",30231.2577896395
"Year_2023",2023,1998,"Age-1 recruitment",14873.7633204285
"Year_2023",2023,1999,"Age-1 recruitment",16129.5563845706
"Year_2023",2023,2000,"Age-1 recruitment",24679.4638155169
"Year_2023",2023,2001,"Age-1 recruitment",34465.9564484119
"Year_2023",2023,2002,"Age-1 recruitment",23036.9372499882
"Year_2023",2023,2003,"Age-1 recruitment",14407.6117925661
"Year_2023",2023,2004,"Age-1 recruitment",6565.66019008016
"Year_2023",2023,2005,"Age-1 recruitment",4651.91588820358
"Year_2023",2023,2006,"Age-1 recruitment",11586.4280117197
"Year_2023",2023,2007,"Age-1 recruitment",25026.7447481756
"Year_2023",2023,2008,"Age-1 recruitment",13590.129064445
"Year_2023",2023,2009,"Age-1 recruitment",49686.5041674346
"Year_2023",2023,2010,"Age-1 recruitment",23234.5118250051
"Year_2023",2023,2011,"Age-1 recruitment",14248.4631565296
"Year_2023",2023,2012,"Age-1 recruitment",12307.0987840489
"Year_2023",2023,2013,"Age-1 recruitment",43420.5730275252
"Year_2023",2023,2014,"Age-1 recruitment",49459.9247092717
"Year_2023",2023,2015,"Age-1 recruitment",20938.4630793409
"Year_2023",2023,2016,"Age-1 recruitment",7673.90957852288
"Year_2023",2023,2017,"Age-1 recruitment",7510.86415959941
"Year_2023",2023,2018,"Age-1 recruitment",16451.9102324631
"Year_2023",2023,2019,"Age-1 recruitment",85001.2692048649
"Year_2023",2023,2020,"Age-1 recruitment",21831.3899338482
"Year_2023",2023,2021,"Age-1 recruitment",13179.4867090854
"Year_2023",2023,2022,"Age-1 recruitment",10917.5696500088
"Year_2023",2023,2023,"Age-1 recruitment",15712.7598248096
"Year_2023",2023,1964,"Fishing mortality",0.0542046870759471
"Year_2023",2023,1965,"Fishing mortality",0.0666748374765067
"Year_2023",2023,1966,"Fishing mortality",0.0704877684938061
"Year_2023",2023,1967,"Fishing mortality",0.133333591138717
"Year_2023",2023,1968,"Fishing mortality",0.141886670975178
"Year_2023",2023,1969,"Fishing mortality",0.151394743940834
"Year_2023",2023,1970,"Fishing mortality",0.219378919447548
"Year_2023",2023,1971,"Fishing mortality",0.31301136444432
"Year_2023",2023,1972,"Fishing mortality",0.356674890539091
"Year_2023",2023,1973,"Fishing mortality",0.411760907654142
"Year_2023",2023,1974,"Fishing mortality",0.44850964988857
"Year_2023",2023,1975,"Fishing mortality",0.376666697461507
"Year_2023",2023,1976,"Fishing mortality",0.34838047864202
"Year_2023",2023,1977,"Fishing mortality",0.327331046695993
"Year_2023",2023,1978,"Fishing mortality",0.367917773440367
"Year_2023",2023,1979,"Fishing mortality",0.384999960814693
"Year_2023",2023,1980,"Fishing mortality",0.352002665330782
"Year_2023",2023,1981,"Fishing mortality",0.249930639519935
"Year_2023",2023,1982,"Fishing mortality",0.159149372964438
"Year_2023",2023,1983,"Fishing mortality",0.131296001802869
"Year_2023",2023,1984,"Fishing mortality",0.128306377307422
"Year_2023",2023,1985,"Fishing mortality",0.129679682558855
"Year_2023",2023,1986,"Fishing mortality",0.121432140513379
"Year_2023",2023,1987,"Fishing mortality",0.0908460765419327
"Year_2023",2023,1988,"Fishing mortality",0.128341851536
"Year_2023",2023,1989,"Fishing mortality",0.13574773478853
"Year_2023",2023,1990,"Fishing mortality",0.207454854828396
"Year_2023",2023,1991,"Fishing mortality",0.249636295853083
"Year_2023",2023,1992,"Fishing mortality",0.33423635883628
"Year_2023",2023,1993,"Fishing mortality",0.21606628309669
"Year_2023",2023,1994,"Fishing mortality",0.16942417579999
"Year_2023",2023,1995,"Fishing mortality",0.167448821113673
"Year_2023",2023,1996,"Fishing mortality",0.195817690058934
"Year_2023",2023,1997,"Fishing mortality",0.199102172552559
"Year_2023",2023,1998,"Fishing mortality",0.168295899529122
"Year_2023",2023,1999,"Fishing mortality",0.135647494589303
"Year_2023",2023,2000,"Fishing mortality",0.151937577508337
"Year_2023",2023,2001,"Fishing mortality",0.176015070523066
"Year_2023",2023,2002,"Fishing mortality",0.207768696059458
"Year_2023",2023,2003,"Fishing mortality",0.224274067858844
"Year_2023",2023,2004,"Fishing mortality",0.204074495655459
"Year_2023",2023,2005,"Fishing mortality",0.194069926594829
"Year_2023",2023,2006,"Fishing mortality",0.238711803263642
"Year_2023",2023,2007,"Fishing mortality",0.256135158876259
"Year_2023",2023,2008,"Fishing mortality",0.278908608417853
"Year_2023",2023,2009,"Fishing mortality",0.266333209941992
"Year_2023",2023,2010,"Fishing mortality",0.221636195649475
"Year_2023",2023,2011,"Fishing mortality",0.30050410782845
"Year_2023",2023,2012,"Fishing mortality",0.298411658611554
"Year_2023",2023,2013,"Fishing mortality",0.28157499843732
"Year_2023",2023,2014,"Fishing mortality",0.264799600273284
"Year_2023",2023,2015,"Fishing mortality",0.286223556207065
"Year_2023",2023,2016,"Fishing mortality",0.212469545929469
"Year_2023",2023,2017,"Fishing mortality",0.206953619016347
"Year_2023",2023,2018,"Fishing mortality",0.171254979324394
"Year_2023",2023,2019,"Fishing mortality",0.190027419751784
"Year_2023",2023,2020,"Fishing mortality",0.249036750717418
"Year_2023",2023,2021,"Fishing mortality",0.237875324814921
"Year_2023",2023,2022,"Fishing mortality",0.171313390473003
"Year_2023",2023,2023,"Fishing mortality",0.177604939440886
"Year_2024",2024,1964,"Spawning biomass",1313.96044212048
"Year_2024",2024,1965,"Spawning biomass",1342.64982205308
"Year_2024",2024,1966,"Spawning biomass",1365.25847006155
"Year_2024",2024,1967,"Spawning biomass",1475.26521737298
"Year_2024",2024,1968,"Spawning biomass",1640.4339595087
"Year_2024",2024,1969,"Spawning biomass",1862.08336951357
"Year_2024",2024,1970,"Spawning biomass",1974.74463999399
"Year_2024",2024,1971,"Spawning biomass",2087.35341165386
"Year_2024",2024,1972,"Spawning biomass",1951.63936455024
"Year_2024",2024,1973,"Spawning biomass",1673.22923984101
"Year_2024",2024,1974,"Spawning biomass",1272.11051866407
"Year_2024",2024,1975,"Spawning biomass",1178.60822635665
"Year_2024",2024,1976,"Spawning biomass",1100.87232601873
"Year_2024",2024,1977,"Spawning biomass",1280.52260345231
"Year_2024",2024,1978,"Spawning biomass",1131.88130291186
"Year_2024",2024,1979,"Spawning biomass",1037.76216083048
"Year_2024",2024,1980,"Spawning biomass",1229.18770992026
"Year_2024",2024,1981,"Spawning biomass",1886.27720830621
"Year_2024",2024,1982,"Spawning biomass",2628.41908545053
"Year_2024",2024,1983,"Spawning biomass",3535.74369929496
"Year_2024",2024,1984,"Spawning biomass",3672.65287111075
"Year_2024",2024,1985,"Spawning biomass",4200.48484101069
"Year_2024",2024,1986,"Spawning biomass",4091.82607299569
"Year_2024",2024,1987,"Spawning biomass",4111.67289570754
"Year_2024",2024,1988,"Spawning biomass",3871.73405333278
"Year_2024",2024,1989,"Spawning biomass",3349.64715467594
"Year_2024",2024,1990,"Spawning biomass",2839.7756115145
"Year_2024",2024,1991,"Spawning biomass",2290.05047302166
"Year_2024",2024,1992,"Spawning biomass",2171.41522840618
"Year_2024",2024,1993,"Spawning biomass",2842.34302871011
"Year_2024",2024,1994,"Spawning biomass",3301.20258303486
"Year_2024",2024,1995,"Spawning biomass",3528.91685789726
"Year_2024",2024,1996,"Spawning biomass",3465.53898744885
"Year_2024",2024,1997,"Spawning biomass",3369.53286749173
"Year_2024",2024,1998,"Spawning biomass",2864.03816096318
"Year_2024",2024,1999,"Spawning biomass",2984.76099943692
"Year_2024",2024,2000,"Spawning biomass",2872.05009426534
"Year_2024",2024,2001,"Spawning biomass",2911.08758517124
"Year_2024",2024,2002,"Spawning biomass",2706.15981938083
"Year_2024",2024,2003,"Spawning biomass",2732.41499367157
"Year_2024",2024,2004,"Spawning biomass",3023.51712412367
"Year_2024",2024,2005,"Spawning biomass",2661.48297546401
"Year_2024",2024,2006,"Spawning biomass",2435.75481035212
"Year_2024",2024,2007,"Spawning biomass",2003.04811548541
"Year_2024",2024,2008,"Spawning biomass",1538.33435637908
"Year_2024",2024,2009,"Spawning biomass",1629.00565520213
"Year_2024",2024,2010,"Spawning biomass",1665.02429159893
"Year_2024",2024,2011,"Spawning biomass",2039.95268166221
"Year_2024",2024,2012,"Spawning biomass",2487.27981059655
"Year_2024",2024,2013,"Spawning biomass",2837.64044173251
"Year_2024",2024,2014,"Spawning biomass",2795.47329179692
"Year_2024",2024,2015,"Spawning biomass",2610.64728217966
"Year_2024",2024,2016,"Spawning biomass",2871.80017161916
"Year_2024",2024,2017,"Spawning biomass",3321.04206866915
"Year_2024",2024,2018,"Spawning biomass",3168.01136304127
"Year_2024",2024,2019,"Spawning biomass",3080.37381258885
"Year_2024",2024,2020,"Spawning biomass",2380.96743353698
"Year_2024",2024,2021,"Spawning biomass",2593.49603123074
"Year_2024",2024,2022,"Spawning biomass",3569.87587806377
"Year_2024",2024,2023,"Spawning biomass",3486.1153651859
"Year_2024",2024,2024,"Spawning biomass",3526.27254278764
"Year_2024",2024,1964,"Total biomass",4713.54127369633
"Year_2024",2024,1965,"Total biomass",5088.60349549152
"Year_2024",2024,1966,"Total biomass",5309.91119970155
"Year_2024",2024,1967,"Total biomass",6049.7234273398
"Year_2024",2024,1968,"Total biomass",6695.09110460443
"Year_2024",2024,1969,"Total biomass",7283.36789170734
"Year_2024",2024,1970,"Total biomass",7988.66852048782
"Year_2024",2024,1971,"Total biomass",7920.36876064456
"Year_2024",2024,1972,"Total biomass",7190.2652918406
"Year_2024",2024,1973,"Total biomass",6449.15204227572
"Year_2024",2024,1974,"Total biomass",5419.62722522438
"Year_2024",2024,1975,"Total biomass",4649.41200847056
"Year_2024",2024,1976,"Total biomass",4242.46894077309
"Year_2024",2024,1977,"Total biomass",3968.54654152988
"Year_2024",2024,1978,"Total biomass",4231.78437061717
"Year_2024",2024,1979,"Total biomass",5432.33191518452
"Year_2024",2024,1980,"Total biomass",6186.0951027763
"Year_2024",2024,1981,"Total biomass",7700.53187308036
"Year_2024",2024,1982,"Total biomass",9295.94731590317
"Year_2024",2024,1983,"Total biomass",10646.7822571834
"Year_2024",2024,1984,"Total biomass",10380.0018958882
"Year_2024",2024,1985,"Total biomass",12234.4637462911
"Year_2024",2024,1986,"Total biomass",11065.7909060193
"Year_2024",2024,1987,"Total biomass",10670.3298283546
"Year_2024",2024,1988,"Total biomass",9607.96423637365
"Year_2024",2024,1989,"Total biomass",8173.98573060106
"Year_2024",2024,1990,"Total biomass",7820.11459556172
"Year_2024",2024,1991,"Total biomass",8914.29766156307
"Year_2024",2024,1992,"Total biomass",9819.51557580279
"Year_2024",2024,1993,"Total biomass",10420.8974712639
"Year_2024",2024,1994,"Total biomass",10617.7321693179
"Year_2024",2024,1995,"Total biomass",8876.82056020935
"Year_2024",2024,1996,"Total biomass",9267.98562905818
"Year_2024",2024,1997,"Total biomass",8654.17725017381
"Year_2024",2024,1998,"Total biomass",8809.66289016045
"Year_2024",2024,1999,"Total biomass",8872.90900676027
"Year_2024",2024,2000,"Total biomass",9192.93324855298
"Year_2024",2024,2001,"Total biomass",9053.99415323545
"Year_2024",2024,2002,"Total biomass",9500.67173584833
"Year_2024",2024,2003,"Total biomass",10790.714143623
"Year_2024",2024,2004,"Total biomass",9973.58679104327
"Year_2024",2024,2005,"Total biomass",8227.47339419666
"Year_2024",2024,2006,"Total biomass",6946.60680039035
"Year_2024",2024,2007,"Total biomass",6366.18719013696
"Year_2024",2024,2008,"Total biomass",5045.03950984578
"Year_2024",2024,2009,"Total biomass",6013.19817972243
"Year_2024",2024,2010,"Total biomass",7935.48309294927
"Year_2024",2024,2011,"Total biomass",8760.74784947201
"Year_2024",2024,2012,"Total biomass",8893.49778610239
"Year_2024",2024,2013,"Total biomass",9681.21176427506
"Year_2024",2024,2014,"Total biomass",10539.4879779937
"Year_2024",2024,2015,"Total biomass",11632.5625725174
"Year_2024",2024,2016,"Total biomass",12665.1699955727
"Year_2024",2024,2017,"Total biomass",11687.2778834389
"Year_2024",2024,2018,"Total biomass",10138.762374199
"Year_2024",2024,2019,"Total biomass",10871.0042646151
"Year_2024",2024,2020,"Total biomass",11508.5707103097
"Year_2024",2024,2021,"Total biomass",11201.673460601
"Year_2024",2024,2022,"Total biomass",12210.5619148794
"Year_2024",2024,2023,"Total biomass",10880.7201206255
"Year_2024",2024,2024,"Total biomass",9624.30470407444
"Year_2024",2024,1964,"Age-1 recruitment",5634.8318223981
"Year_2024",2024,1965,"Age-1 recruitment",23293.2979372444
"Year_2024",2024,1966,"Age-1 recruitment",15752.6324551867
"Year_2024",2024,1967,"Age-1 recruitment",27115.2612370909
"Year_2024",2024,1968,"Age-1 recruitment",22388.337635434
"Year_2024",2024,1969,"Age-1 recruitment",26267.8500053566
"Year_2024",2024,1970,"Age-1 recruitment",23326.6571303842
"Year_2024",2024,1971,"Age-1 recruitment",13590.5333376988
"Year_2024",2024,1972,"Age-1 recruitment",10858.3652866725
"Year_2024",2024,1973,"Age-1 recruitment",26722.9261033214
"Year_2024",2024,1974,"Age-1 recruitment",19195.2134652431
"Year_2024",2024,1975,"Age-1 recruitment",16293.7585534832
"Year_2024",2024,1976,"Age-1 recruitment",12775.3998160117
"Year_2024",2024,1977,"Age-1 recruitment",13803.6030717259
"Year_2024",2024,1978,"Age-1 recruitment",26202.4122163677
"Year_2024",2024,1979,"Age-1 recruitment",62002.8294759874
"Year_2024",2024,1980,"Age-1 recruitment",29638.7486038076
"Year_2024",2024,1981,"Age-1 recruitment",33817.0595579556
"Year_2024",2024,1982,"Age-1 recruitment",18903.016446215
"Year_2024",2024,1983,"Age-1 recruitment",51935.4354176572
"Year_2024",2024,1984,"Age-1 recruitment",14221.9210816994
"Year_2024",2024,1985,"Age-1 recruitment",32618.1786249284
"Year_2024",2024,1986,"Age-1 recruitment",12646.5349603173
"Year_2024",2024,1987,"Age-1 recruitment",7215.04123067866
"Year_2024",2024,1988,"Age-1 recruitment",5596.45361579713
"Year_2024",2024,1989,"Age-1 recruitment",11776.1136273517
"Year_2024",2024,1990,"Age-1 recruitment",50239.4817233119
"Year_2024",2024,1991,"Age-1 recruitment",27208.9033345696
"Year_2024",2024,1992,"Age-1 recruitment",23530.4983651714
"Year_2024",2024,1993,"Age-1 recruitment",45925.737105197
"Year_2024",2024,1994,"Age-1 recruitment",15825.9383868913
"Year_2024",2024,1995,"Age-1 recruitment",11094.2620374502
"Year_2024",2024,1996,"Age-1 recruitment",22577.658010365
"Year_2024",2024,1997,"Age-1 recruitment",30234.0197975292
"Year_2024",2024,1998,"Age-1 recruitment",14874.188337645
"Year_2024",2024,1999,"Age-1 recruitment",16129.311930025
"Year_2024",2024,2000,"Age-1 recruitment",24679.909979727
"Year_2024",2024,2001,"Age-1 recruitment",34466.484729209
"Year_2024",2024,2002,"Age-1 recruitment",23035.815664057
"Year_2024",2024,2003,"Age-1 recruitment",14406.9360851054
"Year_2024",2024,2004,"Age-1 recruitment",6566.0983939321
"Year_2024",2024,2005,"Age-1 recruitment",4652.85254025238
"Year_2024",2024,2006,"Age-1 recruitment",11590.9403859681
"Year_2024",2024,2007,"Age-1 recruitment",25036.384447938
"Year_2024",2024,2008,"Age-1 recruitment",13590.6800784302
"Year_2024",2024,2009,"Age-1 recruitment",49683.6589781433
"Year_2024",2024,2010,"Age-1 recruitment",23227.9455101692
"Year_2024",2024,2011,"Age-1 recruitment",14247.958464785
"Year_2024",2024,2012,"Age-1 recruitment",12316.7753550143
"Year_2024",2024,2013,"Age-1 recruitment",43507.8052051937
"Year_2024",2024,2014,"Age-1 recruitment",49730.0737830813
"Year_2024",2024,2015,"Age-1 recruitment",21299.535346045
"Year_2024",2024,2016,"Age-1 recruitment",8098.86567790033
"Year_2024",2024,2017,"Age-1 recruitment",8186.02613667922
"Year_2024",2024,2018,"Age-1 recruitment",17125.1008813844
"Year_2024",2024,2019,"Age-1 recruitment",83582.6962387013
"Year_2024",2024,2020,"Age-1 recruitment",20796.3250684703
"Year_2024",2024,2021,"Age-1 recruitment",10865.1985369415
"Year_2024",2024,2022,"Age-1 recruitment",10564.0157533712
"Year_2024",2024,2023,"Age-1 recruitment",14495.2388593378
"Year_2024",2024,2024,"Age-1 recruitment",15784.6839550959
"Year_2024",2024,1964,"Fishing mortality",0.0543003112157484
"Year_2024",2024,1965,"Fishing mortality",0.0667935992206836
"Year_2024",2024,1966,"Fishing mortality",0.0706125818056261
"Year_2024",2024,1967,"Fishing mortality",0.133575669485216
"Year_2024",2024,1968,"Fishing mortality",0.142129722798232
"Year_2024",2024,1969,"Fishing mortality",0.151654026941367
"Year_2024",2024,1970,"Fishing mortality",0.219763993845421
"Year_2024",2024,1971,"Fishing mortality",0.313574592371676
"Year_2024",2024,1972,"Fishing mortality",0.357311728032059
"Year_2024",2024,1973,"Fishing mortality",0.41256227980677
"Year_2024",2024,1974,"Fishing mortality",0.449463192180217
"Year_2024",2024,1975,"Fishing mortality",0.377370530876359
"Year_2024",2024,1976,"Fishing mortality",0.349003094290249
"Year_2024",2024,1977,"Fishing mortality",0.327913585889457
"Year_2024",2024,1978,"Fishing mortality",0.368543302645516
"Year_2024",2024,1979,"Fishing mortality",0.385556905070987
"Year_2024",2024,1980,"Fishing mortality",0.35240668258246
"Year_2024",2024,1981,"Fishing mortality",0.250245567974278
"Year_2024",2024,1982,"Fishing mortality",0.159440617420594
"Year_2024",2024,1983,"Fishing mortality",0.131610401598134
"Year_2024",2024,1984,"Fishing mortality",0.128668708456792
"Year_2024",2024,1985,"Fishing mortality",0.130051995142995
"Year_2024",2024,1986,"Fishing mortality",0.121707717262534
"Year_2024",2024,1987,"Fishing mortality",0.0909700236778761
"Year_2024",2024,1988,"Fishing mortality",0.128334850047685
"Year_2024",2024,1989,"Fishing mortality",0.135686822167975
"Year_2024",2024,1990,"Fishing mortality",0.207252815389894
"Year_2024",2024,1991,"Fishing mortality",0.249554833560426
"Year_2024",2024,1992,"Fishing mortality",0.33396449744281
"Year_2024",2024,1993,"Fishing mortality",0.215755082568009
"Year_2024",2024,1994,"Fishing mortality",0.16914743317745
"Year_2024",2024,1995,"Fishing mortality",0.167263725114407
"Year_2024",2024,1996,"Fishing mortality",0.195617850248373
"Year_2024",2024,1997,"Fishing mortality",0.198886480534429
"Year_2024",2024,1998,"Fishing mortality",0.168176666785922
"Year_2024",2024,1999,"Fishing mortality",0.135576051035732
"Year_2024",2024,2000,"Fishing mortality",0.151869528935707
"Year_2024",2024,2001,"Fishing mortality",0.175950725817317
"Year_2024",2024,2002,"Fishing mortality",0.207705372256696
"Year_2024",2024,2003,"Fishing mortality",0.22424226884155
"Year_2024",2024,2004,"Fishing mortality",0.204084754120519
"Year_2024",2024,2005,"Fishing mortality",0.194058638406898
"Year_2024",2024,2006,"Fishing mortality",0.238701434656303
"Year_2024",2024,2007,"Fishing mortality",0.256168429414185
"Year_2024",2024,2008,"Fishing mortality",0.278972260041632
"Year_2024",2024,2009,"Fishing mortality",0.266386687175334
"Year_2024",2024,2010,"Fishing mortality",0.221648556767361
"Year_2024",2024,2011,"Fishing mortality",0.300409046119624
"Year_2024",2024,2012,"Fishing mortality",0.29833575168638
"Year_2024",2024,2013,"Fishing mortality",0.281685168056364
"Year_2024",2024,2014,"Fishing mortality",0.265102621487941
"Year_2024",2024,2015,"Fishing mortality",0.286921654613547
"Year_2024",2024,2016,"Fishing mortality",0.213181425022754
"Year_2024",2024,2017,"Fishing mortality",0.207661039712889
"Year_2024",2024,2018,"Fishing mortality",0.171544055520326
"Year_2024",2024,2019,"Fishing mortality",0.189741570120087
"Year_2024",2024,2020,"Fishing mortality",0.247378045491171
"Year_2024",2024,2021,"Fishing mortality",0.235153902099139
"Year_2024",2024,2022,"Fishing mortality",0.168211640815917
"Year_2024",2024,2023,"Fishing mortality",0.168322377046655
"Year_2024",2024,2024,"Fishing mortality",0.173146061770225
