"Fleet","Year","Sample_size","Used_in_fit","Age","Cohort","Observed","Fitted","Difference","Absolute_difference"
"Fishery",1964,10,TRUE,1,1963,0.025321,0.00191021891577986,0.0234107810842201,0.0234107810842201
"Fishery",1965,10,TRUE,1,1964,0.01417,0.00990469522754597,0.00426530477245403,0.00426530477245403
"Fishery",1966,10,TRUE,1,1965,0.028428,0.00855654742437557,0.0198714525756244,0.0198714525756244
"Fishery",1967,10,TRUE,1,1966,0.00946700946700947,0.0165217953956236,-0.00705478592861418,0.00705478592861418
"Fishery",1968,10,TRUE,1,1967,0.032939,0.0154472274595627,0.0174917725404373,0.0174917725404373
"Fishery",1969,10,TRUE,1,1968,0.0146780146780147,0.0206071094662168,-0.0059290947882021,0.0059290947882021
"Fishery",1970,10,TRUE,1,1969,0.156762,0.0250153294273949,0.131746670572605,0.131746670572605
"Fishery",1971,10,TRUE,1,1970,0.165462,0.0169136178098103,0.14854838219019,0.14854838219019
"Fishery",1972,10,TRUE,1,1971,0.0314280314280314,0.0127544344638935,0.0186735969641379,0.0186735969641379
"Fishery",1973,10,TRUE,1,1972,0.011128983306525,0.0331163722972813,-0.0219873889907562,0.0219873889907562
"Fishery",1974,10,TRUE,1,1973,0.0242470242470242,0.0208639231335338,0.00338310111349044,0.00338310111349044
"Fishery",1975,10,TRUE,1,1974,0.00854299658280137,0.013591396909961,-0.00504840032715963,0.00504840032715963
"Fishery",1976,10,TRUE,1,1975,0.0001999998000002,0.00987585512307644,-0.00967585532307624,0.00967585532307624
"Fishery",1977,10,TRUE,1,1976,0.0376720075344015,0.0106711874313845,0.027000820103017,0.027000820103017
"Fishery",1978,39,TRUE,1,1977,0.0120419975916005,0.0185921732899332,-0.00655017569833274,0.00655017569833274
"Fishery",1979,39,TRUE,1,1978,0.0394999605000395,0.0376266742822013,0.00187328621783817,0.00187328621783817
"Fishery",1980,39,TRUE,1,1979,0.00403399596600403,0.0119490823638837,-0.00791508639787965,0.00791508639787965
"Fishery",1981,39,TRUE,1,1980,0.000261999738000262,0.0081851116946934,-0.00792311195669314,0.00792311195669314
"Fishery",1982,39,TRUE,1,1981,0.00237,0.00295464385376836,-0.000584643853768364,0.000584643853768364
"Fishery",1983,39,TRUE,1,1982,0.00290600581201162,0.00642897513248019,-0.00352296932046857,0.00352296932046857
"Fishery",1984,39,TRUE,1,1983,0.00108200108200108,0.00145974520747301,-0.000377744125471926,0.000377744125471926
"Fishery",1985,39,TRUE,1,1984,0.001377,0.00292541162998869,-0.00154841162998869,0.00154841162998869
"Fishery",1986,39,TRUE,1,1985,0.00151400151400151,0.000943953132103523,0.000570048381897991,0.000570048381897991
"Fishery",1987,39,TRUE,1,1986,0,0.000480138980886243,-0.000480138980886243,0.000480138980886243
"Fishery",1988,39,TRUE,1,1987,0,0.000329306725078666,-0.000329306725078666,0.000329306725078666
"Fishery",1989,39,TRUE,1,1988,0,0.000669136047420588,-0.000669136047420588,0.000669136047420588
"Fishery",1990,39,TRUE,1,1989,0.000752,0.0032401560596248,-0.0024881560596248,0.0024881560596248
"Fishery",1991,260.3021832,TRUE,1,1990,0.000377996130784693,0.0021038294095825,-0.00172583327879781,0.00172583327879781
"Fishery",1992,228.0450879,TRUE,1,1991,0.000576504993068275,0.00162642161732074,-0.00104991662425246,0.00104991662425246
"Fishery",1993,344.4454631,TRUE,1,1992,3.49144435660558e-05,0.00194594209374174,-0.00191102765017569,0.00191102765017569
"Fishery",1994,286.3559154,TRUE,1,1993,0.000410145595595659,0.00052343388109655,-0.000113288285500891,0.000113288285500891
"Fishery",1995,256.9467042,TRUE,1,1994,6.2317946939752e-09,0.000374867966672905,-0.000374861734878211,0.000374861734878211
"Fishery",1996,189.0802194,TRUE,1,1995,7.09878750574638e-09,0.00091865902160306,-0.000918651922815554,0.000918651922815554
"Fishery",1997,318.6780707,TRUE,1,1996,0.000668474600464001,0.00119199674646885,-0.000523522146004848,0.000523522146004848
"Fishery",1998,354.5667004,TRUE,1,1997,0.000186710307353596,0.000466287628793126,-0.00027957732143953,0.00027957732143953
"Fishery",1999,476.1364988,TRUE,1,1998,0.000155636513885107,0.000416451490616483,-0.000260814976731375,0.000260814976731375
"Fishery",2000,482.4344192,TRUE,1,1999,6.06217395576521e-09,0.000590638129045659,-0.000590632066871704,0.000590632066871704
"Fishery",2001,328.1698823,TRUE,1,2000,5.75869117229811e-09,0.000810281146917812,-0.000810275388226639,0.000810275388226639
"Fishery",2002,486.5633942,TRUE,1,2001,0.000411649905254637,0.000578783737019013,-0.000167133831764376,0.000167133831764376
"Fishery",2003,440.9136437,TRUE,1,2002,4.83748872093149e-09,0.000344643227890333,-0.000344638390401612,0.000344638390401612
"Fishery",2004,390.5174487,TRUE,1,2003,4.74421714849014e-09,0.000129697917985764,-0.000129693173768616,0.000129693173768616
"Fishery",2005,494.3821404,TRUE,1,2004,4.65424673615028e-09,8.21844662967693e-05,-8.21798120500331e-05,8.21798120500331e-05
"Fishery",2006,506.2105711,TRUE,1,2005,4.70795912914708e-09,0.000249699400822222,-0.000249694692863093,0.000249694692863093
"Fishery",2007,500.2156307,TRUE,1,2006,0.000986922027432978,0.000697521902544486,0.000289400124888491,0.000289400124888491
"Fishery",2008,523.649975,TRUE,1,2007,8.53042441249223e-09,0.000514316129848528,-0.000514307599424115,0.000514307599424115
"Fishery",2009,420.0301079,TRUE,1,2008,1.04274398039765e-08,0.00201175641070249,-0.00201174598326269,0.00201174598326269
"Fishery",2010,549.4055572,TRUE,1,2009,0.000966514940487887,0.000684823380236148,0.000281691560251739,0.000281691560251739
"Fishery",2011,728.0740901,TRUE,1,2010,0.000232636571620693,0.000376721197744653,-0.000144084626123959,0.000144084626123959
"Fishery",2012,607.4592535,TRUE,1,2011,5.13959339609377e-09,0.000279879724035633,-0.000279874584442237,0.000279874584442237
"Fishery",2013,753.2713006,TRUE,1,2012,0.00099174479823253,0.000952829754780591,3.89150434519391e-05,3.89150434519391e-05
"Fishery",2014,606.3439178,TRUE,1,2013,5.73079794725016e-09,0.00107989314662153,-0.00107988741582358,0.00107988741582358
"Fishery",2015,821.2348389,TRUE,1,2014,4.70421127808696e-09,0.000429828427386608,-0.00042982372317533,0.00042982372317533
"Fishery",2016,704.1101836,TRUE,1,2015,4.40113509441796e-09,0.000116687067248975,-0.00011668266611388,0.00011668266611388
"Fishery",2017,606.7200798,TRUE,1,2016,4.77503484713381e-09,0.00013188698991537,-0.000131882214880523,0.000131882214880523
"Fishery",2018,667.8408369,TRUE,1,2017,4.69301904233991e-09,0.00024743249851271,-0.000247427805493667,0.000247427805493667
"Fishery",2019,700.7958749,TRUE,1,2018,0.000396880917255185,0.00165400064871649,-0.0012571197314613,0.0012571197314613
"Fishery",2020,565.2432815,TRUE,1,2019,0.00176076696700431,0.000601474476363963,0.00115929249064034,0.00115929249064034
"Fishery",2021,817.5780899,TRUE,1,2020,4.00181428756453e-09,0.000263441794758229,-0.000263437792943941,0.000263437792943941
"Fishery",2022,641.2352943,TRUE,1,2021,5.36012656383306e-09,0.000259515642025176,-0.000259510281898612,0.000259510281898612
"Fishery",2023,443.0433446,TRUE,1,2022,0,0.000298195046524692,-0.000298195046524692,0.000298195046524692
"Fishery",1964,10,TRUE,2,1962,0.105571,0.0520267721265799,0.0535442278734201,0.0535442278734201
"Fishery",1965,10,TRUE,2,1963,0.015327,0.0286499357347559,-0.0133229357347559,0.0133229357347559
"Fishery",1966,10,TRUE,2,1964,0.168302,0.131102349326176,0.0371996506738236,0.0371996506738236
"Fishery",1967,10,TRUE,2,1965,0.11017811017811,0.085659748553204,0.0245183616249062,0.0245183616249062
"Fishery",1968,10,TRUE,2,1966,0.178617,0.140290628702526,0.0383263712974736,0.0383263712974736
"Fishery",1969,10,TRUE,2,1967,0.0797660797660798,0.10832573351653,-0.0285596537504505,0.0285596537504505
"Fishery",1970,10,TRUE,2,1968,0.238147,0.147758866201751,0.0903881337982491,0.0903881337982491
"Fishery",1971,10,TRUE,2,1969,0.049415,0.140505140912658,-0.0910901409126585,0.0910901409126585
"Fishery",1972,10,TRUE,2,1970,0.151596151596152,0.107389037668781,0.0442071139273708,0.0442071139273708
"Fishery",1973,10,TRUE,2,1971,0.100337849493226,0.119011009391398,-0.0186731598981727,0.0186731598981727
"Fishery",1974,10,TRUE,2,1972,0.527279527279527,0.341484859336197,0.185794667943331,0.185794667943331
"Fishery",1975,10,TRUE,2,1973,0.150287939884824,0.187726295492218,-0.037438355607394,0.037438355607394
"Fishery",1976,10,TRUE,2,1974,0.12016187983812,0.159192314414351,-0.0390304345762312,0.0390304345762312
"Fishery",1977,10,TRUE,2,1975,0.24767304953461,0.144036286995448,0.103636762539162,0.103636762539162
"Fishery",1978,39,TRUE,2,1976,0.186305962738807,0.148528815055038,0.0377771476837694,0.0377771476837694
"Fishery",1979,39,TRUE,2,1977,0.211524788475211,0.193620437601418,0.0179043508737935,0.0179043508737935
"Fishery",1980,39,TRUE,2,1978,0.190931809068191,0.225538276149487,-0.0346064670812957,0.0346064670812957
"Fishery",1981,39,TRUE,2,1979,0.0332019667980332,0.0579849309214107,-0.0247829641233775,0.0247829641233775
"Fishery",1982,39,TRUE,2,1980,0.012649,0.0434775365442737,-0.0308285365442737,0.0308285365442737
"Fishery",1983,39,TRUE,2,1981,0.0679651359302718,0.0241932332035795,0.0437719027266923,0.0437719027266923
"Fishery",1984,39,TRUE,2,1982,0.0236230236230236,0.0529432218488468,-0.0293201982258231,0.0293201982258231
"Fishery",1985,39,TRUE,2,1983,0.028742,0.0149765246830971,0.0137654753169029,0.0137654753169029
"Fishery",1986,39,TRUE,2,1984,0.0421540421540421,0.0314774770053664,0.0106765651486758,0.0106765651486758
"Fishery",1987,39,TRUE,2,1985,0.0143529856470144,0.0114407223562943,0.00291226329072001,0.00291226329072001
"Fishery",1988,39,TRUE,2,1986,0.00486699513300487,0.00602033741365213,-0.00115334228064726,0.00115334228064726
"Fishery",1989,39,TRUE,2,1987,0.00267099732900267,0.0047374299043162,-0.00206643257531353,0.00206643257531353
"Fishery",1990,39,TRUE,2,1988,0.018901,0.012110371073587,0.00679062892641298,0.00679062892641298
"Fishery",1991,260.3021832,TRUE,2,1989,0.0624190010851636,0.0641475760208407,-0.00172857493567708,0.00172857493567708
"Fishery",1992,228.0450879,TRUE,2,1990,0.0442738718080198,0.0332107947288644,0.0110630770791553,0.0110630770791553
"Fishery",1993,344.4454631,TRUE,2,1991,0.00391812877957373,0.0123547065632318,-0.00843657778365806,0.00843657778365806
"Fishery",1994,286.3559154,TRUE,2,1992,0.0165196586624282,0.0193520198230497,-0.00283236116062146,0.00283236116062146
"Fishery",1995,256.9467042,TRUE,2,1993,0.000320211358098723,0.00818053069876082,-0.0078603193406621,0.0078603193406621
"Fishery",1996,189.0802194,TRUE,2,1994,0.0153618535044697,0.0115657180589485,0.00379613544552116,0.00379613544552116
"Fishery",1997,318.6780707,TRUE,2,1995,0.0503902016020321,0.0353492290683052,0.0150409725337269,0.0150409725337269
"Fishery",1998,354.5667004,TRUE,2,1996,0.0272082738325555,0.0279060417040801,-0.000697767871524653,0.000697767871524653
"Fishery",1999,476.1364988,TRUE,2,1997,0.00692438176481414,0.00895924237020258,-0.00203486060538844,0.00203486060538844
"Fishery",2000,482.4344192,TRUE,2,1998,0.00973629941666881,0.00822673275172242,0.00150956666494639,0.00150956666494639
"Fishery",2001,328.1698823,TRUE,2,1999,0.0018488919576335,0.0101448493031497,-0.00829595734551625,0.00829595734551625
"Fishery",2002,486.5633942,TRUE,2,2000,0.0250433744058684,0.0188185914860317,0.00622478291983673,0.00622478291983673
"Fishery",2003,440.9136437,TRUE,2,2001,0.00702557327801886,0.00944166311105015,-0.0024160898330313,0.0024160898330313
"Fishery",2004,390.5174487,TRUE,2,2002,0.000255547444291947,0.00447956714771833,-0.00422401970342638,0.00422401970342638
"Fishery",2005,494.3821404,TRUE,2,2003,0.00222944589839401,0.00213512478285819,9.43211155358245e-05,9.43211155358245e-05
"Fishery",2006,506.2105711,TRUE,2,2004,0.00465428863964411,0.00218760672003775,0.00246668191960636,0.00246668191960636
"Fishery",2007,500.2156307,TRUE,2,2005,0.00936008245395354,0.00726341832728777,0.00209666412666577,0.00209666412666577
"Fishery",2008,523.649975,TRUE,2,2006,0.0214678894440646,0.019156942970359,0.00231094647370566,0.00231094647370566
"Fishery",2009,420.0301079,TRUE,2,2007,0.00137115555637699,0.0082128882969166,-0.00684173274053961,0.00684173274053961
"Fishery",2010,549.4055572,TRUE,2,2008,0.0236607879371185,0.0225043707442253,0.0011564171928932,0.0011564171928932
"Fishery",2011,728.0740901,TRUE,2,2009,0.00630293822638126,0.00895219226329067,-0.00264925403690941,0.00264925403690941
"Fishery",2012,607.4592535,TRUE,2,2010,0.0114352976873964,0.006015587167841,0.00541971051955535,0.00541971051955535
"Fishery",2013,753.2713006,TRUE,2,2011,0.000522290102537124,0.00403630697093368,-0.00351401686839656,0.00351401686839656
"Fishery",2014,606.3439178,TRUE,2,2012,0.0224554906111136,0.0164135396412248,0.00604195096988881,0.00604195096988881
"Fishery",2015,821.2348389,TRUE,2,2013,0.00727158777217709,0.0108934828609914,-0.00362189508881433,0.00362189508881433
"Fishery",2016,704.1101836,TRUE,2,2014,0.000218674662002362,0.00314961593963638,-0.00293094127763402,0.00293094127763402
"Fishery",2017,606.7200798,TRUE,2,2015,0.00103807246623952,0.00167738778196315,-0.000639315315723638,0.000639315315723638
"Fishery",2018,667.8408369,TRUE,2,2016,0.000608211193259031,0.0020244664357819,-0.00141625524252287,0.00141625524252287
"Fishery",2019,700.7958749,TRUE,2,2017,0.00622471175657267,0.00885342650292381,-0.00262871474635114,0.00262871474635114
"Fishery",2020,565.2432815,TRUE,2,2018,0.125481192775049,0.122344287614435,0.0031369051606143,0.0031369051606143
"Fishery",2021,817.5780899,TRUE,2,2019,0.0445574141747368,0.0419566460303798,0.00260076814435697,0.00260076814435697
"Fishery",2022,641.2352943,TRUE,2,2020,0.0333408181323354,0.0270899486978806,0.00625086943445481,0.00625086943445481
"Fishery",2023,443.0433446,TRUE,2,2021,0.0110094405044258,0.0150471342234766,-0.00403769371905082,0.00403769371905082
"Fishery",1964,10,TRUE,3,1961,0.165563,0.168202477309012,-0.00263947730901246,0.00263947730901246
"Fishery",1965,10,TRUE,3,1962,0.204164,0.179843380173698,0.0243206198263018,0.0243206198263018
"Fishery",1966,10,TRUE,3,1963,0.057358,0.0996764363795976,-0.0423184363795976,0.0423184363795976
"Fishery",1967,10,TRUE,3,1964,0.577515577515577,0.407135627380078,0.170379950135499,0.170379950135499
"Fishery",1968,10,TRUE,3,1965,0.140218,0.226944440755185,-0.0867264407551848,0.0867264407551848
"Fishery",1969,10,TRUE,3,1966,0.459233459233459,0.382967704173272,0.0762657550601871,0.0762657550601871
"Fishery",1970,10,TRUE,3,1967,0.374263,0.299897133124131,0.074365866875869,0.074365866875869
"Fishery",1971,10,TRUE,3,1968,0.27603,0.322332228804244,-0.046302228804244,0.046302228804244
"Fishery",1972,10,TRUE,3,1969,0.34971534971535,0.326764249529278,0.0229511001860717,0.0229511001860717
"Fishery",1973,10,TRUE,3,1970,0.121465817801273,0.23743274462931,-0.115966926828037,0.115966926828037
"Fishery",1974,10,TRUE,3,1971,0.194871194871195,0.211239426656292,-0.0163682317850973,0.0163682317850973
"Fishery",1975,10,TRUE,3,1972,0.691842723262911,0.522124436453471,0.16971828680944,0.16971828680944
"Fishery",1976,10,TRUE,3,1973,0.454615545384455,0.411822881075108,0.0427926643093471,0.0427926643093471
"Fishery",1977,10,TRUE,3,1974,0.331098066219613,0.360105411520942,-0.0290073453013293,0.0290073453013293
"Fishery",1978,39,TRUE,3,1975,0.308117938376412,0.297409880115041,0.0107080582613711,0.0107080582613711
"Fishery",1979,39,TRUE,3,1976,0.28037271962728,0.277313536628287,0.0030591829989936,0.0030591829989936
"Fishery",1980,39,TRUE,3,1977,0.33992566007434,0.339576988616403,0.000348671457936434,0.000348671457936434
"Fishery",1981,39,TRUE,3,1978,0.465712534287466,0.45222115349673,0.0134913807907359,0.0134913807907359
"Fishery",1982,39,TRUE,3,1979,0.08055,0.119024666571269,-0.0384746665712686,0.0384746665712686
"Fishery",1983,39,TRUE,3,1980,0.0904311808623617,0.112345723982301,-0.0219145431199397,0.0219145431199397
"Fishery",1984,39,TRUE,3,1981,0.0456940456940457,0.0612443682214942,-0.0155503225274486,0.0155503225274486
"Fishery",1985,39,TRUE,3,1982,0.198541,0.189974688970208,0.00856631102979219,0.00856631102979219
"Fishery",1986,39,TRUE,3,1983,0.0452220452220452,0.0525686112837635,-0.00734656606171825,0.00734656606171825
"Fishery",1987,39,TRUE,3,1984,0.0809019190980809,0.137369557836386,-0.0564676387383055,0.0564676387383055
"Fishery",1988,39,TRUE,3,1985,0.207077792922207,0.0846723325737016,0.122405460348505,0.122405460348505
"Fishery",1989,39,TRUE,3,1986,0.0309039690960309,0.0361112346816112,-0.00520726558558027,0.00520726558558027
"Fishery",1990,39,TRUE,3,1987,0.032625,0.0254873178070433,0.00713768219295668,0.00713768219295668
"Fishery",1991,260.3021832,TRUE,3,1988,0.0242077563917163,0.0476550314167801,-0.0234472750250639,0.0234472750250639
"Fishery",1992,228.0450879,TRUE,3,1989,0.353321255549602,0.339812493403987,0.0135087621456151,0.0135087621456151
"Fishery",1993,344.4454631,TRUE,3,1990,0.137446132227176,0.123709545007795,0.0137365872193807,0.0137365872193807
"Fishery",1994,286.3559154,TRUE,3,1991,0.0301761903471597,0.0396770883660523,-0.0095008980188926,0.0095008980188926
"Fishery",1995,256.9467042,TRUE,3,1992,0.0453886011855439,0.0587090821639068,-0.0133204809783629,0.0133204809783629
"Fishery",1996,189.0802194,TRUE,3,1993,0.0341002601857005,0.0324542060944943,0.00164605409120625,0.00164605409120625
"Fishery",1997,318.6780707,TRUE,3,1994,0.0261551453455806,0.0285458872314216,-0.00239074188584093,0.00239074188584093
"Fishery",1998,354.5667004,TRUE,3,1995,0.0547285184267323,0.0654406511063282,-0.0107121326795959,0.0107121326795959
"Fishery",1999,476.1364988,TRUE,3,1996,0.199896977241383,0.183131094378509,0.0167658828628746,0.0167658828628746
"Fishery",2000,482.4344192,TRUE,3,1997,0.0499276344791272,0.0510558192386243,-0.00112818475949715,0.00112818475949715
"Fishery",2001,328.1698823,TRUE,3,1998,0.024620021918265,0.0351183855359412,-0.0104983636176762,0.0104983636176762
"Fishery",2002,486.5633942,TRUE,3,1999,0.0575163317693922,0.06507896238118,-0.00756263061178777,0.00756263061178777
"Fishery",2003,440.9136437,TRUE,3,2000,0.198995489846623,0.179457224154172,0.0195382656924514,0.0195382656924514
"Fishery",2004,390.5174487,TRUE,3,2001,0.0424662278177078,0.0526134066564278,-0.01014717883872,0.01014717883872
"Fishery",2005,494.3821404,TRUE,3,2002,0.0242486972432764,0.0308895641728258,-0.00664086692954936,0.00664086692954936
"Fishery",2006,506.2105711,TRUE,3,2003,0.0395905461269642,0.0319459575783962,0.00764458854856798,0.00764458854856798
"Fishery",2007,500.2156307,TRUE,3,2004,0.0351956241438236,0.0291179767267926,0.00607764741703105,0.00607764741703105
"Fishery",2008,523.649975,TRUE,3,2005,0.05012554713376,0.0592059930228927,-0.00908044588913269,0.00908044588913269
"Fishery",2009,420.0301079,TRUE,3,2006,0.182843835042538,0.173516264943117,0.0093275700994209,0.0093275700994209
"Fishery",2010,549.4055572,TRUE,3,2007,0.0284792138380294,0.0362003666702849,-0.00772115283225555,0.00772115283225555
"Fishery",2011,728.0740901,TRUE,3,2008,0.117693428901772,0.119591740032287,-0.00189831113051597,0.00189831113051597
"Fishery",2012,607.4592535,TRUE,3,2009,0.0599438924118966,0.0584001619617867,0.00154373045010995,0.00154373045010995
"Fishery",2013,753.2713006,TRUE,3,2010,0.0343572300078929,0.0346247553928666,-0.000267525384973662,0.000267525384973662
"Fishery",2014,606.3439178,TRUE,3,2011,0.0177653507764116,0.0293493388900776,-0.011583988113666,0.011583988113666
"Fishery",2015,821.2348389,TRUE,3,2012,0.297216031177855,0.276913272139138,0.0203027590387171,0.0203027590387171
"Fishery",2016,704.1101836,TRUE,3,2013,0.0398179314039876,0.0495742114458993,-0.0097562800419117,0.0097562800419117
"Fishery",2017,606.7200798,TRUE,3,2014,0.013437908242541,0.017446814074238,-0.00400890583169698,0.00400890583169698
"Fishery",2018,667.8408369,TRUE,3,2015,0.00647069404056931,0.00663486529499476,-0.000164171254425446,0.000164171254425446
"Fishery",2019,700.7958749,TRUE,3,2016,0.00703050935372219,0.0104138501685916,-0.00338334081486945,0.00338334081486945
"Fishery",2020,565.2432815,TRUE,3,2017,0.0433173579845959,0.0484496149104969,-0.00513225692590102,0.00513225692590102
"Fishery",2021,817.5780899,TRUE,3,2018,0.518497402893118,0.504384162528142,0.0141132403649764,0.0141132403649764
"Fishery",2022,641.2352943,TRUE,3,2019,0.0934239527167345,0.0958766277219292,-0.00245267500519475,0.00245267500519475
"Fishery",2023,443.0433446,TRUE,3,2020,0.0377920529183332,0.0390726431820085,-0.00128059026367532,0.00128059026367532
"Fishery",1964,10,TRUE,4,1960,0.193611,0.168197837249524,0.0254131627504764,0.0254131627504764
"Fishery",1965,10,TRUE,4,1961,0.550318,0.342917945699942,0.207400054300058,0.207400054300058
"Fishery",1966,10,TRUE,4,1962,0.420126,0.314577392578407,0.105548607421593,0.105548607421593
"Fishery",1967,10,TRUE,4,1963,0.0876920876920877,0.118962264348395,-0.031270176656307,0.031270176656307
"Fishery",1968,10,TRUE,4,1964,0.468517,0.377321351218716,0.0911956487812841,0.0911956487812841
"Fishery",1969,10,TRUE,4,1965,0.315684315684316,0.19353194479592,0.122152370888396,0.122152370888396
"Fishery",1970,10,TRUE,4,1966,0.176699,0.258931393699224,-0.0822323936992244,0.0822323936992244
"Fishery",1971,10,TRUE,4,1967,0.185287,0.197142165266285,-0.0118551652662854,0.0118551652662854
"Fishery",1972,10,TRUE,4,1968,0.28007928007928,0.244962592274476,0.035116687804804,0.035116687804804
"Fishery",1973,10,TRUE,4,1969,0.264053603919594,0.252439643981758,0.0116139599378358,0.0116139599378358
"Fishery",1974,10,TRUE,4,1970,0.0554270554270554,0.135733627315476,-0.0803065718884208,0.0803065718884208
"Fishery",1975,10,TRUE,4,1971,0.0531849787260085,0.0938725293759958,-0.0406875506499873,0.0406875506499873
"Fishery",1976,10,TRUE,4,1972,0.305985694014306,0.268992267309602,0.0369934267047036,0.0369934267047036
"Fishery",1977,10,TRUE,4,1973,0.23990504798101,0.245143785261144,-0.00523873728013488,0.00523873728013488
"Fishery",1978,39,TRUE,4,1974,0.26135894772821,0.249982157006204,0.0113767907220066,0.0113767907220066
"Fishery",1979,39,TRUE,4,1975,0.163647836352164,0.18992277223746,-0.0262749358852962,0.0262749358852962
"Fishery",1980,39,TRUE,4,1976,0.183115816884183,0.186704561197274,-0.00358874431309048,0.00358874431309048
"Fishery",1981,39,TRUE,4,1977,0.293349706650293,0.28716807093566,0.00618163571463315,0.00618163571463315
"Fishery",1982,39,TRUE,4,1978,0.584991,0.554264917800933,0.0307260821990674,0.0307260821990674
"Fishery",1983,39,TRUE,4,1979,0.179378358756717,0.213939791509139,-0.0345614327524217,0.0345614327524217
"Fishery",1984,39,TRUE,4,1980,0.222070222070222,0.213008839896411,0.00906138217381111,0.00906138217381111
"Fishery",1985,39,TRUE,4,1981,0.06341,0.1080034238138,-0.0445934238137995,0.0445934238137995
"Fishery",1986,39,TRUE,4,1982,0.366847366847367,0.330352433033214,0.0364949338141526,0.0364949338141526
"Fishery",1987,39,TRUE,4,1983,0.0562789437210563,0.0839917332974929,-0.0277127895764366,0.0277127895764366
"Fishery",1988,39,TRUE,4,1984,0.192307807692192,0.205309607887841,-0.0130018001956482,0.0130018001956482
"Fishery",1989,39,TRUE,4,1985,0.0835269164730835,0.0972302931017089,-0.0137033766286254,0.0137033766286254
"Fishery",1990,39,TRUE,4,1986,0.125708,0.0730916069479764,0.0526163930520235,0.0526163930520235
"Fishery",1991,260.3021832,TRUE,4,1987,0.0499182180413692,0.0542495110690404,-0.00433129302767118,0.00433129302767118
"Fishery",1992,228.0450879,TRUE,4,1988,0.0680053659213036,0.0914819794562993,-0.0234766135349957,0.0234766135349957
"Fishery",1993,344.4454631,TRUE,4,1989,0.604986496837142,0.571635497286413,0.0333509995507288,0.0333509995507288
"Fishery",1994,286.3559154,TRUE,4,1990,0.197626390523246,0.18992217991792,0.00770421060532656,0.00770421060532656
"Fishery",1995,256.9467042,TRUE,4,1991,0.0913830424351633,0.087457360130449,0.00392568230471438,0.00392568230471438
"Fishery",1996,189.0802194,TRUE,4,1992,0.0509085164086678,0.0960812276165975,-0.0451727112079298,0.0451727112079298
"Fishery",1997,318.6780707,TRUE,4,1993,0.0771655012020737,0.0677142780515474,0.00945122315052623,0.00945122315052623
"Fishery",1998,354.5667004,TRUE,4,1994,0.0456407403080462,0.0508702733490602,-0.00522953304101399,0.00522953304101399
"Fishery",1999,476.1364988,TRUE,4,1995,0.150590292965045,0.149640969831385,0.000949323133660668,0.000949323133660668
"Fishery",2000,482.4344192,TRUE,4,1996,0.259505385173501,0.255940084962147,0.00356530021135448,0.00356530021135448
"Fishery",2001,328.1698823,TRUE,4,1997,0.088883532566552,0.0944251769233025,-0.00554164435675046,0.00554164435675046
"Fishery",2002,486.5633942,TRUE,4,1998,0.115945461255595,0.114169079542409,0.00177638171318575,0.00177638171318575
"Fishery",2003,440.9136437,TRUE,4,1999,0.156635233588645,0.166181726146194,-0.00954649255754908,0.00954649255754908
"Fishery",2004,390.5174487,TRUE,4,2000,0.393908082413441,0.381709225876087,0.0121988565373539,0.0121988565373539
"Fishery",2005,494.3821404,TRUE,4,2001,0.18265997318844,0.18050358823526,0.00215638495317982,0.00215638495317982
"Fishery",2006,506.2105711,TRUE,4,2002,0.139103344263107,0.136737024695049,0.00236631956805783,0.00236631956805783
"Fishery",2007,500.2156307,TRUE,4,2003,0.0827522989201546,0.0828717448897046,-0.000119445969550033,0.000119445969550033
"Fishery",2008,523.649975,TRUE,4,2004,0.0675108615166993,0.0714704875452072,-0.00395962602850791,0.00395962602850791
"Fishery",2009,420.0301079,TRUE,4,2005,0.208944217930687,0.214835691792584,-0.00589147386189703,0.00589147386189703
"Fishery",2010,549.4055572,TRUE,4,2006,0.500192647523688,0.496188815396109,0.00400383212757871,0.00400383212757871
"Fishery",2011,728.0740901,TRUE,4,2007,0.0702356690474396,0.0840144073469437,-0.0137787382995041,0.0137787382995041
"Fishery",2012,607.4592535,TRUE,4,2008,0.486078296189766,0.481705081990701,0.00437321419906478,0.00437321419906478
"Fishery",2013,753.2713006,TRUE,4,2009,0.183948720560335,0.185616985897135,-0.00166826533680065,0.00166826533680065
"Fishery",2014,606.3439178,TRUE,4,2010,0.0960548427333041,0.100510183393276,-0.00445534065997205,0.00445534065997205
"Fishery",2015,821.2348389,TRUE,4,2011,0.0923002579986615,0.0958688004297462,-0.00356854243108466,0.00356854243108466
"Fishery",2016,704.1101836,TRUE,4,2012,0.611276361654537,0.57848908571858,0.0327872759359574,0.0327872759359574
"Fishery",2017,606.7200798,TRUE,4,2013,0.261922685294196,0.257808956245962,0.00411372904823398,0.00411372904823398
"Fishery",2018,667.8408369,TRUE,4,2014,0.0539241126404286,0.0541157351697657,-0.00019162252933709,0.00019162252933709
"Fishery",2019,700.7958749,TRUE,4,2015,0.0104856394911142,0.0186951456318355,-0.00820950614072126,0.00820950614072126
"Fishery",2020,565.2432815,TRUE,4,2016,0.0511866108363787,0.0440964734373533,0.00709013739902541,0.00709013739902541
"Fishery",2021,817.5780899,TRUE,4,2017,0.0576379383691036,0.0663392146561743,-0.00870127628707072,0.00870127628707072
"Fishery",2022,641.2352943,TRUE,4,2018,0.554434012716809,0.54962593675352,0.00480807596328869,0.00480807596328869
"Fishery",2023,443.0433446,TRUE,4,2019,0.114763437118328,0.115289514316725,-0.000526077198397146,0.000526077198397146
"Fishery",1964,10,TRUE,5,1959,0.095442,0.110851769652177,-0.0154097696521767,0.0154097696521767
"Fishery",1965,10,TRUE,5,1960,0.13476,0.110831413189414,0.0239285868105864,0.0239285868105864
"Fishery",1966,10,TRUE,5,1961,0.264906,0.197525115869493,0.0673808841305074,0.0673808841305074
"Fishery",1967,10,TRUE,5,1962,0.16000016000016,0.150921097534687,0.00907906246547338,0.00907906246547338
"Fishery",1968,10,TRUE,5,1963,0.10737,0.0589529592077396,0.0484170407922604,0.0484170407922604
"Fishery",1969,10,TRUE,5,1964,0.108430108430108,0.175733772709687,-0.0673036642795785,0.0673036642795785
"Fishery",1970,10,TRUE,5,1965,0.034247,0.10138867654127,-0.0671416765412696,0.0671416765412696
"Fishery",1971,10,TRUE,5,1966,0.274689,0.164670559843181,0.110018440156819,0.110018440156819
"Fishery",1972,10,TRUE,5,1967,0.117347117347117,0.124121341731028,-0.00677422438391112,0.00677422438391112
"Fishery",1973,10,TRUE,5,1968,0.202122696815955,0.159512569470032,0.042610127345923,0.042610127345923
"Fishery",1974,10,TRUE,5,1969,0.0744530744530744,0.121047507628359,-0.0465944331752846,0.0465944331752846
"Fishery",1975,10,TRUE,5,1970,0.0141489943404023,0.0586481123569886,-0.0444991180165864,0.0444991180165864
"Fishery",1976,10,TRUE,5,1971,0.0301519698480302,0.0497676974697073,-0.0196157276216771,0.0196157276216771
"Fishery",1977,10,TRUE,5,1972,0.0861290172258034,0.149300175673847,-0.0631711584480432,0.0631711584480432
"Fishery",1978,39,TRUE,5,1973,0.150679969864006,0.147362549437578,0.00331742042642838,0.00331742042642838
"Fishery",1979,39,TRUE,5,1974,0.152891847108153,0.149443537493949,0.00344830961420342,0.00344830961420342
"Fishery",1980,39,TRUE,5,1975,0.104123895876104,0.10744498115368,-0.00332108527757574,0.00332108527757574
"Fishery",1981,39,TRUE,5,1976,0.104386895613104,0.103841297136883,0.000545598476221418,0.000545598476221418
"Fishery",1982,39,TRUE,5,1977,0.210743,0.196235901581461,0.0145070984185391,0.0145070984185391
"Fishery",1983,39,TRUE,5,1978,0.468209936419873,0.48009279996407,-0.0118828635441969,0.0118828635441969
"Fishery",1984,39,TRUE,5,1979,0.253549253549254,0.243250384264803,0.0102988692844503,0.0102988692844503
"Fishery",1985,39,TRUE,5,1980,0.190469,0.225626857176624,-0.0351578571766238,0.0351578571766238
"Fishery",1986,39,TRUE,5,1981,0.104926104926105,0.118430824303688,-0.0135047193775832,0.0135047193775832
"Fishery",1987,39,TRUE,5,1982,0.2998577001423,0.339357251504305,-0.0394995513620053,0.0394995513620053
"Fishery",1988,39,TRUE,5,1983,0.115003884996115,0.10654209034646,0.00846179464965503,0.00846179464965503
"Fishery",1989,39,TRUE,5,1984,0.252882747117253,0.270672545871475,-0.0177897987542223,0.0177897987542223
"Fishery",1990,39,TRUE,5,1985,0.114964,0.144317319318132,-0.0293533193181324,0.0293533193181324
"Fishery",1991,260.3021832,TRUE,5,1986,0.0850862150862846,0.0857341821051399,-0.000647967018855292,0.000647967018855292
"Fishery",1992,228.0450879,TRUE,5,1987,0.0416149748553043,0.0499443204327065,-0.00832934557740218,0.00832934557740218
"Fishery",1993,344.4454631,TRUE,5,1988,0.0543302529718329,0.0766438842339599,-0.022313631262127,0.022313631262127
"Fishery",1994,286.3559154,TRUE,5,1989,0.579858867240046,0.560781682714066,0.0190771845259796,0.0190771845259796
"Fishery",1995,256.9467042,TRUE,5,1990,0.246204149778763,0.239764850589819,0.00643929918894373,0.00643929918894373
"Fishery",1996,189.0802194,TRUE,5,1991,0.114158496284635,0.13421123614139,-0.0200527398567549,0.0200527398567549
"Fishery",1997,318.6780707,TRUE,5,1992,0.295196998453943,0.28742686531218,0.00777013314176284,0.00777013314176284
"Fishery",1998,354.5667004,TRUE,5,1993,0.0992860955586655,0.0985898696733538,0.000696225885311763,0.000696225885311763
"Fishery",1999,476.1364988,TRUE,5,1994,0.0689517527073339,0.072924844911159,-0.00397309220382515,0.00397309220382515
"Fishery",2000,482.4344192,TRUE,5,1995,0.209851971473887,0.210302469003434,-0.000450497529547206,0.000450497529547206
"Fishery",2001,328.1698823,TRUE,5,1996,0.334268625927401,0.336371178293409,-0.00210255236600793,0.00210255236600793
"Fishery",2002,486.5633942,TRUE,5,1997,0.153064078349501,0.154686154533267,-0.00162207618376656,0.00162207618376656
"Fishery",2003,440.9136437,TRUE,5,1998,0.174173102408961,0.17305178192295,0.00112132048601085,0.00112132048601085
"Fishery",2004,390.5174487,TRUE,5,1999,0.227802070049785,0.231174334122854,-0.00337226407306923,0.00337226407306923
"Fishery",2005,494.3821404,TRUE,5,2000,0.401629130738803,0.404839095426657,-0.00320996468785428,0.00320996468785428
"Fishery",2006,506.2105711,TRUE,5,2001,0.291429035480703,0.287639848067806,0.00378918741289791,0.00378918741289791
"Fishery",2007,500.2156307,TRUE,5,2002,0.231567767581859,0.228600106878434,0.0029676607034255,0.0029676607034255
"Fishery",2008,523.649975,TRUE,5,2003,0.125278370254285,0.129284546583288,-0.00400617632900332,0.00400617632900332
"Fishery",2009,420.0301079,TRUE,5,2004,0.0859964953924817,0.0925304797951004,-0.00653398440261868,0.00653398440261868
"Fishery",2010,549.4055572,TRUE,5,2005,0.197158517635216,0.197666383198508,-0.000507865563291299,0.000507865563291299
"Fishery",2011,728.0740901,TRUE,5,2006,0.492609089111862,0.50074649741268,-0.00813740830081783,0.00813740830081783
"Fishery",2012,607.4592535,TRUE,5,2007,0.0887163196974944,0.0992016630839014,-0.0104853433864069,0.0104853433864069
"Fishery",2013,753.2713006,TRUE,5,2008,0.513534443992637,0.517464364749989,-0.00392992075735221,0.00392992075735221
"Fishery",2014,606.3439178,TRUE,5,2009,0.228597786490656,0.227543427353082,0.0010543591375741,0.0010543591375741
"Fishery",2015,821.2348389,TRUE,5,2010,0.10741891302708,0.109418031111861,-0.00199911808478052,0.00199911808478052
"Fishery",2016,704.1101836,TRUE,5,2011,0.0702958064376718,0.0804118518864971,-0.0101160454488253,0.0101160454488253
"Fishery",2017,606.7200798,TRUE,5,2012,0.428857758056925,0.432647082288968,-0.00378932423204298,0.00378932423204298
"Fishery",2018,667.8408369,TRUE,5,2013,0.570149609081825,0.542177306451807,0.0279723026300178,0.0279723026300178
"Fishery",2019,700.7958749,TRUE,5,2014,0.0899940473936792,0.0973988692510305,-0.00740482185735127,0.00740482185735127
"Fishery",2020,565.2432815,TRUE,5,2015,0.0684631440104649,0.0635164715170784,0.00494667249338655,0.00494667249338655
"Fishery",2021,817.5780899,TRUE,5,2016,0.0440029352202611,0.0461429012872039,-0.00213996606694277,0.00213996606694277
"Fishery",2022,641.2352943,TRUE,5,2017,0.0983517451801446,0.101892389612224,-0.0035406444320799,0.0035406444320799
"Fishery",2023,443.0433446,TRUE,5,2018,0.642745018682275,0.63336325193956,0.0093817667427154,0.0093817667427154
"Fishery",1964,10,TRUE,6,1958,0.268407,0.155240126529063,0.113166873470937,0.113166873470937
"Fishery",1965,10,TRUE,6,1959,0.033545,0.0639001801703083,-0.0303551801703083,0.0303551801703083
"Fishery",1966,10,TRUE,6,1960,0.024151,0.062231047616491,-0.038080047616491,0.038080047616491
"Fishery",1967,10,TRUE,6,1961,0.037988037988038,0.0946575678668889,-0.0566695298788509,0.0566695298788509
"Fishery",1968,10,TRUE,6,1962,0.030573,0.072906967674591,-0.042333967674591,0.042333967674591
"Fishery",1969,10,TRUE,6,1963,0.0023050023050023,0.0278385567366414,-0.025533554431639,0.025533554431639
"Fishery",1970,10,TRUE,6,1964,0.011143,0.0949801187923545,-0.0838371187923545,0.0838371187923545
"Fishery",1971,10,TRUE,6,1965,0.026683,0.0596626904553631,-0.0329796904553631,0.0329796904553631
"Fishery",1972,10,TRUE,6,1966,0.046028046028046,0.0924245610286563,-0.0463965150006103,0.0463965150006103
"Fishery",1973,10,TRUE,6,1967,0.138069792895311,0.0807095149264649,0.0573602779688458,0.0573602779688458
"Fishery",1974,10,TRUE,6,1968,0.0401920401920402,0.0756996751258596,-0.0355076349338194,0.0355076349338194
"Fishery",1975,10,TRUE,6,1969,0.0265729893708043,0.0517479715942572,-0.0251749822234529,0.0251749822234529
"Fishery",1976,10,TRUE,6,1970,0.0139159860840139,0.0318039038985004,-0.0178879178144865,0.0178879178144865
"Fishery",1977,10,TRUE,6,1971,0.0191580038316008,0.0290131856336231,-0.00985518180202233,0.00985518180202233
"Fishery",1978,39,TRUE,6,1972,0.0407949918410016,0.0842675507198919,-0.0434725588788903,0.0434725588788903
"Fishery",1979,39,TRUE,6,1973,0.0839389160610839,0.0783502308444763,0.00558868521660764,0.00558868521660764
"Fishery",1980,39,TRUE,6,1974,0.0871169128830871,0.0650737898281231,0.022043123054964,0.022043123054964
"Fishery",1981,39,TRUE,6,1975,0.0473079526920473,0.0424421618834915,0.00486579080855584,0.00486579080855584
"Fishery",1982,39,TRUE,6,1976,0.051754,0.0449707864612195,0.00678321353878052,0.00678321353878052
"Fishery",1983,39,TRUE,6,1977,0.1250932501865,0.115058133901034,0.0100351162854667,0.0100351162854667
"Fishery",1984,39,TRUE,6,1978,0.337247337247337,0.331959943652094,0.00528739359524294,0.00528739359524294
"Fishery",1985,39,TRUE,6,1979,0.167426,0.184420829601509,-0.0169948296015094,0.0169948296015094
"Fishery",1986,39,TRUE,6,1980,0.185293185293185,0.199842191007834,-0.0145490057146486,0.0145490057146486
"Fishery",1987,39,TRUE,6,1981,0.100714899285101,0.113076260379277,-0.0123613610941766,0.0123613610941766
"Fishery",1988,39,TRUE,6,1982,0.248301751698248,0.30655126963242,-0.0582495179341719,0.0582495179341719
"Fishery",1989,39,TRUE,6,1983,0.0934729065270935,0.0955150087886361,-0.0020421022615426,0.0020421022615426
"Fishery",1990,39,TRUE,6,1984,0.273633,0.281088494742898,-0.00745549474289842,0.00745549474289842
"Fishery",1991,260.3021832,TRUE,6,1985,0.101979247086258,0.11510528501929,-0.0131260379330322,0.0131260379330322
"Fishery",1992,228.0450879,TRUE,6,1986,0.056819857789606,0.0621157382296754,-0.0052958804400693,0.0052958804400693
"Fishery",1993,344.4454631,TRUE,6,1987,0.0349062316496094,0.0371034697610681,-0.00219723811145869,0.00219723811145869
"Fishery",1994,286.3559154,TRUE,6,1988,0.0961421080196901,0.0868131130668146,0.00932899495287552,0.00932899495287552
"Fishery",1995,256.9467042,TRUE,6,1989,0.473832064775409,0.467500529290752,0.00633153548465692,0.00633153548465692
"Fishery",1996,189.0802194,TRUE,6,1990,0.256652826371997,0.264041344011609,-0.00738851763961235,0.00738851763961235
"Fishery",1997,318.6780707,TRUE,6,1991,0.187413916154697,0.195905708677623,-0.00849179252292592,0.00849179252292592
"Fishery",1998,354.5667004,TRUE,6,1992,0.455007184523746,0.43465658492377,0.0203505995999754,0.0203505995999754
"Fishery",1999,476.1364988,TRUE,6,1993,0.105075026850739,0.107452780578761,-0.00237775372802203,0.00237775372802203
"Fishery",2000,482.4344192,TRUE,6,1994,0.0646076221433101,0.0723109424080329,-0.00770332026472273,0.00770332026472273
"Fishery",2001,328.1698823,TRUE,6,1995,0.238772552821733,0.233054121097461,0.00571843172427197,0.00571843172427197
"Fishery",2002,486.5633942,TRUE,6,1996,0.322752382006455,0.327033244372767,-0.00428086236631131,0.00428086236631131
"Fishery",2003,440.9136437,TRUE,6,1997,0.145693024991812,0.144801185083853,0.000891839907959074,0.000891839907959074
"Fishery",2004,390.5174487,TRUE,6,1998,0.112239331024256,0.117599636316772,-0.0053603052925162,0.0053603052925162
"Fishery",2005,494.3821404,TRUE,6,1999,0.225336420023501,0.214366233681895,0.010970186341606,0.010970186341606
"Fishery",2006,506.2105711,TRUE,6,2000,0.281073206810555,0.300160201029334,-0.0190869942187793,0.0190869942187793
"Fishery",2007,500.2156307,TRUE,6,2001,0.304454150716149,0.300267686898948,0.00418646381720045,0.00418646381720045
"Fishery",2008,523.649975,TRUE,6,2002,0.26389924721175,0.262785107622923,0.00111413958882622,0.00111413958882622
"Fishery",2009,420.0301079,TRUE,6,2003,0.119216114147173,0.124016567935278,-0.00480045378810552,0.00480045378810552
"Fishery",2010,549.4055572,TRUE,6,2004,0.0489471540202797,0.0548620348211207,-0.00591488080084104,0.00591488080084104
"Fishery",2011,728.0740901,TRUE,6,2005,0.173321139280896,0.160178661504486,0.01314247777641,0.01314247777641
"Fishery",2012,607.4592535,TRUE,6,2006,0.222096822238417,0.235325553740649,-0.0132287315022325,0.0132287315022325
"Fishery",2013,753.2713006,TRUE,6,2007,0.104458067903211,0.103155148963483,0.00130291893972774,0.00130291893972774
"Fishery",2014,606.3439178,TRUE,6,2008,0.430385453458161,0.437613205877982,-0.00722775241982115,0.00722775241982115
"Fishery",2015,821.2348389,TRUE,6,2009,0.180596139563185,0.177588279544325,0.00300786001886058,0.00300786001886058
"Fishery",2016,704.1101836,TRUE,6,2010,0.0767208349419371,0.0759983230976895,0.000722511844247542,0.000722511844247542
"Fishery",2017,606.7200798,TRUE,6,2011,0.102795624532569,0.0909197121744908,0.0118759123580784,0.0118759123580784
"Fishery",2018,667.8408369,TRUE,6,2012,0.237494497831557,0.24759095470173,-0.0100964568701731,0.0100964568701731
"Fishery",2019,700.7958749,TRUE,6,2013,0.523500972231365,0.504721931784434,0.0187790404469304,0.0187790404469304
"Fishery",2020,565.2432815,TRUE,6,2014,0.279164243435816,0.254991733308673,0.0241725101271431,0.0241725101271431
"Fishery",2021,817.5780899,TRUE,6,2015,0.0428663967352791,0.0453895531116137,-0.00252315637633464,0.00252315637633464
"Fishery",2022,641.2352943,TRUE,6,2016,0.0377186899905867,0.0420064295463489,-0.00428773955576218,0.00428773955576218
"Fishery",2023,443.0433446,TRUE,6,2017,0.0991532367879832,0.0903157652606034,0.00883747152737978,0.00883747152737978
"Fishery",1964,10,TRUE,7,1957,0.120764,0.0923679647292847,0.0283960352707153,0.0283960352707153
"Fishery",1965,10,TRUE,7,1958,0.032389,0.0764621181786319,-0.0440731181786319,0.0440731181786319
"Fishery",1966,10,TRUE,7,1959,0.026415,0.0355111152619802,-0.00909611526198023,0.00909611526198023
"Fishery",1967,10,TRUE,7,1960,0.0114790114790115,0.0306911694924348,-0.0192121580134233,0.0192121580134233
"Fishery",1968,10,TRUE,7,1961,0.036579,0.0461638018986675,-0.00958480189866754,0.00958480189866754
"Fishery",1969,10,TRUE,7,1962,0.0121420121420121,0.0356695611281762,-0.0235275489861641,0.0235275489861641
"Fishery",1970,10,TRUE,7,1963,0.005571,0.0160655238656373,-0.0104945238656373,0.0104945238656373
"Fishery",1971,10,TRUE,7,1964,0.017515,0.0561196560103337,-0.0386046560103337,0.0386046560103337
"Fishery",1972,10,TRUE,7,1965,0.0174710174710175,0.0341716713902554,-0.016700653919238,0.016700653919238
"Fishery",1973,10,TRUE,7,1966,0.0768218847671728,0.060157132228376,0.0166647525387969,0.0166647525387969
"Fishery",1974,10,TRUE,7,1967,0.0257450257450257,0.0382844663333945,-0.0125394405883688,0.0125394405883688
"Fishery",1975,10,TRUE,7,1968,0.0254519898192041,0.0324501899821344,-0.00699820016293027,0.00699820016293027
"Fishery",1976,10,TRUE,7,1969,0.0192789807210193,0.0284399536611624,-0.0091609729401431,0.0091609729401431
"Fishery",1977,10,TRUE,7,1970,0.00703000140600028,0.0191171824904415,-0.0120871810844412,0.0120871810844412
"Fishery",1978,39,TRUE,7,1971,0.0117719976456005,0.0168204555914075,-0.00504845794580703,0.00504845794580703
"Fishery",1979,39,TRUE,7,1972,0.0219209780790219,0.0451245362546478,-0.0232035581756259,0.0232035581756259
"Fishery",1980,39,TRUE,7,1973,0.0345719654280346,0.0329058676612103,0.0016660977668243,0.0016660977668243
"Fishery",1981,39,TRUE,7,1974,0.0237579762420238,0.0241515582662112,-0.000393582024187468,0.000393582024187468
"Fishery",1982,39,TRUE,7,1975,0.017953,0.0182400463483625,-0.000287046348362453,0.000287046348362453
"Fishery",1983,39,TRUE,7,1976,0.0237380474760949,0.0256096393631038,-0.00187159188700889,0.00187159188700889
"Fishery",1984,39,TRUE,7,1977,0.069013069013069,0.067663447547107,0.00134962146596204,0.00134962146596204
"Fishery",1985,39,TRUE,7,1978,0.23081,0.213025499303034,0.0177845006969658,0.0177845006969658
"Fishery",1986,39,TRUE,7,1979,0.108734108734109,0.108921800866648,-0.000187692132538941,0.000187692132538941
"Fishery",1987,39,TRUE,7,1980,0.0888209111790888,0.128511930246134,-0.0396910190670457,0.0396910190670457
"Fishery",1988,39,TRUE,7,1981,0.102526897473103,0.0872672172629723,0.0152596802101302,0.0152596802101302
"Fishery",1989,39,TRUE,7,1982,0.320775679224321,0.290265254266896,0.0305104249574246,0.0305104249574246
"Fishery",1990,39,TRUE,7,1983,0.074005,0.0916599770755339,-0.0176549770755339,0.0176549770755339
"Fishery",1991,260.3021832,TRUE,7,1984,0.275094874536963,0.26799326780232,0.00710160673464344,0.00710160673464344
"Fishery",1992,228.0450879,TRUE,7,1985,0.069936174233296,0.0847474898187173,-0.0148113155854213,0.0148113155854213
"Fishery",1993,344.4454631,TRUE,7,1986,0.035013660850892,0.0358500809568076,-0.000836420105915593,0.000836420105915593
"Fishery",1994,286.3559154,TRUE,7,1987,0.0292930442023565,0.0265444727631201,0.00274857143923635,0.00274857143923635
"Fishery",1995,256.9467042,TRUE,7,1988,0.0848365872445186,0.0709084158240641,0.0139281714204545,0.0139281714204545
"Fishery",1996,189.0802194,TRUE,7,1989,0.34162605886218,0.348572600465962,-0.00694654160378194,0.00694654160378194
"Fishery",1997,318.6780707,TRUE,7,1990,0.166279720234649,0.1801297707662,-0.0138500505315503,0.0138500505315503
"Fishery",1998,354.5667004,TRUE,7,1991,0.129207272754367,0.134653154516047,-0.00544588176167909,0.00544588176167909
"Fishery",1999,476.1364988,TRUE,7,1992,0.314343879779453,0.304398952073773,0.00994492770567951,0.00994492770567951
"Fishery",2000,482.4344192,TRUE,7,1993,0.101976170346416,0.101299735558047,0.00067643478836886,0.00067643478836886
"Fishery",2001,328.1698823,TRUE,7,1994,0.07892156465348,0.0764216264882843,0.00249993816519571,0.00249993816519571
"Fishery",2002,486.5633942,TRUE,7,1995,0.142633922641575,0.146039000194806,-0.00340507755323105,0.00340507755323105
"Fishery",2003,440.9136437,TRUE,7,1996,0.16314751841337,0.166590890081698,-0.00344337166832795,0.00344337166832795
"Fishery",2004,390.5174487,TRUE,7,1997,0.0802293054827268,0.0750099947394812,0.00521931074324558,0.00521931074324558
"Fishery",2005,494.3821404,TRUE,7,1998,0.0741433444304274,0.0735520211388028,0.000591323291624576,0.000591323291624576
"Fishery",2006,506.2105711,TRUE,7,1999,0.131027522349157,0.130489612870609,0.000537909478548176,0.000537909478548176
"Fishery",2007,500.2156307,TRUE,7,2000,0.17886050282461,0.192196182728568,-0.0133356799039575,0.0133356799039575
"Fishery",2008,523.649975,TRUE,7,2001,0.206476384229617,0.200977711021043,0.00549867320857367,0.00549867320857367
"Fishery",2009,420.0301079,TRUE,7,2002,0.129500014981651,0.131736951133937,-0.00223693615228612,0.00223693615228612
"Fishery",2010,549.4055572,TRUE,7,2003,0.0384586607891502,0.0430907335448264,-0.00463207275567622,0.00463207275567622
"Fishery",2011,728.0740901,TRUE,7,2004,0.0386973113282443,0.0352001341295406,0.00349717719870375,0.00349717719870375
"Fishery",2012,607.4592535,TRUE,7,2005,0.0726786457946565,0.0648549337601169,0.00782371203453969,0.00782371203453969
"Fishery",2013,753.2713006,TRUE,7,2006,0.0840994924141492,0.0943117242947734,-0.0102122318806242,0.0102122318806242
"Fishery",2014,606.3439178,TRUE,7,2007,0.120356530736665,0.103550707985929,0.0168058227507351,0.0168058227507351
"Fishery",2015,821.2348389,TRUE,7,2008,0.239740955750588,0.249537474324781,-0.00979651857419361,0.00979651857419361
"Fishery",2016,704.1101836,TRUE,7,2009,0.0768494306574404,0.0765300957347966,0.000319334922643841,0.000319334922643841
"Fishery",2017,606.7200798,TRUE,7,2010,0.0703914690455658,0.0649235276804074,0.00546794136515835,0.00546794136515835
"Fishery",2018,667.8408369,TRUE,7,2011,0.0491353329430379,0.0494451223587447,-0.000309789415706849,0.000309789415706849
"Fishery",2019,700.7958749,TRUE,7,2012,0.241236440447894,0.24150657071221,-0.000270130264316243,0.000270130264316243
"Fishery",2020,565.2432815,TRUE,7,2013,0.302812621259844,0.300834666460292,0.00197795479955182,0.00197795479955182
"Fishery",2021,817.5780899,TRUE,7,2014,0.123783682581606,0.11288786569136,0.0108958168902458,0.0108958168902458
"Fishery",2022,641.2352943,TRUE,7,2015,0.0425893333843076,0.0399938755960319,0.00259545778827577,0.00259545778827577
"Fishery",2023,443.0433446,TRUE,7,2016,0.0128127600169765,0.0248583485845369,-0.0120455885675604,0.0120455885675604
"Fishery",1964,10,TRUE,8,1956,0.025321,0.0555420885898008,-0.0302210885898008,0.0302210885898008
"Fishery",1965,10,TRUE,8,1957,0.015327,0.046363659662544,-0.031036659662544,0.031036659662544
"Fishery",1966,10,TRUE,8,1958,0.010314,0.0426065877858057,-0.0322925877858057,0.0322925877858057
"Fishery",1967,10,TRUE,8,1959,0.00568000568000568,0.0177514193989796,-0.012071413718974,0.012071413718974
"Fishery",1968,10,TRUE,8,1960,0.005187,0.0149456635635632,-0.00975866356356318,0.00975866356356318
"Fishery",1969,10,TRUE,8,1961,0.00776100776100776,0.0232091061168958,-0.0154480983558881,0.0154480983558881
"Fishery",1970,10,TRUE,8,1962,0.003168,0.0217493511505931,-0.0185813511505931,0.0185813511505931
"Fishery",1971,10,TRUE,8,1963,0.004919,0.00990328104938227,-0.00498428104938227,0.00498428104938227
"Fishery",1972,10,TRUE,8,1964,0.00633500633500634,0.034404116026549,-0.0280691096915426,0.0280691096915426
"Fishery",1973,10,TRUE,8,1965,0.0556429165356252,0.0230746388147516,0.0325682777208736,0.0325682777208736
"Fishery",1974,10,TRUE,8,1966,0.0216900216900217,0.0292385699212958,-0.00754854823127407,0.00754854823127407
"Fishery",1975,10,TRUE,8,1967,0.0138689944524022,0.0164742005163791,-0.00260520606397684,0.00260520606397684
"Fishery",1976,10,TRUE,8,1968,0.0223629776370224,0.0179552675297038,0.0044077101073186,0.0044077101073186
"Fishery",1977,10,TRUE,8,1969,0.0101410020282004,0.0173740887908873,-0.00723308676268687,0.00723308676268687
"Fishery",1978,39,TRUE,8,1970,0.00709799858040028,0.011246489460519,-0.00414849088011873,0.00414849088011873
"Fishery",1979,39,TRUE,8,1971,0.01001198998801,0.00899093410659465,0.00102105588141536,0.00102105588141536
"Fishery",1980,39,TRUE,8,1972,0.0155249844750155,0.0191425688439617,-0.00361758436894618,0.00361758436894618
"Fishery",1981,39,TRUE,8,1973,0.0136099863900136,0.012398464137081,0.0012115222529326,0.0012115222529326
"Fishery",1982,39,TRUE,8,1974,0.017973,0.0104514262100448,0.00752157378995519,0.00752157378995519
"Fishery",1983,39,TRUE,8,1975,0.0141670283340567,0.0104204633900535,0.00374656494400316,0.00374656494400316
"Fishery",1984,39,TRUE,8,1976,0.0183400183400183,0.0151778964751403,0.00316212186487807,0.00316212186487807
"Fishery",1985,39,TRUE,8,1977,0.058574,0.0429616947743217,0.0156123052256783,0.0156123052256783
"Fishery",1986,39,TRUE,8,1978,0.105004105004105,0.121511259172567,-0.0165071541684618,0.0165071541684618
"Fishery",1987,39,TRUE,8,1979,0.0657419342580657,0.0740076728904487,-0.008265738632383,0.008265738632383
"Fishery",1988,39,TRUE,8,1980,0.0478659521340479,0.0916943400156405,-0.0438283878815927,0.0438283878815927
"Fishery",1989,39,TRUE,8,1981,0.053996946003054,0.0617659862432434,-0.00776904024018941,0.00776904024018941
"Fishery",1990,39,TRUE,8,1982,0.211015,0.208671202084298,0.00234379791570172,0.00234379791570172
"Fishery",1991,260.3021832,TRUE,8,1983,0.0432038670997263,0.0623989775033977,-0.0191951104036714,0.0191951104036714
"Fishery",1992,228.0450879,TRUE,8,1984,0.132610231757199,0.139961295015836,-0.00735106325863652,0.00735106325863652
"Fishery",1993,344.4454631,TRUE,8,1985,0.0297904268523031,0.0323210384675593,-0.0025306116152562,0.0025306116152562
"Fishery",1994,286.3559154,TRUE,8,1986,0.0104550237712716,0.0157745779673061,-0.00531955419603446,0.00531955419603446
"Fishery",1995,256.9467042,TRUE,8,1987,0.0215252123315927,0.0178649219780565,0.00366029035353625,0.00366029035353625
"Fishery",1996,189.0802194,TRUE,8,1988,0.130939953783407,0.0610539532791962,0.0698860005042106,0.0698860005042106
"Fishery",1997,318.6780707,TRUE,8,1989,0.128780517545452,0.14522702352088,-0.0164465059754281,0.0164465059754281
"Fishery",1998,354.5667004,TRUE,8,1990,0.0852814052878491,0.0906719228562218,-0.00539051756837271,0.00539051756837271
"Fishery",1999,476.1364988,TRUE,8,1991,0.0876629876219072,0.0896033190924709,-0.00194033147056367,0.00194033147056367
"Fishery",2000,482.4344192,TRUE,8,1992,0.216636992753775,0.201547622760364,0.0150893699934107,0.0150893699934107
"Fishery",2001,328.1698823,TRUE,8,1993,0.0742145837102138,0.0637524912712999,0.0104620924389139,0.0104620924389139
"Fishery",2002,486.5633942,TRUE,8,1994,0.0524129113446231,0.047863228845076,0.00454968249954712,0.00454968249954712
"Fishery",2003,440.9136437,TRUE,8,1995,0.0766226371024737,0.0737892160918772,0.00283342101059653,0.00283342101059653
"Fishery",2004,390.5174487,TRUE,8,1996,0.0740689532598976,0.0681704201034513,0.00589853315644626,0.00589853315644626
"Fishery",2005,494.3821404,TRUE,8,1997,0.0316554861433973,0.0315561810453521,9.93050980452118e-05,9.93050980452118e-05
"Fishery",2006,506.2105711,TRUE,8,1998,0.050486121800371,0.047008194617612,0.00347792718275891,0.00347792718275891
"Fishery",2007,500.2156307,TRUE,8,1999,0.0815177385806813,0.0825375819521661,-0.00101984337148484,0.00101984337148484
"Fishery",2008,523.649975,TRUE,8,2000,0.126749680983585,0.131339732865744,-0.00459005188215944,0.00459005188215944
"Fishery",2009,420.0301079,TRUE,8,2001,0.108671047405356,0.103725001531815,0.00494604587354112,0.00494604587354112
"Fishery",2010,549.4055572,TRUE,8,2002,0.0515772227798888,0.0509849373043226,0.000592285475566202,0.000592285475566202
"Fishery",2011,728.0740901,TRUE,8,2003,0.0228380590067739,0.0226521519973604,0.000185907009413462,0.000185907009413462
"Fishery",2012,607.4592535,TRUE,8,2004,0.018833814191616,0.0151648385808618,0.00366897561075423,0.00366897561075423
"Fishery",2013,753.2713006,TRUE,8,2005,0.0375916539597233,0.0321791270966379,0.0054125268630854,0.0054125268630854
"Fishery",2014,606.3439178,TRUE,8,2006,0.0493684899800714,0.0559668162460281,-0.00659832626595665,0.00659832626595665
"Fishery",2015,821.2348389,TRUE,8,2007,0.0417380812969827,0.0422854656938876,-0.000547384396904861,0.000547384396904861
"Fishery",2016,704.1101836,TRUE,8,2008,0.0987823199726757,0.105444115391484,-0.00666179541880793,0.00666179541880793
"Fishery",2017,606.7200798,TRUE,8,2009,0.0582588350155614,0.0573442760869131,0.000914558928648251,0.000914558928648251
"Fishery",2018,667.8408369,TRUE,8,2010,0.0384362219847474,0.0353818924715513,0.0030543295131961,0.0030543295131961
"Fishery",2019,700.7958749,TRUE,8,2011,0.0532095460879209,0.043594739074467,0.00961480701345399,0.00961480701345399
"Fishery",2020,565.2432815,TRUE,8,2012,0.0627886514702062,0.0925020194307902,-0.029713367960584,0.029713367960584
"Fishery",2021,817.5780899,TRUE,8,2013,0.11835402135602,0.116002707285868,0.00235131407015185,0.00235131407015185
"Fishery",2022,641.2352943,TRUE,8,2014,0.0759937951641383,0.0622917701479896,0.0137020250161487,0.0137020250161487
"Fishery",2023,443.0433446,TRUE,8,2015,0.0197875271413894,0.0204222475096296,-0.000634720368240155,0.000634720368240155
"Fishery",1964,10,TRUE,9,1955,0,0.0422080915586003,-0.0422080915586003,0.0422080915586003
"Fishery",1965,10,TRUE,9,1956,0,0.0288237923928337,-0.0288237923928337,0.0288237923928337
"Fishery",1966,10,TRUE,9,1957,0,0.02600247341058,-0.02600247341058,0.02600247341058
"Fishery",1967,10,TRUE,9,1958,0,0.0215708500526904,-0.0215708500526904,0.0215708500526904
"Fishery",1968,10,TRUE,9,1959,0,0.00866757311069349,-0.00866757311069349,0.00866757311069349
"Fishery",1969,10,TRUE,9,1960,0,0.00759263391049662,-0.00759263391049662,0.00759263391049662
"Fishery",1970,10,TRUE,9,1961,0,0.0141062270718873,-0.0141062270718873,0.0141062270718873
"Fishery",1971,10,TRUE,9,1962,0,0.0127131792897923,-0.0127131792897923,0.0127131792897923
"Fishery",1972,10,TRUE,9,1963,0,0.00543461685391231,-0.00543461685391231,0.00543461685391231
"Fishery",1973,10,TRUE,9,1964,0.0249719625420562,0.0210671876015131,0.00390477494054307,0.00390477494054307
"Fishery",1974,10,TRUE,9,1965,0.0212890212890213,0.0106144487212996,0.0106745725677216,0.0106745725677216
"Fishery",1975,10,TRUE,9,1966,0.00816199673520131,0.0122553855819642,-0.00409338884676289,0.00409338884676289
"Fishery",1976,10,TRUE,9,1967,0.0173959826040174,0.00912698220310489,0.00826900040091251,0.00826900040091251
"Fishery",1977,10,TRUE,9,1968,0.00811100162220032,0.0111528982411498,-0.00304189661894944,0.00304189661894944
"Fishery",1978,39,TRUE,9,1969,0.00804699839060032,0.01051920846367,-0.00247221007306968,0.00247221007306968
"Fishery",1979,39,TRUE,9,1970,0.013972986027014,0.00616578707154334,0.00780719895547064,0.00780719895547064
"Fishery",1980,39,TRUE,9,1971,0.00898099101900898,0.0038007350770569,0.00518025594195208,0.00518025594195208
"Fishery",1981,39,TRUE,9,1972,0.0074029925970074,0.00726617722843515,0.000136815368572251,0.000136815368572251
"Fishery",1982,39,TRUE,9,1973,0.010743,0.00536852766219822,0.00537447233780178,0.00537447233780178
"Fishery",1983,39,TRUE,9,1974,0.0113530227060454,0.00596168773108927,0.00539133497495614,0.00539133497495614
"Fishery",1984,39,TRUE,9,1975,0.0129380129380129,0.00619457048507138,0.00674344245294156,0.00674344245294156
"Fishery",1985,39,TRUE,9,1976,0.019048,0.00962660116362763,0.00942139883637237,0.00942139883637237
"Fishery",1986,39,TRUE,9,1977,0.0292490292490293,0.0251392464117649,0.00410978283726436,0.00410978283726436
"Fishery",1987,39,TRUE,9,1978,0.179308820691179,0.0871891835628391,0.0921196371283402,0.0921196371283402
"Fishery",1988,39,TRUE,9,1979,0.0178719821280179,0.0450601328729658,-0.0271881507449479,0.0271881507449479
"Fishery",1989,39,TRUE,9,1980,0.0581659418340582,0.0642229701761976,-0.00605702834213945,0.00605702834213945
"Fishery",1990,39,TRUE,9,1981,0.037632,0.0458617379645019,-0.00822973796450187,0.00822973796450187
"Fishery",1991,260.3021832,TRUE,9,1982,0.159262691461944,0.155502616052095,0.00376007540984888,0.00376007540984888
"Fishery",1992,228.0450879,TRUE,9,1983,0.0534813718627117,0.0397322048543555,0.0137491670083562,0.0137491670083562
"Fishery",1993,344.4454631,TRUE,9,1984,0.0454696276895187,0.0466079187072772,-0.00113829101775845,0.00113829101775845
"Fishery",1994,286.3559154,TRUE,9,1985,0.00719075997477272,0.013602100216333,-0.00641134024156031,0.00641134024156031
"Fishery",1995,256.9467042,TRUE,9,1986,0.00763965727230028,0.0103768063549978,-0.0027371490826975,0.0027371490826975
"Fishery",1996,189.0802194,TRUE,9,1987,0.0238534595205181,0.0140464460676569,0.00980701345286119,0.00980701345286119
"Fishery",1997,318.6780707,TRUE,9,1988,0.0415214077533941,0.0284033428120883,0.0131180649413058,0.0131180649413058
"Fishery",1998,354.5667004,TRUE,9,1989,0.0716988581602041,0.0714817285605637,0.000217129599640403,0.000217129599640403
"Fishery",1999,476.1364988,TRUE,9,1990,0.0378113230859595,0.0430561195967634,-0.00524479651080385,0.00524479651080385
"Fishery",2000,482.4344192,TRUE,9,1991,0.0514245128917696,0.0522195944111011,-0.000795081519331491,0.000795081519331491
"Fishery",2001,328.1698823,TRUE,9,1992,0.0904532119837214,0.0928067251827308,-0.00235351319900939,0.00235351319900939
"Fishery",2002,486.5633942,TRUE,9,1993,0.0457172460162013,0.0375769212429383,0.00814032477326296,0.00814032477326296
"Fishery",2003,440.9136437,TRUE,9,1994,0.0238842580875001,0.0227659467065365,0.00111831138096364,0.00111831138096364
"Fishery",2004,390.5174487,TRUE,9,1995,0.0307871485509099,0.0288442346232287,0.00194291392768118,0.00194291392768118
"Fishery",2005,494.3821404,TRUE,9,1996,0.0309766542602959,0.0283443653263723,0.00263228893392359,0.00263228893392359
"Fishery",2006,506.2105711,TRUE,9,1997,0.0225843492556531,0.0203183000346516,0.00226604922100157,0.00226604922100157
"Fishery",2007,500.2156307,TRUE,9,1998,0.0283104217110381,0.0297382005269298,-0.00142777881589166,0.00142777881589166
"Fishery",2008,523.649975,TRUE,9,1999,0.0718184066145398,0.0633191842288354,0.00849922238570439,0.00849922238570439
"Fishery",2009,420.0301079,TRUE,9,2000,0.069418438657918,0.0715432198412866,-0.0021247811833686,0.0021247811833686
"Fishery",2010,549.4055572,TRUE,9,2001,0.0463010057693417,0.0404486810965296,0.00585232467281212,0.00585232467281212
"Fishery",2011,728.0740901,TRUE,9,2002,0.0234349826140518,0.0227594476864609,0.000675534927590909,0.000675534927590909
"Fishery",2012,607.4592535,TRUE,9,2003,0.00895026703501988,0.00965925216241808,-0.000708985127398197,0.000708985127398197
"Fishery",2013,753.2713006,TRUE,9,2004,0.0111096723003903,0.00759225414549824,0.00351741815489205,0.00351741815489205
"Fishery",2014,606.3439178,TRUE,9,2005,0.0170782657563406,0.0144519923729946,0.002626273383346,0.002626273383346
"Fishery",2015,821.2348389,TRUE,9,2006,0.0197990823641267,0.0239674706652061,-0.00416838830107937,0.00416838830107937
"Fishery",2016,704.1101836,TRUE,9,2007,0.0149831831927426,0.016688463000897,-0.00170527980815431,0.00170527980815431
"Fishery",2017,606.7200798,TRUE,9,2008,0.0463909880735332,0.059073644123393,-0.0126826560498598,0.0126826560498598
"Fishery",2018,667.8408369,TRUE,9,2009,0.0284229255236125,0.0285796273680814,-0.000156701844468882,0.000156701844468882
"Fishery",2019,700.7958749,TRUE,9,2010,0.0297751256084266,0.0272800667993208,0.00249505880910576,0.00249505880910576
"Fishery",2020,565.2432815,TRUE,9,2011,0.0267269467154924,0.0232886044116209,0.00343834230387152,0.00343834230387152
"Fishery",2021,817.5780899,TRUE,9,2012,0.0288389495756542,0.0386602293262694,-0.00982127975061516,0.00982127975061516
"Fishery",2022,641.2352943,TRUE,9,2013,0.0434425945289959,0.048841049386999,-0.00539845485800312,0.00539845485800312
"Fishery",2023,443.0433446,TRUE,9,2014,0.0277298675493432,0.0235160609380515,0.00421380661129172,0.00421380661129172
"Fishery",1964,10,TRUE,10,1954,0,0.0351064314952993,-0.0351064314952993,0.0351064314952993
"Fishery",1965,10,TRUE,10,1955,0,0.0226808558998742,-0.0226808558998742,0.0226808558998742
"Fishery",1966,10,TRUE,10,1956,0,0.0163522849648646,-0.0163522849648646,0.0163522849648646
"Fishery",1967,10,TRUE,10,1957,0,0.0133006385066252,-0.0133006385066252,0.0133006385066252
"Fishery",1968,10,TRUE,10,1958,0,0.0106062010209951,-0.0106062010209951,0.0106062010209951
"Fishery",1969,10,TRUE,10,1959,0,0.00448039318396629,-0.00448039318396629,0.00448039318396629
"Fishery",1970,10,TRUE,10,1960,0,0.00473021785390111,-0.00473021785390111,0.00473021785390111
"Fishery",1971,10,TRUE,10,1961,0,0.00836386147230509,-0.00836386147230509,0.00836386147230509
"Fishery",1972,10,TRUE,10,1962,0,0.00700926927033206,-0.00700926927033206,0.00700926927033206
"Fishery",1973,10,TRUE,10,1963,0.00449799325301012,0.00327827987340659,0.00121971337960353,0.00121971337960353
"Fishery",1974,10,TRUE,10,1964,0.00895400895400895,0.00974395574728434,-0.000789946793275386,0.000789946793275386
"Fishery",1975,10,TRUE,10,1965,0.00574699770120092,0.00449080613387999,0.00125619156732093,0.00125619156732093
"Fishery",1976,10,TRUE,10,1966,0.00857199142800857,0.00689455120728297,0.0016774402207256,0.0016774402207256
"Fishery",1977,10,TRUE,10,1967,0.00651400130280026,0.00586856064909106,0.000645440653709203,0.000645440653709203
"Fishery",1978,39,TRUE,10,1968,0.00647099870580026,0.00690947607369824,-0.000438477367897983,0.000438477367897983
"Fishery",1979,39,TRUE,10,1969,0.0107059892940107,0.0056897755173022,0.00501621377670851,0.00501621377670851
"Fishery",1980,39,TRUE,10,1970,0.00987699012300988,0.00254417300652232,0.00733281711648755,0.00733281711648755
"Fishery",1981,39,TRUE,10,1971,0.0042989957010043,0.00143835132109369,0.00286064437991061,0.00286064437991061
"Fishery",1982,39,TRUE,10,1972,0.004531,0.0031395164379813,0.0013914835620187,0.0013914835620187
"Fishery",1983,39,TRUE,10,1973,0.00636201272402545,0.00306743317328719,0.00329457955073825,0.00329457955073825
"Fishery",1984,39,TRUE,10,1974,0.00806700806700807,0.00354434742497124,0.00452266064203683,0.00452266064203683
"Fishery",1985,39,TRUE,10,1975,0.013449,0.00393147660786054,0.00951752339213946,0.00951752339213946
"Fishery",1986,39,TRUE,10,1976,0.00744000744000744,0.00572298761257596,0.00171701982743148,0.00171701982743148
"Fishery",1987,39,TRUE,10,1977,0.0392069607930392,0.0172817715936677,0.0219251891993715,0.0219251891993715
"Fishery",1988,39,TRUE,10,1978,0.0441489558510441,0.0511937744254372,-0.00704481857439305,0.00704481857439305
"Fishery",1989,39,TRUE,10,1979,0.0181759818240182,0.0312657229109998,-0.0130897410869816,0.0130897410869816
"Fishery",1990,39,TRUE,10,1980,0.058368,0.0485237805156601,0.0098442194843399,0.0098442194843399
"Fishery",1991,260.3021832,TRUE,10,1981,0.0159606789762584,0.032565033733136,-0.0166043547568776,0.0166043547568776
"Fishery",1992,228.0450879,TRUE,10,1982,0.0768646777835989,0.0850427346832205,-0.00817805689962153,0.00817805689962153
"Fishery",1993,344.4454631,TRUE,10,1983,0.011164114350769,0.0125157502761617,-0.0013516359253927,0.0013516359253927
"Fishery",1994,286.3559154,TRUE,10,1984,0.0110338935295473,0.0194327335868361,-0.00839884005728879,0.00839884005728879
"Fishery",1995,256.9467042,TRUE,10,1985,0.00467037720309141,0.00881527000886044,-0.00414489280576903,0.00414489280576903
"Fishery",1996,189.0802194,TRUE,10,1986,0.0095372263611089,0.00790396590541688,0.00163326045569202,0.00163326045569202
"Fishery",1997,318.6780707,TRUE,10,1987,0.00864901965572241,0.0073051988778767,0.00134382077784571,0.00134382077784571
"Fishery",1998,354.5667004,TRUE,10,1988,0.017995464846538,0.0115262137758049,0.00646925107073306,0.00646925107073306
"Fishery",1999,476.1364988,TRUE,10,1989,0.0222041079643304,0.028663705809058,-0.00645959784472764,0.00645959784472764
"Fishery",2000,482.4344192,TRUE,10,1990,0.0180003651684565,0.0236653791262603,-0.0056650139578038,0.0056650139578038
"Fishery",2001,328.1698823,TRUE,10,1991,0.0332835182473376,0.0289643316386426,0.004319186608695,0.004319186608695
"Fishery",2002,486.5633942,TRUE,10,1992,0.0499964905900409,0.0535826294565005,-0.0035861388664596,0.0035861388664596
"Fishery",2003,440.9136437,TRUE,10,1993,0.0189823790571603,0.017757714622465,0.00122466443469535,0.00122466443469535
"Fishery",2004,390.5174487,TRUE,10,1994,0.00763914044307944,0.00931545678205774,-0.0016763163389783,0.0016763163389783
"Fishery",2005,494.3821404,TRUE,10,1995,0.0139970065816157,0.0128198506787774,0.00117715590283829,0.00117715590283829
"Fishery",2006,506.2105711,TRUE,10,1996,0.0180443731653503,0.018006384006625,3.79891587253649e-05,3.79891587253649e-05
"Fishery",2007,500.2156307,TRUE,10,1997,0.0163599414193444,0.013753178308965,0.00260676311037946,0.00260676311037946
"Fishery",2008,523.649975,TRUE,10,1998,0.0188997332498267,0.0222975776708553,-0.00339784442102866,0.00339784442102866
"Fishery",2009,420.0301079,TRUE,10,1999,0.0418953209865719,0.0369941774180976,0.00490114356847426,0.00490114356847426
"Fishery",2010,549.4055572,TRUE,10,2000,0.0284567961912376,0.0279038655860001,0.000552930605237475,0.000552930605237475
"Fishery",2011,728.0740901,TRUE,10,2001,0.0252098854647944,0.0190723971357271,0.00613748832906736,0.00613748832906736
"Fishery",2012,607.4592535,TRUE,10,2002,0.00749752468666159,0.00964410973247327,-0.00214658504581168,0.00214658504581168
"Fishery",2013,753.2713006,TRUE,10,2003,0.00684996034408314,0.00499387502460282,0.00185608531948032,0.00185608531948032
"Fishery",2014,606.3439178,TRUE,10,2004,0.00513311246200714,0.00370295222566634,0.0014301602363408,0.0014301602363408
"Fishery",2015,821.2348389,TRUE,10,2005,0.00829586867962805,0.00712500866530956,0.00117086001431849,0.00117086001431849
"Fishery",2016,704.1101836,TRUE,10,2006,0.00607666555486508,0.00933635338374414,-0.00325968782887906,0.00325968782887906
"Fishery",2017,606.7200798,TRUE,10,2007,0.0103782377231172,0.0100813647498494,0.000296872973267758,0.000296872973267758
"Fishery",2018,667.8408369,TRUE,10,2008,0.0121399612520966,0.02573170178137,-0.0135917405292734,0.0135917405292734
"Fishery",2019,700.7958749,TRUE,10,2009,0.0302599913619413,0.0221058743244086,0.00815411703753271,0.00815411703753271
"Fishery",2020,565.2432815,TRUE,10,2010,0.0195719081428713,0.0170379468399772,0.00253396130289411,0.00253396130289411
"Fishery",2021,817.5780899,TRUE,10,2011,0.0106126698519814,0.0085501576661181,0.00206251218586329,0.00206251218586329
"Fishery",2022,641.2352943,TRUE,10,2012,0.00874588451603387,0.0172374911308634,-0.00849160661482955,0.00849160661482955
"Fishery",2023,443.0433446,TRUE,10,2013,0.0185993627933219,0.0217133934720192,-0.00311403067869725,0.00311403067869725
"Fishery",1964,10,TRUE,11,1953,0,0.0290264516173364,-0.0290264516173364,0.0290264516173364
"Fishery",1965,10,TRUE,11,1954,0,0.0195197751900995,-0.0195197751900995,0.0195197751900995
"Fishery",1966,10,TRUE,11,1955,0,0.0130314015078126,-0.0130314015078126,0.0130314015078126
"Fishery",1967,10,TRUE,11,1956,0,0.00842877581675931,-0.00842877581675931,0.00842877581675931
"Fishery",1968,10,TRUE,11,1957,0,0.00656277655359681,-0.00656277655359681,0.00656277655359681
"Fishery",1969,10,TRUE,11,1958,0,0.00553788562712202,-0.00553788562712202,0.00553788562712202
"Fishery",1970,10,TRUE,11,1959,0,0.00279954003788712,-0.00279954003788712,0.00279954003788712
"Fishery",1971,10,TRUE,11,1960,0,0.00277428092397827,-0.00277428092397827,0.00277428092397827
"Fishery",1972,10,TRUE,11,1961,0,0.00451182662073703,-0.00451182662073703,0.00451182662073703
"Fishery",1973,10,TRUE,11,1962,0.000565999151001274,0.00413499534139107,-0.00356899619038979,0.00356899619038979
"Fishery",1974,10,TRUE,11,1963,0.00363800363800364,0.00149079233424785,0.00214721130375579,0.00214721130375579
"Fishery",1975,10,TRUE,11,1964,0.00142099943160023,0.00408144946432437,-0.00266045003272414,0.00266045003272414
"Fishery",1976,10,TRUE,11,1965,0.00395599604400396,0.00247733484444598,0.00147866119955797,0.00147866119955797
"Fishery",1977,10,TRUE,11,1966,0.00336000067200013,0.00434498557714308,-0.000984984905142946,0.000984984905142946
"Fishery",1978,39,TRUE,11,1967,0.00455899908820018,0.00351352924352397,0.00104546984467621,0.00104546984467621
"Fishery",1979,39,TRUE,11,1968,0.00686199313800686,0.00355433056776448,0.00330766257024238,0.00330766257024238
"Fishery",1980,39,TRUE,11,1969,0.0105079894920105,0.00226810555655793,0.00823988393545257,0.00823988393545257
"Fishery",1981,39,TRUE,11,1970,0.00345299654700345,0.000939520005606846,0.00251347654139661,0.00251347654139661
"Fishery",1982,39,TRUE,11,1971,0.002704,0.000619608521280332,0.00208439147871967,0.00208439147871967
"Fishery",1983,39,TRUE,11,1972,0.00435600871201742,0.00180065841968885,0.00255535029232858,0.00255535029232858
"Fishery",1984,39,TRUE,11,1973,0.00366000366000366,0.00182731531686497,0.00183268834313869,0.00183268834313869
"Fishery",1985,39,TRUE,11,1974,0.012929,0.0022557255187312,0.0106732744812688,0.0106732744812688
"Fishery",1986,39,TRUE,11,1975,0.00163700163700164,0.00235312849611418,-0.000716126859112546,0.000716126859112546
"Fishery",1987,39,TRUE,11,1976,0.0280639719360281,0.00387969375768026,0.0241842781783478,0.0241842781783478
"Fishery",1988,39,TRUE,11,1977,0.00832399167600832,0.0106601321882114,-0.00233614051220304,0.00233614051220304
"Fishery",1989,39,TRUE,11,1978,0.0723299276700723,0.036733423469292,0.0355965042007803,0.0355965042007803
"Fishery",1990,39,TRUE,11,1979,0.005178,0.0265470956086021,-0.0213690956086021,0.0213690956086021
"Fishery",1991,260.3021832,TRUE,11,1980,0.0796714903299587,0.051903968665327,0.0277675216646317,0.0277675216646317
"Fishery",1992,228.0450879,TRUE,11,1981,0.0303000415086784,0.0219103584877198,0.00838968302095857,0.00838968302095857
"Fishery",1993,344.4454631,TRUE,11,1982,0.017243545307968,0.0266271483074588,-0.0093836029994908,0.0093836029994908
"Fishery",1994,286.3559154,TRUE,11,1983,0.00531629764923975,0.00557622239295562,-0.000259924743715876,0.000259924743715876
"Fishery",1995,256.9467042,TRUE,11,1984,0.0108808255834738,0.0126322800236286,-0.00175145444015479,0.00175145444015479
"Fishery",1996,189.0802194,TRUE,11,1985,0.00563683434786604,0.00659209797335435,-0.000955263625488311,0.000955263625488311
"Fishery",1997,318.6780707,TRUE,11,1986,0.00387224306211804,0.00445110810247034,-0.000578865040352297,0.000578865040352297
"Fishery",1998,354.5667004,TRUE,11,1987,0.00397864974669623,0.00306780882760421,0.000910840919092019,0.000910840919092019
"Fishery",1999,476.1364988,TRUE,11,1988,0.00265004984662566,0.00491758061076619,-0.00226753076414052,0.00226753076414052
"Fishery",2000,482.4344192,TRUE,11,1989,0.0133510085416531,0.0161795763936753,-0.00282856785202218,0.00282856785202218
"Fishery",2001,328.1698823,TRUE,11,1990,0.0193550366869847,0.0144537835413268,0.0049012531456579,0.0049012531456579
"Fishery",2002,486.5633942,TRUE,11,1991,0.0184220530002663,0.0172807490988689,0.00114130390139739,0.00114130390139739
"Fishery",2003,440.9136437,TRUE,11,1992,0.0172568545626538,0.0267307247696823,-0.00947387020702853,0.00947387020702853
"Fishery",2004,390.5174487,TRUE,11,1993,0.0080861783611867,0.00797046777134134,0.000115710589845355,0.000115710589845355
"Fishery",2005,494.3821404,TRUE,11,1994,0.00464918688180771,0.00449522868444559,0.000153958197362126,0.000153958197362126
"Fishery",2006,506.2105711,TRUE,11,1995,0.00832432570454494,0.00859004231789126,-0.000265716613346316,0.000265716613346316
"Fishery",2007,500.2156307,TRUE,11,1996,0.0130052663793031,0.0127661877233601,0.000239078655942963,0.000239078655942963
"Fishery",2008,523.649975,TRUE,11,1997,0.0149710154118006,0.0112198355540068,0.00375117985779378,0.00375117985779378
"Fishery",2009,420.0301079,TRUE,11,1998,0.0245158382920998,0.0154595200415481,0.00905631825055168,0.00905631825055168
"Fishery",2010,549.4055572,TRUE,11,1999,0.0142751801120848,0.0138490269573544,0.000426153154730356,0.000426153154730356
"Fishery",2011,728.0740901,TRUE,11,2000,0.0157091742988977,0.0131548364808348,0.00255433781806286,0.00255433781806286
"Fishery",2012,607.4592535,TRUE,11,2001,0.00817341326240615,0.0077741958063262,0.000399217456079943,0.000399217456079943
"Fishery",2013,753.2713006,TRUE,11,2002,0.0068524872185722,0.00510277453202061,0.00174971268655159,0.00174971268655159
"Fishery",2014,606.3439178,TRUE,11,2003,0.0025708269541693,0.00243064794372832,0.00014017901044098,0.00014017901044098
"Fishery",2015,821.2348389,TRUE,11,2004,0.00137956840277708,0.00163427721368783,-0.000254708810910745,0.000254708810910745
"Fishery",2016,704.1101836,TRUE,11,2005,0.00351577475379988,0.00238625543430505,0.00112951931949483,0.00112951931949483
"Fishery",2017,606.7200798,TRUE,11,2006,0.00344184360516315,0.00560908550193037,-0.00216724189676722,0.00216724189676722
"Fishery",2018,667.8408369,TRUE,11,2007,0.00200244659391458,0.00446540234443893,-0.00246295575052435,0.00246295575052435
"Fishery",2019,700.7958749,TRUE,11,2008,0.00574417424210811,0.0180773827450943,-0.0123332085029862,0.0123332085029862
"Fishery",2020,565.2432815,TRUE,11,2009,0.0138083160334,0.014184031721412,-0.000375715688012061,0.000375715688012061
"Fishery",2021,817.5780899,TRUE,11,2010,0.00645755714100752,0.0062632105700028,0.000194346571004721,0.000194346571004721
"Fishery",2022,641.2352943,TRUE,11,2011,0.00603427242340951,0.00430644460149147,0.00172782782191803,0.00172782782191803
"Fishery",2023,443.0433446,TRUE,11,2012,0.00821158733156481,0.0089926246492071,-0.000781037317642291,0.000781037317642291
"Fishery",1964,10,TRUE,12,1952,0,0.0236403297066064,-0.0236403297066064,0.0236403297066064
"Fishery",1965,10,TRUE,12,1953,0,0.0166151102042187,-0.0166151102042187,0.0166151102042187
"Fishery",1966,10,TRUE,12,1954,0,0.0113529963551572,-0.0113529963551572,0.0113529963551572
"Fishery",1967,10,TRUE,12,1955,0,0.00676214823981551,-0.00676214823981551,0.00676214823981551
"Fishery",1968,10,TRUE,12,1956,0,0.0041627973140581,-0.0041627973140581,0.0041627973140581
"Fishery",1969,10,TRUE,12,1957,0,0.00342647997276302,-0.00342647997276302,0.00342647997276302
"Fishery",1970,10,TRUE,12,1958,0,0.00347486259935682,-0.00347486259935682,0.00347486259935682
"Fishery",1971,10,TRUE,12,1959,0,0.00164510019823038,-0.00164510019823038,0.00164510019823038
"Fishery",1972,10,TRUE,12,1960,0,0.0014766936188788,-0.0014766936188788,0.0014766936188788
"Fishery",1973,10,TRUE,12,1961,0.000149999775000337,0.0026290362405649,-0.00247903646556457,0.00247903646556457
"Fishery",1974,10,TRUE,12,1962,0.00095000095000095,0.00186289924280669,-0.000912898292805737,0.000912898292805737
"Fishery",1975,10,TRUE,12,1963,0.00056199977520009,0.000624312177590532,-6.2312402390442e-05,6.2312402390442e-05
"Fishery",1976,10,TRUE,12,1964,0.00270599729400271,0.00224946834601547,0.000456528947987237,0.000456528947987237
"Fishery",1977,10,TRUE,12,1965,0.00166700033340007,0.00156212268399352,0.000104877649406548,0.000104877649406548
"Fishery",1978,39,TRUE,12,1966,0.00174099965180007,0.00256300099660037,-0.000822001344800305,0.000822001344800305
"Fishery",1979,39,TRUE,12,1967,0.00306899693100307,0.0017636966884792,0.00130530024252386,0.00130530024252386
"Fishery",1980,39,TRUE,12,1968,0.00656099343900656,0.00139802984571704,0.00516296359328952,0.00516296359328952
"Fishery",1981,39,TRUE,12,1969,0.00211499788500211,0.000835109066645534,0.00127988881835658,0.00127988881835658
"Fishery",1982,39,TRUE,12,1970,0.001587,0.000404225462051503,0.0011827745379485,0.0011827745379485
"Fishery",1983,39,TRUE,12,1971,0.00280800561601123,0.000356374900845532,0.0024516307151657,0.0024516307151657
"Fishery",1984,39,TRUE,12,1972,0.0012990012990013,0.0010754854211583,0.000223515877843001,0.000223515877843001
"Fishery",1985,39,TRUE,12,1973,0.005553,0.00116409037836548,0.00438890962163452,0.00438890962163452
"Fishery",1986,39,TRUE,12,1974,0.00126400126400126,0.00135750807883953,-9.3506814838261e-05,9.3506814838261e-05
"Fishery",1987,39,TRUE,12,1975,0.0155569844430156,0.00157497046317473,0.0139820139798408,0.0139820139798408
"Fishery",1988,39,TRUE,12,1976,0.00465799534200466,0.00247319236765806,0.0021848029743466,0.0021848029743466
"Fishery",1989,39,TRUE,12,1977,0.0061019938980061,0.00750127668311049,-0.00139928278510439,0.00139928278510439
"Fishery",1990,39,TRUE,12,1978,0.034402,0.0302686878351557,0.0041333121648443,0.0041333121648443
"Fishery",1991,260.3021832,TRUE,12,1979,0.0103336140780538,0.0234151983406552,-0.0130815842626014,0.0130815842626014
"Fishery",1992,228.0450879,TRUE,12,1980,0.0242299950385434,0.0221409601513302,0.00208903488721323,0.00208903488721323
"Fishery",1993,344.4454631,TRUE,12,1981,0.00651986283050128,0.00684708498341518,-0.000327222152913897,0.000327222152913897
"Fishery",1994,286.3559154,TRUE,12,1982,0.00513387917608611,0.0123094035796559,-0.00717552440356974,0.00717552440356974
"Fishery",1995,256.9467042,TRUE,12,1983,0.00311505742930958,0.00350909554078882,-0.000394038111479238,0.000394038111479238
"Fishery",1996,189.0802194,TRUE,12,1984,0.00625046444547258,0.0092551628270859,-0.00300469838161332,0.00300469838161332
"Fishery",1997,318.6780707,TRUE,12,1985,0.00301366100444763,0.00390799923132046,-0.000894338226872838,0.000894338226872838
"Fishery",1998,354.5667004,TRUE,12,1986,0.00360283904894253,0.00196469739950161,0.00163814164944093,0.00163814164944093
"Fishery",1999,476.1364988,TRUE,12,1987,0.00146140791885687,0.00145727176925008,4.13614960679078e-06,4.13614960679078e-06
"Fishery",2000,482.4344192,TRUE,12,1988,0.00317697870156165,0.00281658368890248,0.000360395012659176,0.000360395012659176
"Fishery",2001,328.1698823,TRUE,12,1989,0.00932308550567109,0.00968301748499644,-0.000359931979325346,0.000359931979325346
"Fishery",2002,486.5633942,TRUE,12,1990,0.00766621085691392,0.00865647586888765,-0.000990265011973729,0.000990265011973729
"Fishery",2003,440.9136437,TRUE,12,1991,0.0110843307969045,0.00935087583063091,0.00173345496627359,0.00173345496627359
"Fishery",2004,390.5174487,TRUE,12,1992,0.0119776699288862,0.0132921409050781,-0.00131447097619198,0.00131447097619198
"Fishery",2005,494.3821404,TRUE,12,1993,0.00425122357017166,0.00397604207047948,0.000275181499692178,0.000275181499692178
"Fishery",2006,506.2105711,TRUE,12,1994,0.00387659981017106,0.00322211200401234,0.000654487806158714,0.000654487806158714
"Fishery",2007,500.2156307,TRUE,12,1995,0.00530329095780117,0.0064120597535912,-0.00110876879579003,0.00110876879579003
"Fishery",2008,523.649975,TRUE,12,1996,0.0123016458938245,0.0106505158946618,0.0016511299991627,0.0016511299991627
"Fishery",2009,420.0301079,TRUE,12,1997,0.00793355345153652,0.00706314117351032,0.000870412278026204,0.000870412278026204
"Fishery",2010,549.4055572,TRUE,12,1998,0.00771949800265981,0.00569723352987542,0.0020222644727844,0.0020222644727844
"Fishery",2011,728.0740901,TRUE,12,1999,0.00758893128175071,0.00643922177355618,0.00114970950819453,0.00114970950819453
"Fishery",2012,607.4592535,TRUE,12,2000,0.00692731981393595,0.00581321960447553,0.00111410020946042,0.00111410020946042
"Fishery",2013,753.2713006,TRUE,12,2001,0.00582948254988694,0.00402249191755717,0.00180699063232977,0.00180699063232977
"Fishery",2014,606.3439178,TRUE,12,2002,0.00259079967125675,0.00253261720925758,5.81824619991693e-05,5.81824619991693e-05
"Fishery",2015,821.2348389,TRUE,12,2003,0.000965482455149712,0.00109649976248661,-0.000131017307336898,0.000131017307336898
"Fishery",2016,704.1101836,TRUE,12,2004,0.000213331213546734,0.000522582495309292,-0.000309251281762558,0.000309251281762558
"Fishery",2017,606.7200798,TRUE,12,2005,0.0026739899544964,0.00130471598093048,0.00136927397356591,0.00136927397356591
"Fishery",2018,667.8408369,TRUE,12,2006,0.000515012103803273,0.0025400129156727,-0.00202500081186943,0.00202500081186943
"Fishery",2019,700.7958749,TRUE,12,2007,0.00166062089628248,0.00313666590629447,-0.00147604501001199,0.00147604501001199
"Fishery",2020,565.2432815,TRUE,12,2008,0.0034381172354656,0.0136611442341182,-0.0102230269986526,0.0102230269986526
"Fishery",2021,817.5780899,TRUE,12,2009,0.00340242173601419,0.00542335476242988,-0.00202093302641569,0.00202093302641569
"Fishery",2022,641.2352943,TRUE,12,2010,0.00218367078282648,0.00323416780450063,-0.00105049702167415,0.00105049702167415
"Fishery",2023,443.0433446,TRUE,12,2011,0.00236801909010778,0.00199927283968809,0.000368746250419689,0.000368746250419689
"Fishery",1964,10,TRUE,13,1951,0,0.0197396036269167,-0.0197396036269167,0.0197396036269167
"Fishery",1965,10,TRUE,13,1952,0,0.0141564804823103,-0.0141564804823103,0.0141564804823103
"Fishery",1966,10,TRUE,13,1953,0,0.00982991665129124,-0.00982991665129124,0.00982991665129124
"Fishery",1967,10,TRUE,13,1954,0,0.00593938939149036,-0.00593938939149036,0.00593938939149036
"Fishery",1968,10,TRUE,13,1955,0,0.0033472798759688,-0.0033472798759688,0.0033472798759688
"Fishery",1969,10,TRUE,13,1956,0,0.00217646227453859,-0.00217646227453859,0.00217646227453859
"Fishery",1970,10,TRUE,13,1957,0,0.00215023346292318,-0.00215023346292318,0.00215023346292318
"Fishery",1971,10,TRUE,13,1958,0,0.00200415306808739,-0.00200415306808739,0.00200415306808739
"Fishery",1972,10,TRUE,13,1959,0,0.000845827306939715,-0.000845827306939715,0.000845827306939715
"Fishery",1973,10,TRUE,13,1960,3.24999512500731e-05,0.00083856150862449,-0.000806061557374416,0.000806061557374416
"Fishery",1974,10,TRUE,13,1961,0.000948000948000948,0.00116841194947016,-0.000220411001469212,0.000220411001469212
"Fishery",1975,10,TRUE,13,1962,9.03999638400145e-05,0.000781698432804977,-0.000691298468964962,0.000691298468964962
"Fishery",1976,10,TRUE,13,1963,0.000696999303000697,0.000344860007387489,0.000352139295613208,0.000352139295613208
"Fishery",1977,10,TRUE,13,1964,0.00122900024580005,0.0014233291179098,-0.000194328872109746,0.000194328872109746
"Fishery",1978,39,TRUE,13,1965,0.000721999855600029,0.000921687086608977,-0.000199687231008948,0.000199687231008948
"Fishery",1979,39,TRUE,13,1966,0.00115299884700115,0.00128673092071346,-0.000133732073712305,0.000133732073712305
"Fishery",1980,39,TRUE,13,1967,0.00319199680800319,0.000694495819843127,0.00249750098816006,0.00249750098816006
"Fishery",1981,39,TRUE,13,1968,0.000698999301000699,0.000516937354680845,0.000182061946319854,0.000182061946319854
"Fishery",1982,39,TRUE,13,1969,0.000928,0.000360806618066129,0.000567193381933871,0.000567193381933871
"Fishery",1983,39,TRUE,13,1970,0.00201700403400807,0.00023402491379693,0.00178297912021114,0.00178297912021114
"Fishery",1984,39,TRUE,13,1971,0.00151000151000151,0.000214338383241039,0.00129566312676047,0.00129566312676047
"Fishery",1985,39,TRUE,13,1972,0.004909,0.000689923222890269,0.00421907677710973,0.00421907677710973
"Fishery",1986,39,TRUE,13,1973,0.000132000132000132,0.000706562202731681,-0.000574562070731549,0.000574562070731549
"Fishery",1987,39,TRUE,13,1974,0.020973979026021,0.000912474756268838,0.0200615042697521,0.0200615042697521
"Fishery",1988,39,TRUE,13,1975,0.00171499828500171,0.00102701165614701,0.000687986628854705,0.000687986628854705
"Fishery",1989,39,TRUE,13,1976,0.00223499776500223,0.00174181103360214,0.000493186731400094,0.000493186731400094
"Fishery",1990,39,TRUE,13,1977,0.004865,0.00633647126575143,-0.00147147126575143,0.00147147126575143
"Fishery",1991,260.3021832,TRUE,13,1978,0.0504088560585809,0.0285974829048001,0.0218113731537808,0.0218113731537808
"Fishery",1992,228.0450879,TRUE,13,1979,0.00702433408620427,0.0109171326814227,-0.00389279859521848,0.00389279859521848
"Fishery",1993,344.4454631,TRUE,13,1980,0.00710656461126466,0.0069557240824074,0.000150840528857261,0.000150840528857261
"Fishery",1994,286.3559154,TRUE,13,1981,0.00413417289006585,0.00292505414724975,0.00120911874281611,0.00120911874281611
"Fishery",1995,256.9467042,TRUE,13,1982,0.00361927972431842,0.0077805234542684,-0.00416124372994998,0.00416124372994998
"Fishery",1996,189.0802194,TRUE,13,1983,0.00307456984994799,0.00268059790791833,0.00039397194202966,0.00039397194202966
"Fishery",1997,318.6780707,TRUE,13,1984,0.0018775060912667,0.00592499558814267,-0.00404748949687596,0.00404748949687596
"Fishery",1998,354.5667004,TRUE,13,1985,0.00165404142888839,0.00185389515720365,-0.000199853728315263,0.000199853728315263
"Fishery",1999,476.1364988,TRUE,13,1986,0.000573314231455149,0.000990255015650328,-0.00041694078419518,0.00041694078419518
"Fishery",2000,482.4344192,TRUE,13,1987,0.000858914417980763,0.000819751239841621,3.91631781391419e-05,3.91631781391419e-05
"Fishery",2001,328.1698823,TRUE,13,1988,0.00315608333454717,0.00168876163660092,0.00146732169794625,0.00146732169794625
"Fishery",2002,486.5633942,TRUE,13,1989,0.00587864635839189,0.006114204245063,-0.000235557886671111,0.000235557886671111
"Fishery",2003,440.9136437,TRUE,13,1990,0.00319882078548647,0.00487391800406068,-0.00167509721857421,0.00167509721857421
"Fishery",2004,390.5174487,TRUE,13,1991,0.00447804544971708,0.00474783300510935,-0.000269787555392269,0.000269787555392269
"Fishery",2005,494.3821404,TRUE,13,1992,0.00148500972751882,0.00719475848952048,-0.00570974876200166,0.00570974876200166
"Fishery",2006,506.2105711,TRUE,13,1993,0.00390948811889321,0.00325634263089743,0.00065314548799578,0.00065314548799578
"Fishery",2007,500.2156307,TRUE,13,1994,0.00388315479493744,0.00266361137002476,0.00121954342491268,0.00121954342491268
"Fishery",2008,523.649975,TRUE,13,1995,0.0073569425776071,0.00564599843585319,0.00171094414175391,0.00171094414175391
"Fishery",2009,420.0301079,TRUE,13,1996,0.00777752104556483,0.00687629460162111,0.000901226443943723,0.000901226443943723
"Fishery",2010,549.4055572,TRUE,13,1997,0.00532975863166748,0.0027562674244687,0.00257349120719878,0.00257349120719878
"Fishery",2011,728.0740901,TRUE,13,1998,0.00107035244385627,0.00250334166331304,-0.00143298921945677,0.00143298921945677
"Fishery",2012,607.4592535,TRUE,13,1999,0.00380362346663592,0.00298293131304112,0.00082069215359481,0.00082069215359481
"Fishery",2013,753.2713006,TRUE,13,2000,0.00420777899962068,0.00288718673319517,0.00132059226642551,0.00132059226642551
"Fishery",2014,606.3439178,TRUE,13,2001,0.00261323683126656,0.00195869502992676,0.000654541801339797,0.000654541801339797
"Fishery",2015,821.2348389,TRUE,13,2002,0.00145424373450459,0.00111150584091787,0.000342737893586721,0.000342737893586721
"Fishery",2016,704.1101836,TRUE,13,2003,0.000517518057862771,0.000341782767535037,0.000175735290327733,0.000175735290327733
"Fishery",2017,606.7200798,TRUE,13,2004,0.000235413110976623,0.000287511869407419,-5.2098758430796e-05,5.2098758430796e-05
"Fishery",2018,667.8408369,TRUE,13,2005,0.000170168923734682,0.000595031239848815,-0.000424862316114133,0.000424862316114133
"Fishery",2019,700.7958749,TRUE,13,2006,0.000481328779659676,0.00180451967194085,-0.00132319089228117,0.00132319089228117
"Fishery",2020,565.2432815,TRUE,13,2007,0.000905348388919134,0.00247246089540325,-0.00156711250648411,0.00156711250648411
"Fishery",2021,817.5780899,TRUE,13,2008,0.000820470848922582,0.00582229300163105,-0.00500182215270846,0.00500182215270846
"Fishery",2022,641.2352943,TRUE,13,2009,0.00319378551784638,0.00302669498533178,0.000167090532514599,0.000167090532514599
"Fishery",2023,443.0433446,TRUE,13,2010,0.00373588724890063,0.0015627519046667,0.00217313534423393,0.00217313534423393
"Fishery",1964,10,TRUE,14,1950,0,0.0162828693060304,-0.0162828693060304,0.0162828693060304
"Fishery",1965,10,TRUE,14,1951,0,0.011820618279909,-0.011820618279909,0.011820618279909
"Fishery",1966,10,TRUE,14,1952,0,0.00837532953476344,-0.00837532953476344,0.00837532953476344
"Fishery",1967,10,TRUE,14,1953,0,0.00514258094088018,-0.00514258094088018,0.00514258094088018
"Fishery",1968,10,TRUE,14,1954,0,0.00294001223880603,-0.00294001223880603,0.00294001223880603
"Fishery",1969,10,TRUE,14,1955,0,0.00175008001176649,-0.00175008001176649,0.00175008001176649
"Fishery",1970,10,TRUE,14,1956,0,0.00136580457224416,-0.00136580457224416,0.00136580457224416
"Fishery",1971,10,TRUE,14,1957,0,0.00124016327800107,-0.00124016327800107,0.00124016327800107
"Fishery",1972,10,TRUE,14,1958,0,0.00103043413045527,-0.00103043413045527,0.00103043413045527
"Fishery",1973,10,TRUE,14,1959,0.00013799979300031,0.000480315085997113,-0.000342315292996802,0.000342315292996802
"Fishery",1974,10,TRUE,14,1960,0.000169000169000169,0.00037267850169766,-0.000203678332697491,0.000203678332697491
"Fishery",1975,10,TRUE,14,1961,0.000115999953600019,0.000490281905099368,-0.000374281951499349,0.000374281951499349
"Fishery",1976,10,TRUE,14,1962,0,0.000431797643852336,-0.000431797643852336,0.000431797643852336
"Fishery",1977,10,TRUE,14,1963,0.00024500004900001,0.000218206800280898,2.67932487191114e-05,2.67932487191114e-05
"Fishery",1978,39,TRUE,14,1964,0.000220999955800009,0.000839795799276318,-0.000618795843476309,0.000618795843476309
"Fishery",1979,39,TRUE,14,1965,0.000205999794000206,0.000462724468361567,-0.000256724674361361,0.000256724674361361
"Fishery",1980,39,TRUE,14,1966,0.00103599896400104,0.000506679664103101,0.000529319299897935,0.000529319299897935
"Fishery",1981,39,TRUE,14,1967,0.00028999971000029,0.000256797687865151,3.32020221351389e-05,3.32020221351389e-05
"Fishery",1982,39,TRUE,14,1968,0.000344,0.00022334138874056,0.00012065861125944,0.00012065861125944
"Fishery",1983,39,TRUE,14,1969,0.000997001994003988,0.0002088877263242,0.000788114267679788,0.000788114267679788
"Fishery",1984,39,TRUE,14,1970,0.000861000861000861,0.000140752116780242,0.000720248744220619,0.000720248744220619
"Fishery",1985,39,TRUE,14,1971,0.002088,0.000137497938368596,0.0019505020616314,0.0019505020616314
"Fishery",1986,39,TRUE,14,1972,0.000583000583000583,0.000418759300085927,0.000164241282914656,0.000164241282914656
"Fishery",1987,39,TRUE,14,1973,0.00442099557900442,0.000474929161583707,0.00394606641742071,0.00394606641742071
"Fishery",1988,39,TRUE,14,1974,0.00250599749400251,0.000595009387502418,0.00191098810650009,0.00191098810650009
"Fishery",1989,39,TRUE,14,1975,0.00143599856400144,0.000723300078759661,0.000712698485241774,0.000712698485241774
"Fishery",1990,39,TRUE,14,1976,0.002677,0.00147134095048633,0.00120565904951367,0.00120565904951367
"Fishery",1991,260.3021832,TRUE,14,1977,0.0125891304854228,0.00598661989201328,0.00660251059340953,0.00660251059340953
"Fishery",1992,228.0450879,TRUE,14,1978,0.0229132188754035,0.0133333278106106,0.0095798910647929,0.0095798910647929
"Fishery",1993,344.4454631,TRUE,14,1979,0.00356758210104775,0.00342968697761948,0.000137895123428273,0.000137895123428273
"Fishery",1994,286.3559154,TRUE,14,1980,0.00216960961370981,0.00297146444416155,-0.000801854830451738,0.000801854830451738
"Fishery",1995,256.9467042,TRUE,14,1981,0.00103164095162941,0.00184886718925158,-0.000817226237622176,0.000817226237622176
"Fishery",1996,189.0802194,TRUE,14,1982,0.00413768164359029,0.00594354147716736,-0.00180585983357707,0.00180585983357707
"Fishery",1997,318.6780707,TRUE,14,1983,0.0031011039324218,0.00171607253969851,0.00138503139272329,0.00138503139272329
"Fishery",1998,354.5667004,TRUE,14,1984,0.00162002124411812,0.00281072742780434,-0.00119070618368621,0.00119070618368621
"Fishery",1999,476.1364988,TRUE,14,1985,0.000319471020616014,0.00093440800521061,-0.000614936984594597,0.000614936984594597
"Fishery",2000,482.4344192,TRUE,14,1986,0.000368722450464444,0.00055704282067886,-0.000188320370214417,0.000188320370214417
"Fishery",2001,328.1698823,TRUE,14,1987,0.00177826377005827,0.000491504815161379,0.00128675895489689,0.00128675895489689
"Fishery",2002,486.5633942,TRUE,14,1988,0.00157314794355061,0.00106634461658299,0.000506803326967626,0.000506803326967626
"Fishery",2003,440.9136437,TRUE,14,1989,0.0017613831857375,0.00344252448708623,-0.00168114130134873,0.00168114130134873
"Fishery",2004,390.5174487,TRUE,14,1990,0.00280514056377414,0.00247469319270328,0.000330447371070859,0.000330447371070859
"Fishery",2005,494.3821404,TRUE,14,1991,0.00115404474168617,0.00256990292717147,-0.0014158581854853,0.0014158581854853
"Fishery",2006,506.2105711,TRUE,14,1992,0.00250234509035924,0.00589244237690157,-0.00339009728654234,0.00339009728654234
"Fishery",2007,500.2156307,TRUE,14,1993,0.00202481264015298,0.00269190867528934,-0.000667096035136358,0.000667096035136358
"Fishery",2008,523.649975,TRUE,14,1994,0.0023601004262158,0.00234538451087544,1.47159153403636e-05,1.47159153403636e-05
"Fishery",2009,420.0301079,TRUE,14,1995,0.00282272770352824,0.00364522704338457,-0.000822499339856337,0.000822499339856337
"Fishery",2010,549.4055572,TRUE,14,1996,0.00391255484884177,0.00268335381467094,0.00122920103417083,0.00122920103417083
"Fishery",2011,728.0740901,TRUE,14,1997,0.00242065269026974,0.00121109290021607,0.00120955979005367,0.00120955979005367
"Fishery",2012,607.4592535,TRUE,14,1998,0.00315433462648909,0.00115965818500035,0.00199467644148874,0.00199467644148874
"Fishery",2013,753.2713006,TRUE,14,1999,0.00258206424596452,0.00148149911735904,0.00110056512860548,0.00110056512860548
"Fishery",2014,606.3439178,TRUE,14,2000,0.00158251874424736,0.00140587437356845,0.000176644370678904,0.000176644370678904
"Fishery",2015,821.2348389,TRUE,14,2001,0.00124888488477675,0.000859624959659261,0.000389259925117492,0.000389259925117492
"Fishery",2016,704.1101836,TRUE,14,2002,0.000294291574693835,0.000346460214071326,-5.2168639377491e-05,5.2168639377491e-05
"Fishery",2017,606.7200798,TRUE,14,2003,0.000116859705872628,0.000188040363592892,-7.11806577202633e-05,7.11806577202633e-05
"Fishery",2018,667.8408369,TRUE,14,2004,0.000298256044930156,0.000131123207368656,0.0001671328375615,0.0001671328375615
"Fishery",2019,700.7958749,TRUE,14,2005,5.71602929048514e-09,0.000422732329863829,-0.000422726613834539,0.000422726613834539
"Fishery",2020,565.2432815,TRUE,14,2006,0.000574769674113694,0.00142240342361817,-0.000847633749504475,0.000847633749504475
"Fishery",2021,817.5780899,TRUE,14,2007,4.00181428756453e-09,0.00105374714748716,-0.00105374314567287,0.00105374314567287
"Fishery",2022,641.2352943,TRUE,14,2008,0.000547434225579008,0.00324933658281899,-0.00270190235723998,0.00270190235723998
"Fishery",2023,443.0433446,TRUE,14,2009,0.00113468653950703,0.00146250090876244,-0.000327814369255404,0.000327814369255404
"Fishery",1964,10,TRUE,15,1949,0,0.0296569675879893,-0.0296569675879893,0.0296569675879893
"Fishery",1965,10,TRUE,15,1950,0,0.0275100395139145,-0.0275100395139145,0.0275100395139145
"Fishery",1966,10,TRUE,15,1951,0,0.0232690053332045,-0.0232690053332045,0.0232690053332045
"Fishery",1967,10,TRUE,15,1952,0,0.0165549270814484,-0.0165549270814484,0.0165549270814484
"Fishery",1968,10,TRUE,15,1953,0,0.0107403194053305,-0.0107403194053305,0.0107403194053305
"Fishery",1969,10,TRUE,15,1954,0,0.00715257637600755,-0.00715257637600755,0.00715257637600755
"Fishery",1970,10,TRUE,15,1955,0,0.00558672159944433,-0.00558672159944433,0.00558672159944433
"Fishery",1971,10,TRUE,15,1956,0,0.00400992161834729,-0.00400992161834729,0.00400992161834729
"Fishery",1972,10,TRUE,15,1957,0,0.00269932808582722,-0.00269932808582722,0.00269932808582722
"Fishery",1973,10,TRUE,15,1958,0,0.00211799860913002,-0.00211799860913002,0.00211799860913002
"Fishery",1974,10,TRUE,15,1959,0.000147000147000147,0.00115475805278598,-0.00100775790578584,0.00100775790578584
"Fishery",1975,10,TRUE,15,1960,0,0.000640933622931747,-0.000640933622931747,0.000640933622931747
"Fishery",1976,10,TRUE,15,1961,0,0.000624865266699178,-0.000624865266699178,0.000624865266699178
"Fishery",1977,10,TRUE,15,1962,6.78000135600027e-05,0.00066859313271392,-0.000600793119153918,0.000600793119153918
"Fishery",1978,39,TRUE,15,1963,6.91999861600028e-05,0.000523231661009809,-0.000454031674849807,0.000454031674849807
"Fishery",1979,39,TRUE,15,1964,0.000221999778000222,0.000684295316801688,-0.000462295538801466,0.000462295538801466
"Fishery",1980,39,TRUE,15,1965,0.0004999995000005,0.000451665216177353,4.83342838231467e-05,4.83342838231467e-05
"Fishery",1981,39,TRUE,15,1966,0.000151999848000152,0.000354358863511972,-0.00020235901551182,0.00020235901551182
"Fishery",1982,39,TRUE,15,1967,0.00018,0.0002640485383509,-8.40485383509004e-05,8.40485383509004e-05
"Fishery",1983,39,TRUE,15,1968,0.000218000436000872,0.000282172689207139,-6.41722532062672e-05,6.41722532062672e-05
"Fishery",1984,39,TRUE,15,1969,0.00104600104600105,0.000295343738543139,0.000750657307457907,0.000750657307457907
"Fishery",1985,39,TRUE,15,1970,0.002675,0.000279755217573991,0.00239524478242601,0.00239524478242601
"Fishery",1986,39,TRUE,15,1971,0,0.000253258092703675,-0.000253258092703675,0.000253258092703675
"Fishery",1987,39,TRUE,15,1972,0.0057989942010058,0.000451709213560121,0.00534728498744568,0.00534728498744568
"Fishery",1988,39,TRUE,15,1973,0.00282499717500282,0.000604245244312404,0.00222075193069042,0.00222075193069042
"Fishery",1989,39,TRUE,15,1974,0.00332499667500332,0.000844606742730468,0.00248038993227286,0.00248038993227286
"Fishery",1990,39,TRUE,15,1975,0.005275,0.00132444075074807,0.00395055924925193,0.00395055924925193
"Fishery",1991,260.3021832,TRUE,15,1976,0.029486363151515,0.00264142006558153,0.0268449430859335,0.0268449430859335
"Fishery",1992,228.0450879,TRUE,15,1977,0.0180281239374606,0.00402274862793428,0.0140053753095264,0.0140053753095264
"Fishery",1993,344.4454631,TRUE,15,1978,0.00850245849683575,0.00545252229508383,0.00304993620175192,0.00304993620175192
"Fishery",1994,286.3559154,TRUE,15,1979,0.00453995880478475,0.00379445313338323,0.000745505671401521,0.000745505671401521
"Fishery",1995,256.9467042,TRUE,15,1980,0.00555328649499346,0.00427659878572328,0.00127668770927018,0.00127668770927018
"Fishery",1996,189.0802194,TRUE,15,1981,0.00376179133165109,0.00467924315159896,-0.000917451819947875,0.000917451819947875
"Fishery",1997,318.6780707,TRUE,15,1982,0.00591458336173797,0.00680052347377746,-0.000885940112039484,0.000885940112039484
"Fishery",1998,354.5667004,TRUE,15,1983,0.00290392452529706,0.00404014309386345,-0.00113621856856639,0.00113621856856639
"Fishery",1999,476.1364988,TRUE,15,1984,0.00137939048759575,0.00345300446642494,-0.00207361397882918,0.00207361397882918
"Fishery",2000,482.4344192,TRUE,15,1985,0.000577415979254538,0.00246802750812269,-0.00189061152886815,0.00189061152886815
"Fishery",2001,328.1698823,TRUE,15,1986,0.00112102115771023,0.00181376564077542,-0.000692744483065191,0.000692744483065191
"Fishery",2002,486.5633942,TRUE,15,1987,0.00096609355637093,0.00145563037860323,-0.000489536822232301,0.000489536822232301
"Fishery",2003,440.9136437,TRUE,15,1988,0.0015393890571655,0.0014199657598547,0.0001194232973108,0.0001194232973108
"Fishery",2004,390.5174487,TRUE,15,1989,0.00325715446612326,0.00246889083970339,0.000788263626419869,0.000788263626419869
"Fishery",2005,494.3821404,TRUE,15,1990,0.00158437191641866,0.00267585887328559,-0.00109148695686693,0.00109148695686693
"Fishery",2006,506.2105711,TRUE,15,1991,0.00339444867656764,0.00429623164935517,-0.000901782972787532,0.000901782972787532
"Fishery",2007,500.2156307,TRUE,15,1992,0.00641802484875867,0.00842263333739451,-0.00200460848863585,0.00200460848863585
"Fishery",2008,523.649975,TRUE,15,1993,0.0107841665220011,0.009786665943606,0.000997500578395146,0.000997500578395146
"Fishery",2009,420.0301079,TRUE,15,1994,0.00909370897907823,0.00783281804110152,0.00126089093797671,0.00126089093797671
"Fishery",2010,549.4055572,TRUE,15,1995,0.00456448698030858,0.00447910653146821,8.5380448840368e-05,8.5380448840368e-05
"Fishery",2011,728.0740901,TRUE,15,1996,0.00263574973138998,0.00314715647555872,-0.000511406744168743,0.000511406744168743
"Fishery",2012,607.4592535,TRUE,15,1997,0.00171042375801552,0.00201893318637181,-0.000308509428356291,0.000308509428356291
"Fishery",2013,753.2713006,TRUE,15,1998,0.00306491060276488,0.00157867540916723,0.00148623519359765,0.00148623519359765
"Fishery",2014,606.3439178,TRUE,15,1999,0.00344728906353123,0.00149010831063535,0.00195718075289588,0.00195718075289588
"Fishery",2015,821.2348389,TRUE,15,2000,0.000574898188295714,0.00127097836061579,-0.000696080172320079,0.000696080172320079
"Fishery",2016,704.1101836,TRUE,15,2001,0.000437871521101882,0.000664116422306877,-0.000226244901204995,0.000226244901204995
"Fishery",2017,606.7200798,TRUE,15,2002,6.03103982079391e-05,0.000555994088038854,-0.000495683689830915,0.000495683689830915
"Fishery",2018,667.8408369,TRUE,15,2003,0.000232545149464723,0.000339325760330562,-0.000106780610865839,0.000106780610865839
"Fishery",2019,700.7958749,TRUE,15,2004,5.71602929048514e-09,0.000334224448867682,-0.000334218732838392,0.000334218732838392
"Fishery",2020,565.2432815,TRUE,15,2005,5.07037856332597e-09,0.000596667318367686,-0.000596662247989123,0.000596662247989123
"Fishery",2021,817.5780899,TRUE,15,2006,0.00016813151266706,0.000860515140562167,-0.000692383627895107,0.000692383627895107
"Fishery",2022,641.2352943,TRUE,15,2007,5.36012656383306e-09,0.00106832179004509,-0.00106831642991852,0.00106831642991852
"Fishery",2023,443.0433446,TRUE,15,2008,0.000157116277544021,0.00208629522454086,-0.00192917894699684,0.00192917894699684
"BTS",1982,162,TRUE,1,1981,0.081799774485464,0.0814032792125434,0.000396495272920544,0.000396495272920544
"BTS",1983,130,TRUE,1,1982,0.173609874063025,0.172946894454773,0.000662979608252345,0.000662979608252345
"BTS",1984,63,TRUE,1,1983,0.037021503999245,0.0586602611028181,-0.0216387571035732,0.0216387571035732
"BTS",1985,73,TRUE,1,1984,0.237872085813383,0.230477458503143,0.00739462731023977,0.00739462731023977
"BTS",1986,151,TRUE,1,1985,0.173909690439288,0.155288807063832,0.0186208833754562,0.0186208833754562
"BTS",1987,61,TRUE,1,1986,0.0346878582282931,0.0573494261472886,-0.0226615679189955,0.0226615679189955
"BTS",1988,82,TRUE,1,1987,0.0671207858895604,0.0425134025683509,0.0246073833212096,0.0246073833212096
"BTS",1989,53,TRUE,1,1988,0.0434077837035517,0.0526445024155489,-0.00923671871199715,0.00923671871199715
"BTS",1990,48,TRUE,1,1989,0.101726987504077,0.141839098348778,-0.0401121108447015,0.0401121108447015
"BTS",1991,79,TRUE,1,1990,0.246031341110552,0.215499022018065,0.0305323190924867,0.0305323190924867
"BTS",1992,85,TRUE,1,1991,0.143545485962506,0.149402330197368,-0.00585684423486157,0.00585684423486157
"BTS",1993,91,TRUE,1,1992,0.18678891405549,0.197834610315938,-0.0110456962604478,0.0110456962604478
"BTS",1994,86,TRUE,1,1993,0.117588754673082,0.111812422752172,0.00577633192091002,0.00577633192091002
"BTS",1995,104,TRUE,1,1994,0.102348000780867,0.100310571482016,0.00203742929885126,0.00203742929885126
"BTS",1996,226,TRUE,1,1995,0.242778292238213,0.241107253175555,0.00167103906265792,0.00167103906265792
"BTS",1997,73,TRUE,1,1996,0.225606079311111,0.22881062620049,-0.00320454688937943,0.00320454688937943
"BTS",1998,65,TRUE,1,1997,0.11274094050237,0.112574649732155,0.000166290770215141,0.000166290770215141
"BTS",1999,95,TRUE,1,1998,0.0875418059097998,0.0861131731455683,0.00142863276423151,0.00142863276423151
"BTS",2000,90,TRUE,1,1999,0.0762193630181208,0.0859531968224778,-0.00973383380435704,0.00973383380435704
"BTS",2001,183,TRUE,1,2000,0.174549729968858,0.171816171043095,0.00273355892576282,0.00273355892576282
"BTS",2002,186,TRUE,1,2001,0.12500550213738,0.121346082895768,0.00365941924161158,0.00365941924161158
"BTS",2003,125,TRUE,1,2002,0.0399392138377982,0.0510706459613793,-0.0111314321235811,0.0111314321235811
"BTS",2004,188,TRUE,1,2003,0.0495194332119352,0.0468149299885627,0.00270450322337249,0.00270450322337249
"BTS",2005,194,TRUE,1,2004,0.0390408266252992,0.0370890737734719,0.00195175285182722,0.00195175285182722
"BTS",2006,329,TRUE,1,2005,0.118073324234574,0.118274497183563,-0.000201172948989109,0.000201172948989109
"BTS",2007,192,TRUE,1,2006,0.216566179979603,0.209894227388225,0.0066719525913779,0.0066719525913779
"BTS",2008,235,TRUE,1,2007,0.0805841216798948,0.0816822975751835,-0.0010981758952887,0.0010981758952887
"BTS",2009,144,TRUE,1,2008,0.172066598345673,0.176940271812435,-0.00487367346676176,0.00487367346676176
"BTS",2010,107,TRUE,1,2009,0.053575362427353,0.0666468560710881,-0.0130714936437351,0.0130714936437351
"BTS",2011,165,TRUE,1,2010,0.187591929923022,0.174514594853652,0.0130773350693702,0.0130773350693702
"BTS",2012,107,TRUE,1,2011,0.12987516501579,0.117516498203141,0.0123586668126485,0.0123586668126485
"BTS",2013,66,TRUE,1,2012,0.113534649563574,0.133516035942542,-0.0199813863789677,0.0199813863789677
"BTS",2014,117,TRUE,1,2013,0.130239846169132,0.13541906729576,-0.00517922112662828,0.00517922112662828
"BTS",2015,103,TRUE,1,2014,0.0828124842948467,0.0840430960697891,-0.00123061177494239,0.00123061177494239
"BTS",2016,122,TRUE,1,2015,0.0555384702719029,0.0511373181872115,0.00440115208469135,0.00440115208469135
"BTS",2017,234,TRUE,1,2016,0.0562799757194152,0.0553449332800685,0.000935042439346646,0.000935042439346646
"BTS",2018,158,TRUE,1,2017,0.140789756082589,0.132165563048536,0.00862419303405323,0.00862419303405323
"BTS",2019,120,TRUE,1,2018,0.160915256209317,0.176076953193481,-0.0151616969841636,0.0151616969841636
"BTS",2021,149,TRUE,1,2020,0.111175347895409,0.102879216448836,0.00829613144657307,0.00829613144657307
"BTS",2022,172,TRUE,1,2021,0.0692434863070164,0.0727629472365212,-0.00351946092950479,0.00351946092950479
"BTS",2023,126,TRUE,1,2022,0.133870738370342,0.131251331579803,0.0026194067905394,0.0026194067905394
"BTS",2024,64,TRUE,1,2023,0.0986375265247045,0.0986613947553029,-2.38682305983423e-05,2.38682305983423e-05
"BTS",1982,162,TRUE,2,1980,0.206616306711783,0.216333185322841,-0.0097168786110586,0.0097168786110586
"BTS",1983,130,TRUE,2,1981,0.0410208902920911,0.0422119764521214,-0.00119108616003027,0.00119108616003027
"BTS",1984,63,TRUE,2,1982,0.0304234977821799,0.0915663777446616,-0.0611428799624817,0.0611428799624817
"BTS",1985,73,TRUE,2,1983,0.0380847441655287,0.0406562061693456,-0.00257146200381693,0.00257146200381693
"BTS",1986,151,TRUE,2,1984,0.0576216694113817,0.0832531119385474,-0.0256314425271657,0.0256314425271657
"BTS",1987,61,TRUE,2,1985,0.0486902067608123,0.0465469673242949,0.00214323943651741,0.00214323943651741
"BTS",1988,82,TRUE,2,1986,0.0331901509344754,0.0402264351259519,-0.00703628419147653,0.00703628419147653
"BTS",1989,53,TRUE,2,1987,0.0261617655127649,0.0322183149466585,-0.00605654943389361,0.00605654943389361
"BTS",1990,48,TRUE,2,1988,0.0126367293050732,0.0162092452589905,-0.00357251595391735,0.00357251595391735
"BTS",1991,79,TRUE,2,1989,0.070702779892148,0.0755318887624692,-0.00482910887032129,0.00482910887032129
"BTS",1992,85,TRUE,2,1990,0.0403117601313998,0.0592241230874418,-0.0189123629560421,0.0189123629560421
"BTS",1993,91,TRUE,2,1991,0.0308357509753968,0.0316007601454894,-0.000765009170092638,0.000765009170092638
"BTS",1994,86,TRUE,2,1992,0.0523014391786628,0.0451651060423559,0.00713633313630689,0.00713633313630689
"BTS",1995,104,TRUE,2,1993,0.0136902064002178,0.0114212255098356,0.00226898089038222,0.00226898089038222
"BTS",1996,226,TRUE,2,1994,0.053284192303103,0.0144364428078877,0.0388477494952152,0.0388477494952152
"BTS",1997,73,TRUE,2,1995,0.0392405384758013,0.0411037966240503,-0.001863258148249,0.001863258148249
"BTS",1998,65,TRUE,2,1996,0.089084118080244,0.0926558620104311,-0.0035717439301871,0.0035717439301871
"BTS",1999,95,TRUE,2,1997,0.0982555045211001,0.0608299686269239,0.0374255358941762,0.0374255358941762
"BTS",2000,90,TRUE,2,1998,0.0273935874199962,0.0464489407404992,-0.019055353320503,0.019055353320503
"BTS",2001,183,TRUE,2,1999,0.107393529870776,0.088126739786635,0.0192667900841411,0.0192667900841411
"BTS",2002,186,TRUE,2,2000,0.0361924499357498,0.0618488124290724,-0.0256563624933227,0.0256563624933227
"BTS",2003,125,TRUE,2,2001,0.0115511716294291,0.0254681220687557,-0.0139169504393266,0.0139169504393266
"BTS",2004,188,TRUE,2,2002,0.033183447229055,0.0204168361726209,0.0127666110564341,0.0127666110564341
"BTS",2005,194,TRUE,2,2003,0.0143668411539084,0.00701796793539332,0.00734887321851512,0.00734887321851512
"BTS",2006,329,TRUE,2,2004,0.0109245744588349,0.01029088148263,0.000633692976204863,0.000633692976204863
"BTS",2007,192,TRUE,2,2005,0.00537035487403152,0.0113281671331377,-0.0059578122591062,0.0059578122591062
"BTS",2008,235,TRUE,2,2006,0.0197058171316965,0.019140610664017,0.000565206467679456,0.000565206467679456
"BTS",2009,144,TRUE,2,2007,0.0430410393644741,0.0252809768656393,0.0177600624988348,0.0177600624988348
"BTS",2010,107,TRUE,2,2008,0.0150266690870845,0.02496053055946,-0.00993386147237549,0.00993386147237549
"BTS",2011,165,TRUE,2,2009,0.0197721307966659,0.0117055544440813,0.0080665763525845,0.0080665763525845
"BTS",2012,107,TRUE,2,2010,0.020900940137541,0.020809468237211,9.14719003300424e-05,9.14719003300424e-05
"BTS",2013,66,TRUE,2,2011,0.0120771380766929,0.0113594539125216,0.000717684164171329,0.000717684164171329
"BTS",2014,117,TRUE,2,2012,0.0250255747725719,0.0215193188935695,0.00350625587900241,0.00350625587900241
"BTS",2015,103,TRUE,2,2013,0.0527841534553105,0.053100904814876,-0.000316751359565576,0.000316751359565576
"BTS",2016,122,TRUE,2,2014,0.0345039756409971,0.0168695000301599,0.0176344756108373,0.0176344756108373
"BTS",2017,234,TRUE,2,2015,0.0230887220807839,0.00809031104190193,0.0149984110388819,0.0149984110388819
"BTS",2018,158,TRUE,2,2016,0.0590392976941731,0.024966208925967,0.0340730887682061,0.0340730887682061
"BTS",2019,120,TRUE,2,2017,0.0428398490307598,0.0292704816023405,0.0135693674284192,0.0135693674284192
"BTS",2021,149,TRUE,2,2019,0.085953647678695,0.0465490909083221,0.0394045567703728,0.0394045567703728
"BTS",2022,172,TRUE,2,2020,0.0299553164730002,0.0183421153364582,0.011613201136542,0.011613201136542
"BTS",2023,126,TRUE,2,2021,0.0459327131665153,0.0269155857494706,0.0190171274170446,0.0190171274170446
"BTS",2024,64,TRUE,2,2022,0.0664772137117895,0.041303723350711,0.0251734903610785,0.0251734903610785
"BTS",1982,162,TRUE,3,1979,0.24069576337699,0.182700867696429,0.0579948956805612,0.0579948956805612
"BTS",1983,130,TRUE,3,1980,0.111770400948897,0.120555615543927,-0.00878521459503011,0.00878521459503011
"BTS",1984,63,TRUE,3,1981,0.0614453913800211,0.0538551497720919,0.0075902416079292,0.0075902416079292
"BTS",1985,73,TRUE,3,1982,0.188033416256941,0.172810723541193,0.0152226927157478,0.0152226927157478
"BTS",1986,151,TRUE,3,1983,0.046663695468965,0.0442066775962407,0.0024570178727243,0.0024570178727243
"BTS",1987,61,TRUE,3,1984,0.0831393017138785,0.136880716255079,-0.0537414145412005,0.0537414145412005
"BTS",1988,82,TRUE,3,1985,0.103810319765852,0.0736002601058976,0.0302100596599543,0.0302100596599543
"BTS",1989,53,TRUE,3,1986,0.0460448136670747,0.0470255481511674,-0.000980734484092742,0.000980734484092742
"BTS",1990,48,TRUE,3,1987,0.00503259851773174,0.0192198189542845,-0.0141872204365527,0.0141872204365527
"BTS",1991,79,TRUE,3,1988,0.027211322889211,0.0391939762773477,-0.0119826533881367,0.0119826533881367
"BTS",1992,85,TRUE,3,1989,0.269713219470797,0.218876062782559,0.0508371566882375,0.0508371566882375
"BTS",1993,91,TRUE,3,1990,0.0801292764863754,0.0885784321901813,-0.00844915570380593,0.00844915570380593
"BTS",1994,86,TRUE,3,1991,0.038360544148561,0.0559337444200855,-0.0175732002715245,0.0175732002715245
"BTS",1995,104,TRUE,3,1992,0.0301668349071389,0.077207031244192,-0.0470401963370531,0.0470401963370531
"BTS",1996,226,TRUE,3,1993,0.0248642400939483,0.0321347526496723,-0.00727051255572402,0.00727051255572402
"BTS",1997,73,TRUE,3,1994,0.0213085611537577,0.0277709416800881,-0.00646238052633044,0.00646238052633044
"BTS",1998,65,TRUE,3,1995,0.048015710808929,0.0816560163445764,-0.0336403055356475,0.0336403055356475
"BTS",1999,95,TRUE,3,1996,0.11456334248983,0.136620905342363,-0.0220575628525329,0.0220575628525329
"BTS",2000,90,TRUE,3,1997,0.0504064971336195,0.0563299118221784,-0.00592341468855895,0.00592341468855895
"BTS",2001,183,TRUE,3,1998,0.0637655172831698,0.0688373186181858,-0.005071801335016,0.005071801335016
"BTS",2002,186,TRUE,3,1999,0.0729188583554269,0.0734423034611341,-0.00052344510570726,0.00052344510570726
"BTS",2003,125,TRUE,3,2000,0.0742116225757,0.0811251251478028,-0.00691350257210285,0.00691350257210285
"BTS",2004,188,TRUE,3,2001,0.0235358961285154,0.0628885263868463,-0.0393526302583309,0.0393526302583309
"BTS",2005,194,TRUE,3,2002,0.0214214696596527,0.034908261784769,-0.0134867921251162,0.0134867921251162
"BTS",2006,329,TRUE,3,2003,0.016430320961394,0.0234935061840029,-0.00706318522260889,0.00706318522260889
"BTS",2007,192,TRUE,3,2004,0.0175121262888866,0.0119628628510273,0.0055492634378593,0.0055492634378593
"BTS",2008,235,TRUE,3,2005,0.0218776085037382,0.0320967237600508,-0.0102191152563126,0.0102191152563126
"BTS",2009,144,TRUE,3,2006,0.0884756634835224,0.105481381269182,-0.0170057177856598,0.0170057177856598
"BTS",2010,107,TRUE,3,2007,0.0340086888843855,0.037995515043579,-0.00398682615919353,0.00398682615919353
"BTS",2011,165,TRUE,3,2008,0.0497246688378703,0.0915682857114429,-0.0418436168735726,0.0418436168735726
"BTS",2012,107,TRUE,3,2009,0.049400305918506,0.0732050321444372,-0.0238047262259312,0.0238047262259312
"BTS",2013,66,TRUE,3,2010,0.0246650196788055,0.0321196827310144,-0.00745466305220889,0.00745466305220889
"BTS",2014,117,TRUE,3,2011,0.0142927021657309,0.0211703994911404,-0.00687769732540957,0.00687769732540957
"BTS",2015,103,TRUE,3,2012,0.157242641753013,0.131279609558064,0.0259630321949498,0.0259630321949498
"BTS",2016,122,TRUE,3,2013,0.0509194367896164,0.116449665329807,-0.065530228540191,0.065530228540191
"BTS",2017,234,TRUE,3,2014,0.0391402348305848,0.0488535259115355,-0.00971329108095068,0.00971329108095068
"BTS",2018,158,TRUE,3,2015,0.031373159081227,0.0321861791490361,-0.000813020067809089,0.000813020067809089
"BTS",2019,120,TRUE,3,2016,0.0356122768331654,0.0243657064831131,0.0112465703500523,0.0112465703500523
"BTS",2021,149,TRUE,3,2018,0.211570855957637,0.268750593144397,-0.05717973718676,0.05717973718676
"BTS",2022,172,TRUE,3,2019,0.0511665322760395,0.0587744417671366,-0.0076079094910971,0.0076079094910971
"BTS",2023,126,TRUE,3,2020,0.0410748408340373,0.0355989402696322,0.00547590056440517,0.00547590056440517
"BTS",2024,64,TRUE,3,2021,0.0591143598954253,0.0406479079802628,0.0184664519151625,0.0184664519151625
"BTS",1982,162,TRUE,4,1978,0.325157454317615,0.345640538776022,-0.0204830844584068,0.0204830844584068
"BTS",1983,130,TRUE,4,1979,0.174452556849239,0.155460148853759,0.0189924079954798,0.0189924079954798
"BTS",1984,63,TRUE,4,1980,0.172746111074577,0.152175468347402,0.0205706427271743,0.0205706427271743
"BTS",1985,73,TRUE,4,1981,0.0665387097515296,0.0739517981464182,-0.00741308839488862,0.00741308839488862
"BTS",1986,151,TRUE,4,1982,0.197615267073308,0.197862367778568,-0.000247100705259545,0.000247100705259545
"BTS",1987,61,TRUE,4,1983,0.0653953290313429,0.068614066868187,-0.00321873783684409,0.00321873783684409
"BTS",1988,82,TRUE,4,1984,0.203396515595176,0.201771732786629,0.001624782808547,0.001624782808547
"BTS",1989,53,TRUE,4,1985,0.146516578387064,0.0888709606578402,0.0576456177292235,0.0576456177292235
"BTS",1990,48,TRUE,4,1986,0.0521210908990039,0.0509217249943474,0.00119936590465649,0.00119936590465649
"BTS",1991,79,TRUE,4,1987,0.0106266341447617,0.0369462195242648,-0.0263195853795031,0.0263195853795031
"BTS",1992,85,TRUE,4,1988,0.040141443387573,0.096282998767629,-0.056141555380056,0.056141555380056
"BTS",1993,91,TRUE,4,1989,0.356825077664762,0.33349816653363,0.0233269111311321,0.0233269111311321
"BTS",1994,86,TRUE,4,1990,0.148918631788364,0.142514746864758,0.00640388492360627,0.00640388492360627
"BTS",1995,104,TRUE,4,1991,0.126825456988885,0.0918462972212246,0.0349791597676607,0.0349791597676607
"BTS",1996,226,TRUE,4,1992,0.0508897820260716,0.152410246435263,-0.101520464409192,0.101520464409192
"BTS",1997,73,TRUE,4,1993,0.0259866636770772,0.0566624781657931,-0.0306758144887159,0.0306758144887159
"BTS",1998,65,TRUE,4,1994,0.0345174664292805,0.0495940390875973,-0.0150765726583169,0.0150765726583169
"BTS",1999,95,TRUE,4,1995,0.108944111055179,0.117778363120637,-0.00883425206545844,0.00883425206545844
"BTS",2000,90,TRUE,4,1996,0.156837250193607,0.147551094231146,0.00928615596246143,0.00928615596246143
"BTS",2001,183,TRUE,4,1997,0.0617443419491515,0.0760346997612649,-0.0142903578121134,0.0142903578121134
"BTS",2002,186,TRUE,4,1998,0.113649134536146,0.0786279667315726,0.0350211678045732,0.0350211678045732
"BTS",2003,125,TRUE,4,1999,0.127244436367116,0.123749555371684,0.00349488099543244,0.00349488099543244
"BTS",2004,188,TRUE,4,2000,0.201310909791122,0.166771749327196,0.0345391604639263,0.0345391604639263
"BTS",2005,194,TRUE,4,2001,0.10757983489329,0.120382232603752,-0.0128023977104611,0.0128023977104611
"BTS",2006,329,TRUE,4,2002,0.0750707667850294,0.0829161238205207,-0.00784535703549136,0.00784535703549136
"BTS",2007,192,TRUE,4,2003,0.0560077503613748,0.0405462703489345,0.0154614800124403,0.0154614800124403
"BTS",2008,235,TRUE,4,2004,0.0423309243218512,0.0416469645551324,0.000683959766718832,0.000683959766718832
"BTS",2009,144,TRUE,4,2005,0.100086046073031,0.105541594343098,-0.00545554827006714,0.00545554827006714
"BTS",2010,107,TRUE,4,2006,0.452057268537469,0.306573135208344,0.145484133329124,0.145484133329124
"BTS",2011,165,TRUE,4,2007,0.0618895166466785,0.0881694816107944,-0.026279964964116,0.026279964964116
"BTS",2012,107,TRUE,4,2008,0.425415301898748,0.318812493067095,0.106602808831653,0.106602808831653
"BTS",2013,66,TRUE,4,2009,0.10261125345957,0.120186174694796,-0.0175749212352256,0.0175749212352256
"BTS",2014,117,TRUE,4,2010,0.0253571726778169,0.0755095552568438,-0.0501523825790269,0.0501523825790269
"BTS",2015,103,TRUE,4,2011,0.0421311650429241,0.091159179450014,-0.0490280144070899,0.0490280144070899
"BTS",2016,122,TRUE,4,2012,0.281381738156142,0.237753923349406,0.0436278148067355,0.0436278148067355
"BTS",2017,234,TRUE,4,2013,0.190209033935954,0.248103467312115,-0.0578944333761616,0.0578944333761616
"BTS",2018,158,TRUE,4,2014,0.0454607608528873,0.113075927112436,-0.0676151662595489,0.0676151662595489
"BTS",2019,120,TRUE,4,2015,0.0369446656238982,0.041869018820927,-0.0049243531970288,0.0049243531970288
"BTS",2021,149,TRUE,4,2017,0.0811478367434366,0.0837084248746847,-0.00256058813124808,0.00256058813124808
"BTS",2022,172,TRUE,4,2018,0.341656071730868,0.382432170082034,-0.0407760983511662,0.0407760983511662
"BTS",2023,126,TRUE,4,2019,0.0764684681817265,0.0888077969737868,-0.0123393287920603,0.0123393287920603
"BTS",2024,64,TRUE,4,2020,0.0401735728391808,0.0550930920423897,-0.0149195192032089,0.0149195192032089
"BTS",1982,162,TRUE,5,1977,0.110200812832219,0.103067128038539,0.00713368479368029,0.00713368479368029
"BTS",1983,130,TRUE,5,1978,0.359141638726877,0.346497641340911,0.0126439973859659,0.0126439973859659
"BTS",1984,63,TRUE,5,1979,0.191264918728453,0.170410503156925,0.0208544155715279,0.0208544155715279
"BTS",1985,73,TRUE,5,1980,0.21891772196423,0.139530536824013,0.079387185140217,0.079387185140217
"BTS",1986,151,TRUE,5,1981,0.100708053793332,0.0811038795724424,0.0196041742208896,0.0196041742208896
"BTS",1987,61,TRUE,5,1982,0.39405027905864,0.259512600144294,0.134537678914346,0.134537678914346
"BTS",1988,82,TRUE,5,1983,0.0876814137872344,0.0836697505722249,0.00401166321500955,0.00401166321500955
"BTS",1989,53,TRUE,5,1984,0.324763683750938,0.22850122575305,0.0962624579978879,0.0962624579978879
"BTS",1990,48,TRUE,5,1985,0.117640991267397,0.113051602148982,0.00458938911841512,0.00458938911841512
"BTS",1991,79,TRUE,5,1986,0.0749701434066655,0.0643443792448923,0.0106257641617732,0.0106257641617732
"BTS",1992,85,TRUE,5,1987,0.0483856492645017,0.0602761064056384,-0.0118904571411367,0.0118904571411367
"BTS",1993,91,TRUE,5,1988,0.0742405029198721,0.119292227498841,-0.0450517245789691,0.0450517245789691
"BTS",1994,86,TRUE,5,1989,0.433633512836379,0.38227825585397,0.0513552569824086,0.0513552569824086
"BTS",1995,104,TRUE,5,1990,0.185281022495701,0.183975565583363,0.00130545691233869,0.00130545691233869
"BTS",1996,226,TRUE,5,1991,0.141501155726411,0.114360831318908,0.0271403244075031,0.0271403244075031
"BTS",1997,73,TRUE,5,1992,0.297759230338805,0.222667315145588,0.0750919151932172,0.0750919151932172
"BTS",1998,65,TRUE,5,1993,0.0720454964877122,0.0827178429999803,-0.0106723465122681,0.0106723465122681
"BTS",1999,95,TRUE,5,1994,0.0604683073416591,0.0636009043325172,-0.00313259699085811,0.00313259699085811
"BTS",2000,90,TRUE,5,1995,0.157531992600602,0.134232646443537,0.0232993461570657,0.0232993461570657
"BTS",2001,183,TRUE,5,1996,0.148415038987817,0.156647544734656,-0.00823250574683831,0.00823250574683831
"BTS",2002,186,TRUE,5,1997,0.125369429970766,0.0983696284030807,0.026999801567685,0.026999801567685
"BTS",2003,125,TRUE,5,1998,0.150343542320284,0.132788869649958,0.0175546726703254,0.0175546726703254
"BTS",2004,188,TRUE,5,1999,0.198120721217757,0.195055592349666,0.00306512886809077,0.00306512886809077
"BTS",2005,194,TRUE,5,2000,0.315455705059936,0.260683407873476,0.0547722971864602,0.0547722971864602
"BTS",2006,329,TRUE,5,2001,0.202671347950805,0.172626811825512,0.0300445361252931,0.0300445361252931
"BTS",2007,192,TRUE,5,2002,0.175697452974819,0.14864672059234,0.0270507323824793,0.0270507323824793
"BTS",2008,235,TRUE,5,2003,0.125630894703292,0.114035598244882,0.0115952964584107,0.0115952964584107
"BTS",2009,144,TRUE,5,2004,0.0678980504948196,0.0682334683204065,-0.000335417825586826,0.000335417825586826
"BTS",2010,107,TRUE,5,2005,0.186210191069064,0.263699248462199,-0.0774890573931349,0.0774890573931349
"BTS",2011,165,TRUE,5,2006,0.312575747720349,0.306842392288824,0.00573335543152464,0.00573335543152464
"BTS",2012,107,TRUE,5,2007,0.0965613128281085,0.147032426931542,-0.0504711141034339,0.0504711141034339
"BTS",2013,66,TRUE,5,2008,0.49516605977719,0.414925780296101,0.0802402794810884,0.0802402794810884
"BTS",2014,117,TRUE,5,2009,0.118027317475454,0.216652903655844,-0.09862558618039,0.09862558618039
"BTS",2015,103,TRUE,5,2010,0.0861699042352975,0.150977487861414,-0.0648075836261168,0.0648075836261168
"BTS",2016,122,TRUE,5,2011,0.118823849060777,0.122733561069961,-0.00390971200918361,0.00390971200918361
"BTS",2017,234,TRUE,5,2012,0.251060973003771,0.268396441166696,-0.0173354681629256,0.0173354681629256
"BTS",2018,158,TRUE,5,2013,0.312076603987815,0.285901860447186,0.0261747435406294,0.0261747435406294
"BTS",2019,120,TRUE,5,2014,0.1056732956893,0.158015645418747,-0.0523423497294475,0.0523423497294475
"BTS",2021,149,TRUE,5,2016,0.0741976311621967,0.0529901217495199,0.0212075094126769,0.0212075094126769
"BTS",2022,172,TRUE,5,2017,0.159691321588711,0.12083752054607,0.0388538010426407,0.0388538010426407
"BTS",2023,126,TRUE,5,2018,0.330540630293341,0.40495982678289,-0.0744191964895491,0.0744191964895491
"BTS",2024,64,TRUE,5,2019,0.126037351708923,0.119475088207272,0.00656226350165173,0.00656226350165173
"BTS",1982,162,TRUE,6,1976,0.0147126270384302,0.0307082442138833,-0.0159956171754532,0.0159956171754532
"BTS",1983,130,TRUE,6,1977,0.103655748500818,0.104609808345027,-0.00095405984420853,0.00095405984420853
"BTS",1984,63,TRUE,6,1978,0.407021112089425,0.332612837833223,0.074408274256202,0.074408274256202
"BTS",1985,73,TRUE,6,1979,0.134798631241619,0.107296298870502,0.0275023323711172,0.0275023323711172
"BTS",1986,151,TRUE,6,1980,0.152068525174634,0.140796106081205,0.011272419093429,0.011272419093429
"BTS",1987,61,TRUE,6,1981,0.103067016266529,0.0886653265377023,0.0144016897288265,0.0144016897288265
"BTS",1988,82,TRUE,6,1982,0.270639433171896,0.260751516195207,0.00988791697668956,0.00988791697668956
"BTS",1989,53,TRUE,6,1983,0.0612176729062426,0.0851217858213024,-0.0239041129150598,0.0239041129150598
"BTS",1990,48,TRUE,6,1984,0.380658655109264,0.256654030203979,0.124004624905285,0.124004624905285
"BTS",1991,79,TRUE,6,1985,0.0641124796181975,0.100336307220275,-0.0362238276020777,0.0362238276020777
"BTS",1992,85,TRUE,6,1986,0.0783345740210419,0.0647578795137564,0.0135766945072855,0.0135766945072855
"BTS",1993,91,TRUE,6,1987,0.0564417625455735,0.0479830320293173,0.00845873051625622,0.00845873051625622
"BTS",1994,86,TRUE,6,1988,0.0705076308849083,0.108338657497169,-0.0378310266122609,0.0378310266122609
"BTS",1995,104,TRUE,6,1989,0.323015696471479,0.342787063443096,-0.0197713669716167,0.0197713669716167
"BTS",1996,226,TRUE,6,1990,0.187814677488958,0.140658466344074,0.0471562111448837,0.0471562111448837
"BTS",1997,73,TRUE,6,1991,0.136560788363773,0.129101607897288,0.00745918046648503,0.00745918046648503
"BTS",1998,65,TRUE,6,1992,0.395756799513482,0.25408072569404,0.141676073819442,0.141676073819442
"BTS",1999,95,TRUE,6,1993,0.111285506196455,0.0909453793903126,0.020340126806142,0.020340126806142
"BTS",2000,90,TRUE,6,1994,0.0874592109126505,0.0738572601398902,0.0136019507727603,0.0136019507727603
"BTS",2001,183,TRUE,6,1995,0.145487242990413,0.114222795160189,0.031264447830223,0.031264447830223
"BTS",2002,186,TRUE,6,1996,0.162427013773993,0.187887383196222,-0.0254603694222283,0.0254603694222283
"BTS",2003,125,TRUE,6,1997,0.125291803452229,0.135407329782858,-0.0101155263306291,0.0101155263306291
"BTS",2004,188,TRUE,6,1998,0.146843510349763,0.140631192750227,0.00621231759953647,0.00621231759953647
"BTS",2005,194,TRUE,6,1999,0.212212443344676,0.22901127566402,-0.0167988323193433,0.0167988323193433
"BTS",2006,329,TRUE,6,2000,0.238147647503241,0.223916797271416,0.014230850231825,0.014230850231825
"BTS",2007,192,TRUE,6,2001,0.198660810700894,0.215066215632536,-0.0164054049316414,0.0164054049316414
"BTS",2008,235,TRUE,6,2002,0.248969656572013,0.221163795720216,0.0278058608517975,0.0278058608517975
"BTS",2009,144,TRUE,6,2003,0.10244806718888,0.0937396274239461,0.00870843976493337,0.00870843976493337
"BTS",2010,107,TRUE,6,2004,0.0522927082712967,0.0790608372320852,-0.0267681289607885,0.0267681289607885
"BTS",2011,165,TRUE,6,2005,0.151403621057485,0.162177717241476,-0.0107740961839904,0.0107740961839904
"BTS",2012,107,TRUE,6,2006,0.144581911594775,0.18836447043609,-0.0437825588413153,0.0437825588413153
"BTS",2013,66,TRUE,6,2007,0.111709494121151,0.135065443604311,-0.0233559494831597,0.0233559494831597
"BTS",2014,117,TRUE,6,2008,0.397629232939566,0.388829631163673,0.00879960177589245,0.00879960177589245
"BTS",2015,103,TRUE,6,2009,0.15548622934964,0.190227421860581,-0.0347411925109408,0.0347411925109408
"BTS",2016,122,TRUE,6,2010,0.0839419579955837,0.135642568977703,-0.0517006109821195,0.0517006109821195
"BTS",2017,234,TRUE,6,2011,0.114721987838811,0.0969113498394359,0.0178106379993756,0.0178106379993756
"BTS",2018,158,TRUE,6,2012,0.191813841866515,0.179789626310874,0.0120242155556404,0.0120242155556404
"BTS",2019,120,TRUE,6,2013,0.376941193310486,0.300325954774446,0.0766152385360397,0.0766152385360397
"BTS",2021,149,TRUE,6,2015,0.0540667708506789,0.0596515374504378,-0.00558476659975885,0.00558476659975885
"BTS",2022,172,TRUE,6,2016,0.0622205557040113,0.0660086142598435,-0.00378805855583211,0.00378805855583211
"BTS",2023,126,TRUE,6,2017,0.0971470289410529,0.0987232200069546,-0.00157619106590166,0.00157619106590166
"BTS",2024,64,TRUE,6,2018,0.41272465208693,0.44686052467753,-0.0341358725906001,0.0341358725906001
"BTS",1982,162,TRUE,7,1975,0.00949482448163972,0.0157709094180211,-0.00627608493638134,0.00627608493638134
"BTS",1983,130,TRUE,7,1976,0.0175881666349479,0.0289537041226502,-0.0113655374877023,0.0113655374877023
"BTS",1984,63,TRUE,7,1977,0.0720242108884209,0.0923184378601003,-0.0202942269716793,0.0202942269716793
"BTS",1985,73,TRUE,7,1978,0.0890929121089755,0.169198730987886,-0.0801058188789108,0.0801058188789108
"BTS",1986,151,TRUE,7,1979,0.126216664067659,0.0985775140662673,0.0276391500013919,0.0276391500013919
"BTS",1987,61,TRUE,7,1980,0.0940352174748948,0.128236151214443,-0.0342009337395477,0.0342009337395477
"BTS",1988,82,TRUE,7,1981,0.0725087696234278,0.073373939991854,-0.000865170368426149,0.000865170368426149
"BTS",1989,53,TRUE,7,1982,0.216087826859922,0.235548154923754,-0.019460328063832,0.019460328063832
"BTS",1990,48,TRUE,7,1983,0.0700384794320046,0.0765101417060548,-0.00647166227405015,0.00647166227405015
"BTS",1991,79,TRUE,7,1984,0.191479622265693,0.188409834687105,0.0030697875785882,0.0030697875785882
"BTS",1992,85,TRUE,7,1985,0.0697216467496953,0.0724266823319836,-0.0027050355822883,0.0027050355822883
"BTS",1993,91,TRUE,7,1986,0.028196390993236,0.0348651823182436,-0.00666879132500756,0.00666879132500756
"BTS",1994,86,TRUE,7,1987,0.0169434690518277,0.0351077213456844,-0.0181642522938567,0.0181642522938567
"BTS",1995,104,TRUE,7,1988,0.118472078572195,0.0838257246980877,0.0346463538741071,0.0346463538741071
"BTS",1996,226,TRUE,7,1989,0.160482236136371,0.185586924930585,-0.0251046887942142,0.0251046887942142
"BTS",1997,73,TRUE,7,1990,0.0802058685767429,0.114272532755742,-0.0340666641789988,0.0340666641789988
"BTS",1998,65,TRUE,7,1991,0.101431738465262,0.120486596969149,-0.0190548585038866,0.0190548585038866
"BTS",1999,95,TRUE,7,1992,0.260459174554706,0.223788066787397,0.0366711077673093,0.0366711077673093
"BTS",2000,90,TRUE,7,1993,0.0695623452597993,0.0952579993704728,-0.0256956541106735,0.0256956541106735
"BTS",2001,183,TRUE,7,1994,0.0606119555338525,0.0547911316859467,0.0058208238479058,0.0058208238479058
"BTS",2002,186,TRUE,7,1995,0.0810771804378465,0.124089547446669,-0.043012367008823,0.043012367008823
"BTS",2003,125,TRUE,7,1996,0.157187854020219,0.179904667427999,-0.02271681340778,0.02271681340778
"BTS",2004,188,TRUE,7,1997,0.0819768567463573,0.0972497189918201,-0.0152728622454628,0.0152728622454628
"BTS",2005,194,TRUE,7,1998,0.11108847920089,0.112750611326119,-0.00166213212522875,0.00166213212522875
"BTS",2006,329,TRUE,7,1999,0.139930255393263,0.156546180891323,-0.0166159254980604,0.0166159254980604
"BTS",2007,192,TRUE,7,2000,0.13248639037262,0.176502758060558,-0.0440163676879376,0.0440163676879376
"BTS",2008,235,TRUE,7,2001,0.181456213577076,0.19944356271445,-0.017987349137374,0.017987349137374
"BTS",2009,144,TRUE,7,2002,0.144668223709113,0.132053310097937,0.0126149136111768,0.0126149136111768
"BTS",2010,107,TRUE,7,2003,0.0417726705314405,0.0542088226878647,-0.0124361521564241,0.0124361521564241
"BTS",2011,165,TRUE,7,2004,0.0428071045559249,0.0444517412801916,-0.00164463672426669,0.00164463672426669
"BTS",2012,107,TRUE,7,2005,0.0459115178890012,0.0685076931471711,-0.0225961752581698,0.0225961752581698
"BTS",2013,66,TRUE,7,2006,0.068114149861878,0.0995143973953833,-0.0314002475335053,0.0314002475335053
"BTS",2014,117,TRUE,7,2007,0.196086103365636,0.0764261738060285,0.119659929559607,0.119659929559607
"BTS",2015,103,TRUE,7,2008,0.292755550292708,0.22706401225518,0.0656915380375279,0.0656915380375279
"BTS",2016,122,TRUE,7,2009,0.123669420837259,0.133795201780442,-0.0101257809431824,0.0101257809431824
"BTS",2017,234,TRUE,7,2010,0.088409370199406,0.0869919570360753,0.00141741316333073,0.00141741316333073
"BTS",2018,158,TRUE,7,2011,0.0664838392649449,0.0552620122406115,0.0112218270243334,0.0112218270243334
"BTS",2019,120,TRUE,7,2012,0.150537899451832,0.144769154040014,0.00576874541181807,0.00576874541181807
"BTS",2021,149,TRUE,7,2014,0.137778714805422,0.120694021584844,0.0170846932205781,0.0170846932205781
"BTS",2022,172,TRUE,7,2015,0.0691466341529544,0.056378589194602,0.0127680449583523,0.0127680449583523
"BTS",2023,126,TRUE,7,2016,0.0535248499419956,0.045038691224682,0.00848615871731361,0.00848615871731361
"BTS",2024,64,TRUE,7,2017,0.0914993968115781,0.088288243128802,0.00321115368277614,0.00321115368277614
"BTS",1982,162,TRUE,8,1974,0.00454948357617693,0.0108553729672395,-0.00630588939106254,0.00630588939106254
"BTS",1983,130,TRUE,8,1975,0.00795658708006737,0.0129967680284862,-0.00504018094841883,0.00504018094841883
"BTS",1984,63,TRUE,8,1976,0.0154240551193725,0.0245542100011448,-0.00913015488177225,0.00913015488177225
"BTS",1985,73,TRUE,8,1977,0.0169478892046537,0.0431450965672745,-0.0261972073626208,0.0261972073626208
"BTS",1986,151,TRUE,8,1978,0.10535685580034,0.146395544994238,-0.0410386891938981,0.0410386891938981
"BTS",1987,61,TRUE,8,1979,0.036537051795456,0.0769486557826252,-0.0404116039871691,0.0404116039871691
"BTS",1988,82,TRUE,8,1980,0.0513497853100825,0.0926669841255624,-0.04131719881548,0.04131719881548
"BTS",1989,53,TRUE,8,1981,0.030327554476185,0.0607237883371177,-0.0303962338609327,0.0303962338609327
"BTS",1990,48,TRUE,8,1982,0.166228756576963,0.176321749854308,-0.0100929932773451,0.0100929932773451
"BTS",1991,79,TRUE,8,1983,0.0666285124932548,0.0545190314352434,0.0121094810580114,0.0121094810580114
"BTS",1992,85,TRUE,8,1984,0.0971470576230119,0.114534149575459,-0.0173870919524467,0.0173870919524467
"BTS",1993,91,TRUE,8,1985,0.0369648953420306,0.0320169927675859,0.00494790257444476,0.00494790257444476
"BTS",1994,86,TRUE,8,1986,0.0130669746338173,0.0230247475665375,-0.00995777293272021,0.00995777293272021
"BTS",1995,104,TRUE,8,1987,0.0256080999065317,0.0248329031882413,0.000775196718290443,0.000775196718290443
"BTS",1996,226,TRUE,8,1988,0.0528945143487325,0.0459391005586549,0.00695541379007757,0.00695541379007757
"BTS",1997,73,TRUE,8,1989,0.10315581835818,0.115453908830348,-0.0122980904721679,0.0122980904721679
"BTS",1998,65,TRUE,8,1990,0.0614011238336615,0.0861852524152254,-0.0247841285815639,0.0247841285815639
"BTS",1999,95,TRUE,8,1991,0.0668293555620934,0.0938534135546544,-0.027024057992561,0.027024057992561
"BTS",2000,90,TRUE,8,1992,0.211158920926868,0.198744229981529,0.0124146909453382,0.0124146909453382
"BTS",2001,183,TRUE,8,1993,0.0294562838347446,0.0606573561652004,-0.0312010723304558,0.0312010723304558
"BTS",2002,186,TRUE,8,1994,0.0391974888491339,0.0522525956848735,-0.0130551068357396,0.0130551068357396
"BTS",2003,125,TRUE,8,1995,0.0811907650950614,0.095885184980727,-0.0146944198856655,0.0146944198856655
"BTS",2004,188,TRUE,8,1996,0.0865801976221318,0.106370932203735,-0.0197907345816035,0.0197907345816035
"BTS",2005,194,TRUE,8,1997,0.0443050819612213,0.0573819733651454,-0.013076891403924,0.013076891403924
"BTS",2006,329,TRUE,8,1998,0.063718677259446,0.0732134357522829,-0.0094947584928369,0.0094947584928369
"BTS",2007,192,TRUE,8,1999,0.0923504385546392,0.0907118928575136,0.0016385456971256,0.0016385456971256
"BTS",2008,235,TRUE,8,2000,0.113435468069115,0.142042453758909,-0.0286069856897937,0.0286069856897937
"BTS",2009,144,TRUE,8,2001,0.109967033811978,0.116926412124954,-0.00695937831297634,0.00695937831297634
"BTS",2010,107,TRUE,8,2002,0.0427306554308479,0.0561475794762338,-0.0134169240453859,0.0134169240453859
"BTS",2011,165,TRUE,8,2003,0.0232908793047839,0.029892944854821,-0.0066020655500372,0.0066020655500372
"BTS",2012,107,TRUE,8,2004,0.0171958012867076,0.0176369320973674,-0.000441130810659805,0.000441130810659805
"BTS",2013,66,TRUE,8,2005,0.0238290665888776,0.0285604720218076,-0.00473140543292993,0.00473140543292993
"BTS",2014,117,TRUE,8,2006,0.0411694623739715,0.043863348781304,-0.00269388640733254,0.00269388640733254
"BTS",2015,103,TRUE,8,2007,0.0864759692418885,0.0395785198474728,0.0468974493944157,0.0468974493944157
"BTS",2016,122,TRUE,8,2008,0.188242725904581,0.140943474108063,0.0472992517965176,0.0472992517965176
"BTS",2017,234,TRUE,8,2009,0.0829332937381349,0.0806217917982075,0.00231150193992741,0.00231150193992741
"BTS",2018,158,TRUE,8,2010,0.0483753099305128,0.0509360140064839,-0.00256070407597117,0.00256070407597117
"BTS",2019,120,TRUE,8,2011,0.0357797750713773,0.0367760165279247,-0.000996241456547461,0.000996241456547461
"BTS",2021,149,TRUE,8,2013,0.159087031736944,0.145682951263217,0.0134040804737273,0.0134040804737273
"BTS",2022,172,TRUE,8,2014,0.0974282977036833,0.0810277325720645,0.0164005651316188,0.0164005651316188
"BTS",2023,126,TRUE,8,2015,0.0532405653974702,0.0332149002683162,0.020025665129154,0.020025665129154
"BTS",2024,64,TRUE,8,2016,0.02851859332308,0.0312401106883466,-0.00272151736526662,0.00272151736526662
"BTS",1982,162,TRUE,9,1973,0.00281622139026084,0.00643990968296116,-0.00362368829270031,0.00362368829270031
"BTS",1983,130,TRUE,9,1974,0.00364142929542629,0.00777023693713369,-0.00412880764170741,0.00412880764170741
"BTS",1984,63,TRUE,9,1975,0.00702787400073008,0.0108200766086889,-0.00379220260795884,0.00379220260795884
"BTS",1985,73,TRUE,9,1976,0.0041376665216305,0.0113972934993243,-0.00725962697769381,0.00725962697769381
"BTS",1986,151,TRUE,9,1977,0.0313989996558548,0.0351331443824226,-0.00373414472656772,0.00373414472656772
"BTS",1987,61,TRUE,9,1978,0.114010430113458,0.103251518557286,0.0107589115561724,0.0107589115561724
"BTS",1988,82,TRUE,9,1979,0.0285186438059512,0.0496353735380679,-0.0211167297321166,0.0211167297321166
"BTS",1989,53,TRUE,9,1980,0.0335974281524755,0.0727428213103869,-0.0391453931579114,0.0391453931579114
"BTS",1990,48,TRUE,9,1981,0.0157235696587458,0.0416828345185174,-0.0259592648597716,0.0259592648597716
"BTS",1991,79,TRUE,9,1982,0.128789521865211,0.122388218873624,0.00640130299158706,0.00640130299158706
"BTS",1992,85,TRUE,9,1983,0.0417595043065811,0.0329611620444507,0.00879834226213033,0.00879834226213033
"BTS",1993,91,TRUE,9,1984,0.0468218975795865,0.0473300616154948,-0.000508164035908344,0.000508164035908344
"BTS",1994,86,TRUE,9,1985,0.0141295936438308,0.0208485969043959,-0.0067190032605651,0.0067190032605651
"BTS",1995,104,TRUE,9,1986,0.0148853331439492,0.016103884262599,-0.00121855111864981,0.00121855111864981
"BTS",1996,226,TRUE,9,1987,0.0127990523588307,0.0149604616298439,-0.0021614092710132,0.0021614092710132
"BTS",1997,73,TRUE,9,1988,0.0178206231688737,0.0248485795400407,-0.00702795637116698,0.00702795637116698
"BTS",1998,65,TRUE,9,1989,0.0466222593041692,0.0776653028546947,-0.0310430435505254,0.0310430435505254
"BTS",1999,95,TRUE,9,1990,0.031807083048697,0.0576947335755062,-0.0258876505268092,0.0258876505268092
"BTS",2000,90,TRUE,9,1991,0.0799597153336962,0.0761078859402071,0.00385182939348905,0.00385182939348905
"BTS",2001,183,TRUE,9,1992,0.0874696658781232,0.115585602660109,-0.0281159367819858,0.0281159367819858
"BTS",2002,186,TRUE,9,1993,0.0524716005035743,0.0505110332436548,0.00196056725991945,0.00196056725991945
"BTS",2003,125,TRUE,9,1994,0.0338350014001626,0.0363759631576408,-0.00254096175747814,0.00254096175747814
"BTS",2004,188,TRUE,9,1995,0.0428388465041726,0.0550866083724516,-0.012247761868279,0.012247761868279
"BTS",2005,194,TRUE,9,1996,0.0376898645740851,0.0551852787579398,-0.0174954141838547,0.0174954141838547
"BTS",2006,329,TRUE,9,1997,0.0353763448873096,0.0382332890235565,-0.00285694413624694,0.00285694413624694
"BTS",2007,192,TRUE,9,1998,0.0366257389931336,0.0351270988943633,0.00149864009877034,0.00149864009877034
"BTS",2008,235,TRUE,9,1999,0.0690215533589195,0.071792864872478,-0.00277131151355843,0.00277131151355843
"BTS",2009,144,TRUE,9,2000,0.0787480754316122,0.0851412474686998,-0.00639317203708757,0.00639317203708757
"BTS",2010,107,TRUE,9,2001,0.0428271124932215,0.0450893863579509,-0.00226227386472936,0.00226227386472936
"BTS",2011,165,TRUE,9,2002,0.0353540732960209,0.0304696535117483,0.00488441978427254,0.00488441978427254
"BTS",2012,107,TRUE,9,2003,0.0114760137457353,0.0119123225838386,-0.000436308838103245,0.000436308838103245
"BTS",2013,66,TRUE,9,2004,0.00807035381415423,0.00679242871408214,0.00127792510007209,0.00127792510007209
"BTS",2014,117,TRUE,9,2005,0.0223912300957572,0.0112907487614313,0.0111004813343259,0.0111004813343259
"BTS",2015,103,TRUE,9,2006,0.0218801880758133,0.0225344602489409,-0.000654272173127624,0.000654272173127624
"BTS",2016,122,TRUE,9,2007,0.0379141953644304,0.0246776749370583,0.0132365204273721,0.0132365204273721
"BTS",2017,234,TRUE,9,2008,0.106009462733557,0.0805933211093315,0.0254161416242251,0.0254161416242251
"BTS",2018,158,TRUE,9,2009,0.0496924835280516,0.0514604242720018,-0.00176794074395011,0.00176794074395011
"BTS",2019,120,TRUE,9,2010,0.0257983749906613,0.0284068134370613,-0.00260843844639998,0.00260843844639998
"BTS",2021,149,TRUE,9,2012,0.0422165639460786,0.0633937407343558,-0.0211771767882772,0.0211771767882772
"BTS",2022,172,TRUE,9,2013,0.073000327283924,0.0826575744223735,-0.00965724713844947,0.00965724713844947
"BTS",2023,126,TRUE,9,2014,0.08452424908652,0.0464896343568668,0.0380346147296532,0.0380346147296532
"BTS",2024,64,TRUE,9,2015,0.02688500323961,0.018223588889334,0.00866141435027601,0.00866141435027601
"BTS",1982,162,TRUE,10,1972,0.00177219880508342,0.00420156939568894,-0.00242937059060552,0.00242937059060552
"BTS",1983,130,TRUE,10,1973,0.00327044463566341,0.00408914873887134,-0.000818704103207932,0.000818704103207932
"BTS",1984,63,TRUE,10,1974,0.00235202791452412,0.00642538272731491,-0.00407335481279079,0.00407335481279079
"BTS",1985,73,TRUE,10,1975,0.00349973594047015,0.00512744012771669,-0.00162770418724654,0.00162770418724654
"BTS",1986,151,TRUE,10,1976,0.00485245133682522,0.00885869737552715,-0.00400624603870194,0.00400624603870194
"BTS",1987,61,TRUE,10,1977,0.0179803395608961,0.0231496736853597,-0.00516933412446361,0.00516933412446361
"BTS",1988,82,TRUE,10,1978,0.068743594193563,0.0623141314674916,0.00642946272607137,0.00642946272607137
"BTS",1989,53,TRUE,10,1979,0.0125590349244567,0.0372135321425308,-0.024654497218074,0.024654497218074
"BTS",1990,48,TRUE,10,1980,0.0270537903103652,0.0477300605296854,-0.0206762702193202,0.0206762702193202
"BTS",1991,79,TRUE,10,1981,0.0325263168400175,0.0298254575935472,0.00270085924647025,0.00270085924647025
"BTS",1992,85,TRUE,10,1982,0.077210314191511,0.0723704952250325,0.00483981896647852,0.00483981896647852
"BTS",1993,91,TRUE,10,1983,0.0285871944537997,0.0135093214278845,0.0150778730259152,0.0150778730259152
"BTS",1994,86,TRUE,10,1984,0.0261033252715564,0.0308831353229879,-0.00477981005143152,0.00477981005143152
"BTS",1995,104,TRUE,10,1985,0.0093673842883046,0.0146341526494836,-0.005266768361179,0.005266768361179
"BTS",1996,226,TRUE,10,1986,0.0138510336928527,0.0105300450784159,0.0033209886144368,0.0033209886144368
"BTS",1997,73,TRUE,10,1987,0.00896919328154347,0.00790473741135176,0.00106445587019171,0.00106445587019171
"BTS",1998,65,TRUE,10,1988,0.0119843428357347,0.0159154823059139,-0.00393113947017917,0.00393113947017917
"BTS",1999,95,TRUE,10,1989,0.0293828811966534,0.046298104397145,-0.0169152232004916,0.0169152232004916
"BTS",2000,90,TRUE,10,1990,0.0417318590428102,0.0419325784951622,-0.000200719452352005,0.000200719452352005
"BTS",2001,183,TRUE,10,1991,0.0625139182882657,0.0440955301420252,0.0184183881462404,0.0184183881462404
"BTS",2002,186,TRUE,10,1992,0.0978715846228339,0.0876613409216788,0.0102102437011551,0.0102102437011551
"BTS",2003,125,TRUE,10,1993,0.0442317986543637,0.0342938429581043,0.00993795569625937,0.00993795569625937
"BTS",2004,188,TRUE,10,1994,0.0270349219679673,0.0216360885049615,0.00539883346300574,0.00539883346300574
"BTS",2005,194,TRUE,10,1995,0.0263223462141349,0.0280447001222885,-0.00172235390815364,0.00172235390815364
"BTS",2006,329,TRUE,10,1996,0.029513087014215,0.0378353232806787,-0.00832223626646376,0.00832223626646376
"BTS",2007,192,TRUE,10,1997,0.0157086772496902,0.016932309029673,-0.00122363177998289,0.00122363177998289
"BTS",2008,235,TRUE,10,1998,0.0250722087449685,0.0282858683093403,-0.00321365956437179,0.00321365956437179
"BTS",2009,144,TRUE,10,1999,0.0358645248455641,0.0434083871581559,-0.00754386231259184,0.00754386231259184
"BTS",2010,107,TRUE,10,2000,0.0293375092679994,0.0320816775901062,-0.00274416832210675,0.00274416832210675
"BTS",2011,165,TRUE,10,2001,0.0348739974059712,0.0242747231672068,0.0105992742387645,0.0105992742387645
"BTS",2012,107,TRUE,10,2002,0.0157601467224382,0.0122487611647612,0.00351138555767702,0.00351138555767702
"BTS",2013,66,TRUE,10,2003,0.00721178250621798,0.00449668715406768,0.00271509535215029,0.00271509535215029
"BTS",2014,117,TRUE,10,2004,0.00808934692599215,0.0025756686538996,0.00551367827209255,0.00551367827209255
"BTS",2015,103,TRUE,10,2005,0.0108299559730669,0.00558196022617165,0.00524799574689526,0.00524799574689526
"BTS",2016,122,TRUE,10,2006,0.0155238688301964,0.0140484838821644,0.001475384948032,0.001475384948032
"BTS",2017,234,TRUE,10,2007,0.0304272064587905,0.0143898091738485,0.0160373972849419,0.0160373972849419
"BTS",2018,158,TRUE,10,2008,0.0407357406704552,0.0551626825606288,-0.0144269418901736,0.0144269418901736
"BTS",2019,120,TRUE,10,2009,0.0152652501185578,0.0254967779612798,-0.010231527842722,0.010231527842722
"BTS",2021,149,TRUE,10,2011,0.016390562369878,0.015412743968146,0.000977818401731967,0.000977818401731967
"BTS",2022,172,TRUE,10,2012,0.0231837464423611,0.0335223280003567,-0.0103385815579956,0.0103385815579956
"BTS",2023,126,TRUE,10,2013,0.0596986417572251,0.0503165434352897,0.00938209832193544,0.00938209832193544
"BTS",2024,64,TRUE,10,2014,0.0241969436357412,0.0222418309634143,0.00195511267232696,0.00195511267232696
"BTS",1982,162,TRUE,11,1971,0.00109125239496959,0.000896877116148009,0.000194375278821581,0.000194375278821581
"BTS",1983,130,TRUE,11,1972,0.00232823807541063,0.00243302893528743,-0.000104790859876802,0.000104790859876802
"BTS",1984,63,TRUE,11,1973,0.00160626077154682,0.0033753335250447,-0.00176907275349788,0.00176907275349788
"BTS",1985,73,TRUE,11,1974,0.00121945747425723,0.00311852135937736,-0.00189906388512013,0.00189906388512013
"BTS",1986,151,TRUE,11,1975,0.00217697111719585,0.00385421967105152,-0.00167724855385567,0.00167724855385567
"BTS",1987,61,TRUE,11,1976,0.00551029346204977,0.00561085596645322,-0.000100562504403456,0.000100562504403456
"BTS",1988,82,TRUE,11,1977,0.00662077137327892,0.0134059360422744,-0.00678516466899548,0.00678516466899548
"BTS",1989,53,TRUE,11,1978,0.0393407943328014,0.0455076673094235,-0.0061668729766221,0.0061668729766221
"BTS",1990,48,TRUE,11,1979,0.00409617561936289,0.0232299833088031,-0.0191338076894402,0.0191338076894402
"BTS",1991,79,TRUE,11,1980,0.0434471815547748,0.0323161344613361,0.0111310470934387,0.0111310470934387
"BTS",1992,85,TRUE,11,1981,0.0265926565725926,0.0177787636621647,0.00881389291042792,0.00881389291042792
"BTS",1993,91,TRUE,11,1982,0.0247256275885929,0.0297953852726957,-0.00506975768410279,0.00506975768410279
"BTS",1994,86,TRUE,11,1983,0.0159279063345396,0.00888475758727982,0.00704314874725982,0.00704314874725982
"BTS",1995,104,TRUE,11,1984,0.0172046545051421,0.0218027153948267,-0.00459806088968461,0.00459806088968461
"BTS",1996,226,TRUE,11,1985,0.00925012273956222,0.0100589640072177,-0.000808841267655463,0.000808841267655463
"BTS",1997,73,TRUE,11,1986,0.0065073580320768,0.00558740676767431,0.000919951264402492,0.000919951264402492
"BTS",1998,65,TRUE,11,1987,0.00528732316015077,0.00514362304961756,0.000143700110533203,0.000143700110533203
"BTS",1999,95,TRUE,11,1988,0.010984316346044,0.00887848443236484,0.00210583191367917,0.00210583191367917
"BTS",2000,90,TRUE,11,1989,0.0178684231086577,0.0305646620563517,-0.012696238947694,0.012696238947694
"BTS",2001,183,TRUE,11,1990,0.0238144472483972,0.0241477131416577,-0.000333265893260451,0.000333265893260451
"BTS",2002,186,TRUE,11,1991,0.0487832339232478,0.0312886404311642,0.0174945934920836,0.0174945934920836
"BTS",2003,125,TRUE,11,1992,0.0861203667948459,0.0601254560528744,0.0259949107419716,0.0259949107419716
"BTS",2004,188,TRUE,11,1993,0.0270516185291912,0.0211684375123523,0.00588318101683884,0.00588318101683884
"BTS",2005,194,TRUE,11,1994,0.0076329946335949,0.0112284400048509,-0.00359544537125598,0.00359544537125598
"BTS",2006,329,TRUE,11,1995,0.0141879686191124,0.0199135426394304,-0.00572557402031798,0.00572557402031798
"BTS",2007,192,TRUE,11,1996,0.0137704413126919,0.0162846248829988,-0.00251418357030696,0.00251418357030696
"BTS",2008,235,TRUE,11,1997,0.0204676088983132,0.0135610851422437,0.00690652375606943,0.00690652375606943
"BTS",2009,144,TRUE,11,1998,0.0225618163594978,0.0173253882641104,0.00523642809538743,0.00523642809538743
"BTS",2010,107,TRUE,11,1999,0.0249688016547154,0.0161741559349323,0.00879464571978307,0.00879464571978307
"BTS",2011,165,TRUE,11,2000,0.0296358066356851,0.0175123618197572,0.0121234448159279,0.0121234448159279
"BTS",2012,107,TRUE,11,2001,0.0126754977026057,0.00961840557143317,0.00305709213117253,0.00305709213117253
"BTS",2013,66,TRUE,11,2002,0.00947100116918205,0.00460453962556358,0.00486646154361847,0.00486646154361847
"BTS",2014,117,TRUE,11,2003,0.00316657183623864,0.00169852523807624,0.0014680465981624,0.0014680465981624
"BTS",2015,103,TRUE,11,2004,0.00155298962376844,0.00123717129465612,0.000315818329112324,0.000315818329112324
"BTS",2016,122,TRUE,11,2005,0.00559823951453873,0.00332314398760967,0.00227509552692907,0.00227509552692907
"BTS",2017,234,TRUE,11,2006,0.011680399607516,0.00824516213982461,0.00343523746769135,0.00343523746769135
"BTS",2018,158,TRUE,11,2007,0.0114115132507089,0.0103682239407735,0.00104328930993544,0.00104328930993544
"BTS",2019,120,TRUE,11,2008,0.00802637985807595,0.0260645514641613,-0.0180381716060853,0.0180381716060853
"BTS",2021,149,TRUE,11,2010,0.0137319250062416,0.0122420245024136,0.001489900503828,0.001489900503828
"BTS",2022,172,TRUE,11,2011,0.00988730349096635,0.0076496288541003,0.00223767463686605,0.00223767463686605
"BTS",2023,126,TRUE,11,2012,0.0127423194288562,0.0211171457862778,-0.00837482635742162,0.00837482635742162
"BTS",2024,64,TRUE,11,2013,0.0165300965057181,0.0221351410759813,-0.00560504457026313,0.00560504457026313
"BTS",1982,162,TRUE,12,1970,0.000645744224536045,0.000618037535047216,2.7706689488829e-05,2.7706689488829e-05
"BTS",1983,130,TRUE,12,1971,0.000844044953209173,0.000485697871875896,0.000358347081333277,0.000358347081333277
"BTS",1984,63,TRUE,12,1972,0.00060360011453298,0.00200839972969904,-0.00140479961516605,0.00140479961516605
"BTS",1985,73,TRUE,12,1973,0.000382656950188515,0.00166910698364543,-0.00128645003345691,0.00128645003345691
"BTS",1986,151,TRUE,12,1974,0.00095887710611213,0.00229424625984764,-0.00133536915373551,0.00133536915373551
"BTS",1987,61,TRUE,12,1975,0.00209528272772026,0.00238828124446558,-0.000292998516745318,0.000292998516745318
"BTS",1988,82,TRUE,12,1976,0.00389516376077891,0.00317128695522909,0.00072387680554982,0.00072387680554982
"BTS",1989,53,TRUE,12,1977,0.0067245531316313,0.00960952499376677,-0.00288497186213547,0.00288497186213547
"BTS",1990,48,TRUE,12,1978,0.0380940246198492,0.0281396259462512,0.00995439867359799,0.00995439867359799
"BTS",1991,79,TRUE,12,1979,0.00890907642637543,0.01571042630693,-0.00680134988055459,0.00680134988055459
"BTS",1992,85,TRUE,12,1980,0.0330520201488636,0.018052332979619,0.0149996871692446,0.0149996871692446
"BTS",1993,91,TRUE,12,1981,0.0179267796040424,0.00715195284198775,0.0107748267620546,0.0107748267620546
"BTS",1994,86,TRUE,12,1982,0.022029922179955,0.0196982295988106,0.00233169258114446,0.00233169258114446
"BTS",1995,104,TRUE,12,1983,0.00696893367222136,0.00629580468453482,0.00067312898768654,0.00067312898768654
"BTS",1996,226,TRUE,12,1984,0.0176731235680442,0.0154095597875759,0.00226356378046831,0.00226356378046831
"BTS",1997,73,TRUE,12,1985,0.00697622967363157,0.00540001598802443,0.00157621368560714,0.00157621368560714
"BTS",1998,65,TRUE,12,1986,0.00181050104286363,0.00372079205862345,-0.00191029101575982,0.00191029101575982
"BTS",1999,95,TRUE,12,1987,0.00465524590439274,0.0027520423626128,0.00190320354177994,0.00190320354177994
"BTS",2000,90,TRUE,12,1988,0.0114389996843015,0.00544964434791409,0.0059893553363874,0.0059893553363874
"BTS",2001,183,TRUE,12,1989,0.0185690514044422,0.0175762517051855,0.000992799699256711,0.000992799699256711
"BTS",2002,186,TRUE,12,1990,0.0224420503275246,0.0163351864156427,0.00610686391188193,0.00610686391188193
"BTS",2003,125,TRUE,12,1991,0.0389631448156926,0.0214552905849213,0.0175078542307712,0.0175078542307712
"BTS",2004,188,TRUE,12,1992,0.0495817118563902,0.0380990463105402,0.01148266554585,0.01148266554585
"BTS",2005,194,TRUE,12,1993,0.0155849702042483,0.0112155076741754,0.00436946253007288,0.00436946253007288
"BTS",2006,329,TRUE,12,1994,0.00880276263621014,0.00823456693426146,0.000568195701948682,0.000568195701948682
"BTS",2007,192,TRUE,12,1995,0.0124574233673407,0.00857336878981586,0.00388405457752487,0.00388405457752487
"BTS",2008,235,TRUE,12,1996,0.0153522559255475,0.0131529250272365,0.00219933089831106,0.00219933089831106
"BTS",2009,144,TRUE,12,1997,0.00714777053825254,0.00831485303615595,-0.00116708249790341,0.00116708249790341
"BTS",2010,107,TRUE,12,1998,0.00908623255238896,0.00633434055009548,0.00275189200229349,0.00275189200229349
"BTS",2011,165,TRUE,12,1999,0.0227295265150774,0.00891776421779471,0.0138117622972827,0.0138117622972827
"BTS",2012,107,TRUE,12,2000,0.010964986003996,0.00695811610432087,0.00400686989967517,0.00400686989967517
"BTS",2013,66,TRUE,12,2001,0.00718066056473095,0.00357401798603408,0.00360664257869686,0.00360664257869686
"BTS",2014,117,TRUE,12,2002,0.00452803522558416,0.00172947576400383,0.00279855946158033,0.00279855946158033
"BTS",2015,103,TRUE,12,2003,0.00147578658948595,0.00081282036451714,0.00066296622496881,0.00066296622496881
"BTS",2016,122,TRUE,12,2004,0.00122600989104844,0.000731763755689216,0.000494246135359224,0.000494246135359224
"BTS",2017,234,TRUE,12,2005,0.00392261261776043,0.00193095956054509,0.00199165305721534,0.00199165305721534
"BTS",2018,158,TRUE,12,2006,0.00177735257047335,0.00611481764254837,-0.00433746507207502,0.00433746507207502
"BTS",2019,120,TRUE,12,2007,0.00364470181058885,0.00471117640667661,-0.00106647459608776,0.00106647459608776
"BTS",2021,149,TRUE,12,2009,0.00889503004401418,0.0115060674136083,-0.00261103736959413,0.00261103736959413
"BTS",2022,172,TRUE,12,2010,0.00823867673822246,0.00598420759205603,0.00225446914616643,0.00225446914616643
"BTS",2023,126,TRUE,12,2011,0.00528730485739832,0.00485444067665689,0.000432864180741422,0.000432864180741422
"BTS",2024,64,TRUE,12,2012,0.00622223719954671,0.00880169430144646,-0.00257945710189976,0.00257945710189976
"BTS",1982,162,TRUE,13,1969,0.000240573409870627,0.000570219272133637,-0.000329645862263009,0.000329645862263009
"BTS",1983,130,TRUE,13,1970,0.000310354056409419,0.000319222783320374,-8.86872691095546e-06,8.86872691095546e-06
"BTS",1984,63,TRUE,13,1971,0.000363258258513773,0.000400980659611941,-3.77224010981676e-05,3.77224010981676e-05
"BTS",1985,73,TRUE,13,1972,0.000407898176785954,0.00100528133312343,-0.000597383156337479,0.000597383156337479
"BTS",1986,151,TRUE,13,1973,8.76020585169876e-05,0.00121194477505196,-0.00112434271653497,0.00112434271653497
"BTS",1987,61,TRUE,13,1974,0.000414786580426406,0.00140433260387272,-0.000989546023446318,0.000989546023446318
"BTS",1988,82,TRUE,13,1975,0.000864361928081226,0.00133146220588472,-0.000467100277803493,0.000467100277803493
"BTS",1989,53,TRUE,13,1976,0.00600792035594906,0.00224412789614353,0.00376379245980553,0.00376379245980553
"BTS",1990,48,TRUE,13,1977,0.00327628839134682,0.00589088858312383,-0.00261460019177701,0.00261460019177701
"BTS",1991,79,TRUE,13,1978,0.0260959223185725,0.019189371807128,0.00690655051144451,0.00690655051144451
"BTS",1992,85,TRUE,13,1979,0.014099699505554,0.00890265493483237,0.00519704457072166,0.00519704457072166
"BTS",1993,91,TRUE,13,1980,0.0142876647066628,0.00726571285674849,0.00702195184991429,0.00702195184991429
"BTS",1994,86,TRUE,13,1981,0.00839752341233177,0.00468129364414221,0.00371622976818956,0.00371622976818956
"BTS",1995,104,TRUE,13,1982,0.0127551113803892,0.0139631221454421,-0.00120801076505292,0.00120801076505292
"BTS",1996,226,TRUE,13,1983,0.00593503398674708,0.00449980577107698,0.0014352282156701,0.0014352282156701
"BTS",1997,73,TRUE,13,1984,0.0118845354016708,0.0083214868071208,0.00356304859455002,0.00356304859455002
"BTS",1998,65,TRUE,13,1985,0.00412599498645964,0.00365693474358371,0.00046906024287593,0.00046906024287593
"BTS",1999,95,TRUE,13,1986,0.00190012384889281,0.00194255811698324,-4.24342680904342e-05,4.24342680904342e-05
"BTS",2000,90,TRUE,13,1987,0.00358534472730371,0.00160398323539143,0.00198136149191227,0.00198136149191227
"BTS",2001,183,TRUE,13,1988,0.00643834269804227,0.00312627155627916,0.0033120711417631,0.0033120711417631
"BTS",2002,186,TRUE,13,1989,0.0133753824606442,0.0115641990576936,0.00181118340295064,0.00181118340295064
"BTS",2003,125,TRUE,13,1990,0.0161505555563173,0.0111873711806382,0.00496318437567911,0.00496318437567911
"BTS",2004,188,TRUE,13,1991,0.0219770023388738,0.013621644421134,0.00835535791773987,0.00835535791773987
"BTS",2005,194,TRUE,13,1992,0.0258794770644183,0.0202995376735827,0.00557993939083566,0.00557993939083566
"BTS",2006,329,TRUE,13,1993,0.0126265554315807,0.00834779597456663,0.0042787594570141,0.0042787594570141
"BTS",2007,192,TRUE,13,1994,0.0056792354109094,0.00356161108020577,0.00211762433070363,0.00211762433070363
"BTS",2008,235,TRUE,13,1995,0.00696115851079131,0.00697259941823037,-1.14409074390516e-05,1.14409074390516e-05
"BTS",2009,144,TRUE,13,1996,0.0071855296626541,0.00809675146157408,-0.000911221798919983,0.000911221798919983
"BTS",2010,107,TRUE,13,1997,0.00542769716887885,0.00306449403896102,0.00236320312991783,0.00236320312991783
"BTS",2011,165,TRUE,13,1998,0.00992892070550299,0.00346693579381321,0.00646198491168978,0.00646198491168978
"BTS",2012,107,TRUE,13,1999,0.00944883770168442,0.00357137528379942,0.005877462417885,0.005877462417885
"BTS",2013,66,TRUE,13,2000,0.00690848881576391,0.00256554376735462,0.00434294504840929,0.00434294504840929
"BTS",2014,117,TRUE,13,2001,0.00470824290927837,0.00133756135895991,0.00337068155031846,0.00337068155031846
"BTS",2015,103,TRUE,13,2002,0.00280087424004702,0.000823951455318403,0.00197692278472862,0.00197692278472862
"BTS",2016,122,TRUE,13,2003,0.00128108069949425,0.000478600021392002,0.000802480678102249,0.000802480678102249
"BTS",2017,234,TRUE,13,2004,0.000595302890258161,0.000425579536317043,0.000169723353941117,0.000169723353941117
"BTS",2018,158,TRUE,13,2005,0.000227876016553558,0.00145179934853317,-0.00122392333197961,0.00122392333197961
"BTS",2019,120,TRUE,13,2006,0.00144025295716658,0.00271313703178277,-0.00127288407461619,0.00127288407461619
"BTS",2021,149,TRUE,13,2008,0.00193956807806183,0.0124358774876163,-0.0104963094095544,0.0104963094095544
"BTS",2022,172,TRUE,13,2009,0.00317825508436419,0.0056111448952703,-0.00243288981090611,0.00243288981090611
"BTS",2023,126,TRUE,13,2010,0.0032389082734872,0.00385717135870654,-0.000618263085219344,0.000618263085219344
"BTS",2024,64,TRUE,13,2011,0.00196953525656768,0.00197112697910329,-1.59172253560774e-06,1.59172253560774e-06
"BTS",1982,162,TRUE,14,1968,0.00010471516090144,0.000360881387117129,-0.000256166226215689,0.000256166226215689
"BTS",1983,130,TRUE,14,1969,0.000278799370038381,0.000285029623308209,-6.23025326982864e-06,6.23025326982864e-06
"BTS",1984,63,TRUE,14,1970,0.00045303566830724,0.000263504801034001,0.00018953086727324,0.00018953086727324
"BTS",1985,73,TRUE,14,1971,3.43050844554807e-05,0.000202152841586639,-0.000167847757131158,0.000167847757131158
"BTS",1986,151,TRUE,14,1972,0.000268011574319258,0.000724011653123247,-0.000456000078803989,0.000456000078803989
"BTS",1987,61,TRUE,14,1973,0.000203736508810573,0.000737078839531361,-0.000533342330720788,0.000533342330720788
"BTS",1988,82,TRUE,14,1974,0.00104454275300576,0.000776382624928335,0.000268160128077427,0.000268160128077427
"BTS",1989,53,TRUE,14,1975,0.00281176238774307,0.000934745369495507,0.00187701701824756,0.00187701701824756
"BTS",1990,48,TRUE,14,1976,0.00238747178841321,0.00136788247824545,0.00101958931016775,0.00101958931016775
"BTS",1991,79,TRUE,14,1977,0.00396358867111061,0.00401723192365309,-5.36432525424799e-05,5.36432525424799e-05
"BTS",1992,85,TRUE,14,1978,0.0111000976185002,0.0108735780159005,0.000226519602599654,0.000226519602599654
"BTS",1993,91,TRUE,14,1979,0.00779389365942226,0.0035825705263054,0.00421132313311685,0.00421132313311685
"BTS",1994,86,TRUE,14,1980,0.00823586629760391,0.00475569303606913,0.00348017326153478,0.00348017326153478
"BTS",1995,104,TRUE,14,1981,0.00519769389827079,0.00331828088410184,0.00187941301416895,0.00187941301416895
"BTS",1996,226,TRUE,14,1982,0.0106288646750828,0.0100124945321021,0.000616370142980709,0.000616370142980709
"BTS",1997,73,TRUE,14,1983,0.0038066265377694,0.00242947692216488,0.00137714961560452,0.00137714961560452
"BTS",1998,65,TRUE,14,1984,0.00444494707360741,0.00567664824477489,-0.00123170117116748,0.00123170117116748
"BTS",1999,95,TRUE,14,1985,0.00280923869132981,0.00187576558898554,0.000933473102344268,0.000933473102344268
"BTS",2000,90,TRUE,14,1986,0.00162501126017442,0.00109608274263942,0.000528928517534996,0.000528928517534996
"BTS",2001,183,TRUE,14,1987,0.00266993720567213,0.000919869009962499,0.00175006819570963,0.00175006819570963
"BTS",2002,186,TRUE,14,1988,0.00422301179417655,0.00201867306088359,0.00220433873329296,0.00220433873329296
"BTS",2003,125,TRUE,14,1989,0.00664531479185038,0.00790274803130127,-0.00125743323945089,0.00125743323945089
"BTS",2004,188,TRUE,14,1990,0.00568131734843459,0.00710227742455484,-0.00142096007612024,0.00142096007612024
"BTS",2005,194,TRUE,14,1991,0.0102825101437061,0.00725130679327762,0.00303120335042851,0.00303120335042851
"BTS",2006,329,TRUE,14,1992,0.0170211590705307,0.0151243910516839,0.00189676801884683,0.00189676801884683
"BTS",2007,192,TRUE,14,1993,0.00687636356608841,0.00359949261735246,0.00327687094873594,0.00327687094873594
"BTS",2008,235,TRUE,14,1994,0.00386054012712964,0.00289646593950643,0.000964074187623208,0.000964074187623208
"BTS",2009,144,TRUE,14,1995,0.00370488848427455,0.00429249461226148,-0.000587606127986931,0.000587606127986931
"BTS",2010,107,TRUE,14,1996,0.00321258092171091,0.00298342671320493,0.000229154208505984,0.000229154208505984
"BTS",2011,165,TRUE,14,1997,0.00469815615031732,0.00167727274145263,0.00302088340886469,0.00302088340886469
"BTS",2012,107,TRUE,14,1998,0.00339485348284662,0.00138853811080215,0.00200631537204447,0.00200631537204447
"BTS",2013,66,TRUE,14,1999,0.00395608116223932,0.00131648970106054,0.00263959146117878,0.00263959146117878
"BTS",2014,117,TRUE,14,2000,0.00233171899006182,0.000960049833043354,0.00137166915701847,0.00137166915701847
"BTS",2015,103,TRUE,14,2001,0.00171406459677378,0.000637235162744527,0.00107682943402926,0.00107682943402926
"BTS",2016,122,TRUE,14,2002,0.000464465555096578,0.000485151474974886,-2.06859198783077e-05,2.06859198783077e-05
"BTS",2017,234,TRUE,14,2003,0.000350202217486901,0.000278352704422872,7.18495130640289e-05,7.18495130640289e-05
"BTS",2018,158,TRUE,14,2004,3.74775637956519e-05,0.000322126985536395,-0.000284649421740743,0.000284649421740743
"BTS",2019,120,TRUE,14,2005,0.000415118459021123,0.000635832798038732,-0.000220714339017609,0.000220714339017609
"BTS",2021,149,TRUE,14,2007,0.00137778915680453,0.00225753023757344,-0.000879741080768906,0.000879741080768906
"BTS",2022,172,TRUE,14,2008,0.0018168955080481,0.00602839120248997,-0.00421149569444187,0.00421149569444187
"BTS",2023,126,TRUE,14,2009,0.00128039465166729,0.00364005059663654,-0.00235965594496925,0.00235965594496925
"BTS",2024,64,TRUE,14,2010,0.000751051964584853,0.00154465076866919,-0.00079359880408434,0.00079359880408434
"BTS",1982,162,TRUE,15,1967,0.00010224779405975,0.000432979965385124,-0.000330732171325374,0.000330732171325374
"BTS",1983,130,TRUE,15,1968,0.000130826517881082,0.000385077968549666,-0.000254251450668584,0.000254251450668584
"BTS",1984,63,TRUE,15,1969,0.000223142210151347,0.00055307613023985,-0.000329933920088503,0.000329933920088503
"BTS",1985,73,TRUE,15,1970,3.21693453510475e-05,0.000413354245449766,-0.000381184900098719,0.000381184900098719
"BTS",1986,151,TRUE,15,1971,9.66659222676363e-05,0.00043972679163528,-0.000343060869367644,0.000343060869367644
"BTS",1987,61,TRUE,15,1972,0.000182870716791893,0.000704348829118524,-0.000521478112326631,0.000521478112326631
"BTS",1988,82,TRUE,15,1973,0.000615748107636185,0.000791405694446186,-0.000175657586810001,0.000175657586810001
"BTS",1989,53,TRUE,15,1974,0.00443082745120015,0.00109329997181372,0.00333752747938643,0.00333752747938643
"BTS",1990,48,TRUE,15,1975,0.0032843910004027,0.00123131316564951,0.00205307783475318,0.00205307783475318
"BTS",1991,79,TRUE,15,1976,0.00450555650345472,0.00177249986411864,0.00273305663933608,0.00273305663933608
"BTS",1992,85,TRUE,15,1977,0.00888487104587051,0.00328068047616466,0.00560419056970585,0.00560419056970585
"BTS",1993,91,TRUE,15,1978,0.00943437142515681,0.00569559165965683,0.00373877976549997,0.00373877976549997
"BTS",1994,86,TRUE,15,1979,0.0138549056645805,0.00607289156358167,0.00778201410099879,0.00778201410099879
"BTS",1995,104,TRUE,15,1980,0.00821349258870646,0.00767565760895605,0.000537834979750412,0.000537834979750412
"BTS",1996,226,TRUE,15,1981,0.0153536786170723,0.00789465097316743,0.00745902764390491,0.00745902764390491
"BTS",1997,73,TRUE,15,1982,0.0142118856491857,0.00966508926423526,0.00454679638495045,0.00454679638495045
"BTS",1998,65,TRUE,15,1983,0.010731237476073,0.00827023148963717,0.0024610059864358,0.0024610059864358
"BTS",1999,95,TRUE,15,1984,0.0101140033331682,0.00702813722602917,0.003085866107139,0.003085866107139
"BTS",2000,90,TRUE,15,1985,0.00722147937779251,0.00486988363060368,0.00235159574718882,0.00235159574718882
"BTS",2001,183,TRUE,15,1986,0.00710099685827464,0.00341500482960758,0.00368599202866706,0.00368599202866706
"BTS",2002,186,TRUE,15,1987,0.00499607837155726,0.00275660662089024,0.00223947175066701,0.00223947175066701
"BTS",2003,125,TRUE,15,1988,0.00709340868893194,0.00325982764335658,0.00383358104557536,0.00383358104557536
"BTS",2004,188,TRUE,15,1989,0.00476360915833347,0.00708641928333142,-0.00232281012499796,0.00232281012499796
"BTS",2005,194,TRUE,15,1990,0.0111371552669382,0.00755042464773996,0.00358673061919827,0.00358673061919827
"BTS",2006,329,TRUE,15,1991,0.0175052077944544,0.0110328566845716,0.00647235110988275,0.00647235110988275
"BTS",2007,192,TRUE,15,1992,0.0142306159932775,0.0112623798413196,0.00296823615195788,0.00296823615195788
"BTS",2008,235,TRUE,15,1993,0.0252739698756528,0.0120861842981246,0.0131877855775283,0.0131877855775283
"BTS",2009,144,TRUE,15,1994,0.0161366722066541,0.00922383574144471,0.00691283646520936,0.00691283646520936
"BTS",2010,107,TRUE,15,1995,0.00746585170214391,0.00497999407389498,0.00248585762824892,0.00248585762824892
"BTS",2011,165,TRUE,15,1996,0.0137239204486457,0.00435857646294417,0.00936534398570158,0.00936534398570158
"BTS",2012,107,TRUE,15,1997,0.00643740807151675,0.00241746691698891,0.00401994115452784,0.00401994115452784
"BTS",2013,66,TRUE,15,1998,0.00549480083997303,0.00140285245336114,0.00409194838661189,0.00409194838661189
"BTS",2014,117,TRUE,15,1999,0.00695744207720925,0.0010175720464223,0.00593987003078695,0.00593987003078695
"BTS",2015,103,TRUE,15,2000,0.00388804323541575,0.000942169530260188,0.00294587370515556,0.00294587370515556
"BTS",2016,122,TRUE,15,2001,0.000970565488335781,0.000929969108357693,4.05963799780882e-05,4.05963799780882e-05
"BTS",2017,234,TRUE,15,2002,0.00117122212777094,0.000823038389674272,0.000348183738096663,0.000348183738096663
"BTS",2018,158,TRUE,15,2003,0.000704987639297267,0.000836534008847242,-0.000131546369549975,0.000131546369549975
"BTS",2019,120,TRUE,15,2004,0.00016571058579313,0.000502780040006573,-0.000337069454213442,0.000337069454213442
"BTS",2021,149,TRUE,15,2006,0.000470724568501386,0.00184605823202783,-0.00137533366352644,0.00137533366352644
"BTS",2022,172,TRUE,15,2007,0.000186579515830195,0.00198259403862312,-0.00179601452279293,0.00179601452279293
"BTS",2023,126,TRUE,15,2008,0.00142834681836498,0.00521472093403061,-0.00378637411566563,0.00378637411566563
"BTS",2024,64,TRUE,15,2009,0.000262465296619364,0.00351188219143477,-0.0032494168948154,0.0032494168948154
"ATS",1994,43,TRUE,2,1992,0.438386144299212,0.450682819893656,-0.0122966755944446,0.0122966755944446
"ATS",1996,32,TRUE,2,1994,0.0894033980168323,0.150595891225746,-0.0611924932089133,0.0611924932089133
"ATS",1997,49,TRUE,2,1995,0.377453764335551,0.304833498966047,0.0726202653695038,0.0726202653695038
"ATS",1999,67,TRUE,2,1997,0.163919504010163,0.19084839500664,-0.0269288909964767,0.0269288909964767
"ATS",2000,70,TRUE,2,1998,0.159940438515599,0.217158391951328,-0.0572179534357292,0.0572179534357292
"ATS",2002,72,TRUE,2,2000,0.393806701716222,0.393879443442572,-7.27417263493568e-05,7.27417263493568e-05
"ATS",2004,51,TRUE,2,2002,0.0401335393733987,0.176234396643492,-0.136100857270093,0.136100857270093
"ATS",2006,47,TRUE,2,2004,0.0640940749325509,0.107359335649843,-0.0432652607172922,0.0432652607172922
"ATS",2007,39,TRUE,2,2005,0.243864260700877,0.307075791434474,-0.0632115307335967,0.0632115307335967
"ATS",2008,35,TRUE,2,2006,0.563879936786969,0.526010248999709,0.0378696877872601,0.0378696877872601
"ATS",2009,26,TRUE,2,2007,0.237655405760348,0.30028389277379,-0.0626284870134423,0.0626284870134423
"ATS",2010,34,TRUE,2,2008,0.615773038232947,0.621827918584935,-0.00605488035198787,0.00605488035198787
"ATS",2012,44,TRUE,2,2010,0.271871706778775,0.2277049347341,0.044166772044675,0.044166772044675
"ATS",2014,79,TRUE,2,2012,0.586318084086284,0.537946400208609,0.0483716838776749,0.0483716838776749
"ATS",2016,61,TRUE,2,2014,0.0861596015917353,0.204744437516986,-0.11858483592525,0.11858483592525
"ATS",2018,50,TRUE,2,2016,0.100902388107774,0.129308592299449,-0.0284062041916745,0.0284062041916745
"ATS",2022,52,TRUE,2,2020,0.0348603359167275,0.1073570142894,-0.0724966783726721,0.0724966783726721
"ATS",2024,79,TRUE,2,2022,0.182431269270475,0.20327995089555,-0.0208486816250745,0.0208486816250745
"ATS",1994,43,TRUE,3,1991,0.125671720054901,0.154799638983561,-0.02912791892866,0.02912791892866
"ATS",1996,32,TRUE,3,1993,0.0871149969985089,0.144501620555641,-0.057386623557132,0.057386623557132
"ATS",1997,49,TRUE,3,1994,0.0577105013860847,0.0992884156985011,-0.0415779143124164,0.0415779143124164
"ATS",1999,67,TRUE,3,1996,0.342303622914895,0.299004352398239,0.0432992705166554,0.0432992705166554
"ATS",2000,70,TRUE,3,1997,0.148813167649621,0.158896859382448,-0.0100836917328264,0.0100836917328264
"ATS",2002,72,TRUE,3,1999,0.269638160390513,0.224980596276015,0.0446575641144981,0.0446575641144981
"ATS",2004,51,TRUE,3,2001,0.155798760804497,0.224604976436277,-0.0688062156317798,0.0688062156317798
"ATS",2006,47,TRUE,3,2003,0.0860251973773843,0.112124229556998,-0.0260990321796134,0.0260990321796134
"ATS",2007,39,TRUE,3,2004,0.0808744884973082,0.0900529614388341,-0.00917847294152585,0.00917847294152585
"ATS",2008,35,TRUE,3,2005,0.202544367134673,0.174400418178204,0.0281439489564688,0.0281439489564688
"ATS",2009,26,TRUE,3,2006,0.505162123695975,0.392649548967793,0.112512574728183,0.112512574728183
"ATS",2010,34,TRUE,3,2007,0.0945713141414965,0.116501416772074,-0.0219301026305773,0.0219301026305773
"ATS",2012,44,TRUE,3,2009,0.231436893418136,0.236242548745858,-0.00480565532772209,0.00480565532772209
"ATS",2014,79,TRUE,3,2011,0.0656735244702375,0.0969770009027979,-0.0313034764325604,0.0313034764325604
"ATS",2016,61,TRUE,3,2013,0.373244757113994,0.375328896799565,-0.00208413968557158,0.00208413968557158
"ATS",2018,50,TRUE,3,2015,0.0485639392728569,0.0922309269785051,-0.0436669877056482,0.0436669877056482
"ATS",2022,52,TRUE,3,2019,0.102301493374856,0.152023831758175,-0.0497223383833191,0.0497223383833191
"ATS",2024,79,TRUE,3,2021,0.10830722070911,0.109437476593057,-0.00113025588394609,0.00113025588394609
"ATS",1994,43,TRUE,4,1990,0.16044119465288,0.146623078175374,0.0138181164775062,0.0138181164775062
"ATS",1996,32,TRUE,4,1992,0.432460086133535,0.355680557492963,0.076779528640572,0.076779528640572
"ATS",1997,49,TRUE,4,1993,0.0701759930035062,0.115230836173494,-0.0450548431699879,0.0450548431699879
"ATS",1999,67,TRUE,4,1995,0.166652729967403,0.176843372864011,-0.0101906428966076,0.0101906428966076
"ATS",2000,70,TRUE,4,1996,0.313101920635356,0.259936162943362,0.0531657576919941,0.0531657576919941
"ATS",2002,72,TRUE,4,1998,0.103147083998649,0.117403615607993,-0.0142565316093435,0.0142565316093435
"ATS",2004,51,TRUE,4,2000,0.39978653527192,0.292102406985118,0.107684128286801,0.107684128286801
"ATS",2006,47,TRUE,4,2002,0.193200499758558,0.204346142862511,-0.0111456431039536,0.0111456431039536
"ATS",2007,39,TRUE,4,2003,0.11197445727866,0.0994281304760901,0.0125463268025697,0.0125463268025697
"ATS",2008,35,TRUE,4,2004,0.0321206279616834,0.0520260797177184,-0.019905451756035,0.019905451756035
"ATS",2009,26,TRUE,4,2005,0.0819346294060366,0.133948906793333,-0.0520142773872967,0.0520142773872967
"ATS",2010,34,TRUE,4,2006,0.220659949623878,0.15702640597337,0.0636335436505082,0.0636335436505082
"ATS",2012,44,TRUE,4,2008,0.370517996189675,0.360085179329648,0.0104328168600277,0.0104328168600277
"ATS",2014,79,TRUE,4,2010,0.0786521547391467,0.0862505167262113,-0.00759836198706461,0.00759836198706461
"ATS",2016,61,TRUE,4,2012,0.371612561582017,0.244951529950583,0.126661031631434,0.126661031631434
"ATS",2018,50,TRUE,4,2014,0.121327114126753,0.195325041348927,-0.073997927222174,0.073997927222174
"ATS",2022,52,TRUE,4,2018,0.69000707764085,0.553788315377068,0.136218762263781,0.136218762263781
"ATS",2024,79,TRUE,4,2020,0.0603688532152464,0.0917224044662471,-0.0313535512510007,0.0313535512510007
"ATS",1994,43,TRUE,5,1989,0.198658399212207,0.177625586621846,0.0210328125903607,0.0210328125903607
"ATS",1996,32,TRUE,5,1991,0.144354708656736,0.139922833290175,0.00443187536656092,0.00443187536656092
"ATS",1997,49,TRUE,5,1992,0.305302107830271,0.270059174170403,0.0352429336598687,0.0352429336598687
"ATS",1999,67,TRUE,5,1994,0.0600299177047806,0.0640328088055073,-0.00400289110072671,0.00400289110072671
"ATS",2000,70,TRUE,5,1995,0.122411856343579,0.135233972539518,-0.0128221161959396,0.0128221161959396
"ATS",2002,72,TRUE,5,1997,0.0526211663158868,0.0738396271549718,-0.021218460839085,0.021218460839085
"ATS",2004,51,TRUE,5,1999,0.209242000683113,0.15321827222208,0.0560237284610329,0.0560237284610329
"ATS",2006,47,TRUE,5,2001,0.231385691116975,0.226814233086571,0.00457145803040418,0.00457145803040418
"ATS",2007,39,TRUE,5,2002,0.186002862303248,0.155093848551255,0.030909013751993,0.030909013751993
"ATS",2008,35,TRUE,5,2003,0.0311151698719931,0.0501230486222964,-0.0190078787503034,0.0190078787503034
"ATS",2009,26,TRUE,5,2004,0.0223415283821196,0.0373884416807294,-0.0150469132986097,0.0150469132986097
"ATS",2010,34,TRUE,5,2005,0.0428720183073878,0.0513090532640337,-0.00843703495664586,0.00843703495664586
"ATS",2012,44,TRUE,5,2007,0.0382361862111008,0.0766707142513925,-0.0384345280402917,0.0384345280402917
"ATS",2014,79,TRUE,5,2009,0.075782913566487,0.098423304439205,-0.022640390872718,0.022640390872718
"ATS",2016,61,TRUE,5,2011,0.0593950466555178,0.0506237802530906,0.00877126640242723,0.00877126640242723
"ATS",2018,50,TRUE,5,2013,0.44288851306252,0.336271870374401,0.106616642688119,0.106616642688119
"ATS",2022,52,TRUE,5,2017,0.0859578395829454,0.0852874058741145,0.000670433708830909,0.000670433708830909
"ATS",2024,79,TRUE,5,2019,0.13051346042645,0.131063150268232,-0.000549689841781775,0.000549689841781775
"ATS",1994,43,TRUE,6,1988,0.0343288370355183,0.0310560647681585,0.00327277226735987,0.00327277226735987
"ATS",1996,32,TRUE,6,1990,0.0999529797646855,0.0937377642621731,0.00621521550251238,0.00621521550251238
"ATS",1997,49,TRUE,6,1991,0.071591366075278,0.091986465680217,-0.020395099604939,0.020395099604939
"ATS",1999,67,TRUE,6,1993,0.0366076269848728,0.0634293892968644,-0.0268217623119916,0.0268217623119916
"ATS",2000,70,TRUE,6,1994,0.0395142244464044,0.0479902195626786,-0.00847599511627421,0.00847599511627421
"ATS",2002,72,TRUE,6,1996,0.0745002439212706,0.0842255473013195,-0.00972530338004884,0.00972530338004884
"ATS",2004,51,TRUE,6,1998,0.0726081454995637,0.0589638185231271,0.0136443269764366,0.0136443269764366
"ATS",2006,47,TRUE,6,2000,0.194517685959461,0.174973132179087,0.0195445537803741,0.0195445537803741
"ATS",2007,39,TRUE,6,2001,0.170946989590244,0.143372277866061,0.0275747117241834,0.0275747117241834
"ATS",2008,35,TRUE,6,2002,0.0556319434221672,0.06402032333131,-0.00838837990914284,0.00838837990914284
"ATS",2009,26,TRUE,6,2003,0.027413201169275,0.0305380640987076,-0.00312486292943257,0.00312486292943257
"ATS",2010,34,TRUE,6,2004,0.00702711005872177,0.0133554943561946,-0.00632838429747284,0.00632838429747284
"ATS",2012,44,TRUE,6,2006,0.0501276024177648,0.0633843753567886,-0.0132567729390238,0.0132567729390238
"ATS",2014,79,TRUE,6,2008,0.119877874152588,0.13521368913474,-0.015335814982152,0.015335814982152
"ATS",2016,61,TRUE,6,2010,0.0288977619460992,0.0401410433907842,-0.011243281444685,0.011243281444685
"ATS",2018,50,TRUE,6,2012,0.184399085912308,0.14576150871726,0.0386375771950482,0.0386375771950482
"ATS",2022,52,TRUE,6,2016,0.0221377236146917,0.0280763711373486,-0.00593864752265689,0.00593864752265689
"ATS",2024,79,TRUE,6,2018,0.395462558535427,0.355149561752692,0.0403129967827347,0.0403129967827347
"ATS",1994,43,TRUE,7,1987,0.00958032474340473,0.00888471593437904,0.000695608809025692,0.000695608809025692
"ATS",1996,32,TRUE,7,1989,0.0923025878474787,0.0809943165809291,0.0113082712665496,0.0113082712665496
"ATS",1997,49,TRUE,7,1990,0.041008634810385,0.0561974530233437,-0.0151888182129588,0.0151888182129588
"ATS",1999,67,TRUE,7,1992,0.142558107287557,0.123899444427269,0.0186586628602876,0.0186586628602876
"ATS",2000,70,TRUE,7,1993,0.0373061870734925,0.0468404683023263,-0.00953428122883383,0.00953428122883383
"ATS",2002,72,TRUE,7,1995,0.0428892818601036,0.040891606966561,0.00199767489354268,0.00199767489354268
"ATS",2004,51,TRUE,7,1997,0.0368355948624391,0.0290219403532986,0.00781365450914055,0.00781365450914055
"ATS",2006,47,TRUE,7,1999,0.115253395011227,0.086657760497118,0.0285956345141093,0.0285956345141093
"ATS",2007,39,TRUE,7,2000,0.0953552623267729,0.101510812119844,-0.00615554979307102,0.00615554979307102
"ATS",2008,35,TRUE,7,2001,0.0454440908113836,0.0537500673034043,-0.00830597649202078,0.00830597649202078
"ATS",2009,26,TRUE,7,2002,0.0375426518786688,0.0344948308875712,0.0030478209910976,0.0030478209910976
"ATS",2010,34,TRUE,7,2003,0.00319672986892996,0.00955729264066446,-0.0063605627717345,0.0063605627717345
"ATS",2012,44,TRUE,7,2005,0.0154675305658271,0.0193696171857848,-0.0039020866199577,0.0039020866199577
"ATS",2014,79,TRUE,7,2007,0.0501374018569763,0.0256141539522614,0.024523247904715,0.024523247904715
"ATS",2016,61,TRUE,7,2009,0.0325585137108953,0.0370681747253941,-0.0045096610144988,0.0045096610144988
"ATS",2018,50,TRUE,7,2011,0.0387466122224195,0.0326396834262488,0.00610692879617073,0.00610692879617073
"ATS",2022,52,TRUE,7,2015,0.0139491352217169,0.0176824667469369,-0.00373333152522004,0.00373333152522004
"ATS",2024,79,TRUE,7,2017,0.0716053596239383,0.0562227795248689,0.0153825800990694,0.0153825800990694
"ATS",1994,43,TRUE,8,1986,0.00845957943723522,0.00598161595384771,0.00247796348338752,0.00247796348338752
"ATS",1996,32,TRUE,8,1988,0.0223546330570763,0.0158352256181703,0.00651940743890599,0.00651940743890599
"ATS",1997,49,TRUE,8,1989,0.0380412760205082,0.0446312272886048,-0.00658995126809652,0.00658995126809652
"ATS",1999,67,TRUE,8,1991,0.048462498280222,0.0411875695047556,0.00727492877546638,0.00727492877546638
"ATS",2000,70,TRUE,8,1992,0.114877678119568,0.0805247284947048,0.0343529496248634,0.0343529496248634
"ATS",2002,72,TRUE,8,1994,0.0111801220331907,0.0145874720219616,-0.00340734998877091,0.00340734998877091
"ATS",2004,51,TRUE,8,1996,0.036195665203148,0.0272901968993374,0.00890546830381062,0.00890546830381062
"ATS",2006,47,TRUE,8,1998,0.0427958310125978,0.0333074080749923,0.00948842293760543,0.00948842293760543
"ATS",2007,39,TRUE,8,1999,0.0564297717980028,0.0508619443313287,0.00556782746667406,0.00556782746667406
"ATS",2008,35,TRUE,8,2000,0.0263270530836927,0.0390209617806457,-0.012693908696953,0.012693908696953
"ATS",2009,26,TRUE,8,2001,0.0322659113039855,0.0288768911076759,0.00338902019630955,0.00338902019630955
"ATS",2010,34,TRUE,8,2002,0.00354680688370491,0.0102408839399185,-0.00669407705621362,0.00669407705621362
"ATS",2012,44,TRUE,8,2004,0.0048788508235535,0.0045684546318489,0.000310396191704597,0.000310396191704597
"ATS",2014,79,TRUE,8,2006,0.0115260956335539,0.0133345002829164,-0.0018084046493625,0.0018084046493625
"ATS",2016,61,TRUE,8,2008,0.0348905143020043,0.0358562314160489,-0.00096571711404464,0.00096571711404464
"ATS",2018,50,TRUE,8,2010,0.0218273072320959,0.0229532051150286,-0.00112589788293268,0.00112589788293268
"ATS",2022,52,TRUE,8,2014,0.0250840662569927,0.0213960260361216,0.00368804022087113,0.00368804022087113
"ATS",2024,79,TRUE,8,2016,0.0174739851193117,0.0167507425864817,0.000723242532830001,0.000723242532830001
"ATS",1994,43,TRUE,9,1985,0.00495831999305495,0.00532118580192272,-0.000362865808867774,0.000362865808867774
"ATS",1996,32,TRUE,9,1987,0.00609246046849957,0.00427547240404003,0.00181698806445954,0.00181698806445954
"ATS",1997,49,TRUE,9,1988,0.00984040010686502,0.00776786355373582,0.0020725365531292,0.0020725365531292
"ATS",1999,67,TRUE,9,1990,0.0165780956149066,0.020584500028796,-0.00400640441388943,0.00400640441388943
"ATS",2000,70,TRUE,9,1991,0.0335825092483617,0.0266057858220548,0.0069767234263069,0.0069767234263069
"ATS",2002,72,TRUE,9,1993,0.0129395756826694,0.0129532716395903,-1.36959569209394e-05,1.36959569209394e-05
"ATS",2004,51,TRUE,9,1995,0.0154801650006436,0.0132435633528747,0.00223660164776882,0.00223660164776882
"ATS",2006,47,TRUE,9,1997,0.0220923443349898,0.0156744165478313,0.00641792778715855,0.00641792778715855
"ATS",2007,39,TRUE,9,1998,0.022893184798606,0.0194310277963594,0.00346215700224664,0.00346215700224664
"ATS",2008,35,TRUE,9,1999,0.0197030606893079,0.0196290219114952,7.4038777812653e-05,7.4038777812653e-05
"ATS",2009,26,TRUE,9,2000,0.0223490763422141,0.0203694640120274,0.00197961233018672,0.00197961233018672
"ATS",2010,34,TRUE,9,2001,0.00363003121273552,0.00821991784998583,-0.00458988663725031,0.00458988663725031
"ATS",2012,44,TRUE,9,2003,0.00340336445845633,0.00299132676563447,0.000412037692821851,0.000412037692821851
"ATS",2014,79,TRUE,9,2005,0.00533877195889418,0.00341997634431495,0.00191879561457923,0.00191879561457923
"ATS",2016,61,TRUE,9,2007,0.0079418947377728,0.00623836133265109,0.00170353340512171,0.00170353340512171
"ATS",2018,50,TRUE,9,2009,0.0209588809503718,0.0198095054572512,0.00114937549312065,0.00114937549312065
"ATS",2022,52,TRUE,9,2013,0.0174397861605316,0.020154930536685,-0.00271514437615349,0.00271514437615349
"ATS",2024,79,TRUE,9,2015,0.0136958892431299,0.0088899414189746,0.0048059478241553,0.0048059478241553
"ATS",1994,43,TRUE,10,1984,0.00592200956979824,0.00784420736871023,-0.00192219779891199,0.00192219779891199
"ATS",1996,32,TRUE,10,1986,0.00444441979773995,0.00274310621512547,0.00170131358261448,0.00170131358261448
"ATS",1997,49,TRUE,10,1987,0.00364598176986984,0.00218815253812489,0.00145782923174495,0.00145782923174495
"ATS",1999,67,TRUE,10,1989,0.0130441524197788,0.0142832920532343,-0.00123913963345548,0.00123913963345548
"ATS",2000,70,TRUE,10,1990,0.0162233125899009,0.0135026633619813,0.00272064922791951,0.00272064922791951
"ATS",2002,72,TRUE,10,1992,0.024251679351664,0.0216931422414855,0.00255853711017848,0.00255853711017848
"ATS",2004,51,TRUE,10,1994,0.00876887121964335,0.00508201425131744,0.00368685696832591,0.00368685696832591
"ATS",2006,47,TRUE,10,1996,0.0172950586168259,0.0148268935619307,0.00246816505489515,0.00246816505489515
"ATS",2007,39,TRUE,10,1997,0.00920106033191146,0.00933497728321461,-0.000133916951303145,0.000133916951303145
"ATS",2008,35,TRUE,10,1998,0.00618976538670623,0.00772699853830379,-0.00153723315159756,0.00153723315159756
"ATS",2009,26,TRUE,10,1999,0.012883250416058,0.010288136754801,0.00259511366125693,0.00259511366125693
"ATS",2010,34,TRUE,10,2000,0.00278190398867191,0.00584823744040166,-0.00306633345172974,0.00306633345172974
"ATS",2012,44,TRUE,10,2002,0.00392937768955895,0.003046411729267,0.000882965960291951,0.000882965960291951
"ATS",2014,79,TRUE,10,2004,0.00213523455504338,0.000779639674361392,0.00135559488068199,0.00135559488068199
"ATS",2016,61,TRUE,10,2006,0.00255219978438999,0.00354639316751647,-0.000994193383126477,0.000994193383126477
"ATS",2018,50,TRUE,10,2008,0.0146313408535149,0.0193975380459583,-0.00476619719244336,0.00476619719244336
"ATS",2022,52,TRUE,10,2012,0.00355184243345107,0.00791253255445647,-0.0043606901210054,0.0043606901210054
"ATS",2024,79,TRUE,10,2014,0.0110945659012573,0.0103428414547248,0.000751724446532582,0.000751724446532582
"ATS",1994,43,TRUE,11,1983,0.00267542307409684,0.00225373326308013,0.000421689811016705,0.000421689811016705
"ATS",1996,32,TRUE,11,1985,0.00353738477102147,0.00251125791629482,0.00102612685472665,0.00102612685472665
"ATS",1997,49,TRUE,11,1986,0.00404393842629934,0.0014499016694431,0.00259403675685624,0.00259403675685624
"ATS",1999,67,TRUE,11,1988,0.00444268685088631,0.00248694091223157,0.00195574593865474,0.00195574593865474
"ATS",2000,70,TRUE,11,1989,0.00729013948174267,0.00942412313860932,-0.00213398365686665,0.00213398365686665
"ATS",2002,72,TRUE,11,1991,0.00825311464445701,0.00763186135606029,0.000621253288396729,0.000621253288396729
"ATS",2004,51,TRUE,11,1993,0.00753483848046467,0.00493210614160702,0.00260273233885765,0.00260273233885765
"ATS",2006,47,TRUE,11,1995,0.00969549171354791,0.00765882434816731,0.0020366673653806,0.0020366673653806
"ATS",2007,39,TRUE,11,1996,0.00872738307953746,0.00897048857697436,-0.000243105497436899,0.000243105497436899
"ATS",2008,35,TRUE,11,1997,0.00582990337933393,0.00370396901040026,0.00212593436893367,0.00212593436893367
"ATS",2009,26,TRUE,11,1998,0.00733338596439658,0.00409504897783414,0.00323833698656243,0.00323833698656243
"ATS",2010,34,TRUE,11,1999,0.00249574298447316,0.00294840113323037,-0.000452658148757208,0.000452658148757208
"ATS",2012,44,TRUE,11,2001,0.00342551423725947,0.00238521141071077,0.0010403028265487,0.0010403028265487
"ATS",2014,79,TRUE,11,2003,0.000852192913328136,0.000514067608267821,0.000338125305060315,0.000338125305060315
"ATS",2016,61,TRUE,11,2005,0.00149284755918947,0.000838633775497303,0.000654213783692166,0.000654213783692166
"ATS",2018,50,TRUE,11,2007,0.00385244529382446,0.00347082079594036,0.000381624497884101,0.000381624497884101
"ATS",2022,52,TRUE,11,2011,0.00175459337624264,0.00178259267933356,-2.79993030909231e-05,2.79993030909231e-05
"ATS",2024,79,TRUE,11,2013,0.00600927044686584,0.0100551483973518,-0.004045877950486,0.004045877950486
"ATS",1994,43,TRUE,12,1982,0.0045114653820191,0.00499493269331872,-0.000483467311299621,0.000483467311299621
"ATS",1996,32,TRUE,12,1984,0.00622752656315173,0.0037753137573652,0.00245221280578653,0.00245221280578653
"ATS",1997,49,TRUE,12,1985,0.00460523724977273,0.00135601252642548,0.00324922472334726,0.00324922472334726
"ATS",1999,67,TRUE,12,1987,0.0018878006364685,0.000724897277534466,0.00116290335893403,0.00116290335893403
"ATS",2000,70,TRUE,12,1988,0.00430687260745099,0.00164334742462547,0.00266352518282552,0.00266352518282552
"ATS",2002,72,TRUE,12,1990,0.00361409314530602,0.0039615522734152,-0.000347459128109185,0.000347459128109185
"ATS",2004,51,TRUE,12,1992,0.00985902574674257,0.00885213706797459,0.00100688867876798,0.00100688867876798
"ATS",2006,47,TRUE,12,1994,0.00641520106683101,0.003142945934829,0.00327225513200201,0.00327225513200201
"ATS",2007,39,TRUE,12,1995,0.00440968193470727,0.00472173510217143,-0.000312053167464162,0.000312053167464162
"ATS",2008,35,TRUE,12,1996,0.00367569108246364,0.00359238443357114,8.33066488924988e-05,8.33066488924988e-05
"ATS",2009,26,TRUE,12,1997,0.00328860626439818,0.00196375173038212,0.00132485453401607,0.00132485453401607
"ATS",2010,34,TRUE,12,1998,0.0012638237212099,0.00115469158083982,0.00010913214037008,0.00010913214037008
"ATS",2012,44,TRUE,12,2000,0.00244636550992573,0.00172396660280786,0.000722398907117865,0.000722398907117865
"ATS",2014,79,TRUE,12,2002,0.000939583112645524,0.000523422335754985,0.00041616077689054,0.00041616077689054
"ATS",2016,61,TRUE,12,2004,0.00048510457546485,0.000184656462316462,0.000300448113148388,0.000300448113148388
"ATS",2018,50,TRUE,12,2006,0.00107550705583514,0.00199461133960969,-0.000919104283774547,0.000919104283774547
"ATS",2022,52,TRUE,12,2010,0.00187748592919898,0.00138755809367525,0.000489927835523728,0.000489927835523728
"ATS",2024,79,TRUE,12,2012,0.00221033065132857,0.00395363039352698,-0.0017432997421984,0.0017432997421984
"ATS",1994,43,TRUE,13,1981,0.00182035649611464,0.0011869339156263,0.000633422580488344,0.000633422580488344
"ATS",1996,32,TRUE,13,1983,0.00219800853871631,0.00109345436150634,0.00110455417720997,0.00110455417720997
"ATS",1997,49,TRUE,13,1984,0.00509928281640064,0.00205587763993045,0.00304340517647019,0.00304340517647019
"ATS",1999,67,TRUE,13,1986,0.00094546943844835,0.000492587024642062,0.000452882413806287,0.000452882413806287
"ATS",2000,70,TRUE,13,1987,0.000845338161646467,0.000478287257763745,0.000367050903882722,0.000367050903882722
"ATS",2002,72,TRUE,13,1989,0.00160866909462456,0.00279810630723409,-0.00118943721260952,0.00118943721260952
"ATS",2004,51,TRUE,13,1991,0.00479107534138367,0.0031619036269037,0.00162917171447997,0.00162917171447997
"ATS",2006,47,TRUE,13,1993,0.00487147770157343,0.00317633552820166,0.00169514217337177,0.00169514217337177
"ATS",2007,39,TRUE,13,1994,0.00214950988778596,0.00196143950426303,0.000188070383522932,0.000188070383522932
"ATS",2008,35,TRUE,13,1995,0.00210344459463156,0.00190437694225609,0.000199067652375467,0.000199067652375467
"ATS",2009,26,TRUE,13,1996,0.00292930736132877,0.0019118031327469,0.00101750422858187,0.00101750422858187
"ATS",2010,34,TRUE,13,1997,0.000771739929011066,0.000558628810437172,0.000213111118573894,0.000213111118573894
"ATS",2012,44,TRUE,13,1999,0.00221052793330535,0.00088461718497501,0.00132591074833034,0.00132591074833034
"ATS",2014,79,TRUE,13,2001,0.00095243681189822,0.000404808402883941,0.000547628409014279,0.000547628409014279
"ATS",2016,61,TRUE,13,2003,0.000294872899855749,0.000120770208149426,0.000174102691706323,0.000174102691706323
"ATS",2018,50,TRUE,13,2005,0.000557401201413502,0.000467263788739488,9.0137412674014e-05,9.0137412674014e-05
"ATS",2022,52,TRUE,13,2009,0.000689906666450084,0.00129854583245159,-0.000608639166001509,0.000608639166001509
"ATS",2024,79,TRUE,13,2011,0.000540525036373618,0.000880695332867244,-0.000340170296493626,0.000340170296493626
"ATS",1994,43,TRUE,14,1980,0.00155522125427944,0.00120576637228037,0.000349454881999062,0.000349454881999062
"ATS",1996,32,TRUE,14,1982,0.00391512092764103,0.00242445587672991,0.00149066505091112,0.00149066505091112
"ATS",1997,49,TRUE,14,1983,0.00245187588134945,0.000595449416017334,0.00185642646533212,0.00185642646533212
"ATS",1999,67,TRUE,14,1985,0.000717874313962843,0.000464806794021783,0.000253067519941061,0.000253067519941061
"ATS",2000,70,TRUE,14,1986,0.000551083614775613,0.00032500894199434,0.000226074672781273,0.000226074672781273
"ATS",2002,72,TRUE,14,1988,0.000970131129543187,0.000488002277607137,0.00048212885193605,0.00048212885193605
"ATS",2004,51,TRUE,14,1990,0.00160471113856064,0.00164806583825966,-4.3354699699014e-05,4.3354699699014e-05
"ATS",2006,47,TRUE,14,1992,0.00584659275325918,0.00574766730381666,9.89254494425159e-05,9.89254494425159e-05
"ATS",2007,39,TRUE,14,1993,0.00224471600397261,0.00198227717338952,0.000262438830583085,0.000262438830583085
"ATS",2008,35,TRUE,14,1994,0.00108777057747629,0.000791090581051644,0.000296679996424647,0.000296679996424647
"ATS",2009,26,TRUE,14,1995,0.00160221080420487,0.00101347555403944,0.000588735250165435,0.000588735250165435
"ATS",2010,34,TRUE,14,1996,0.000470242245365197,0.000543850983458407,-7.36087380932097e-05,7.36087380932097e-05
"ATS",2012,44,TRUE,14,1998,0.000693934321035396,0.000343907871650714,0.000350026449384681,0.000350026449384681
"ATS",2014,79,TRUE,14,2000,0.000521857530435837,0.000290555574565882,0.000231301955869955,0.000231301955869955
"ATS",2016,61,TRUE,14,2002,0.000186579848926443,0.000122423001225769,6.41568477006741e-05,6.41568477006741e-05
"ATS",2018,50,TRUE,14,2004,0,0.000102967915906934,-0.000102967915906934,0.000102967915906934
"ATS",2022,52,TRUE,14,2008,0.00022438443940246,0.00139406596908528,-0.00116968152968282,0.00116968152968282
"ATS",2024,79,TRUE,14,2010,0.000174335038316612,0.00068840444463002,-0.000514069406313407,0.000514069406313407
"ATS",1994,43,TRUE,15,1979,0.00303100479527888,0.00153972025423928,0.00149128454103961,0.00149128454103961
"ATS",1996,32,TRUE,15,1981,0.00564168845837725,0.00190873044314129,0.00373295801523596,0.00373295801523596
"ATS",1997,49,TRUE,15,1982,0.0090296402878585,0.00235967165571239,0.00666996863214611,0.00666996863214611
"ATS",1999,67,TRUE,15,1984,0.00184991357565497,0.00171764360625326,0.000132269969401704,0.000132269969401704
"ATS",2000,70,TRUE,15,1985,0.00123527151250189,0.00143998087660539,-0.000204709364103498,0.000204709364103498
"ATS",2002,72,TRUE,15,1987,0.000579976715899294,0.000666155133214604,-8.61784173153104e-05,8.61784173153104e-05
"ATS",2004,51,TRUE,15,1989,0.0013610713744825,0.00164420165833269,-0.000283130283850194,0.000283130283850194
"ATS",2006,47,TRUE,15,1991,0.00651145864421756,0.00419067486810207,0.00232078377611549,0.00232078377611549
"ATS",2007,39,TRUE,15,1992,0.0049263714683661,0.00620228834574122,-0.00127591687737512,0.00127591687737512
"ATS",2008,35,TRUE,15,1993,0.00434717521751803,0.00330101064963364,0.00104616456788439,0.00104616456788439
"ATS",2009,26,TRUE,15,1994,0.00529871125099122,0.002177743528569,0.00312096772242222,0.00312096772242222
"ATS",2010,34,TRUE,15,1995,0.000939548801466687,0.000907806670456795,3.17421310098914e-05,3.17421310098914e-05
"ATS",2012,44,TRUE,15,1997,0.00135414944562704,0.000598734199534765,0.000755415246092276,0.000755415246092276
"ATS",2014,79,TRUE,15,1999,0.00129187461248119,0.000307964413109753,0.000983910199371437,0.000983910199371437
"ATS",2016,61,TRUE,15,2001,0.000287743692138037,0.000234668000191763,5.30756919462739e-05,5.30756919462739e-05
"ATS",2018,50,TRUE,15,2003,0.000269464708313062,0.000266464396775623,3.00031153743834e-06,3.00031153743834e-06
"ATS",2022,52,TRUE,15,2007,0.000164329385943605,0.000458343115148157,-0.000294013729204553,0.000294013729204553
"ATS",2024,79,TRUE,15,2009,0.000112376782769834,0.0015632724707975,-0.00145089568802767,0.00145089568802767
"ATS",2020,0,FALSE,2,2018,0.0886551465063862,0.677553365609997,-0.58889821910361,0.58889821910361
"ATS",2020,0,FALSE,3,2017,0.341848234410218,0.100203675359554,0.241644559050664,0.241644559050664
"ATS",2020,0,FALSE,4,2016,0.3335837716003,0.0404429617056883,0.293140809894612,0.293140809894612
"ATS",2020,0,FALSE,5,2015,0.0894064613072878,0.0316557013572787,0.0577507599500091,0.0577507599500091
"ATS",2020,0,FALSE,6,2014,0.0368144252441773,0.056005298242254,-0.0191908729980767,0.0191908729980767
"ATS",2020,0,FALSE,7,2013,0.0420736288504884,0.0574839693182526,-0.0154103404677642,0.0154103404677642
"ATS",2020,0,FALSE,8,2012,0.0488354620586026,0.0205710074649096,0.0282644545936929,0.0282644545936929
"ATS",2020,0,FALSE,9,2011,0.00976709241172051,0.0047252235431914,0.00504186886852911,0.00504186886852911
"ATS",2020,0,FALSE,10,2010,0.00450788880540947,0.00358057155223296,0.000927317253176502,0.000927317253176502
"ATS",2020,0,FALSE,11,2009,0.00225394440270473,0.00323401928513853,-0.000980074882433797,0.000980074882433797
"ATS",2020,0,FALSE,12,2008,0.000751314800901578,0.00341982976536077,-0.0026685149644592,0.0026685149644592
"ATS",2020,0,FALSE,13,2007,0.000751314800901578,0.000618937566201339,0.000132377234700239,0.000132377234700239
"ATS",2020,0,FALSE,14,2006,0,0.000356073948351404,-0.000356073948351404,0.000356073948351404
"ATS",2020,0,FALSE,15,2005,0.000751314800901578,0.000149365281590083,0.000601949519311495,0.000601949519311495
