"Fleet","Model","Year","Age","Selectivity","Relative_selectivity"
"Fishery","Model 23.2",1964,1,0.0255409,0.0187066225262572
"Fishery","Model 23.2",1964,2,0.174768,0.128003281233978
"Fishery","Model 23.2",1964,3,0.577211,0.422759898633307
"Fishery","Model 23.2",1964,4,1.36534,1
"Fishery","Model 23.2",1964,5,1.33081,0.97470959614455
"Fishery","Model 23.2",1964,6,1.29409,0.947815196214862
"Fishery","Model 23.2",1964,7,1.23519,0.904675758419148
"Fishery","Model 23.2",1964,8,1.18614,0.868750640866011
"Fishery","Model 23.2",1964,9,1.15162,0.843467561193549
"Fishery","Model 23.2",1964,10,1.12916,0.827017446203876
"Fishery","Model 23.2",1964,11,1.11416,0.816031171722794
"Fishery","Model 23.2",1964,12,1.10399,0.808582477624621
"Fishery","Model 23.2",1964,13,1.10399,0.808582477624621
"Fishery","Model 23.2",1964,14,1.10399,0.808582477624621
"Fishery","Model 23.2",1964,15,1.10399,0.808582477624621
"Fishery","Model 23.2",1965,1,0.0255409,0.0187066225262572
"Fishery","Model 23.2",1965,2,0.174768,0.128003281233978
"Fishery","Model 23.2",1965,3,0.577211,0.422759898633307
"Fishery","Model 23.2",1965,4,1.36534,1
"Fishery","Model 23.2",1965,5,1.33081,0.97470959614455
"Fishery","Model 23.2",1965,6,1.29409,0.947815196214862
"Fishery","Model 23.2",1965,7,1.23519,0.904675758419148
"Fishery","Model 23.2",1965,8,1.18614,0.868750640866011
"Fishery","Model 23.2",1965,9,1.15162,0.843467561193549
"Fishery","Model 23.2",1965,10,1.12916,0.827017446203876
"Fishery","Model 23.2",1965,11,1.11416,0.816031171722794
"Fishery","Model 23.2",1965,12,1.10399,0.808582477624621
"Fishery","Model 23.2",1965,13,1.10399,0.808582477624621
"Fishery","Model 23.2",1965,14,1.10399,0.808582477624621
"Fishery","Model 23.2",1965,15,1.10399,0.808582477624621
"Fishery","Model 23.2",1966,1,0.0268134,0.0197087792543808
"Fishery","Model 23.2",1966,2,0.185777,0.136552540279901
"Fishery","Model 23.2",1966,3,0.66287,0.487232447371516
"Fishery","Model 23.2",1966,4,1.36048,1
"Fishery","Model 23.2",1966,5,1.31903,0.969532811948724
"Fishery","Model 23.2",1966,6,1.25497,0.922446489474303
"Fishery","Model 23.2",1966,7,1.21064,0.889862401505351
"Fishery","Model 23.2",1966,8,1.17044,0.860314006821122
"Fishery","Model 23.2",1966,9,1.14399,0.840872339174409
"Fishery","Model 23.2",1966,10,1.12716,0.828501705280489
"Fishery","Model 23.2",1966,11,1.11503,0.819585734446666
"Fishery","Model 23.2",1966,12,1.1057,0.812727860755028
"Fishery","Model 23.2",1966,13,1.1057,0.812727860755028
"Fishery","Model 23.2",1966,14,1.1057,0.812727860755028
"Fishery","Model 23.2",1966,15,1.1057,0.812727860755028
"Fishery","Model 23.2",1967,1,0.0283994,0.0222522233104799
"Fishery","Model 23.2",1967,2,0.204405,0.160160626836435
"Fishery","Model 23.2",1967,3,0.823774,0.64546444662096
"Fishery","Model 23.2",1967,4,1.27625,1
"Fishery","Model 23.2",1967,5,1.257,0.984916748285994
"Fishery","Model 23.2",1967,6,1.21349,0.950824681684623
"Fishery","Model 23.2",1967,7,1.18811,0.930938295788443
"Fishery","Model 23.2",1967,8,1.16412,0.912141038197845
"Fishery","Model 23.2",1967,9,1.14224,0.894997061704211
"Fishery","Model 23.2",1967,10,1.12893,0.884568070519099
"Fishery","Model 23.2",1967,11,1.11999,0.877563173359451
"Fishery","Model 23.2",1967,12,1.11333,0.872344760039177
"Fishery","Model 23.2",1967,13,1.11333,0.872344760039177
"Fishery","Model 23.2",1967,14,1.11333,0.872344760039177
"Fishery","Model 23.2",1967,15,1.11333,0.872344760039177
"Fishery","Model 23.2",1968,1,0.032151,0.0241268816881538
"Fishery","Model 23.2",1968,2,0.22619,0.169738402197241
"Fishery","Model 23.2",1968,3,0.851857,0.639253928469585
"Fishery","Model 23.2",1968,4,1.33258,1
"Fishery","Model 23.2",1968,5,1.27465,0.956527938285131
"Fishery","Model 23.2",1968,6,1.21386,0.910909663960137
"Fishery","Model 23.2",1968,7,1.17823,0.884172057212325
"Fishery","Model 23.2",1968,8,1.15012,0.863077638865959
"Fishery","Model 23.2",1968,9,1.12974,0.847783997958847
"Fishery","Model 23.2",1968,10,1.11542,0.837037926428432
"Fishery","Model 23.2",1968,11,1.10546,0.829563703492473
"Fishery","Model 23.2",1968,12,1.09743,0.823537798856354
"Fishery","Model 23.2",1968,13,1.09743,0.823537798856354
"Fishery","Model 23.2",1968,14,1.09743,0.823537798856354
"Fishery","Model 23.2",1968,15,1.09743,0.823537798856354
"Fishery","Model 23.2",1969,1,0.0366484,0.0290834927109538
"Fishery","Model 23.2",1969,2,0.243624,0.193335502456135
"Fishery","Model 23.2",1969,3,1.01817,0.808000888811294
"Fishery","Model 23.2",1969,4,1.26011,1
"Fishery","Model 23.2",1969,5,1.21155,0.96146368174207
"Fishery","Model 23.2",1969,6,1.16945,0.928053900056344
"Fishery","Model 23.2",1969,7,1.14945,0.912182269801843
"Fishery","Model 23.2",1969,8,1.13583,0.901373689598527
"Fishery","Model 23.2",1969,9,1.12438,0.892287181277825
"Fishery","Model 23.2",1969,10,1.11677,0.886248025965987
"Fishery","Model 23.2",1969,11,1.1111,0.881748418788836
"Fishery","Model 23.2",1969,12,1.10573,0.877486886065502
"Fishery","Model 23.2",1969,13,1.10573,0.877486886065502
"Fishery","Model 23.2",1969,14,1.10573,0.877486886065502
"Fishery","Model 23.2",1969,15,1.10573,0.877486886065502
"Fishery","Model 23.2",1970,1,0.0436228,0.0373668431241541
"Fishery","Model 23.2",1970,2,0.27717,0.237420979596032
"Fishery","Model 23.2",1970,3,0.994578,0.851945315310685
"Fishery","Model 23.2",1970,4,1.06512,0.912370869095955
"Fishery","Model 23.2",1970,5,1.10656,0.947867948124925
"Fishery","Model 23.2",1970,6,1.10011,0.942342944270271
"Fishery","Model 23.2",1970,7,1.13151,0.969239862260369
"Fishery","Model 23.2",1970,8,1.14917,0.984367237155437
"Fishery","Model 23.2",1970,9,1.14852,0.983810453821247
"Fishery","Model 23.2",1970,10,1.15466,0.989069914854979
"Fishery","Model 23.2",1970,11,1.15931,0.9930530571688
"Fishery","Model 23.2",1970,12,1.16742,1
"Fishery","Model 23.2",1970,13,1.16742,1
"Fishery","Model 23.2",1970,14,1.16742,1
"Fishery","Model 23.2",1970,15,1.16742,1
"Fishery","Model 23.2",1971,1,0.0428754,0.0358985222087328
"Fishery","Model 23.2",1971,2,0.277429,0.232284506216771
"Fishery","Model 23.2",1971,3,0.897362,0.751339222171055
"Fishery","Model 23.2",1971,4,1.035,0.866580148197764
"Fishery","Model 23.2",1971,5,1.12313,0.940369238497928
"Fishery","Model 23.2",1971,6,1.10116,0.921974295641981
"Fishery","Model 23.2",1971,7,1.0968,0.918323774437979
"Fishery","Model 23.2",1971,8,1.15505,0.96709507263365
"Fishery","Model 23.2",1971,9,1.15495,0.9670113450831
"Fishery","Model 23.2",1971,10,1.16337,0.974061204839452
"Fishery","Model 23.2",1971,11,1.17548,0.984200611211119
"Fishery","Model 23.2",1971,12,1.19435,1
"Fishery","Model 23.2",1971,13,1.19435,1
"Fishery","Model 23.2",1971,14,1.19435,1
"Fishery","Model 23.2",1971,15,1.19435,1
"Fishery","Model 23.2",1972,1,0.0336555,0.0290838151038291
"Fishery","Model 23.2",1972,2,0.333815,0.288470346269843
"Fishery","Model 23.2",1972,3,0.986868,0.852814144608923
"Fishery","Model 23.2",1972,4,1.12041,0.968216109714049
"Fishery","Model 23.2",1972,5,1.11627,0.96463847769165
"Fishery","Model 23.2",1972,6,1.10819,0.957656046111702
"Fishery","Model 23.2",1972,7,1.10489,0.954804310441673
"Fishery","Model 23.2",1972,8,1.132,0.978231751052118
"Fishery","Model 23.2",1972,9,1.14202,0.986890657541113
"Fishery","Model 23.2",1972,10,1.14433,0.988886872510132
"Fishery","Model 23.2",1972,11,1.14881,0.992758319722777
"Fishery","Model 23.2",1972,12,1.15719,1
"Fishery","Model 23.2",1972,13,1.15719,1
"Fishery","Model 23.2",1972,14,1.15719,1
"Fishery","Model 23.2",1972,15,1.15719,1
"Fishery","Model 23.2",1973,1,0.0256317,0.0220482052076075
"Fishery","Model 23.2",1973,2,0.364675,0.31369082948397
"Fishery","Model 23.2",1973,3,1.02368,0.880562222050184
"Fishery","Model 23.2",1973,4,1.16253,1
"Fishery","Model 23.2",1973,5,1.15976,0.99761726579099
"Fishery","Model 23.2",1973,6,1.15242,0.991303450233542
"Fishery","Model 23.2",1973,7,1.14141,0.98183272689737
"Fishery","Model 23.2",1973,8,1.13665,0.977738208906437
"Fishery","Model 23.2",1973,9,1.12933,0.971441597206093
"Fishery","Model 23.2",1973,10,1.12297,0.965970770646779
"Fishery","Model 23.2",1973,11,1.11834,0.961988077727026
"Fishery","Model 23.2",1973,12,1.11565,0.959674158946436
"Fishery","Model 23.2",1973,13,1.11565,0.959674158946436
"Fishery","Model 23.2",1973,14,1.11565,0.959674158946436
"Fishery","Model 23.2",1973,15,1.11565,0.959674158946436
"Fishery","Model 23.2",1974,1,0.0204904,0.0172997982151752
"Fishery","Model 23.2",1974,2,0.415456,0.3507645027566
"Fishery","Model 23.2",1974,3,1.18443,1
"Fishery","Model 23.2",1974,4,1.17503,0.992063693084437
"Fishery","Model 23.2",1974,5,1.16208,0.981130163876295
"Fishery","Model 23.2",1974,6,1.14509,0.9667857112704
"Fishery","Model 23.2",1974,7,1.13218,0.955885953581047
"Fishery","Model 23.2",1974,8,1.12333,0.948414005048842
"Fishery","Model 23.2",1974,9,1.11367,0.940258183261147
"Fishery","Model 23.2",1974,10,1.10306,0.931300287902198
"Fishery","Model 23.2",1974,11,1.09262,0.922485921498104
"Fishery","Model 23.2",1974,12,1.08314,0.914482071544963
"Fishery","Model 23.2",1974,13,1.08314,0.914482071544963
"Fishery","Model 23.2",1974,14,1.08314,0.914482071544963
"Fishery","Model 23.2",1974,15,1.08314,0.914482071544963
"Fishery","Model 23.2",1975,1,0.0161257,0.0122317290552585
"Fishery","Model 23.2",1975,2,0.332582,0.25227139985588
"Fishery","Model 23.2",1975,3,1.31835,1
"Fishery","Model 23.2",1975,4,1.23459,0.936466037091819
"Fishery","Model 23.2",1975,5,1.17634,0.892282019190655
"Fishery","Model 23.2",1975,6,1.14174,0.86603709181932
"Fishery","Model 23.2",1975,7,1.12068,0.850062578222778
"Fishery","Model 23.2",1975,8,1.10673,0.839481169643873
"Fishery","Model 23.2",1975,9,1.09702,0.832115902453825
"Fishery","Model 23.2",1975,10,1.08839,0.82556984108924
"Fishery","Model 23.2",1975,11,1.07981,0.819061705920279
"Fishery","Model 23.2",1975,12,1.07191,0.813069367011795
"Fishery","Model 23.2",1975,13,1.07191,0.813069367011795
"Fishery","Model 23.2",1975,14,1.07191,0.813069367011795
"Fishery","Model 23.2",1975,15,1.07191,0.813069367011795
"Fishery","Model 23.2",1976,1,0.0127463,0.0100036887047153
"Fishery","Model 23.2",1976,2,0.291121,0.228480724555786
"Fishery","Model 23.2",1976,3,1.19118,0.934874741005839
"Fishery","Model 23.2",1976,4,1.27416,1
"Fishery","Model 23.2",1976,5,1.20046,0.942157970741508
"Fishery","Model 23.2",1976,6,1.15352,0.905318013436303
"Fishery","Model 23.2",1976,7,1.12745,0.884857474728449
"Fishery","Model 23.2",1976,8,1.11321,0.873681484271991
"Fishery","Model 23.2",1976,9,1.10439,0.866759276699943
"Fishery","Model 23.2",1976,10,1.09874,0.862324982733723
"Fishery","Model 23.2",1976,11,1.09243,0.857372700445784
"Fishery","Model 23.2",1976,12,1.08515,0.851659132291078
"Fishery","Model 23.2",1976,13,1.08515,0.851659132291078
"Fishery","Model 23.2",1976,14,1.08515,0.851659132291078
"Fishery","Model 23.2",1976,15,1.08515,0.851659132291078
"Fishery","Model 23.2",1977,1,0.0101334,0.00858311734512375
"Fishery","Model 23.2",1977,2,0.27486,0.23280987955481
"Fishery","Model 23.2",1977,3,0.948164,0.803106842167675
"Fishery","Model 23.2",1977,4,1.14575,0.970464671105013
"Fishery","Model 23.2",1977,5,1.18062,1
"Fishery","Model 23.2",1977,6,1.15494,0.978248716775931
"Fishery","Model 23.2",1977,7,1.13725,0.963265064118853
"Fishery","Model 23.2",1977,8,1.12969,0.956861648964104
"Fishery","Model 23.2",1977,9,1.12912,0.956378851789737
"Fishery","Model 23.2",1977,10,1.14431,0.969244972980298
"Fishery","Model 23.2",1977,11,1.14975,0.973852721451441
"Fishery","Model 23.2",1977,12,1.14886,0.97309888024936
"Fishery","Model 23.2",1977,13,1.14886,0.97309888024936
"Fishery","Model 23.2",1977,14,1.14886,0.97309888024936
"Fishery","Model 23.2",1977,15,1.14886,0.97309888024936
"Fishery","Model 23.2",1978,1,0.00761976,0.00637572796037218
"Fishery","Model 23.2",1978,2,0.22134,0.185203159515362
"Fishery","Model 23.2",1978,3,0.842311,0.70479198741549
"Fishery","Model 23.2",1978,4,1.05178,0.880062253162862
"Fishery","Model 23.2",1978,5,1.15839,0.969266684517036
"Fishery","Model 23.2",1978,6,1.13821,0.952381350826695
"Fishery","Model 23.2",1978,7,1.13691,0.951293593948725
"Fishery","Model 23.2",1978,8,1.13481,0.949536448222773
"Fishery","Model 23.2",1978,9,1.15408,0.965660352098534
"Fishery","Model 23.2",1978,10,1.18027,0.987574469509338
"Fishery","Model 23.2",1978,11,1.19512,1
"Fishery","Model 23.2",1978,12,1.19479,0.999723877100208
"Fishery","Model 23.2",1978,13,1.19479,0.999723877100208
"Fishery","Model 23.2",1978,14,1.19479,0.999723877100208
"Fishery","Model 23.2",1978,15,1.19479,0.999723877100208
"Fishery","Model 23.2",1979,1,0.00593198,0.00485960988637388
"Fishery","Model 23.2",1979,2,0.139909,0.114616563035055
"Fishery","Model 23.2",1979,3,0.657321,0.538491975718253
"Fishery","Model 23.2",1979,4,0.934121,0.765252689096971
"Fishery","Model 23.2",1979,5,1.18502,0.970794727485725
"Fishery","Model 23.2",1979,6,1.19798,0.981411847591896
"Fishery","Model 23.2",1979,7,1.1795,0.966272620773837
"Fishery","Model 23.2",1979,8,1.1792,0.966026854104713
"Fishery","Model 23.2",1979,9,1.20685,0.988678348775672
"Fishery","Model 23.2",1979,10,1.21593,0.996116886627836
"Fishery","Model 23.2",1979,11,1.22067,1
"Fishery","Model 23.2",1979,12,1.21939,0.99895139554507
"Fishery","Model 23.2",1979,13,1.21939,0.99895139554507
"Fishery","Model 23.2",1979,14,1.21939,0.99895139554507
"Fishery","Model 23.2",1979,15,1.21939,0.99895139554507
"Fishery","Model 23.2",1980,1,0.00457373,0.00361000347287996
"Fishery","Model 23.2",1980,2,0.0795679,0.0628022194860138
"Fishery","Model 23.2",1980,3,0.463989,0.366222295889373
"Fishery","Model 23.2",1980,4,0.922925,0.728456304855718
"Fishery","Model 23.2",1980,5,1.22003,0.962958578013513
"Fishery","Model 23.2",1980,6,1.26696,1
"Fishery","Model 23.2",1980,7,1.24437,0.982169918545179
"Fishery","Model 23.2",1980,8,1.22987,0.970725200479889
"Fishery","Model 23.2",1980,9,1.22763,0.968957188861527
"Fishery","Model 23.2",1980,10,1.22787,0.96914661867778
"Fishery","Model 23.2",1980,11,1.22654,0.968096861779377
"Fishery","Model 23.2",1980,12,1.22142,0.964055692365978
"Fishery","Model 23.2",1980,13,1.22142,0.964055692365978
"Fishery","Model 23.2",1980,14,1.22142,0.964055692365978
"Fishery","Model 23.2",1980,15,1.22142,0.964055692365978
"Fishery","Model 23.2",1981,1,0.00371167,0.00287185379478966
"Fishery","Model 23.2",1981,2,0.0578306,0.0447456341929544
"Fishery","Model 23.2",1981,3,0.333451,0.258003141369358
"Fishery","Model 23.2",1981,4,0.865749,0.66986142382953
"Fishery","Model 23.2",1981,5,1.29243,1
"Fishery","Model 23.2",1981,6,1.28658,0.995473642673104
"Fishery","Model 23.2",1981,7,1.27178,0.984022345504205
"Fishery","Model 23.2",1981,8,1.26048,0.975279125368492
"Fishery","Model 23.2",1981,9,1.24966,0.966907298654473
"Fishery","Model 23.2",1981,10,1.24021,0.959595490664872
"Fishery","Model 23.2",1981,11,1.23271,0.953792468450903
"Fishery","Model 23.2",1981,12,1.22635,0.948871505613457
"Fishery","Model 23.2",1981,13,1.22635,0.948871505613457
"Fishery","Model 23.2",1981,14,1.22635,0.948871505613457
"Fishery","Model 23.2",1981,15,1.22635,0.948871505613457
"Fishery","Model 23.2",1982,1,0.00315869,0.00241292673424645
"Fishery","Model 23.2",1982,2,0.0501345,0.0382977992009595
"Fishery","Model 23.2",1982,3,0.234726,0.179307447271727
"Fishery","Model 23.2",1982,4,0.809885,0.618672034344993
"Fishery","Model 23.2",1982,5,1.30433,0.996379108832988
"Fishery","Model 23.2",1982,6,1.30907,1
"Fishery","Model 23.2",1982,7,1.29174,0.986761594108795
"Fishery","Model 23.2",1982,8,1.28328,0.98029899088666
"Fishery","Model 23.2",1982,9,1.27074,0.970719671216971
"Fishery","Model 23.2",1982,10,1.25606,0.959505603214496
"Fishery","Model 23.2",1982,11,1.24436,0.95056796046048
"Fishery","Model 23.2",1982,12,1.23563,0.943899103944021
"Fishery","Model 23.2",1982,13,1.23563,0.943899103944021
"Fishery","Model 23.2",1982,14,1.23563,0.943899103944021
"Fishery","Model 23.2",1982,15,1.23563,0.943899103944021
"Fishery","Model 23.2",1983,1,0.00269962,0.00198774785918874
"Fishery","Model 23.2",1983,2,0.0540712,0.0398129781390589
"Fishery","Model 23.2",1983,3,0.208171,0.153277668558974
"Fishery","Model 23.2",1983,4,0.655631,0.482745392561831
"Fishery","Model 23.2",1983,5,1.1826,0.870756113185041
"Fishery","Model 23.2",1983,6,1.35813,1
"Fishery","Model 23.2",1983,7,1.32382,0.974737322642162
"Fishery","Model 23.2",1983,8,1.30742,0.962661895400293
"Fishery","Model 23.2",1983,9,1.29562,0.95397347823846
"Fishery","Model 23.2",1983,10,1.28384,0.94529978720741
"Fishery","Model 23.2",1983,11,1.27276,0.937141510753757
"Fishery","Model 23.2",1983,12,1.26381,0.930551567228469
"Fishery","Model 23.2",1983,13,1.26381,0.930551567228469
"Fishery","Model 23.2",1983,14,1.26381,0.930551567228469
"Fishery","Model 23.2",1983,15,1.26381,0.930551567228469
"Fishery","Model 23.2",1984,1,0.00233304,0.00171460068053708
"Fishery","Model 23.2",1984,2,0.045,0.0330714563934474
"Fishery","Model 23.2",1984,3,0.21213,0.155898845438711
"Fishery","Model 23.2",1984,4,0.585694,0.430438968464529
"Fishery","Model 23.2",1984,5,1.18325,0.869595572834371
"Fishery","Model 23.2",1984,6,1.36069,1
"Fishery","Model 23.2",1984,7,1.34574,0.989012927264844
"Fishery","Model 23.2",1984,8,1.3166,0.967597321946953
"Fishery","Model 23.2",1984,9,1.30197,0.956845424012817
"Fishery","Model 23.2",1984,10,1.28883,0.94718855874593
"Fishery","Model 23.2",1984,11,1.27851,0.939604171413033
"Fishery","Model 23.2",1984,12,1.26981,0.9332103565103
"Fishery","Model 23.2",1984,13,1.26981,0.9332103565103
"Fishery","Model 23.2",1984,14,1.26981,0.9332103565103
"Fishery","Model 23.2",1984,15,1.26981,0.9332103565103
"Fishery","Model 23.2",1985,1,0.0020141,0.00141876994385782
"Fishery","Model 23.2",1985,2,0.0461128,0.0324827241284578
"Fishery","Model 23.2",1985,3,0.237601,0.167370615873374
"Fishery","Model 23.2",1985,4,0.524714,0.369618416325611
"Fishery","Model 23.2",1985,5,0.914148,0.643943054782652
"Fishery","Model 23.2",1985,6,1.41961,1
"Fishery","Model 23.2",1985,7,1.39754,0.984453476659082
"Fishery","Model 23.2",1985,8,1.36347,0.960453927487127
"Fishery","Model 23.2",1985,9,1.32718,0.934890568536429
"Fishery","Model 23.2",1985,10,1.31101,0.923500116229105
"Fishery","Model 23.2",1985,11,1.29971,0.915540183571544
"Fishery","Model 23.2",1985,12,1.28922,0.908150830157578
"Fishery","Model 23.2",1985,13,1.28922,0.908150830157578
"Fishery","Model 23.2",1985,14,1.28922,0.908150830157578
"Fishery","Model 23.2",1985,15,1.28922,0.908150830157578
"Fishery","Model 23.2",1986,1,0.001743,0.00123363295349989
"Fishery","Model 23.2",1986,2,0.0440808,0.0311988109561894
"Fishery","Model 23.2",1986,3,0.250624,0.177382688088329
"Fishery","Model 23.2",1986,4,0.613,0.433859438035247
"Fishery","Model 23.2",1986,5,0.88414,0.625762615896383
"Fishery","Model 23.2",1986,6,1.30933,0.926696864604714
"Fishery","Model 23.2",1986,7,1.4129,1
"Fishery","Model 23.2",1986,8,1.33542,0.945162431877698
"Fishery","Model 23.2",1986,9,1.33328,0.943647816547526
"Fishery","Model 23.2",1986,10,1.31385,0.929895958666572
"Fishery","Model 23.2",1986,11,1.30469,0.923412838842098
"Fishery","Model 23.2",1986,12,1.29924,0.91955552409937
"Fishery","Model 23.2",1986,13,1.29924,0.91955552409937
"Fishery","Model 23.2",1986,14,1.29924,0.91955552409937
"Fishery","Model 23.2",1986,15,1.29924,0.91955552409937
"Fishery","Model 23.2",1987,1,0.00148488,0.00102457099091267
"Fishery","Model 23.2",1987,2,0.0396016,0.0273252051032589
"Fishery","Model 23.2",1987,3,0.273001,0.188371386974132
"Fishery","Model 23.2",1987,4,0.539447,0.372219807213287
"Fishery","Model 23.2",1987,5,0.880823,0.607770118749439
"Fishery","Model 23.2",1987,6,1.21927,0.841299412807827
"Fishery","Model 23.2",1987,7,1.25211,0.863959096648658
"Fishery","Model 23.2",1987,8,1.44927,1
"Fishery","Model 23.2",1987,9,1.43865,0.99267217288704
"Fishery","Model 23.2",1987,10,1.37212,0.946766303035321
"Fishery","Model 23.2",1987,11,1.3294,0.917289393970758
"Fishery","Model 23.2",1987,12,1.30121,0.897838222001421
"Fishery","Model 23.2",1987,13,1.30121,0.897838222001421
"Fishery","Model 23.2",1987,14,1.30121,0.897838222001421
"Fishery","Model 23.2",1987,15,1.30121,0.897838222001421
"Fishery","Model 23.2",1988,1,0.00127266,0.00089108120597667
"Fishery","Model 23.2",1988,2,0.0355511,0.0248918934057778
"Fishery","Model 23.2",1988,3,0.427629,0.299413955833135
"Fishery","Model 23.2",1988,4,0.562143,0.393596924843511
"Fishery","Model 23.2",1988,5,0.978489,0.685110837265967
"Fishery","Model 23.2",1988,6,1.17031,0.819418576969935
"Fishery","Model 23.2",1988,7,1.42822,1
"Fishery","Model 23.2",1988,8,1.35202,0.946646875131282
"Fishery","Model 23.2",1988,9,1.348,0.943832182716948
"Fishery","Model 23.2",1988,10,1.28494,0.899679321112994
"Fishery","Model 23.2",1988,11,1.28319,0.898454019688843
"Fishery","Model 23.2",1988,12,1.28206,0.897662825054964
"Fishery","Model 23.2",1988,13,1.28206,0.897662825054964
"Fishery","Model 23.2",1988,14,1.28206,0.897662825054964
"Fishery","Model 23.2",1988,15,1.28206,0.897662825054964
"Fishery","Model 23.2",1989,1,0.00106528,0.000684776879266678
"Fishery","Model 23.2",1989,2,0.0313679,0.0201637247213401
"Fishery","Model 23.2",1989,3,0.276219,0.177557435429335
"Fishery","Model 23.2",1989,4,0.618157,0.397359962973915
"Fishery","Model 23.2",1989,5,0.961516,0.618075929187612
"Fishery","Model 23.2",1989,6,1.18814,0.763753005155368
"Fishery","Model 23.2",1989,7,1.55566,1
"Fishery","Model 23.2",1989,8,1.43385,0.921698828792924
"Fishery","Model 23.2",1989,9,1.32723,0.853162001979867
"Fishery","Model 23.2",1989,10,1.30907,0.841488500057853
"Fishery","Model 23.2",1989,11,1.28265,0.824505354640474
"Fishery","Model 23.2",1989,12,1.25377,0.80594088682617
"Fishery","Model 23.2",1989,13,1.25377,0.80594088682617
"Fishery","Model 23.2",1989,14,1.25377,0.80594088682617
"Fishery","Model 23.2",1989,15,1.25377,0.80594088682617
"Fishery","Model 23.2",1990,1,0.000882216,0.000622137598375222
"Fishery","Model 23.2",1990,2,0.0279154,0.0196859044878847
"Fishery","Model 23.2",1990,3,0.184154,0.12986516600378
"Fishery","Model 23.2",1990,4,0.59791,0.421645369665172
"Fishery","Model 23.2",1990,5,1.04954,0.74013426983724
"Fishery","Model 23.2",1990,6,1.18632,0.836591351442837
"Fishery","Model 23.2",1990,7,1.40551,0.991163859975741
"Fishery","Model 23.2",1990,8,1.41804,1
"Fishery","Model 23.2",1990,9,1.32649,0.935439056726185
"Fishery","Model 23.2",1990,10,1.22835,0.866230853854616
"Fishery","Model 23.2",1990,11,1.37889,0.972391469916222
"Fishery","Model 23.2",1990,12,1.299,0.916053143775916
"Fishery","Model 23.2",1990,13,1.299,0.916053143775916
"Fishery","Model 23.2",1990,14,1.299,0.916053143775916
"Fishery","Model 23.2",1990,15,1.299,0.916053143775916
"Fishery","Model 23.2",1991,1,0.000710064,0.000429103918393
"Fishery","Model 23.2",1991,2,0.0233413,0.014105550049554
"Fishery","Model 23.2",1991,3,0.109874,0.0663987526892117
"Fishery","Model 23.2",1991,4,0.380412,0.229889530808093
"Fishery","Model 23.2",1991,5,0.742669,0.448807682080785
"Fishery","Model 23.2",1991,6,0.955204,0.577246247189925
"Fishery","Model 23.2",1991,7,1.37401,0.830337934201939
"Fishery","Model 23.2",1991,8,1.16394,0.703389011095265
"Fishery","Model 23.2",1991,9,1.30856,0.790785370688196
"Fishery","Model 23.2",1991,10,1.13167,0.683887693683676
"Fishery","Model 23.2",1991,11,1.65476,1
"Fishery","Model 23.2",1991,12,1.53871,0.929868984021852
"Fishery","Model 23.2",1991,13,1.53871,0.929868984021852
"Fishery","Model 23.2",1991,14,1.53871,0.929868984021852
"Fishery","Model 23.2",1991,15,1.53871,0.929868984021852
"Fishery","Model 23.2",1992,1,0.00062883,0.000422322663836989
"Fishery","Model 23.2",1992,2,0.0221791,0.0148954989321549
"Fishery","Model 23.2",1992,3,0.185394,0.124510738895083
"Fishery","Model 23.2",1992,4,0.300793,0.202012787277196
"Fishery","Model 23.2",1992,5,0.536911,0.360589799728673
"Fishery","Model 23.2",1992,6,0.917578,0.616246020765893
"Fishery","Model 23.2",1992,7,1.30793,0.878406694515709
"Fishery","Model 23.2",1992,8,1.44121,0.967917634890999
"Fishery","Model 23.2",1992,9,1.44725,0.971974103077274
"Fishery","Model 23.2",1992,10,1.41985,0.953572244086556
"Fishery","Model 23.2",1992,11,1.48898,1
"Fishery","Model 23.2",1992,12,1.48282,0.995862939730554
"Fishery","Model 23.2",1992,13,1.48282,0.995862939730554
"Fishery","Model 23.2",1992,14,1.48282,0.995862939730554
"Fishery","Model 23.2",1992,15,1.48282,0.995862939730554
"Fishery","Model 23.2",1993,1,0.000568144,0.000389657490089571
"Fishery","Model 23.2",1993,2,0.0140632,0.00964514491859046
"Fishery","Model 23.2",1993,3,0.182435,0.125121737102726
"Fishery","Model 23.2",1993,4,0.68874,0.472367392288383
"Fishery","Model 23.2",1993,5,0.560812,0.384628890443466
"Fishery","Model 23.2",1993,6,0.964025,0.66116963636613
"Fishery","Model 23.2",1993,7,1.43692,0.985501282526096
"Fishery","Model 23.2",1993,8,1.45806,1
"Fishery","Model 23.2",1993,9,1.43511,0.984259906999712
"Fishery","Model 23.2",1993,10,1.35427,0.928816372440092
"Fishery","Model 23.2",1993,11,1.30773,0.896897247026871
"Fishery","Model 23.2",1993,12,1.39932,0.95971359203325
"Fishery","Model 23.2",1993,13,1.39932,0.95971359203325
"Fishery","Model 23.2",1993,14,1.39932,0.95971359203325
"Fishery","Model 23.2",1993,15,1.39932,0.95971359203325
"Fishery","Model 23.2",1994,1,0.000541365,0.000380631802458025
"Fishery","Model 23.2",1994,2,0.0137829,0.00969070787749248
"Fishery","Model 23.2",1994,3,0.0813543,0.0571999184408133
"Fishery","Model 23.2",1994,4,0.490519,0.344882161037208
"Fishery","Model 23.2",1994,5,1.34073,0.942662485586523
"Fishery","Model 23.2",1994,6,1.23143,0.86581404505442
"Fishery","Model 23.2",1994,7,1.42228,1
"Fishery","Model 23.2",1994,8,1.37307,0.965400624349636
"Fishery","Model 23.2",1994,9,1.3314,0.936102595832044
"Fishery","Model 23.2",1994,10,1.2907,0.907486570858059
"Fishery","Model 23.2",1994,11,1.28899,0.90628427595129
"Fishery","Model 23.2",1994,12,1.2838,0.902635205444779
"Fishery","Model 23.2",1994,13,1.2838,0.902635205444779
"Fishery","Model 23.2",1994,14,1.2838,0.902635205444779
"Fishery","Model 23.2",1994,15,1.2838,0.902635205444779
"Fishery","Model 23.2",1995,1,0.000504991,0.000282321337723835
"Fishery","Model 23.2",1995,2,0.0154492,0.00863706246401038
"Fishery","Model 23.2",1995,3,0.0562114,0.031425664305561
"Fishery","Model 23.2",1995,4,0.226902,0.126852312560449
"Fishery","Model 23.2",1995,5,0.853746,0.477297046474834
"Fishery","Model 23.2",1995,6,1.78871,1
"Fishery","Model 23.2",1995,7,1.56702,0.876061519195398
"Fishery","Model 23.2",1995,8,1.51079,0.844625456334453
"Fishery","Model 23.2",1995,9,1.408,0.787159461287744
"Fishery","Model 23.2",1995,10,1.33215,0.744754599683571
"Fishery","Model 23.2",1995,11,1.28597,0.718937111102415
"Fishery","Model 23.2",1995,12,1.23863,0.692471110465084
"Fishery","Model 23.2",1995,13,1.23863,0.692471110465084
"Fishery","Model 23.2",1995,14,1.23863,0.692471110465084
"Fishery","Model 23.2",1995,15,1.23863,0.692471110465084
"Fishery","Model 23.2",1996,1,0.000470091,0.000240995683423732
"Fishery","Model 23.2",1996,2,0.0241279,0.0123693492325517
"Fishery","Model 23.2",1996,3,0.0699272,0.0358487045144621
"Fishery","Model 23.2",1996,4,0.0974538,0.0499604228399176
"Fishery","Model 23.2",1996,5,0.38451,0.197121940716285
"Fishery","Model 23.2",1996,6,1.18016,0.605017891747239
"Fishery","Model 23.2",1996,7,1.95062,1
"Fishery","Model 23.2",1996,8,1.92995,0.989403369185182
"Fishery","Model 23.2",1996,9,1.64932,0.845536291025417
"Fishery","Model 23.2",1996,10,1.44936,0.743025294521742
"Fishery","Model 23.2",1996,11,1.32197,0.677717853810583
"Fishery","Model 23.2",1996,12,1.23553,0.633403738298592
"Fishery","Model 23.2",1996,13,1.23553,0.633403738298592
"Fishery","Model 23.2",1996,14,1.23553,0.633403738298592
"Fishery","Model 23.2",1996,15,1.23553,0.633403738298592
"Fishery","Model 23.2",1997,1,0.000458159,0.000260490780803148
"Fishery","Model 23.2",1997,2,0.0365288,0.0207688065361632
"Fishery","Model 23.2",1997,3,0.0886826,0.0504213596538608
"Fishery","Model 23.2",1997,4,0.203628,0.115774691129899
"Fishery","Model 23.2",1997,5,0.416201,0.236635149502794
"Fishery","Model 23.2",1997,6,0.860291,0.489126862743983
"Fishery","Model 23.2",1997,7,1.4107,0.80206728336451
"Fishery","Model 23.2",1997,8,1.56917,0.892166951894157
"Fishery","Model 23.2",1997,9,1.75883,1
"Fishery","Model 23.2",1997,10,1.60845,0.914499980100408
"Fishery","Model 23.2",1997,11,1.48097,0.842019979190712
"Fishery","Model 23.2",1997,12,1.39152,0.791162306760745
"Fishery","Model 23.2",1997,13,1.39152,0.791162306760745
"Fishery","Model 23.2",1997,14,1.39152,0.791162306760745
"Fishery","Model 23.2",1997,15,1.39152,0.791162306760745
"Fishery","Model 23.2",1998,1,0.000436682,0.000258703997725065
"Fishery","Model 23.2",1998,2,0.025815,0.0152936088532904
"Fishery","Model 23.2",1998,3,0.120306,0.0712730159482452
"Fishery","Model 23.2",1998,4,0.263885,0.156333680892912
"Fishery","Model 23.2",1998,5,0.511026,0.30274769544302
"Fishery","Model 23.2",1998,6,1.16803,0.691977298040238
"Fishery","Model 23.2",1998,7,1.14867,0.680507831939146
"Fishery","Model 23.2",1998,8,1.50482,0.891502168297827
"Fishery","Model 23.2",1998,9,1.68796,1
"Fishery","Model 23.2",1998,10,1.58053,0.936355126898742
"Fishery","Model 23.2",1998,11,1.45733,0.863367615346335
"Fishery","Model 23.2",1998,12,1.38279,0.819207801132728
"Fishery","Model 23.2",1998,13,1.38279,0.819207801132728
"Fishery","Model 23.2",1998,14,1.38279,0.819207801132728
"Fishery","Model 23.2",1998,15,1.38279,0.819207801132728
"Fishery","Model 23.2",1999,1,0.000420584,0.000264784688995215
"Fishery","Model 23.2",1999,2,0.0197133,0.0124107907328129
"Fishery","Model 23.2",1999,3,0.296387,0.186594686476958
"Fishery","Model 23.2",1999,4,0.452486,0.284869050616973
"Fishery","Model 23.2",1999,5,0.637764,0.401513472676908
"Fishery","Model 23.2",1999,6,0.981122,0.617679425837321
"Fishery","Model 23.2",1999,7,1.5884,1
"Fishery","Model 23.2",1999,8,1.47082,0.925975824729287
"Fishery","Model 23.2",1999,9,1.41513,0.890915386552506
"Fishery","Model 23.2",1999,10,1.35839,0.855193905817174
"Fishery","Model 23.2",1999,11,1.33846,0.842646688491564
"Fishery","Model 23.2",1999,12,1.36022,0.856346008562075
"Fishery","Model 23.2",1999,13,1.36022,0.856346008562075
"Fishery","Model 23.2",1999,14,1.36022,0.856346008562075
"Fishery","Model 23.2",1999,15,1.36022,0.856346008562075
"Fishery","Model 23.2",2000,1,0.000391402,0.000214861252161502
"Fishery","Model 23.2",2000,2,0.0167874,0.00921549145005901
"Fishery","Model 23.2",2000,3,0.167438,0.0919155710482255
"Fishery","Model 23.2",2000,4,0.599789,0.329255894381467
"Fishery","Model 23.2",2000,5,0.954916,0.524203881096808
"Fishery","Model 23.2",2000,6,0.963004,0.528643811928746
"Fishery","Model 23.2",2000,7,1.4988,0.822770565146982
"Fishery","Model 23.2",2000,8,1.82165,1
"Fishery","Model 23.2",2000,9,1.4324,0.786320094419894
"Fishery","Model 23.2",2000,10,1.28057,0.702972579804024
"Fishery","Model 23.2",2000,11,1.25469,0.688765679466418
"Fishery","Model 23.2",2000,12,1.25239,0.687503087859907
"Fishery","Model 23.2",2000,13,1.25239,0.687503087859907
"Fishery","Model 23.2",2000,14,1.25239,0.687503087859907
"Fishery","Model 23.2",2000,15,1.25239,0.687503087859907
"Fishery","Model 23.2",2001,1,0.000361772,0.000216945615476412
"Fishery","Model 23.2",2001,2,0.0127537,0.00764807474348903
"Fishery","Model 23.2",2001,3,0.09978,0.0598355691215361
"Fishery","Model 23.2",2001,4,0.413554,0.24799798509208
"Fishery","Model 23.2",2001,5,1.15817,0.694525567142609
"Fishery","Model 23.2",2001,6,1.66757,1
"Fishery","Model 23.2",2001,7,1.59497,0.956463596730572
"Fishery","Model 23.2",2001,8,1.53691,0.921646467614553
"Fishery","Model 23.2",2001,9,1.38633,0.83134740970394
"Fishery","Model 23.2",2001,10,1.2584,0.754630990003418
"Fishery","Model 23.2",2001,11,1.21944,0.731267652932111
"Fishery","Model 23.2",2001,12,1.16294,0.697386016778906
"Fishery","Model 23.2",2001,13,1.16294,0.697386016778906
"Fishery","Model 23.2",2001,14,1.16294,0.697386016778906
"Fishery","Model 23.2",2001,15,1.16294,0.697386016778906
"Fishery","Model 23.2",2002,1,0.000347499,0.000191460559011344
"Fishery","Model 23.2",2002,2,0.015259,0.00840720885514521
"Fishery","Model 23.2",2002,3,0.109072,0.0600950969426829
"Fishery","Model 23.2",2002,4,0.414414,0.228328530735707
"Fishery","Model 23.2",2002,5,0.937162,0.516345544603552
"Fishery","Model 23.2",2002,6,1.81499,1
"Fishery","Model 23.2",2002,7,1.75938,0.9693607127312
"Fishery","Model 23.2",2002,8,1.65384,0.911211632020011
"Fishery","Model 23.2",2002,9,1.46544,0.807409407214365
"Fishery","Model 23.2",2002,10,1.25072,0.689105725100414
"Fishery","Model 23.2",2002,11,1.14762,0.632301004413247
"Fishery","Model 23.2",2002,12,1.10794,0.610438625006198
"Fishery","Model 23.2",2002,13,1.10794,0.610438625006198
"Fishery","Model 23.2",2002,14,1.10794,0.610438625006198
"Fishery","Model 23.2",2002,15,1.10794,0.610438625006198
"Fishery","Model 23.2",2003,1,0.000333285,0.000177960807347287
"Fishery","Model 23.2",2003,2,0.0115616,0.00617343015805211
"Fishery","Model 23.2",2003,3,0.220305,0.117634023921401
"Fishery","Model 23.2",2003,4,0.400769,0.213994553609569
"Fishery","Model 23.2",2003,5,0.994351,0.53094350704827
"Fishery","Model 23.2",2003,6,1.55889,0.832384664673217
"Fishery","Model 23.2",2003,7,1.8728,1
"Fishery","Model 23.2",2003,8,1.77091,0.945594831268689
"Fishery","Model 23.2",2003,9,1.5077,0.805051260145237
"Fishery","Model 23.2",2003,10,1.26769,0.67689555745408
"Fishery","Model 23.2",2003,11,1.09496,0.584664673216574
"Fishery","Model 23.2",2003,12,1.07493,0.573969457496796
"Fishery","Model 23.2",2003,13,1.07493,0.573969457496796
"Fishery","Model 23.2",2003,14,1.07493,0.573969457496796
"Fishery","Model 23.2",2003,15,1.07493,0.573969457496796
"Fishery","Model 23.2",2004,1,0.000314384,0.000176361627052468
"Fishery","Model 23.2",2004,2,0.0100353,0.00562955441739921
"Fishery","Model 23.2",2004,3,0.109209,0.0612635405388728
"Fishery","Model 23.2",2004,4,0.802906,0.450410353358278
"Fishery","Model 23.2",2004,5,0.993378,0.557260421516765
"Fishery","Model 23.2",2004,6,1.33595,0.749434817486719
"Fishery","Model 23.2",2004,7,1.78261,1
"Fishery","Model 23.2",2004,8,1.75384,0.983860743516529
"Fishery","Model 23.2",2004,9,1.53273,0.859823517202304
"Fishery","Model 23.2",2004,10,1.29291,0.72529044490943
"Fishery","Model 23.2",2004,11,1.14135,0.640269043705578
"Fishery","Model 23.2",2004,12,1.06119,0.595301271730777
"Fishery","Model 23.2",2004,13,1.06119,0.595301271730777
"Fishery","Model 23.2",2004,14,1.06119,0.595301271730777
"Fishery","Model 23.2",2004,15,1.06119,0.595301271730777
"Fishery","Model 23.2",2005,1,0.000298339,0.000173513434919158
"Fishery","Model 23.2",2005,2,0.0111588,0.00648993835058741
"Fishery","Model 23.2",2005,3,0.108918,0.0633465162265907
"Fishery","Model 23.2",2005,4,0.573527,0.333562289170641
"Fishery","Model 23.2",2005,5,1.53094,0.890391997208328
"Fishery","Model 23.2",2005,6,1.7194,1
"Fishery","Model 23.2",2005,7,1.60344,0.932557869024078
"Fishery","Model 23.2",2005,8,1.49954,0.872129812725369
"Fishery","Model 23.2",2005,9,1.44667,0.841380714202629
"Fishery","Model 23.2",2005,10,1.30139,0.756886123066186
"Fishery","Model 23.2",2005,11,1.14431,0.665528672792835
"Fishery","Model 23.2",2005,12,1.0151,0.59038036524369
"Fishery","Model 23.2",2005,13,1.0151,0.59038036524369
"Fishery","Model 23.2",2005,14,1.0151,0.59038036524369
"Fishery","Model 23.2",2005,15,1.0151,0.59038036524369
"Fishery","Model 23.2",2006,1,0.000283953,0.000167690099922047
"Fishery","Model 23.2",2006,2,0.0126224,0.00745423192308601
"Fishery","Model 23.2",2006,3,0.19568,0.115559965039095
"Fishery","Model 23.2",2006,4,0.547428,0.323286797533839
"Fishery","Model 23.2",2006,5,1.16471,0.687826282096709
"Fishery","Model 23.2",2006,6,1.69332,1
"Fishery","Model 23.2",2006,7,1.5722,0.928471877731321
"Fishery","Model 23.2",2006,8,1.51018,0.891845605083505
"Fishery","Model 23.2",2006,9,1.38903,0.820299766139891
"Fishery","Model 23.2",2006,10,1.30261,0.769263931212057
"Fishery","Model 23.2",2006,11,1.20429,0.711200481893558
"Fishery","Model 23.2",2006,12,1.10191,0.650739375900598
"Fishery","Model 23.2",2006,13,1.10191,0.650739375900598
"Fishery","Model 23.2",2006,14,1.10191,0.650739375900598
"Fishery","Model 23.2",2006,15,1.10191,0.650739375900598
"Fishery","Model 23.2",2007,1,0.000264264,0.000157910021451918
"Fishery","Model 23.2",2007,2,0.0121354,0.00725146548272792
"Fishery","Model 23.2",2007,3,0.181625,0.108529378372403
"Fishery","Model 23.2",2007,4,0.540852,0.323184205651595
"Fishery","Model 23.2",2007,5,1.08722,0.64966447765475
"Fishery","Model 23.2",2007,6,1.67351,1
"Fishery","Model 23.2",2007,7,1.58352,0.946226792788809
"Fishery","Model 23.2",2007,8,1.39929,0.836140805851175
"Fishery","Model 23.2",2007,9,1.32116,0.789454499823724
"Fishery","Model 23.2",2007,10,1.27257,0.760419716643462
"Fishery","Model 23.2",2007,11,1.22996,0.734958261378779
"Fishery","Model 23.2",2007,12,1.17447,0.701800407526695
"Fishery","Model 23.2",2007,13,1.17447,0.701800407526695
"Fishery","Model 23.2",2007,14,1.17447,0.701800407526695
"Fishery","Model 23.2",2007,15,1.17447,0.701800407526695
"Fishery","Model 23.2",2008,1,0.00023559,0.00014934579202272
"Fishery","Model 23.2",2008,2,0.00974877,0.00617996424677333
"Fishery","Model 23.2",2008,3,0.0966131,0.0612452138854375
"Fishery","Model 23.2",2008,4,0.429411,0.272213276871973
"Fishery","Model 23.2",2008,5,0.907845,0.575503334432132
"Fishery","Model 23.2",2008,6,1.57748,1
"Fishery","Model 23.2",2008,7,1.52697,0.967980576615868
"Fishery","Model 23.2",2008,8,1.4404,0.913101909374445
"Fishery","Model 23.2",2008,9,1.38194,0.876042802444405
"Fishery","Model 23.2",2008,10,1.23895,0.785398230088496
"Fishery","Model 23.2",2008,11,1.29966,0.823883662550397
"Fishery","Model 23.2",2008,12,1.27269,0.806786773841824
"Fishery","Model 23.2",2008,13,1.27269,0.806786773841824
"Fishery","Model 23.2",2008,14,1.27269,0.806786773841824
"Fishery","Model 23.2",2008,15,1.27269,0.806786773841824
"Fishery","Model 23.2",2009,1,0.000215712,0.000150826457838065
"Fishery","Model 23.2",2009,2,0.00660668,0.00461940987274507
"Fishery","Model 23.2",2009,3,0.112632,0.0787526220109076
"Fishery","Model 23.2",2009,4,0.43532,0.304377010208362
"Fishery","Model 23.2",2009,5,0.754573,0.527599636414488
"Fishery","Model 23.2",2009,6,1.36805,0.956544539225283
"Fishery","Model 23.2",2009,7,1.37986,0.964802125576843
"Fishery","Model 23.2",2009,8,1.36057,0.951314501468326
"Fishery","Model 23.2",2009,9,1.33145,0.930953712767445
"Fishery","Model 23.2",2009,10,1.36318,0.953139421059992
"Fishery","Model 23.2",2009,11,1.4302,1
"Fishery","Model 23.2",2009,12,1.36434,0.953950496434065
"Fishery","Model 23.2",2009,13,1.36434,0.953950496434065
"Fishery","Model 23.2",2009,14,1.36434,0.953950496434065
"Fishery","Model 23.2",2009,15,1.36434,0.953950496434065
"Fishery","Model 23.2",2010,1,0.00021703,0.000153515876440339
"Fishery","Model 23.2",2010,2,0.00688068,0.0048670396751855
"Fishery","Model 23.2",2010,3,0.0596299,0.0421791289708785
"Fishery","Model 23.2",2010,4,0.657607,0.465157420440961
"Fishery","Model 23.2",2010,5,0.875423,0.619229272916328
"Fishery","Model 23.2",2010,6,1.04113,0.73644189484555
"Fishery","Model 23.2",2010,7,1.23381,0.872733831778345
"Fishery","Model 23.2",2010,8,1.41373,1
"Fishery","Model 23.2",2010,9,1.3982,0.989014875542006
"Fishery","Model 23.2",2010,10,1.35716,0.959985287148182
"Fishery","Model 23.2",2010,11,1.33683,0.945604889193835
"Fishery","Model 23.2",2010,12,1.40485,0.993718744031746
"Fishery","Model 23.2",2010,13,1.40485,0.993718744031746
"Fishery","Model 23.2",2010,14,1.40485,0.993718744031746
"Fishery","Model 23.2",2010,15,1.40485,0.993718744031746
"Fishery","Model 23.2",2011,1,0.000213388,0.000149405216173639
"Fishery","Model 23.2",2011,2,0.00645557,0.00451991598109575
"Fishery","Model 23.2",2011,3,0.0595825,0.04171713635568
"Fishery","Model 23.2",2011,4,0.213984,0.149822510064765
"Fishery","Model 23.2",2011,5,1.27526,0.892882898652197
"Fishery","Model 23.2",2011,6,1.42825,1
"Fishery","Model 23.2",2011,7,1.35937,0.951773148958516
"Fishery","Model 23.2",2011,8,1.34807,0.943861368807982
"Fishery","Model 23.2",2011,9,1.33843,0.937111850166287
"Fishery","Model 23.2",2011,10,1.41074,0.98774024155435
"Fishery","Model 23.2",2011,11,1.35159,0.94632592333275
"Fishery","Model 23.2",2011,12,1.30201,0.911612112725363
"Fishery","Model 23.2",2011,13,1.30201,0.911612112725363
"Fishery","Model 23.2",2011,14,1.30201,0.911612112725363
"Fishery","Model 23.2",2011,15,1.30201,0.911612112725363
"Fishery","Model 23.2",2012,1,0.000213521,0.000148399046447461
"Fishery","Model 23.2",2012,2,0.00826759,0.00574605061056553
"Fishery","Model 23.2",2012,3,0.0731232,0.0508212922999937
"Fishery","Model 23.2",2012,4,0.405616,0.281906827074776
"Fishery","Model 23.2",2012,5,0.439819,0.305678224668654
"Fishery","Model 23.2",2012,6,1.4185,0.985870464196604
"Fishery","Model 23.2",2012,7,1.40045,0.973325549230972
"Fishery","Model 23.2",2012,8,1.40342,0.975389726374902
"Fishery","Model 23.2",2012,9,1.3676,0.950494499002662
"Fishery","Model 23.2",2012,10,1.34255,0.933084520061439
"Fishery","Model 23.2",2012,11,1.38511,0.962664109033034
"Fishery","Model 23.2",2012,12,1.43883,1
"Fishery","Model 23.2",2012,13,1.43883,1
"Fishery","Model 23.2",2012,14,1.43883,1
"Fishery","Model 23.2",2012,15,1.43883,1
"Fishery","Model 23.2",2013,1,0.000209204,0.000137612482239646
"Fishery","Model 23.2",2013,2,0.00654072,0.00430242593274746
"Fishery","Model 23.2",2013,3,0.0722479,0.0475240093669421
"Fishery","Model 23.2",2013,4,0.339568,0.223364731884439
"Fishery","Model 23.2",2013,5,0.704286,0.463272904278272
"Fishery","Model 23.2",2013,6,0.747548,0.491730253117929
"Fishery","Model 23.2",2013,7,1.14981,0.756334526127454
"Fishery","Model 23.2",2013,8,1.45706,0.958440772509604
"Fishery","Model 23.2",2013,9,1.47923,0.973023996211125
"Fishery","Model 23.2",2013,10,1.48034,0.973754144082513
"Fishery","Model 23.2",2013,11,1.48221,0.974984213018997
"Fishery","Model 23.2",2013,12,1.52024,1
"Fishery","Model 23.2",2013,13,1.52024,1
"Fishery","Model 23.2",2013,14,1.52024,1
"Fishery","Model 23.2",2013,15,1.52024,1
"Fishery","Model 23.2",2014,1,0.000205754,0.000134924194732977
"Fishery","Model 23.2",2014,2,0.00747957,0.00490476471514007
"Fishery","Model 23.2",2014,3,0.0707712,0.0464085615360403
"Fishery","Model 23.2",2014,4,0.296859,0.194666745357255
"Fishery","Model 23.2",2014,5,0.64023,0.419833962858042
"Fishery","Model 23.2",2014,6,1.01436,0.66517154548316
"Fishery","Model 23.2",2014,7,1.33904,0.878082048053719
"Fishery","Model 23.2",2014,8,1.28765,0.84438280348337
"Fishery","Model 23.2",2014,9,1.30115,0.8532354947015
"Fishery","Model 23.2",2014,10,1.47291,0.96586795719232
"Fishery","Model 23.2",2014,11,1.4695,0.96363183296611
"Fishery","Model 23.2",2014,12,1.52496,1
"Fishery","Model 23.2",2014,13,1.52496,1
"Fishery","Model 23.2",2014,14,1.52496,1
"Fishery","Model 23.2",2014,15,1.52496,1
"Fishery","Model 23.2",2015,1,0.000214664,0.000136197751440246
"Fishery","Model 23.2",2015,2,0.004801,0.00304608786133036
"Fishery","Model 23.2",2015,3,0.219193,0.13907126360937
"Fishery","Model 23.2",2015,4,0.377306,0.239389132807147
"Fishery","Model 23.2",2015,5,0.557997,0.354032053396949
"Fishery","Model 23.2",2015,6,0.95624,0.606705073217775
"Fishery","Model 23.2",2015,7,1.20911,0.767143364718422
"Fishery","Model 23.2",2015,8,1.1977,0.759904068218156
"Fishery","Model 23.2",2015,9,1.20131,0.762194502956628
"Fishery","Model 23.2",2015,10,1.44752,0.91840722787605
"Fishery","Model 23.2",2015,11,1.5241,0.966994898865569
"Fishery","Model 23.2",2015,12,1.57612,1
"Fishery","Model 23.2",2015,13,1.57612,1
"Fishery","Model 23.2",2015,14,1.57612,1
"Fishery","Model 23.2",2015,15,1.57612,1
"Fishery","Model 23.2",2016,1,0.000222234,0.000154983541620174
"Fishery","Model 23.2",2016,2,0.0043846,0.00305777170274492
"Fishery","Model 23.2",2016,3,0.0491324,0.0342643941084579
"Fishery","Model 23.2",2016,4,1.05221,0.733799654095068
"Fishery","Model 23.2",2016,5,0.720492,0.502463177862084
"Fishery","Model 23.2",2016,6,0.927566,0.646874302611024
"Fishery","Model 23.2",2016,7,1.06502,0.742733206873466
"Fishery","Model 23.2",2016,8,1.42673,0.994985773264896
"Fishery","Model 23.2",2016,9,1.30332,0.908920999776835
"Fishery","Model 23.2",2016,10,1.28663,0.897281577772818
"Fishery","Model 23.2",2016,11,1.4286,0.996289890649409
"Fishery","Model 23.2",2016,12,1.43392,1
"Fishery","Model 23.2",2016,13,1.43392,1
"Fishery","Model 23.2",2016,14,1.43392,1
"Fishery","Model 23.2",2016,15,1.43392,1
"Fishery","Model 23.2",2017,1,0.000230982,0.000166564748979621
"Fishery","Model 23.2",2017,2,0.00512065,0.00369258116157319
"Fishery","Model 23.2",2017,3,0.0368499,0.0265730418102889
"Fishery","Model 23.2",2017,4,0.342611,0.247062174596536
"Fishery","Model 23.2",2017,5,1.29534,0.934090024085265
"Fishery","Model 23.2",2017,6,1.28719,0.928212931046916
"Fishery","Model 23.2",2017,7,1.28137,0.924016037613395
"Fishery","Model 23.2",2017,8,1.31397,0.947524409766791
"Fishery","Model 23.2",2017,9,1.38674,1
"Fishery","Model 23.2",2017,10,1.3417,0.967520948411382
"Fishery","Model 23.2",2017,11,1.31743,0.950019470124176
"Fishery","Model 23.2",2017,12,1.34786,0.97196302118638
"Fishery","Model 23.2",2017,13,1.34786,0.97196302118638
"Fishery","Model 23.2",2017,14,1.34786,0.97196302118638
"Fishery","Model 23.2",2017,15,1.34786,0.97196302118638
"Fishery","Model 23.2",2018,1,0.000240726,0.000152433479819151
"Fishery","Model 23.2",2018,2,0.006222,0.00393991970719722
"Fishery","Model 23.2",2018,3,0.0407452,0.0258008383885716
"Fishery","Model 23.2",2018,4,0.198349,0.125599346512835
"Fishery","Model 23.2",2018,5,1.37763,0.872348374514
"Fishery","Model 23.2",2018,6,1.57922,1
"Fishery","Model 23.2",2018,7,1.444,0.914375451172098
"Fishery","Model 23.2",2018,8,1.4408,0.912349134382797
"Fishery","Model 23.2",2018,9,1.35281,0.856631754916984
"Fishery","Model 23.2",2018,10,1.24788,0.79018756094781
"Fishery","Model 23.2",2018,11,1.22749,0.777276123655982
"Fishery","Model 23.2",2018,12,1.27115,0.804922683350008
"Fishery","Model 23.2",2018,13,1.27115,0.804922683350008
"Fishery","Model 23.2",2018,14,1.27115,0.804922683350008
"Fishery","Model 23.2",2018,15,1.27115,0.804922683350008
"Fishery","Model 23.2",2019,1,0.000260591,0.00011397785971404
"Fishery","Model 23.2",2019,2,0.0119193,0.00521328942016244
"Fishery","Model 23.2",2019,3,0.0459598,0.0201019975244169
"Fishery","Model 23.2",2019,4,0.105785,0.0462684739298352
"Fishery","Model 23.2",2019,5,0.347445,0.151966251590978
"Fishery","Model 23.2",2019,6,1.70956,0.747731079940341
"Fishery","Model 23.2",2019,7,2.28633,1
"Fishery","Model 23.2",2019,8,1.89205,0.827548954000516
"Fishery","Model 23.2",2019,9,1.60341,0.701302961514742
"Fishery","Model 23.2",2019,10,1.45852,0.637930657429155
"Fishery","Model 23.2",2019,11,1.14711,0.501725472700791
"Fishery","Model 23.2",2019,12,1.09791,0.480206269436171
"Fishery","Model 23.2",2019,13,1.09791,0.480206269436171
"Fishery","Model 23.2",2019,14,1.09791,0.480206269436171
"Fishery","Model 23.2",2019,15,1.09791,0.480206269436171
"Fishery","Model 23.2",2020,1,0.000444294,0.000262203887964307
"Fishery","Model 23.2",2020,2,0.0397339,0.0234492994818408
"Fishery","Model 23.2",2020,3,0.114753,0.0677224602528239
"Fishery","Model 23.2",2020,4,0.300777,0.177506108140647
"Fishery","Model 23.2",2020,5,0.591033,0.348803158528381
"Fishery","Model 23.2",2020,6,1.40296,0.827968792417643
"Fishery","Model 23.2",2020,7,1.69446,1
"Fishery","Model 23.2",2020,8,1.44296,0.851575133080746
"Fishery","Model 23.2",2020,9,1.55526,0.917849934492405
"Fishery","Model 23.2",2020,10,1.50043,0.885491543028457
"Fishery","Model 23.2",2020,11,1.38378,0.816649552069686
"Fishery","Model 23.2",2020,12,1.24335,0.7337735915867
"Fishery","Model 23.2",2020,13,1.24335,0.7337735915867
"Fishery","Model 23.2",2020,14,1.24335,0.7337735915867
"Fishery","Model 23.2",2020,15,1.24335,0.7337735915867
"Fishery","Model 23.2",2021,1,0.000476128,0.000273660373020663
"Fishery","Model 23.2",2021,2,0.0692196,0.0397848090352617
"Fishery","Model 23.2",2021,3,0.312736,0.179748828922034
"Fishery","Model 23.2",2021,4,0.274761,0.157922234675403
"Fishery","Model 23.2",2021,5,0.574852,0.330403195677788
"Fishery","Model 23.2",2021,6,0.855911,0.491945282639308
"Fishery","Model 23.2",2021,7,1.562,0.897778544127367
"Fishery","Model 23.2",2021,8,1.73985,1
"Fishery","Model 23.2",2021,9,1.53013,0.87946087306377
"Fishery","Model 23.2",2021,10,1.47966,0.850452625226313
"Fishery","Model 23.2",2021,11,1.39944,0.804345202172601
"Fishery","Model 23.2",2021,12,1.30024,0.747328792712015
"Fishery","Model 23.2",2021,13,1.30024,0.747328792712015
"Fishery","Model 23.2",2021,14,1.30024,0.747328792712015
"Fishery","Model 23.2",2021,15,1.30024,0.747328792712015
"Fishery","Model 23.2",2022,1,0.000496328,0.000290739959698205
"Fishery","Model 23.2",2022,2,0.0884068,0.0517871034256526
"Fishery","Model 23.2",2022,3,0.248215,0.145399854726088
"Fishery","Model 23.2",2022,4,0.522565,0.306109119452645
"Fishery","Model 23.2",2022,5,0.645368,0.378044894324945
"Fishery","Model 23.2",2022,6,0.84745,0.496420872580721
"Fishery","Model 23.2",2022,7,1.31996,0.773208678944655
"Fishery","Model 23.2",2022,8,1.70712,1
"Fishery","Model 23.2",2022,9,1.43906,0.842975303435025
"Fishery","Model 23.2",2022,10,1.29738,0.759981723604668
"Fishery","Model 23.2",2022,11,1.41852,0.830943343174469
"Fishery","Model 23.2",2022,12,1.36637,0.800394817001734
"Fishery","Model 23.2",2022,13,1.36637,0.800394817001734
"Fishery","Model 23.2",2022,14,1.36637,0.800394817001734
"Fishery","Model 23.2",2022,15,1.36637,0.800394817001734
"Fishery","Model 23.2",2023,1,0.000500214,0.000357978430292057
"Fishery","Model 23.2",2023,2,0.0622104,0.044520907731173
"Fishery","Model 23.2",2023,3,0.231271,0.165509221157493
"Fishery","Model 23.2",2023,4,0.523451,0.374608002404586
"Fishery","Model 23.2",2023,5,1.12976,0.808513379087259
"Fishery","Model 23.2",2023,6,1.08086,0.773518066598441
"Fishery","Model 23.2",2023,7,0.963034,0.689195823463319
"Fishery","Model 23.2",2023,8,1.39733,1
"Fishery","Model 23.2",2023,9,1.38594,0.991848740097185
"Fishery","Model 23.2",2023,10,1.32285,0.946698346131551
"Fishery","Model 23.2",2023,11,1.38536,0.991433662771142
"Fishery","Model 23.2",2023,12,1.37936,0.987139759398281
"Fishery","Model 23.2",2023,13,1.37936,0.987139759398281
"Fishery","Model 23.2",2023,14,1.37936,0.987139759398281
"Fishery","Model 23.2",2023,15,1.37936,0.987139759398281
"Fishery","Model 23.2",2024,1,0.000499788,0.00035405780674412
"Fishery","Model 23.2",2024,2,0.0624229,0.0442213799943327
"Fishery","Model 23.2",2024,3,0.23175,0.16417540379711
"Fishery","Model 23.2",2024,4,0.59531,0.421727118163786
"Fishery","Model 23.2",2024,5,1.02942,0.729257580051006
"Fishery","Model 23.2",2024,6,1.01994,0.72254179654293
"Fishery","Model 23.2",2024,7,1.01,0.715500141683196
"Fishery","Model 23.2",2024,8,1.33513,0.945827429866818
"Fishery","Model 23.2",2024,9,1.33092,0.942844998583168
"Fishery","Model 23.2",2024,10,1.32855,0.941166052706149
"Fishery","Model 23.2",2024,11,1.4116,1
"Fishery","Model 23.2",2024,12,1.41111,0.999652876168886
"Fishery","Model 23.2",2024,13,1.41111,0.999652876168886
"Fishery","Model 23.2",2024,14,1.41111,0.999652876168886
"Fishery","Model 23.2",2024,15,1.41111,0.999652876168886
"Fishery","Model 26.0",1964,1,0.00246991046864487,0.00170919912466834
"Fishery","Model 26.0",1964,2,0.0725123155989063,0.050179141277669
"Fishery","Model 26.0",1964,3,0.372037969542238,0.257453450219133
"Fishery","Model 26.0",1964,4,1.11976803320725,0.774889036054613
"Fishery","Model 26.0",1964,5,1.26522764379601,0.875548328060978
"Fishery","Model 26.0",1964,6,1.44506888226037,1
"Fishery","Model 26.0",1964,7,1.39576879947685,0.96588392194398
"Fishery","Model 26.0",1964,8,1.32769406946392,0.918775627766029
"Fishery","Model 26.0",1964,9,1.26045895021207,0.872248351400705
"Fishery","Model 26.0",1964,10,1.19828478014953,0.829223295068937
"Fishery","Model 26.0",1964,11,1.14739187644845,0.794004971343443
"Fishery","Model 26.0",1964,12,1.09832919234394,0.760053175199468
"Fishery","Model 26.0",1964,13,1.09832919234394,0.760053175199468
"Fishery","Model 26.0",1964,14,1.09832919234394,0.760053175199468
"Fishery","Model 26.0",1964,15,1.09832919234394,0.760053175199468
"Fishery","Model 26.0",1965,1,0.00372413946753186,0.0028743841329559
"Fishery","Model 26.0",1965,2,0.0899346709690839,0.0694138319710857
"Fishery","Model 26.0",1965,3,0.447670020040636,0.345522935868365
"Fishery","Model 26.0",1965,4,1.29563040125124,1
"Fishery","Model 26.0",1965,5,1.28739217555786,0.993641531037385
"Fishery","Model 26.0",1965,6,1.27747693594797,0.985988700723805
"Fishery","Model 26.0",1965,7,1.25217371031665,0.966459037320656
"Fishery","Model 26.0",1965,8,1.22993962228866,0.94929821120349
"Fishery","Model 26.0",1965,9,1.20633417035839,0.931078932073059
"Fishery","Model 26.0",1965,10,1.18268806586103,0.912828276272974
"Fishery","Model 26.0",1965,11,1.1605038806991,0.895705966437927
"Fishery","Model 26.0",1965,12,1.14163305181046,0.881140987976155
"Fishery","Model 26.0",1965,13,1.14163305181046,0.881140987976155
"Fishery","Model 26.0",1965,14,1.14163305181046,0.881140987976155
"Fishery","Model 26.0",1965,15,1.14163305181046,0.881140987976155
"Fishery","Model 26.0",1966,1,0.00554137997644907,0.00424227233629521
"Fishery","Model 26.0",1966,2,0.116087107358676,0.0888719283357684
"Fishery","Model 26.0",1966,3,0.544280633222795,0.416680805740722
"Fishery","Model 26.0",1966,4,1.30622919444355,1
"Fishery","Model 26.0",1966,5,1.28180868763,0.981304577391601
"Fishery","Model 26.0",1966,6,1.23945416469335,0.94887954576865
"Fishery","Model 26.0",1966,7,1.21590530982716,0.930851427145699
"Fishery","Model 26.0",1966,8,1.19305669987036,0.913359389719194
"Fishery","Model 26.0",1966,9,1.17795022927814,0.901794443340351
"Fishery","Model 26.0",1966,10,1.16730465956519,0.893644595091484
"Fishery","Model 26.0",1966,11,1.15767945657317,0.886275901271928
"Fishery","Model 26.0",1966,12,1.14867561939029,0.87938290177293
"Fishery","Model 26.0",1966,13,1.14867561939029,0.87938290177293
"Fishery","Model 26.0",1966,14,1.14867561939029,0.87938290177293
"Fishery","Model 26.0",1966,15,1.14867561939029,0.87938290177293
"Fishery","Model 26.0",1967,1,0.0079207272983121,0.00643402819918923
"Fishery","Model 26.0",1967,2,0.143620935981855,0.116663674596918
"Fishery","Model 26.0",1967,3,0.704870157982921,0.57256793504247
"Fishery","Model 26.0",1967,4,1.23106816648864,1
"Fishery","Model 26.0",1967,5,1.22128057870595,0.99204951598204
"Fishery","Model 26.0",1967,6,1.19398821413734,0.969879854454311
"Fishery","Model 26.0",1967,7,1.18567720439921,0.963128798774078
"Fishery","Model 26.0",1967,8,1.17730656230802,0.956329303572227
"Fishery","Model 26.0",1967,9,1.16831171944433,0.949022768395261
"Fishery","Model 26.0",1967,10,1.16451102526211,0.945935454235347
"Fishery","Model 26.0",1967,11,1.1622364765338,0.94408783215379
"Fishery","Model 26.0",1967,12,1.15980205786438,0.942110347286831
"Fishery","Model 26.0",1967,13,1.15980205786438,0.942110347286831
"Fishery","Model 26.0",1967,14,1.15980205786438,0.942110347286831
"Fishery","Model 26.0",1967,15,1.15980205786438,0.942110347286831
"Fishery","Model 26.0",1968,1,0.0113419883827409,0.00889304337719797
"Fishery","Model 26.0",1968,2,0.173310774308736,0.135889773614006
"Fishery","Model 26.0",1968,3,0.74691461336147,0.585641937862874
"Fishery","Model 26.0",1968,4,1.27537760715551,1
"Fishery","Model 26.0",1968,5,1.23337163277322,0.967063892178586
"Fishery","Model 26.0",1968,6,1.18840717986724,0.931808096049101
"Fishery","Model 26.0",1968,7,1.1691683077005,0.916723252110493
"Fishery","Model 26.0",1968,8,1.15774883298572,0.907769453133064
"Fishery","Model 26.0",1968,9,1.15149114505709,0.902862915733069
"Fishery","Model 26.0",1968,10,1.14981936548302,0.901552104280298
"Fishery","Model 26.0",1968,11,1.14978734086077,0.901526994366121
"Fishery","Model 26.0",1968,12,1.148315303016,0.900372796710063
"Fishery","Model 26.0",1968,13,1.148315303016,0.900372796710063
"Fishery","Model 26.0",1968,14,1.148315303016,0.900372796710063
"Fishery","Model 26.0",1968,15,1.148315303016,0.900372796710063
"Fishery","Model 26.0",1969,1,0.0156446369983799,0.013026106659218
"Fishery","Model 26.0",1969,2,0.197144817970812,0.164147587858117
"Fishery","Model 26.0",1969,3,0.906580604608197,0.754841141538
"Fishery","Model 26.0",1969,4,1.20102171797502,1
"Fishery","Model 26.0",1969,5,1.16302805541917,0.968365549109375
"Fishery","Model 26.0",1969,6,1.13442399736652,0.944549112133633
"Fishery","Model 26.0",1969,7,1.12809503980625,0.939279467575547
"Fishery","Model 26.0",1969,8,1.13972099928883,0.94895952523694
"Fishery","Model 26.0",1969,9,1.13937332666701,0.948670044525131
"Fishery","Model 26.0",1969,10,1.1536636512337,0.960568517594193
"Fishery","Model 26.0",1969,11,1.16434632680995,0.969463174049088
"Fishery","Model 26.0",1969,12,1.16423920646404,0.96937398303421
"Fishery","Model 26.0",1969,13,1.16423920646404,0.96937398303421
"Fishery","Model 26.0",1969,14,1.16423920646404,0.96937398303421
"Fishery","Model 26.0",1969,15,1.16423920646404,0.96937398303421
"Fishery","Model 26.0",1970,1,0.0215532777279932,0.0174183216639014
"Fishery","Model 26.0",1970,2,0.233208065460738,0.188467533805102
"Fishery","Model 26.0",1970,3,0.894820198518487,0.723150615226742
"Fishery","Model 26.0",1970,4,0.991907168184672,0.801611631150212
"Fishery","Model 26.0",1970,5,1.04894254829658,0.847704880146947
"Fishery","Model 26.0",1970,6,1.04417542262274,0.843852318627204
"Fishery","Model 26.0",1970,7,1.08994272635127,0.880839250642538
"Fishery","Model 26.0",1970,8,1.151671107338,0.930725157064202
"Fishery","Model 26.0",1970,9,1.16211985625694,0.939169333024458
"Fishery","Model 26.0",1970,10,1.19468162864415,0.965484190214395
"Fishery","Model 26.0",1970,11,1.21741325058895,0.983854792958605
"Fishery","Model 26.0",1970,12,1.23739118750237,1
"Fishery","Model 26.0",1970,13,1.23739118750237,1
"Fishery","Model 26.0",1970,14,1.23739118750237,1
"Fishery","Model 26.0",1970,15,1.23739118750237,1
"Fishery","Model 26.0",1971,1,0.0237374501292976,0.0187220746579861
"Fishery","Model 26.0",1971,2,0.239893114479568,0.189207213696469
"Fishery","Model 26.0",1971,3,0.816193139690531,0.643743486068964
"Fishery","Model 26.0",1971,4,0.960876877502498,0.757857669621007
"Fishery","Model 26.0",1971,5,1.05657825484034,0.833338747901597
"Fishery","Model 26.0",1971,6,1.03825823319034,0.818889478447683
"Fishery","Model 26.0",1971,7,1.03698044102913,0.81788166505116
"Fishery","Model 26.0",1971,8,1.15429792297219,0.910411681698315
"Fishery","Model 26.0",1971,9,1.16725068494598,0.920627714818109
"Fishery","Model 26.0",1971,10,1.20205988055072,0.948082237327758
"Fishery","Model 26.0",1971,11,1.23233132969257,0.971957772726547
"Fishery","Model 26.0",1971,12,1.26788566774421,1
"Fishery","Model 26.0",1971,13,1.26788566774421,1
"Fishery","Model 26.0",1971,14,1.26788566774421,1
"Fishery","Model 26.0",1971,15,1.26788566774421,1
"Fishery","Model 26.0",1972,1,0.0206242314876816,0.0168010655333445
"Fishery","Model 26.0",1972,2,0.294488654059302,0.239898547426211
"Fishery","Model 26.0",1972,3,0.908317000013813,0.73993998037686
"Fishery","Model 26.0",1972,4,1.05045161464443,0.85572674200199
"Fishery","Model 26.0",1972,5,1.05028455951769,0.85559065430661
"Fishery","Model 26.0",1972,6,1.04600032547505,0.852100599564281
"Fishery","Model 26.0",1972,7,1.04547600735157,0.851673475617472
"Fishery","Model 26.0",1972,8,1.13300760079851,0.922979116199447
"Fishery","Model 26.0",1972,9,1.15642699487036,0.942057197959117
"Fishery","Model 26.0",1972,10,1.18234595888179,0.963171498056681
"Fishery","Model 26.0",1972,11,1.20235717505946,0.979473184478484
"Fishery","Model 26.0",1972,12,1.22755496946009,1
"Fishery","Model 26.0",1972,13,1.22755496946009,1
"Fishery","Model 26.0",1972,14,1.22755496946009,1
"Fishery","Model 26.0",1972,15,1.22755496946009,1
"Fishery","Model 26.0",1973,1,0.0171974249788423,0.0146078576947786
"Fishery","Model 26.0",1973,2,0.327239120650869,0.277963852874105
"Fishery","Model 26.0",1973,3,0.954119336026769,0.810449209789427
"Fishery","Model 26.0",1973,4,1.09607081534238,0.931025808434683
"Fishery","Model 26.0",1973,5,1.09961905458907,0.934039758142066
"Fishery","Model 26.0",1973,6,1.09740906483689,0.932162545952067
"Fishery","Model 26.0",1973,7,1.09199450797778,0.9275633064627
"Fishery","Model 26.0",1973,8,1.14258794447986,0.970538444986141
"Fishery","Model 26.0",1973,9,1.14262716133364,0.970571756613892
"Fishery","Model 26.0",1973,10,1.15730507215535,0.983039485521215
"Fishery","Model 26.0",1973,11,1.16474163924261,0.989356263404072
"Fishery","Model 26.0",1973,12,1.17727221459648,1
"Fishery","Model 26.0",1973,13,1.17727221459648,1
"Fishery","Model 26.0",1973,14,1.17727221459648,1
"Fishery","Model 26.0",1973,15,1.17727221459648,1
"Fishery","Model 26.0",1974,1,0.0147297312716545,0.0129721867963614
"Fishery","Model 26.0",1974,2,0.378484163990995,0.333323614953118
"Fishery","Model 26.0",1974,3,1.12216788453663,0.988271350414922
"Fishery","Model 26.0",1974,4,1.118147558136,0.984730727433454
"Fishery","Model 26.0",1974,5,1.1119906729952,0.979308478876621
"Fishery","Model 26.0",1974,6,1.10308235669547,0.971463098607966
"Fishery","Model 26.0",1974,7,1.09889197806655,0.96777271394858
"Fishery","Model 26.0",1974,8,1.12464282188033,0.990450979421023
"Fishery","Model 26.0",1974,9,1.12751499969171,0.992980450352599
"Fishery","Model 26.0",1974,10,1.13548559721527,1
"Fishery","Model 26.0",1974,11,1.13437425876516,0.999021265921083
"Fishery","Model 26.0",1974,12,1.13262199418876,0.997478080714068
"Fishery","Model 26.0",1974,13,1.13262199418876,0.997478080714068
"Fishery","Model 26.0",1974,14,1.13262199418876,0.997478080714068
"Fishery","Model 26.0",1974,15,1.13262199418876,0.997478080714068
"Fishery","Model 26.0",1975,1,0.0122767034100174,0.00981568881115497
"Fishery","Model 26.0",1975,2,0.307102275782151,0.245539887345931
"Fishery","Model 26.0",1975,3,1.25072255714399,1
"Fishery","Model 26.0",1975,4,1.18102057035774,0.9442706246976
"Fishery","Model 26.0",1975,5,1.13419351546582,0.906830622816732
"Fishery","Model 26.0",1975,6,1.1097217483803,0.887264519250643
"Fishery","Model 26.0",1975,7,1.09946635325852,0.879064942883207
"Fishery","Model 26.0",1975,8,1.0980514011105,0.877933635112401
"Fishery","Model 26.0",1975,9,1.1026834973544,0.881637171294293
"Fishery","Model 26.0",1975,10,1.1198875129474,0.895392432598835
"Fishery","Model 26.0",1975,11,1.11859962912268,0.89436272075958
"Fishery","Model 26.0",1975,12,1.11656855891662,0.892738803293261
"Fishery","Model 26.0",1975,13,1.11656855891662,0.892738803293261
"Fishery","Model 26.0",1975,14,1.11656855891662,0.892738803293261
"Fishery","Model 26.0",1975,15,1.11656855891662,0.892738803293261
"Fishery","Model 26.0",1976,1,0.0102125230724337,0.00831089985695813
"Fishery","Model 26.0",1976,2,0.272379192405076,0.22166081536776
"Fishery","Model 26.0",1976,3,1.12821926888768,0.918139160510266
"Fishery","Model 26.0",1976,4,1.22881074831909,1
"Fishery","Model 26.0",1976,5,1.16502958109349,0.948095207245829
"Fishery","Model 26.0",1976,6,1.12639425871258,0.916653976418576
"Fishery","Model 26.0",1976,7,1.1080206389783,0.901701617188804
"Fishery","Model 26.0",1976,8,1.10178189509102,0.896624558824999
"Fishery","Model 26.0",1976,9,1.10135168462758,0.896274455715934
"Fishery","Model 26.0",1976,10,1.12899199825682,0.91876800378023
"Fishery","Model 26.0",1976,11,1.12830676262908,0.918210362476493
"Fishery","Model 26.0",1976,12,1.12512536198172,0.915621354647817
"Fishery","Model 26.0",1976,13,1.12512536198172,0.915621354647817
"Fishery","Model 26.0",1976,14,1.12512536198172,0.915621354647817
"Fishery","Model 26.0",1976,15,1.12512536198172,0.915621354647817
"Fishery","Model 26.0",1977,1,0.00851024334274981,0.00718659571473019
"Fishery","Model 26.0",1977,2,0.260578084789122,0.220048860188411
"Fishery","Model 26.0",1977,3,0.907039864986819,0.76596268100337
"Fishery","Model 26.0",1977,4,1.10473734413965,0.932911121755435
"Fishery","Model 26.0",1977,5,1.15206456413111,0.972877264047999
"Fishery","Model 26.0",1977,6,1.1292983503523,0.953652011867304
"Fishery","Model 26.0",1977,7,1.11503203552723,0.941604619935305
"Fishery","Model 26.0",1977,8,1.10994283209284,0.937306969901109
"Fishery","Model 26.0",1977,9,1.12297594010854,0.948312962849008
"Fishery","Model 26.0",1977,10,1.16987428422786,0.987916934827435
"Fishery","Model 26.0",1977,11,1.18418284269234,1
"Fishery","Model 26.0",1977,12,1.18394090340236,0.99979569093449
"Fishery","Model 26.0",1977,13,1.18394090340236,0.99979569093449
"Fishery","Model 26.0",1977,14,1.18394090340236,0.99979569093449
"Fishery","Model 26.0",1977,15,1.18394090340236,0.99979569093449
"Fishery","Model 26.0",1978,1,0.00669375263028042,0.00546247373427219
"Fishery","Model 26.0",1978,2,0.212282669143873,0.173234442395434
"Fishery","Model 26.0",1978,3,0.810663338829668,0.661546286557193
"Fishery","Model 26.0",1978,4,1.01503821932358,0.828327534431938
"Fishery","Model 26.0",1978,5,1.1306753004669,0.92269381196598
"Fishery","Model 26.0",1978,6,1.1135952327516,0.908755528550437
"Fishery","Model 26.0",1978,7,1.11727328033547,0.911757019557047
"Fishery","Model 26.0",1978,8,1.11633466510756,0.910991057426051
"Fishery","Model 26.0",1978,9,1.14860206502045,0.937323047003929
"Fishery","Model 26.0",1978,10,1.20233510291409,0.981172188788592
"Fishery","Model 26.0",1978,11,1.22540683139272,1
"Fishery","Model 26.0",1978,12,1.22527488552095,0.999892324843975
"Fishery","Model 26.0",1978,13,1.22527488552095,0.999892324843975
"Fishery","Model 26.0",1978,14,1.22527488552095,0.999892324843975
"Fishery","Model 26.0",1978,15,1.22527488552095,0.999892324843975
"Fishery","Model 26.0",1979,1,0.00538959683794445,0.00433180912679906
"Fishery","Model 26.0",1979,2,0.135605623614308,0.108991023944896
"Fishery","Model 26.0",1979,3,0.638070415575662,0.51283970449732
"Fishery","Model 26.0",1979,4,0.907698267776115,0.72954912193987
"Fishery","Model 26.0",1979,5,1.15746413792366,0.930294763664099
"Fishery","Model 26.0",1979,6,1.1784323948161,0.94714769150098
"Fishery","Model 26.0",1979,7,1.16151386688861,0.933549673710047
"Fishery","Model 26.0",1979,8,1.16476609026133,0.936163600375057
"Fishery","Model 26.0",1979,9,1.20067500416209,0.965024861364679
"Fishery","Model 26.0",1979,10,1.23382214673042,0.991666389297509
"Fishery","Model 26.0",1979,11,1.24419074806443,1
"Fishery","Model 26.0",1979,12,1.24309292683733,0.999117642348003
"Fishery","Model 26.0",1979,13,1.24309292683733,0.999117642348003
"Fishery","Model 26.0",1979,14,1.24309292683733,0.999117642348003
"Fishery","Model 26.0",1979,15,1.24309292683733,0.999117642348003
"Fishery","Model 26.0",1980,1,0.00422905018809264,0.00337414059080351
"Fishery","Model 26.0",1980,2,0.0779401094485974,0.0621843854401711
"Fishery","Model 26.0",1980,3,0.455477341738815,0.363401832231591
"Fishery","Model 26.0",1980,4,0.90560877010654,0.722538436457351
"Fishery","Model 26.0",1980,5,1.20032919078603,0.957680629177905
"Fishery","Model 26.0",1980,6,1.25337106569277,1
"Fishery","Model 26.0",1980,7,1.2323757060528,0.98324888756837
"Fishery","Model 26.0",1980,8,1.22011327701276,0.973465329150844
"Fishery","Model 26.0",1980,9,1.22009798566809,0.973453128977179
"Fishery","Model 26.0",1980,10,1.24132714215173,0.990390775827922
"Fishery","Model 26.0",1980,11,1.24120245439308,0.990291293909065
"Fishery","Model 26.0",1980,12,1.23698197669017,0.98692399286117
"Fishery","Model 26.0",1980,13,1.23698197669017,0.98692399286117
"Fishery","Model 26.0",1980,14,1.23698197669017,0.98692399286117
"Fishery","Model 26.0",1980,15,1.23698197669017,0.98692399286117
"Fishery","Model 26.0",1981,1,0.00347452518718684,0.00271139701197388
"Fishery","Model 26.0",1981,2,0.0569979387307819,0.0444791827479712
"Fishery","Model 26.0",1981,3,0.329967845993293,0.257495278771615
"Fishery","Model 26.0",1981,4,0.856570266551748,0.668437250027392
"Fishery","Model 26.0",1981,5,1.28145202338237,1
"Fishery","Model 26.0",1981,6,1.27737154765794,0.996815740542778
"Fishery","Model 26.0",1981,7,1.26459420992367,0.986844756455103
"Fishery","Model 26.0",1981,8,1.25586025140811,0.980029083018881
"Fishery","Model 26.0",1981,9,1.24853267256088,0.974310898714262
"Fishery","Model 26.0",1981,10,1.24414332606009,0.970885607387934
"Fishery","Model 26.0",1981,11,1.23973932375778,0.967448879190588
"Fishery","Model 26.0",1981,12,1.23532401719654,0.96400332954793
"Fishery","Model 26.0",1981,13,1.23532401719654,0.96400332954793
"Fishery","Model 26.0",1981,14,1.23532401719654,0.96400332954793
"Fishery","Model 26.0",1981,15,1.23532401719654,0.96400332954793
"Fishery","Model 26.0",1982,1,0.00298287441322451,0.00228703919112504
"Fishery","Model 26.0",1982,2,0.0496268724617319,0.0380500773850052
"Fishery","Model 26.0",1982,3,0.233226099482045,0.178819875065426
"Fishery","Model 26.0",1982,4,0.805372813499214,0.61749806823017
"Fishery","Model 26.0",1982,5,1.2972399622928,0.994624051520162
"Fishery","Model 26.0",1982,6,1.30425155143808,1
"Fishery","Model 26.0",1982,7,1.28789707842234,0.987460645151083
"Fishery","Model 26.0",1982,8,1.28094702540234,0.982131877849762
"Fishery","Model 26.0",1982,9,1.2703356736482,0.973995907651039
"Fishery","Model 26.0",1982,10,1.25779496106451,0.964380651629403
"Fishery","Model 26.0",1982,11,1.24796107829239,0.956840784982303
"Fishery","Model 26.0",1982,12,1.24059100239578,0.951189976372193
"Fishery","Model 26.0",1982,13,1.24059100239578,0.951189976372193
"Fishery","Model 26.0",1982,14,1.24059100239578,0.951189976372193
"Fishery","Model 26.0",1982,15,1.24059100239578,0.951189976372193
"Fishery","Model 26.0",1983,1,0.0025687322135735,0.0018954614605713
"Fishery","Model 26.0",1983,2,0.053680399092921,0.0396106402726852
"Fishery","Model 26.0",1983,3,0.20738133185017,0.153026197159378
"Fishery","Model 26.0",1983,4,0.653489673851288,0.482208493793618
"Fishery","Model 26.0",1983,5,1.17881761943203,0.869846749641302
"Fishery","Model 26.0",1983,6,1.35520149948038,1
"Fishery","Model 26.0",1983,7,1.32146044858611,0.975102557879987
"Fishery","Model 26.0",1983,8,1.30599308909627,0.963689229680622
"Fishery","Model 26.0",1983,9,1.2953343325442,0.955824158282631
"Fishery","Model 26.0",1983,10,1.28474944790563,0.948013596795923
"Fishery","Model 26.0",1983,11,1.27474852757738,0.94063394120074
"Fishery","Model 26.0",1983,12,1.26664372459251,0.934653426134913
"Fishery","Model 26.0",1983,13,1.26664372459251,0.934653426134913
"Fishery","Model 26.0",1983,14,1.26664372459251,0.934653426134913
"Fishery","Model 26.0",1983,15,1.26664372459251,0.934653426134913
"Fishery","Model 26.0",1984,1,0.00223222172424889,0.00164258006224952
"Fishery","Model 26.0",1984,2,0.0447779162778174,0.0329498238046984
"Fishery","Model 26.0",1984,3,0.21169965169638,0.1557791608621
"Fishery","Model 26.0",1984,4,0.584709031973444,0.430258064287931
"Fishery","Model 26.0",1984,5,1.18129668910525,0.869257013336597
"Fishery","Model 26.0",1984,6,1.35897285955843,1
"Fishery","Model 26.0",1984,7,1.34430734767755,0.989208385010982
"Fishery","Model 26.0",1984,8,1.31565397600883,0.968123805236494
"Fishery","Model 26.0",1984,9,1.30169092269038,0.957849094288271
"Fishery","Model 26.0",1984,10,1.28926768238356,0.948707454542158
"Fishery","Model 26.0",1984,11,1.27960442307322,0.941596746449377
"Fishery","Model 26.0",1984,12,1.27144681945772,0.93559397490164
"Fishery","Model 26.0",1984,13,1.27144681945772,0.93559397490164
"Fishery","Model 26.0",1984,14,1.27144681945772,0.93559397490164
"Fishery","Model 26.0",1984,15,1.27144681945772,0.93559397490164
"Fishery","Model 26.0",1985,1,0.00193687258676543,0.0013652597747731
"Fishery","Model 26.0",1985,2,0.0459359003401888,0.0323792268944126
"Fishery","Model 26.0",1985,3,0.237409367254311,0.16734475023364
"Fishery","Model 26.0",1985,4,0.524258734317336,0.369538691614308
"Fishery","Model 26.0",1985,5,0.913462499665,0.643880044086424
"Fishery","Model 26.0",1985,6,1.41868428452551,1
"Fishery","Model 26.0",1985,7,1.39669759042968,0.984502052827646
"Fishery","Model 26.0",1985,8,1.36285572459923,0.960647650407326
"Fishery","Model 26.0",1985,9,1.32686787077977,0.935280587268614
"Fishery","Model 26.0",1985,10,1.31113355084892,0.924189803996769
"Fishery","Model 26.0",1985,11,1.30026090089925,0.916525907195861
"Fishery","Model 26.0",1985,12,1.29012417593851,0.909380748071094
"Fishery","Model 26.0",1985,13,1.29012417593851,0.909380748071094
"Fishery","Model 26.0",1985,14,1.29012417593851,0.909380748071094
"Fishery","Model 26.0",1985,15,1.29012417593851,0.909380748071094
"Fishery","Model 26.0",1986,1,0.00168346092573197,0.00119194561236244
"Fishery","Model 26.0",1986,2,0.0439499924045197,0.031118037733577
"Fishery","Model 26.0",1986,3,0.250544945227807,0.177394047939679
"Fishery","Model 26.0",1986,4,0.612727423094894,0.433831134639821
"Fishery","Model 26.0",1986,5,0.883750655895577,0.625724482591808
"Fishery","Model 26.0",1986,6,1.30881933113631,0.926687061919637
"Fishery","Model 26.0",1986,7,1.41236387656593,1
"Fishery","Model 26.0",1986,8,1.33501758195359,0.945236283725688
"Fishery","Model 26.0",1986,9,1.3330305731105,0.943829416220753
"Fishery","Model 26.0",1986,10,1.3138059296563,0.930217737408247
"Fishery","Model 26.0",1986,11,1.30495445146203,0.923950600205764
"Fishery","Model 26.0",1986,12,1.2998379446417,0.920327945374936
"Fishery","Model 26.0",1986,13,1.2998379446417,0.920327945374936
"Fishery","Model 26.0",1986,14,1.2998379446417,0.920327945374936
"Fishery","Model 26.0",1986,15,1.2998379446417,0.920327945374936
"Fishery","Model 26.0",1987,1,0.00144022310117745,0.000993885291409758
"Fishery","Model 26.0",1987,2,0.0395020283590317,0.0272600022418718
"Fishery","Model 26.0",1987,3,0.273018848040263,0.188407905082909
"Fishery","Model 26.0",1987,4,0.539288702999614,0.372158389416588
"Fishery","Model 26.0",1987,5,0.88072839265974,0.60778291535238
"Fishery","Model 26.0",1987,6,1.21899818351652,0.841219922011938
"Fishery","Model 26.0",1987,7,1.25184389310731,0.863886457232432
"Fishery","Model 26.0",1987,8,1.44908382649932,1
"Fishery","Model 26.0",1987,9,1.43853983180612,0.99272368202558
"Fishery","Model 26.0",1987,10,1.37211156326934,0.946882118327182
"Fishery","Model 26.0",1987,11,1.3295039345702,0.917478968612881
"Fishery","Model 26.0",1987,12,1.30148514301784,0.898143447064722
"Fishery","Model 26.0",1987,13,1.30148514301784,0.898143447064722
"Fishery","Model 26.0",1987,14,1.30148514301784,0.898143447064722
"Fishery","Model 26.0",1987,15,1.30148514301784,0.898143447064722
"Fishery","Model 26.0",1988,1,0.00123949528045542,0.000867990970863621
"Fishery","Model 26.0",1988,2,0.0354756242982468,0.0248427904988185
"Fishery","Model 26.0",1988,3,0.427717550923764,0.299521085828838
"Fishery","Model 26.0",1988,4,0.56196328050185,0.393530383797254
"Fishery","Model 26.0",1988,5,0.978344725454359,0.685113046799514
"Fishery","Model 26.0",1988,6,1.16998406544373,0.81931381335017
"Fishery","Model 26.0",1988,7,1.42800480887741,1
"Fishery","Model 26.0",1988,8,1.35187454323096,0.946687668575644
"Fishery","Model 26.0",1988,9,1.34792282263836,0.943920366555344
"Fishery","Model 26.0",1988,10,1.28496440823561,0.899831989533535
"Fishery","Model 26.0",1988,11,1.28330602266798,0.898670659013269
"Fishery","Model 26.0",1988,12,1.28230066311182,0.897966628081504
"Fishery","Model 26.0",1988,13,1.28230066311182,0.897966628081504
"Fishery","Model 26.0",1988,14,1.28230066311182,0.897966628081504
"Fishery","Model 26.0",1988,15,1.28230066311182,0.897966628081504
"Fishery","Model 26.0",1989,1,0.0010417437160648,0.000669767773262319
"Fishery","Model 26.0",1989,2,0.031320425598638,0.0201368257733008
"Fishery","Model 26.0",1989,3,0.276255474485997,0.177612795877428
"Fishery","Model 26.0",1989,4,0.617935979260253,0.397289274190413
"Fishery","Model 26.0",1989,5,0.96132396571888,0.618063542860077
"Fishery","Model 26.0",1989,6,1.1877348018178,0.76362974997795
"Fishery","Model 26.0",1989,7,1.55538047313124,1
"Fishery","Model 26.0",1989,8,1.43368619447451,0.921759157480135
"Fishery","Model 26.0",1989,9,1.32720049356009,0.853296358342608
"Fishery","Model 26.0",1989,10,1.30913542261407,0.841681791194513
"Fishery","Model 26.0",1989,11,1.28284530187821,0.824779096844145
"Fishery","Model 26.0",1989,12,1.25403493093606,0.806256059272415
"Fishery","Model 26.0",1989,13,1.25403493093606,0.806256059272415
"Fishery","Model 26.0",1989,14,1.25403493093606,0.806256059272415
"Fishery","Model 26.0",1989,15,1.25403493093606,0.806256059272415
"Fishery","Model 26.0",1990,1,0.000866182452408974,0.000610925056231514
"Fishery","Model 26.0",1990,2,0.027892491863433,0.019672786158059
"Fishery","Model 26.0",1990,3,0.184152343728514,0.129884045370141
"Fishery","Model 26.0",1990,4,0.597744591637729,0.421593796137009
"Fishery","Model 26.0",1990,5,1.04915506781708,0.739977030265557
"Fishery","Model 26.0",1990,6,1.1859431559538,0.836454706769292
"Fishery","Model 26.0",1990,7,1.4051543234148,0.991066006542487
"Fishery","Model 26.0",1990,8,1.41782112809714,1
"Fishery","Model 26.0",1990,9,1.32638996589981,0.93551290752731
"Fishery","Model 26.0",1990,10,1.22836272916351,0.86637355363162
"Fishery","Model 26.0",1990,11,1.37921451759027,0.972770464664551
"Fishery","Model 26.0",1990,12,1.29932587559538,0.916424399274685
"Fishery","Model 26.0",1990,13,1.29932587559538,0.916424399274685
"Fishery","Model 26.0",1990,14,1.29932587559538,0.916424399274685
"Fishery","Model 26.0",1990,15,1.29932587559538,0.916424399274685
"Fishery","Model 26.0",1991,1,0.000699764418567091,0.00042283437386995
"Fishery","Model 26.0",1991,2,0.0233372641332139,0.0141015993465507
"Fishery","Model 26.0",1991,3,0.109871386490568,0.0663900559678267
"Fishery","Model 26.0",1991,4,0.380408908523016,0.229863020156489
"Fishery","Model 26.0",1991,5,0.742665562199355,0.448757495601688
"Fishery","Model 26.0",1991,6,0.955093041847424,0.577117323518762
"Fishery","Model 26.0",1991,7,1.37387364513383,0.830166534769148
"Fishery","Model 26.0",1991,8,1.16385975745768,0.703265125747269
"Fishery","Model 26.0",1991,9,1.30841588936977,0.790613524585941
"Fishery","Model 26.0",1991,10,1.13157752166198,0.683758505236684
"Fishery","Model 26.0",1991,11,1.65493739821237,1
"Fishery","Model 26.0",1991,12,1.53881496513806,0.929832733733773
"Fishery","Model 26.0",1991,13,1.53881496513806,0.929832733733773
"Fishery","Model 26.0",1991,14,1.53881496513806,0.929832733733773
"Fishery","Model 26.0",1991,15,1.53881496513806,0.929832733733773
"Fishery","Model 26.0",1992,1,0.000621355934619159,0.000417248330118774
"Fishery","Model 26.0",1992,2,0.0221757128801397,0.014891270289553
"Fishery","Model 26.0",1992,3,0.185414062374288,0.12450787639717
"Fishery","Model 26.0",1992,4,0.30080529207635,0.201994539388563
"Fishery","Model 26.0",1992,5,0.536946436924605,0.360566290088362
"Fishery","Model 26.0",1992,6,0.917514922955144,0.616122818070024
"Fishery","Model 26.0",1992,7,1.30764424125764,0.878099565249339
"Fishery","Model 26.0",1992,8,1.44080914884244,0.967521476628098
"Fishery","Model 26.0",1992,9,1.44708616143625,0.97173656958365
"Fishery","Model 26.0",1992,10,1.41957563493949,0.953262904809695
"Fishery","Model 26.0",1992,11,1.48917536576428,1
"Fishery","Model 26.0",1992,12,1.48305791615369,0.995892055595851
"Fishery","Model 26.0",1992,13,1.48305791615369,0.995892055595851
"Fishery","Model 26.0",1992,14,1.48305791615369,0.995892055595851
"Fishery","Model 26.0",1992,15,1.48305791615369,0.995892055595851
"Fishery","Model 26.0",1993,1,0.00056261771491553,0.000385978933817646
"Fishery","Model 26.0",1993,2,0.0140626831317816,0.00964758004933313
"Fishery","Model 26.0",1993,3,0.182445312856426,0.125165001864406
"Fishery","Model 26.0",1993,4,0.688946975898701,0.472646011962486
"Fishery","Model 26.0",1993,5,0.560952242999917,0.384836351461546
"Fishery","Model 26.0",1993,6,0.96421025146038,0.661487960596117
"Fishery","Model 26.0",1993,7,1.43677324756252,0.985685646807545
"Fishery","Model 26.0",1993,8,1.45763839842445,1
"Fishery","Model 26.0",1993,9,1.43470261098329,0.984265104798312
"Fishery","Model 26.0",1993,10,1.35401000716427,0.928906653822928
"Fishery","Model 26.0",1993,11,1.30749613398436,0.896996220322969
"Fishery","Model 26.0",1993,12,1.39954987945475,0.960148882581243
"Fishery","Model 26.0",1993,13,1.39954987945475,0.960148882581243
"Fishery","Model 26.0",1993,14,1.39954987945475,0.960148882581243
"Fishery","Model 26.0",1993,15,1.39954987945475,0.960148882581243
"Fishery","Model 26.0",1994,1,0.000536752464237019,0.000377399139611341
"Fishery","Model 26.0",1994,2,0.0137882055918664,0.00969470523913015
"Fishery","Model 26.0",1994,3,0.0813503716192374,0.0571987318210165
"Fishery","Model 26.0",1994,4,0.490617658432392,0.344961028606946
"Fishery","Model 26.0",1994,5,1.34111039605449,0.942955912301674
"Fishery","Model 26.0",1994,6,1.23179036979416,0.866091274313316
"Fishery","Model 26.0",1994,7,1.42224082648886,1
"Fishery","Model 26.0",1994,8,1.37290417892012,0.965310623454295
"Fishery","Model 26.0",1994,9,1.33116844797139,0.935965571497261
"Fishery","Model 26.0",1994,10,1.29047528570493,0.907353566055879
"Fishery","Model 26.0",1994,11,1.28886525802753,0.906221530153512
"Fishery","Model 26.0",1994,12,1.28378806223269,0.902651673558005
"Fishery","Model 26.0",1994,13,1.28378806223269,0.902651673558005
"Fishery","Model 26.0",1994,14,1.28378806223269,0.902651673558005
"Fishery","Model 26.0",1994,15,1.28378806223269,0.902651673558005
"Fishery","Model 26.0",1995,1,0.000501304880537797,0.000280252517014005
"Fishery","Model 26.0",1995,2,0.0154642343673826,0.00864521925360888
"Fishery","Model 26.0",1995,3,0.0562215956500521,0.0314304613882226
"Fishery","Model 26.0",1995,4,0.226930443871139,0.126864569947464
"Fishery","Model 26.0",1995,5,0.853947713271662,0.477396102319999
"Fishery","Model 26.0",1995,6,1.788761385193,1
"Fishery","Model 26.0",1995,7,1.56716180163889,0.876115626495256
"Fishery","Model 26.0",1995,8,1.51081640200154,0.844615952976044
"Fishery","Model 26.0",1995,9,1.40794177901044,0.787104300587598
"Fishery","Model 26.0",1995,10,1.33204483399337,0.744674412708012
"Fishery","Model 26.0",1995,11,1.28586903877015,0.718860016441716
"Fishery","Model 26.0",1995,12,1.23858486683796,0.692425986546171
"Fishery","Model 26.0",1995,13,1.23858486683796,0.692425986546171
"Fishery","Model 26.0",1995,14,1.23858486683796,0.692425986546171
"Fishery","Model 26.0",1995,15,1.23858486683796,0.692425986546171
"Fishery","Model 26.0",1996,1,0.000467282932588979,0.00023961960326544
"Fishery","Model 26.0",1996,2,0.0241658038148727,0.0123920646761641
"Fishery","Model 26.0",1996,3,0.0699709867874433,0.0358806601413927
"Fishery","Model 26.0",1996,4,0.097495183744544,0.0499948866519115
"Fishery","Model 26.0",1996,5,0.384645468994571,0.197243657429704
"Fishery","Model 26.0",1996,6,1.18033229300098,0.605266608397741
"Fishery","Model 26.0",1996,7,1.95010310601067,1
"Fishery","Model 26.0",1996,8,1.92991828325791,0.989649356133759
"Fishery","Model 26.0",1996,9,1.64935486395032,0.845778286730906
"Fishery","Model 26.0",1996,10,1.44938228554094,0.743233668555066
"Fishery","Model 26.0",1996,11,1.32198094903627,0.677903104180293
"Fishery","Model 26.0",1996,12,1.23554587323222,0.633579767871751
"Fishery","Model 26.0",1996,13,1.23554587323222,0.633579767871751
"Fishery","Model 26.0",1996,14,1.23554587323222,0.633579767871751
"Fishery","Model 26.0",1996,15,1.23554587323222,0.633579767871751
"Fishery","Model 26.0",1997,1,0.000456063828346856,0.000259289044474821
"Fishery","Model 26.0",1997,2,0.0366003316789659,0.0208086334382191
"Fishery","Model 26.0",1997,3,0.0887870379600111,0.0504786935588589
"Fishery","Model 26.0",1997,4,0.203806504568986,0.115871486714914
"Fishery","Model 26.0",1997,5,0.41651241440018,0.236802612329928
"Fishery","Model 26.0",1997,6,0.860591284528024,0.489277767670102
"Fishery","Model 26.0",1997,7,1.4106744922665,0.80202028406997
"Fishery","Model 26.0",1997,8,1.56834614399112,0.891662411718275
"Fishery","Model 26.0",1997,9,1.75890126507502,1
"Fishery","Model 26.0",1997,10,1.60846275087689,0.91447017681705
"Fishery","Model 26.0",1997,11,1.48094915429888,0.841974011676952
"Fishery","Model 26.0",1997,12,1.39147813913177,0.791106451943125
"Fishery","Model 26.0",1997,13,1.39147813913177,0.791106451943125
"Fishery","Model 26.0",1997,14,1.39147813913177,0.791106451943125
"Fishery","Model 26.0",1997,15,1.39147813913177,0.791106451943125
"Fishery","Model 26.0",1998,1,0.000435312124670291,0.000258001251396984
"Fishery","Model 26.0",1998,2,0.0258660651605145,0.0153303269124039
"Fishery","Model 26.0",1998,3,0.120518347199961,0.0714289417448155
"Fishery","Model 26.0",1998,4,0.264277203219966,0.156632092887578
"Fishery","Model 26.0",1998,5,0.511542378243248,0.303181478874058
"Fishery","Model 26.0",1998,6,1.16880713849957,0.69272985355741
"Fishery","Model 26.0",1998,7,1.14905653814534,0.681024046807619
"Fishery","Model 26.0",1998,8,1.5044340869565,0.891649589069085
"Fishery","Model 26.0",1998,9,1.68724811338407,1
"Fishery","Model 26.0",1998,10,1.58015408446749,0.936527397442581
"Fishery","Model 26.0",1998,11,1.45709174066244,0.863590677093711
"Fishery","Model 26.0",1998,12,1.38264224798406,0.819465872870899
"Fishery","Model 26.0",1998,13,1.38264224798406,0.819465872870899
"Fishery","Model 26.0",1998,14,1.38264224798406,0.819465872870899
"Fishery","Model 26.0",1998,15,1.38264224798406,0.819465872870899
"Fishery","Model 26.0",1999,1,0.000419916354988345,0.00026428648465421
"Fishery","Model 26.0",1999,2,0.0197542749884965,0.0124329234419727
"Fishery","Model 26.0",1999,3,0.296902126995205,0.186863927774613
"Fishery","Model 26.0",1999,4,0.453338292306159,0.285321546087584
"Fishery","Model 26.0",1999,5,0.638698892111903,0.401983592550184
"Fishery","Model 26.0",1999,6,0.981948600077736,0.618017708866974
"Fishery","Model 26.0",1999,7,1.58886806314655,1
"Fishery","Model 26.0",1999,8,1.47072314714497,0.925642085241736
"Fishery","Model 26.0",1999,9,1.41450252479441,0.890258012986407
"Fishery","Model 26.0",1999,10,1.35752881521693,0.854399963536631
"Fishery","Model 26.0",1999,11,1.33775846021323,0.841956919672718
"Fishery","Model 26.0",1999,12,1.35988922166236,0.855885553498553
"Fishery","Model 26.0",1999,13,1.35988922166236,0.855885553498553
"Fishery","Model 26.0",1999,14,1.35988922166236,0.855885553498553
"Fishery","Model 26.0",1999,15,1.35988922166236,0.855885553498553
"Fishery","Model 26.0",2000,1,0.000391389241038307,0.00021490087720631
"Fishery","Model 26.0",2000,2,0.0168198090889283,0.00923528638156815
"Fishery","Model 26.0",2000,3,0.167730909920744,0.092096347822327
"Fishery","Model 26.0",2000,4,0.600580583767411,0.329761988199523
"Fishery","Model 26.0",2000,5,0.956287829513127,0.525070880535461
"Fishery","Model 26.0",2000,6,0.963886593284375,0.529243149031633
"Fishery","Model 26.0",2000,7,1.49936540803126,0.823259578070976
"Fishery","Model 26.0",2000,8,1.82125473905145,1
"Fishery","Model 26.0",2000,9,1.43200438399538,0.786273525218773
"Fishery","Model 26.0",2000,10,1.27997643422943,0.702799233289063
"Fishery","Model 26.0",2000,11,1.25401901176433,0.688546739165904
"Fishery","Model 26.0",2000,12,1.25192072702813,0.687394629748585
"Fishery","Model 26.0",2000,13,1.25192072702813,0.687394629748585
"Fishery","Model 26.0",2000,14,1.25192072702813,0.687394629748585
"Fishery","Model 26.0",2000,15,1.25192072702813,0.687394629748585
"Fishery","Model 26.0",2001,1,0.000362344697009071,0.000217208019725375
"Fishery","Model 26.0",2001,2,0.0127732600862602,0.00765694807092564
"Fishery","Model 26.0",2001,3,0.0998822277105091,0.0598745367762773
"Fishery","Model 26.0",2001,4,0.413949571560385,0.248142631717742
"Fishery","Model 26.0",2001,5,1.15894445121207,0.694730822052527
"Fishery","Model 26.0",2001,6,1.6681920744326,1
"Fishery","Model 26.0",2001,7,1.59528244345227,0.956294222890893
"Fishery","Model 26.0",2001,8,1.53698209937067,0.921346002613903
"Fishery","Model 26.0",2001,9,1.38612119021914,0.830912226153935
"Fishery","Model 26.0",2001,10,1.25818465176349,0.754220494778116
"Fishery","Model 26.0",2001,11,1.21910233310175,0.730792545886181
"Fishery","Model 26.0",2001,12,1.16255583809846,0.696895672816259
"Fishery","Model 26.0",2001,13,1.16255583809846,0.696895672816259
"Fishery","Model 26.0",2001,14,1.16255583809846,0.696895672816259
"Fishery","Model 26.0",2001,15,1.16255583809846,0.696895672816259
"Fishery","Model 26.0",2002,1,0.000348677924498522,0.000192032024577342
"Fishery","Model 26.0",2002,2,0.0152827947284199,0.0084168965302845
"Fishery","Model 26.0",2002,3,0.109145613718819,0.0601112135398469
"Fishery","Model 26.0",2002,4,0.414831788667003,0.228465820861287
"Fishery","Model 26.0",2002,5,0.938090943253746,0.516647285112106
"Fishery","Model 26.0",2002,6,1.81572800300343,1
"Fishery","Model 26.0",2002,7,1.75978099733109,0.969187562465418
"Fishery","Model 26.0",2002,8,1.65389633354214,0.910872295193114
"Fishery","Model 26.0",2002,9,1.46523499892578,0.806968332537752
"Fishery","Model 26.0",2002,10,1.25026601538526,0.688575608966306
"Fishery","Model 26.0",2002,11,1.14724460674933,0.631837260234819
"Fishery","Model 26.0",2002,12,1.10753730669262,0.60996873147334
"Fishery","Model 26.0",2002,13,1.10753730669262,0.60996873147334
"Fishery","Model 26.0",2002,14,1.10753730669262,0.60996873147334
"Fishery","Model 26.0",2002,15,1.10753730669262,0.60996873147334
"Fishery","Model 26.0",2003,1,0.000335092053232482,0.000178934444790196
"Fishery","Model 26.0",2003,2,0.011577070382503,0.00618199280229717
"Fishery","Model 26.0",2003,3,0.220505146567483,0.117746647805638
"Fishery","Model 26.0",2003,4,0.400932480961982,0.214092307433848
"Fishery","Model 26.0",2003,5,0.994834764610683,0.531227776207801
"Fishery","Model 26.0",2003,6,1.55943895089681,0.832718472942518
"Fishery","Model 26.0",2003,7,1.87270848620222,1
"Fishery","Model 26.0",2003,8,1.77074084422134,0.945550712920797
"Fishery","Model 26.0",2003,9,1.50754349261231,0.805007027906169
"Fishery","Model 26.0",2003,10,1.26752757743984,0.676841904000944
"Fishery","Model 26.0",2003,11,1.09475334875208,0.584582895211946
"Fishery","Model 26.0",2003,12,1.07477568632488,0.573915104376167
"Fishery","Model 26.0",2003,13,1.07477568632488,0.573915104376167
"Fishery","Model 26.0",2003,14,1.07477568632488,0.573915104376167
"Fishery","Model 26.0",2003,15,1.07477568632488,0.573915104376167
"Fishery","Model 26.0",2004,1,0.000316772706944885,0.000177742674165174
"Fishery","Model 26.0",2004,2,0.0100524298567007,0.00564046625676844
"Fishery","Model 26.0",2004,3,0.109268556031256,0.0613111070662467
"Fishery","Model 26.0",2004,4,0.803337867387116,0.450756702446519
"Fishery","Model 26.0",2004,5,0.993614076119318,0.557521589157408
"Fishery","Model 26.0",2004,6,1.33564493307552,0.74943673155943
"Fishery","Model 26.0",2004,7,1.7821983855746,1
"Fishery","Model 26.0",2004,8,1.75349889903683,0.9838965814524
"Fishery","Model 26.0",2004,9,1.53250025020217,0.859893187316558
"Fishery","Model 26.0",2004,10,1.2928558329346,0.725427563732067
"Fishery","Model 26.0",2004,11,1.14141512452834,0.640453461167473
"Fishery","Model 26.0",2004,12,1.06132421813665,0.595514072242002
"Fishery","Model 26.0",2004,13,1.06132421813665,0.595514072242002
"Fishery","Model 26.0",2004,14,1.06132421813665,0.595514072242002
"Fishery","Model 26.0",2004,15,1.06132421813665,0.595514072242002
"Fishery","Model 26.0",2005,1,0.000301310190094969,0.000175250390837079
"Fishery","Model 26.0",2005,2,0.0111830188474809,0.00650435494113802
"Fishery","Model 26.0",2005,3,0.108991148313958,0.0633922846545047
"Fishery","Model 26.0",2005,4,0.57390434590758,0.333798737081215
"Fishery","Model 26.0",2005,5,1.53163788012937,0.890843210543078
"Fishery","Model 26.0",2005,6,1.71931251425899,1
"Fishery","Model 26.0",2005,7,1.60291577078776,0.93230041513343
"Fishery","Model 26.0",2005,8,1.49909695987545,0.871916505837537
"Fishery","Model 26.0",2005,9,1.44632404916277,0.841222312504436
"Fishery","Model 26.0",2005,10,1.30121328465712,0.756821854005949
"Fishery","Model 26.0",2005,11,1.14430703039339,0.665560810442061
"Fishery","Model 26.0",2005,12,1.01520317186901,0.590470413871529
"Fishery","Model 26.0",2005,13,1.01520317186901,0.590470413871529
"Fishery","Model 26.0",2005,14,1.01520317186901,0.590470413871529
"Fishery","Model 26.0",2005,15,1.01520317186901,0.590470413871529
"Fishery","Model 26.0",2006,1,0.000287504629971263,0.000169788072402024
"Fishery","Model 26.0",2006,2,0.0126552031870708,0.00747362766019966
"Fishery","Model 26.0",2006,3,0.195866559517936,0.115670504478104
"Fishery","Model 26.0",2006,4,0.547849503581518,0.323536741612854
"Fishery","Model 26.0",2006,5,1.16552330988541,0.688308762696625
"Fishery","Model 26.0",2006,6,1.69331464751252,1
"Fishery","Model 26.0",2006,7,1.57189829376311,0.928296637646306
"Fishery","Model 26.0",2006,8,1.50957779132624,0.891492785197257
"Fishery","Model 26.0",2006,9,1.38863780490157,0.820070745234198
"Fishery","Model 26.0",2006,10,1.30235515660932,0.76911586309283
"Fishery","Model 26.0",2006,11,1.20418016965939,0.711137868811524
"Fishery","Model 26.0",2006,12,1.10196351385649,0.650773035876866
"Fishery","Model 26.0",2006,13,1.10196351385649,0.650773035876866
"Fishery","Model 26.0",2006,14,1.10196351385649,0.650773035876866
"Fishery","Model 26.0",2006,15,1.10196351385649,0.650773035876866
"Fishery","Model 26.0",2007,1,0.00026831307149613,0.000160269013954925
"Fishery","Model 26.0",2007,2,0.0121723952023221,0.00727082644787941
"Fishery","Model 26.0",2007,3,0.181948554485153,0.108681680155415
"Fishery","Model 26.0",2007,4,0.541402874391589,0.323391269561586
"Fishery","Model 26.0",2007,5,1.08816358639928,0.649982887681945
"Fishery","Model 26.0",2007,6,1.67414189976605,1
"Fishery","Model 26.0",2007,7,1.58323653264217,0.945700321378618
"Fishery","Model 26.0",2007,8,1.39897892218942,0.835639393760418
"Fishery","Model 26.0",2007,9,1.32080284850797,0.788943188562776
"Fishery","Model 26.0",2007,10,1.27230509518632,0.75997446534497
"Fishery","Model 26.0",2007,11,1.22967480168574,0.73451049869642
"Fishery","Model 26.0",2007,12,1.17422604411812,0.701389795143537
"Fishery","Model 26.0",2007,13,1.17422604411812,0.701389795143537
"Fishery","Model 26.0",2007,14,1.17422604411812,0.701389795143537
"Fishery","Model 26.0",2007,15,1.17422604411812,0.701389795143537
"Fishery","Model 26.0",2008,1,0.000239974103038126,0.000151977369157118
"Fishery","Model 26.0",2008,2,0.00978462131119482,0.0061966728336424
"Fishery","Model 26.0",2008,3,0.0968950896288203,0.0613643748204433
"Fishery","Model 26.0",2008,4,0.430429279203299,0.272594036745369
"Fishery","Model 26.0",2008,5,0.909084631925263,0.575730001496111
"Fishery","Model 26.0",2008,6,1.57901208824082,1
"Fishery","Model 26.0",2008,7,1.52749630417341,0.967374674043948
"Fishery","Model 26.0",2008,8,1.44020799347125,0.912094343163512
"Fishery","Model 26.0",2008,9,1.38156450613616,0.874954990164365
"Fishery","Model 26.0",2008,10,1.23861103106337,0.784421500181998
"Fishery","Model 26.0",2008,11,1.29900624580649,0.822670235066861
"Fishery","Model 26.0",2008,12,1.27191705873422,0.8055144531232
"Fishery","Model 26.0",2008,13,1.27191705873422,0.8055144531232
"Fishery","Model 26.0",2008,14,1.27191705873422,0.8055144531232
"Fishery","Model 26.0",2008,15,1.27191705873422,0.8055144531232
"Fishery","Model 26.0",2009,1,0.000220573842133184,0.000154347237780222
"Fishery","Model 26.0",2009,2,0.00663549313249686,0.00464320712921218
"Fishery","Model 26.0",2009,3,0.113058961796942,0.0791133630846444
"Fishery","Model 26.0",2009,4,0.436809891893039,0.30565909174334
"Fishery","Model 26.0",2009,5,0.756589630999827,0.529425967053108
"Fishery","Model 26.0",2009,6,1.37005656245244,0.95870137624713
"Fishery","Model 26.0",2009,7,1.38098084792322,0.96634567926525
"Fishery","Model 26.0",2009,8,1.36109432758155,0.952430024289519
"Fishery","Model 26.0",2009,9,1.33146846866041,0.931699236598999
"Fishery","Model 26.0",2009,10,1.36251977008136,0.953427482149129
"Fishery","Model 26.0",2009,11,1.42907541012988,1
"Fishery","Model 26.0",2009,12,1.36287251537668,0.953674316775779
"Fishery","Model 26.0",2009,13,1.36287251537668,0.953674316775779
"Fishery","Model 26.0",2009,14,1.36287251537668,0.953674316775779
"Fishery","Model 26.0",2009,15,1.36287251537668,0.953674316775779
"Fishery","Model 26.0",2010,1,0.000223329879095465,0.000157874864069463
"Fishery","Model 26.0",2010,2,0.00691526653476376,0.00488849395612331
"Fishery","Model 26.0",2010,3,0.0598852832876976,0.0423337038335346
"Fishery","Model 26.0",2010,4,0.660371850117426,0.466825650445199
"Fishery","Model 26.0",2010,5,0.878776445244165,0.621218765721282
"Fishery","Model 26.0",2010,6,1.04424683081626,0.738191983705025
"Fishery","Model 26.0",2010,7,1.23562110349318,0.873477004265774
"Fishery","Model 26.0",2010,8,1.41460061050126,1
"Fishery","Model 26.0",2010,9,1.39844403347472,0.988578700654727
"Fishery","Model 26.0",2010,10,1.3565930654692,0.958993694332211
"Fishery","Model 26.0",2010,11,1.33580212704609,0.944296303232016
"Fishery","Model 26.0",2010,12,1.40213001353403,0.991184369019318
"Fishery","Model 26.0",2010,13,1.40213001353403,0.991184369019318
"Fishery","Model 26.0",2010,14,1.40213001353403,0.991184369019318
"Fishery","Model 26.0",2010,15,1.40213001353403,0.991184369019318
"Fishery","Model 26.0",2011,1,0.000221138944379503,0.000154234191746174
"Fishery","Model 26.0",2011,2,0.00649770208980556,0.00453184685691878
"Fishery","Model 26.0",2011,3,0.0598693513158651,0.041756105133267
"Fishery","Model 26.0",2011,4,0.215050388879818,0.149987705723413
"Fishery","Model 26.0",2011,5,1.28103149895667,0.893460255937106
"Fishery","Model 26.0",2011,6,1.43378677500664,1
"Fishery","Model 26.0",2011,7,1.36333961476357,0.950866362090174
"Fishery","Model 26.0",2011,8,1.35035284786779,0.941808692482561
"Fishery","Model 26.0",2011,9,1.3398167021936,0.93446021789913
"Fishery","Model 26.0",2011,10,1.40920677663834,0.982856587327507
"Fishery","Model 26.0",2011,11,1.34902583038217,0.940883159126587
"Fishery","Model 26.0",2011,12,1.29795034324034,0.905260367765861
"Fishery","Model 26.0",2011,13,1.29795034324034,0.905260367765861
"Fishery","Model 26.0",2011,14,1.29795034324034,0.905260367765861
"Fishery","Model 26.0",2011,15,1.29795034324034,0.905260367765861
"Fishery","Model 26.0",2012,1,0.000223122510580389,0.000155990898285128
"Fishery","Model 26.0",2012,2,0.00835926136308244,0.00584418257770358
"Fishery","Model 26.0",2012,3,0.0735849370860708,0.051445192179187
"Fishery","Model 26.0",2012,4,0.408541723149931,0.285622415306011
"Fishery","Model 26.0",2012,5,0.443028403685037,0.309732973499131
"Fishery","Model 26.0",2012,6,1.4275767857275,0.99805700732466
"Fishery","Model 26.0",2012,7,1.40888904307663,0.984991907996729
"Fishery","Model 26.0",2012,8,1.4086175470366,0.984802097873786
"Fishery","Model 26.0",2012,9,1.37116853775845,0.95862049664497
"Fishery","Model 26.0",2012,10,1.34487921164304,0.940240927567041
"Fishery","Model 26.0",2012,11,1.38370759946375,0.967386889125834
"Fishery","Model 26.0",2012,12,1.43035595687483,1
"Fishery","Model 26.0",2012,13,1.43035595687483,1
"Fishery","Model 26.0",2012,14,1.43035595687483,1
"Fishery","Model 26.0",2012,15,1.43035595687483,1
"Fishery","Model 26.0",2013,1,0.000220665322608781,0.000146510956212101
"Fishery","Model 26.0",2013,2,0.00665584448169198,0.00441915443660618
"Fishery","Model 26.0",2013,3,0.0729772021425857,0.0484532845541385
"Fishery","Model 26.0",2013,4,0.342976214275352,0.227719392052264
"Fishery","Model 26.0",2013,5,0.712113272593306,0.472808302027345
"Fishery","Model 26.0",2013,6,0.755897700973942,0.501879015963762
"Fishery","Model 26.0",2013,7,1.16122084911497,0.770993715577548
"Fishery","Model 26.0",2013,8,1.47019681598572,0.976138610197207
"Fishery","Model 26.0",2013,9,1.4860305153687,0.986651410348811
"Fishery","Model 26.0",2013,10,1.48412770165888,0.985388035329924
"Fishery","Model 26.0",2013,11,1.48304202843012,0.98466720153058
"Fishery","Model 26.0",2013,12,1.50613529741303,1
"Fishery","Model 26.0",2013,13,1.50613529741303,1
"Fishery","Model 26.0",2013,14,1.50613529741303,1
"Fishery","Model 26.0",2013,15,1.50613529741303,1
"Fishery","Model 26.0",2014,1,0.000219726186427198,0.000146251043353709
"Fishery","Model 26.0",2014,2,0.0076959501627581,0.00512246973928362
"Fishery","Model 26.0",2014,3,0.071767978711441,0.0477691891740572
"Fishery","Model 26.0",2014,4,0.301462572151187,0.200655262925667
"Fishery","Model 26.0",2014,5,0.650271375422134,0.432824456042014
"Fishery","Model 26.0",2014,6,1.03145027338622,0.686539374769441
"Fishery","Model 26.0",2014,7,1.36060266313207,0.905625143313677
"Fishery","Model 26.0",2014,8,1.30698545406505,0.869937213280067
"Fishery","Model 26.0",2014,9,1.31573229995503,0.875759165402681
"Fishery","Model 26.0",2014,10,1.47536157715766,0.982009352147807
"Fishery","Model 26.0",2014,11,1.46888790327853,0.977700436699222
"Fishery","Model 26.0",2014,12,1.50239055659788,1
"Fishery","Model 26.0",2014,13,1.50239055659788,1
"Fishery","Model 26.0",2014,14,1.50239055659788,1
"Fishery","Model 26.0",2014,15,1.50239055659788,1
"Fishery","Model 26.0",2015,1,0.000233317241556549,0.000151040590891178
"Fishery","Model 26.0",2015,2,0.00510366907421113,0.00330391867973054
"Fishery","Model 26.0",2015,3,0.223768759614724,0.14485927164968
"Fishery","Model 26.0",2015,4,0.384635066438464,0.248997919419739
"Fishery","Model 26.0",2015,5,0.569972440744835,0.368978193242191
"Fishery","Model 26.0",2015,6,0.976898457504186,0.632406414878479
"Fishery","Model 26.0",2015,7,1.2367519975471,0.800625582786535
"Fishery","Model 26.0",2015,8,1.22384879174377,0.792272544597318
"Fishery","Model 26.0",2015,9,1.22308807234567,0.791780084174653
"Fishery","Model 26.0",2015,10,1.46336449119384,0.947325778260222
"Fishery","Model 26.0",2015,11,1.51340673771671,0.979721200192662
"Fishery","Model 26.0",2015,12,1.54473204970874,1
"Fishery","Model 26.0",2015,13,1.54473204970874,1
"Fishery","Model 26.0",2015,14,1.54473204970874,1
"Fishery","Model 26.0",2015,15,1.54473204970874,1
"Fishery","Model 26.0",2016,1,0.000246154454506613,0.000169043347443286
"Fishery","Model 26.0",2016,2,0.00508701659488222,0.00349344201559161
"Fishery","Model 26.0",2016,3,0.0504300676571778,0.0346321884186406
"Fishery","Model 26.0",2016,4,1.07210365147777,0.736253139985747
"Fishery","Model 26.0",2016,5,0.733595347339034,0.503786995980114
"Fishery","Model 26.0",2016,6,0.945712705944392,0.649455813639127
"Fishery","Model 26.0",2016,7,1.08632529249115,0.746019665673275
"Fishery","Model 26.0",2016,8,1.45616173738631,1
"Fishery","Model 26.0",2016,9,1.32645127740273,0.910923040584487
"Fishery","Model 26.0",2016,10,1.30565526492767,0.896641651408316
"Fishery","Model 26.0",2016,11,1.40965373419415,0.968061237980583
"Fishery","Model 26.0",2016,12,1.40214443753256,0.962904326856774
"Fishery","Model 26.0",2016,13,1.40214443753256,0.962904326856774
"Fishery","Model 26.0",2016,14,1.40214443753256,0.962904326856774
"Fishery","Model 26.0",2016,15,1.40214443753256,0.962904326856774
"Fishery","Model 26.0",2017,1,0.000261123878273986,0.000185121872920176
"Fishery","Model 26.0",2017,2,0.00674966996187652,0.00478512939220586
"Fishery","Model 26.0",2017,3,0.0391617237212852,0.0277634189947961
"Fishery","Model 26.0",2017,4,0.348688290682629,0.247200025762384
"Fishery","Model 26.0",2017,5,1.31364231799479,0.931297160036952
"Fishery","Model 26.0",2017,6,1.30596303099408,0.925852985411249
"Fishery","Model 26.0",2017,7,1.30309907209319,0.923822602593703
"Fishery","Model 26.0",2017,8,1.33896333442842,0.949248310339329
"Fishery","Model 26.0",2017,9,1.41055119070982,1
"Fishery","Model 26.0",2017,10,1.35787397380948,0.962654870488021
"Fishery","Model 26.0",2017,11,1.32150983759805,0.936874780796179
"Fishery","Model 26.0",2017,12,1.31338410853203,0.931114104317692
"Fishery","Model 26.0",2017,13,1.31338410853203,0.931114104317692
"Fishery","Model 26.0",2017,14,1.31338410853203,0.931114104317692
"Fishery","Model 26.0",2017,15,1.31338410853203,0.931114104317692
"Fishery","Model 26.0",2018,1,0.000277855937208659,0.000175241447344878
"Fishery","Model 26.0",2018,2,0.00961257359820841,0.00606257086669412
"Fishery","Model 26.0",2018,3,0.0466486308434394,0.0294209066316345
"Fishery","Model 26.0",2018,4,0.199126699526448,0.125587566638241
"Fishery","Model 26.0",2018,5,1.36450563446704,0.860582446775927
"Fishery","Model 26.0",2018,6,1.58556061604441,1
"Fishery","Model 26.0",2018,7,1.48499576372795,0.936574577282738
"Fishery","Model 26.0",2018,8,1.48429502269568,0.936132625694648
"Fishery","Model 26.0",2018,9,1.39021877128591,0.876799510039655
"Fishery","Model 26.0",2018,10,1.27933608993766,0.806866717671946
"Fishery","Model 26.0",2018,11,1.24111813137159,0.78276296649439
"Fishery","Model 26.0",2018,12,1.22857605264111,0.774852780908568
"Fishery","Model 26.0",2018,13,1.22857605264111,0.774852780908568
"Fishery","Model 26.0",2018,14,1.22857605264111,0.774852780908568
"Fishery","Model 26.0",2018,15,1.22857605264111,0.774852780908568
"Fishery","Model 26.0",2019,1,0.000290369356587976,0.000129138772925724
"Fishery","Model 26.0",2019,2,0.0153540074845745,0.00682853627996244
"Fishery","Model 26.0",2019,3,0.0556794100868334,0.0247628426784881
"Fishery","Model 26.0",2019,4,0.13814864424801,0.0614401829765228
"Fishery","Model 26.0",2019,5,0.390619669163375,0.173724064237223
"Fishery","Model 26.0",2019,6,1.73183074084523,0.770213838732121
"Fishery","Model 26.0",2019,7,2.24850639362188,1
"Fishery","Model 26.0",2019,8,1.81865534874288,0.808828186524921
"Fishery","Model 26.0",2019,9,1.55413353270006,0.691184840349362
"Fishery","Model 26.0",2019,10,1.43247206900313,0.637077160672737
"Fishery","Model 26.0",2019,11,1.1571513006233,0.514631091957611
"Fishery","Model 26.0",2019,12,1.11428962853103,0.495568805893472
"Fishery","Model 26.0",2019,13,1.11428962853103,0.495568805893472
"Fishery","Model 26.0",2019,14,1.11428962853103,0.495568805893472
"Fishery","Model 26.0",2019,15,1.11428962853103,0.495568805893472
"Fishery","Model 26.0",2020,1,0.000351270746821363,0.000211443741534633
"Fishery","Model 26.0",2020,2,0.0359389215735639,0.0216330568742137
"Fishery","Model 26.0",2020,3,0.103023621367805,0.0620139882571377
"Fishery","Model 26.0",2020,4,0.273387217254135,0.16456256783988
"Fishery","Model 26.0",2020,5,0.567711073865068,0.341727726134052
"Fishery","Model 26.0",2020,6,1.39211417206504,0.837968523847825
"Fishery","Model 26.0",2020,7,1.66129649556843,1
"Fishery","Model 26.0",2020,8,1.42649153643435,0.858661617742269
"Fishery","Model 26.0",2020,9,1.56061682740885,0.939396929790587
"Fishery","Model 26.0",2020,10,1.50785232366637,0.907635890215035
"Fishery","Model 26.0",2020,11,1.39196978986733,0.837881614498349
"Fishery","Model 26.0",2020,12,1.26981168754556,0.764349826134485
"Fishery","Model 26.0",2020,13,1.26981168754556,0.764349826134485
"Fishery","Model 26.0",2020,14,1.26981168754556,0.764349826134485
"Fishery","Model 26.0",2020,15,1.26981168754556,0.764349826134485
"Fishery","Model 26.0",2021,1,0.000389260177568196,0.000226733000841929
"Fishery","Model 26.0",2021,2,0.0656301592549629,0.0382277042737166
"Fishery","Model 26.0",2021,3,0.29699095155997,0.172988796569859
"Fishery","Model 26.0",2021,4,0.262361658028884,0.152818216346652
"Fishery","Model 26.0",2021,5,0.562279629269314,0.327511918771048
"Fishery","Model 26.0",2021,6,0.855810391360952,0.498485253223673
"Fishery","Model 26.0",2021,7,1.56697851724503,0.912720493756536
"Fishery","Model 26.0",2021,8,1.71682188354917,1
"Fishery","Model 26.0",2021,9,1.51466258772804,0.882247950263069
"Fishery","Model 26.0",2021,10,1.47687696359522,0.8602388970847
"Fishery","Model 26.0",2021,11,1.40820434186859,0.820239044808431
"Fishery","Model 26.0",2021,12,1.31824841409058,0.767842271072041
"Fishery","Model 26.0",2021,13,1.31824841409058,0.767842271072041
"Fishery","Model 26.0",2021,14,1.31824841409058,0.767842271072041
"Fishery","Model 26.0",2021,15,1.31824841409058,0.767842271072041
"Fishery","Model 26.0",2022,1,0.000416447281548909,0.000242275182196535
"Fishery","Model 26.0",2022,2,0.0856675625164242,0.049838539562089
"Fishery","Model 26.0",2022,3,0.237808298543487,0.138348961345555
"Fishery","Model 26.0",2022,4,0.497724989303604,0.289559850213927
"Fishery","Model 26.0",2022,5,0.623188540046407,0.362550372572918
"Fishery","Model 26.0",2022,6,0.835717309417597,0.4861925443501
"Fishery","Model 26.0",2022,7,1.32736668166237,0.772217802563787
"Fishery","Model 26.0",2022,8,1.71890194353908,1
"Fishery","Model 26.0",2022,9,1.4339461369291,0.834222186040885
"Fishery","Model 26.0",2022,10,1.29046997911502,0.75075252777831
"Fishery","Model 26.0",2022,11,1.42958570287839,0.83168543048767
"Fishery","Model 26.0",2022,12,1.37980160219174,0.802722695950207
"Fishery","Model 26.0",2022,13,1.37980160219174,0.802722695950207
"Fishery","Model 26.0",2022,14,1.37980160219174,0.802722695950207
"Fishery","Model 26.0",2022,15,1.37980160219174,0.802722695950207
"Fishery","Model 26.0",2023,1,0.000429728571301691,0.000304087197435616
"Fishery","Model 26.0",2023,2,0.0599655682479835,0.0424332073986343
"Fishery","Model 26.0",2023,3,0.227493099292942,0.160980078169778
"Fishery","Model 26.0",2023,4,0.503559750728977,0.356332074631942
"Fishery","Model 26.0",2023,5,1.08138277654751,0.76521478867324
"Fishery","Model 26.0",2023,6,1.05075162796501,0.743539385293678
"Fishery","Model 26.0",2023,7,0.951576815870853,0.673360689530992
"Fishery","Model 26.0",2023,8,1.41317548034122,1
"Fishery","Model 26.0",2023,9,1.40122196327607,0.991541378100997
"Fishery","Model 26.0",2023,10,1.3340515149151,0.944009808741504
"Fishery","Model 26.0",2023,11,1.39720274298264,0.98869727250382
"Fishery","Model 26.0",2023,12,1.3947972328151,0.986995070476542
"Fishery","Model 26.0",2023,13,1.3947972328151,0.986995070476542
"Fishery","Model 26.0",2023,14,1.3947972328151,0.986995070476542
"Fishery","Model 26.0",2023,15,1.3947972328151,0.986995070476542
"Fishery","Model 26.0",2024,1,0.000438306313402126,0.000312216641619513
"Fishery","Model 26.0",2024,2,0.0579627042424176,0.0412882961171258
"Fishery","Model 26.0",2024,3,0.23121418817009,0.16469969771806
"Fishery","Model 26.0",2024,4,0.526023373980463,0.374699716193385
"Fishery","Model 26.0",2024,5,1.03533551495169,0.737495599638008
"Fishery","Model 26.0",2024,6,1.02341550930944,0.729004678982947
"Fishery","Model 26.0",2024,7,1.0057235476345,0.716402248470515
"Fishery","Model 26.0",2024,8,1.37565518156265,0.979913881413619
"Fishery","Model 26.0",2024,9,1.36910842984748,0.975250465050387
"Fishery","Model 26.0",2024,10,1.36070577427878,0.969265041564287
"Fishery","Model 26.0",2024,11,1.40385314225586,1
"Fishery","Model 26.0",2024,12,1.40264108186331,0.999136618812841
"Fishery","Model 26.0",2024,13,1.40264108186331,0.999136618812841
"Fishery","Model 26.0",2024,14,1.40264108186331,0.999136618812841
"Fishery","Model 26.0",2024,15,1.40264108186331,0.999136618812841
"BTS","Model 23.2",1982,1,0.0400435,0.0412031630232905
"BTS","Model 23.2",1982,2,0.11746,0.120861651172243
"BTS","Model 23.2",1982,3,0.169507,0.174415936533742
"BTS","Model 23.2",1982,4,0.238387,0.245290706947024
"BTS","Model 23.2",1982,5,0.324325,0.333717478430424
"BTS","Model 23.2",1982,6,0.423998,0.43627701663314
"BTS","Model 23.2",1982,7,0.530263,0.545619459693061
"BTS","Model 23.2",1982,8,0.633852,0.652208405574906
"BTS","Model 23.2",1982,9,0.726385,0.747421168795756
"BTS","Model 23.2",1982,10,0.802809,0.826058414063826
"BTS","Model 23.2",1982,11,0.861943,0.886904939522871
"BTS","Model 23.2",1982,12,0.905433,0.93165441346703
"BTS","Model 23.2",1982,13,0.936236,0.963349470857278
"BTS","Model 23.2",1982,14,0.957477,0.985205611948284
"BTS","Model 23.2",1982,15,0.971855,1
"BTS","Model 23.2",1983,1,0.0408205,0.0408239700374532
"BTS","Model 23.2",1983,2,0.0540653,0.054069895941155
"BTS","Model 23.2",1983,3,0.127742,0.127752858993014
"BTS","Model 23.2",1983,4,0.272857,0.272880194816559
"BTS","Model 23.2",1983,5,0.490184,0.49022566918188
"BTS","Model 23.2",1983,6,0.711285,0.711345464364471
"BTS","Model 23.2",1983,7,0.863248,0.863321382317497
"BTS","Model 23.2",1983,8,0.941774,0.941854057594896
"BTS","Model 23.2",1983,9,0.976439,0.976522004370371
"BTS","Model 23.2",1983,10,0.990671,0.990755214193206
"BTS","Model 23.2",1983,11,0.996338,0.996422695929154
"BTS","Model 23.2",1983,12,0.998568,0.998652885495267
"BTS","Model 23.2",1983,13,0.999441,0.999525959706575
"BTS","Model 23.2",1983,14,0.999782,0.999866988694039
"BTS","Model 23.2",1983,15,0.999915,1
"BTS","Model 23.2",1984,1,0.038467,0.0384743870823198
"BTS","Model 23.2",1984,2,0.0324539,0.0324601323454103
"BTS","Model 23.2",1984,3,0.0776034,0.0776183027141211
"BTS","Model 23.2",1984,4,0.174252,0.174285462808859
"BTS","Model 23.2",1984,5,0.346104,0.346170464729228
"BTS","Model 23.2",1984,6,0.570372,0.570481532454231
"BTS","Model 23.2",1984,7,0.769049,0.769196685763667
"BTS","Model 23.2",1984,8,0.893073,0.893244502944565
"BTS","Model 23.2",1984,9,0.95444,0.954623287671233
"BTS","Model 23.2",1984,10,0.981324,0.981512450390475
"BTS","Model 23.2",1984,11,0.99247,0.99266059083344
"BTS","Model 23.2",1984,12,0.996984,0.997175457687876
"BTS","Model 23.2",1984,13,0.998795,0.99898680546665
"BTS","Model 23.2",1984,14,0.999519,0.999710944501344
"BTS","Model 23.2",1984,15,0.999808,1
"BTS","Model 23.2",1985,1,0.0813175,0.081822096871406
"BTS","Model 23.2",1985,2,0.0648403,0.0652426514313773
"BTS","Model 23.2",1985,3,0.111794,0.112487711718166
"BTS","Model 23.2",1985,4,0.185986,0.187140092953243
"BTS","Model 23.2",1985,5,0.293164,0.294983161154842
"BTS","Model 23.2",1985,6,0.429517,0.432182268047046
"BTS","Model 23.2",1985,7,0.577475,0.58105838707308
"BTS","Model 23.2",1985,8,0.712726,0.717148655760072
"BTS","Model 23.2",1985,9,0.818304,0.823381795533052
"BTS","Model 23.2",1985,10,0.891014,0.89654298056112
"BTS","Model 23.2",1985,11,0.936872,0.942685541735885
"BTS","Model 23.2",1985,12,0.964209,0.970192175144114
"BTS","Model 23.2",1985,13,0.979962,0.986042926729139
"BTS","Model 23.2",1985,14,0.988861,0.994997147408066
"BTS","Model 23.2",1985,15,0.993833,1
"BTS","Model 23.2",1986,1,0.124928,0.125533952388178
"BTS","Model 23.2",1986,2,0.0511685,0.0514166883546881
"BTS","Model 23.2",1986,3,0.0923241,0.0927719100096164
"BTS","Model 23.2",1986,4,0.160966,0.161746751569828
"BTS","Model 23.2",1986,5,0.265703,0.266991769270268
"BTS","Model 23.2",1986,6,0.405642,0.407609531207137
"BTS","Model 23.2",1986,7,0.562795,0.565524788152412
"BTS","Model 23.2",1986,8,0.708279,0.711714445629051
"BTS","Model 23.2",1986,9,0.820768,0.824749063730628
"BTS","Model 23.2",1986,10,0.896236,0.900583114694631
"BTS","Model 23.2",1986,11,0.942166,0.946735894161116
"BTS","Model 23.2",1986,12,0.968481,0.973178532777718
"BTS","Model 23.2",1986,13,0.983038,0.987806140238933
"BTS","Model 23.2",1986,14,0.990935,0.995741443949946
"BTS","Model 23.2",1986,15,0.995173,1
"BTS","Model 23.2",1987,1,0.0863172,0.08684093769524
"BTS","Model 23.2",1987,2,0.0787331,0.0792108204581833
"BTS","Model 23.2",1987,3,0.132642,0.133446817757898
"BTS","Model 23.2",1987,4,0.214853,0.216156640700062
"BTS","Model 23.2",1987,5,0.328709,0.330703472643513
"BTS","Model 23.2",1987,6,0.467011,0.469844632981512
"BTS","Model 23.2",1987,7,0.610577,0.614281733132522
"BTS","Model 23.2",1987,8,0.737231,0.7417042181396
"BTS","Model 23.2",1987,9,0.833898,0.838957754215675
"BTS","Model 23.2",1987,10,0.899835,0.905294833138659
"BTS","Model 23.2",1987,11,0.941436,0.947148251102399
"BTS","Model 23.2",1987,12,0.966404,0.972267746780835
"BTS","Model 23.2",1987,13,0.980942,0.986893957457426
"BTS","Model 23.2",1987,14,0.989259,0.995261421633874
"BTS","Model 23.2",1987,15,0.993969,1
"BTS","Model 23.2",1988,1,0.0969921,0.0975090932122111
"BTS","Model 23.2",1988,2,0.140237,0.140984499818035
"BTS","Model 23.2",1988,3,0.219052,0.220219604342222
"BTS","Model 23.2",1988,4,0.325397,0.327131450952953
"BTS","Model 23.2",1988,5,0.453397,0.455813724366592
"BTS","Model 23.2",1988,6,0.58787,0.591003500559969
"BTS","Model 23.2",1988,7,0.710392,0.714178574803609
"BTS","Model 23.2",1988,8,0.808363,0.812671785808356
"BTS","Model 23.2",1988,9,0.878844,0.883528467937002
"BTS","Model 23.2",1988,10,0.925784,0.93071867039041
"BTS","Model 23.2",1988,11,0.955459,0.960551845886892
"BTS","Model 23.2",1988,12,0.973607,0.97879657946432
"BTS","Model 23.2",1988,13,0.984481,0.989728540722913
"BTS","Model 23.2",1988,14,0.990916,0.996197840952731
"BTS","Model 23.2",1988,15,0.994698,1
"BTS","Model 23.2",1989,1,0.0515624,0.0516615902532863
"BTS","Model 23.2",1989,2,0.131028,0.131280057710805
"BTS","Model 23.2",1989,3,0.220058,0.220481324142353
"BTS","Model 23.2",1989,4,0.345529,0.346193691888426
"BTS","Model 23.2",1989,5,0.496957,0.497912992946457
"BTS","Model 23.2",1989,6,0.648945,0.650193371272844
"BTS","Model 23.2",1989,7,0.775735,0.777227276370632
"BTS","Model 23.2",1989,8,0.866176,0.867842257133697
"BTS","Model 23.2",1989,9,0.92373,0.925506973388907
"BTS","Model 23.2",1989,10,0.957739,0.959581396280859
"BTS","Model 23.2",1989,11,0.976962,0.978841375440846
"BTS","Model 23.2",1989,12,0.987555,0.989454753126002
"BTS","Model 23.2",1989,13,0.99331,0.995220823982046
"BTS","Model 23.2",1989,14,0.996414,0.998330795126643
"BTS","Model 23.2",1989,15,0.99808,1
"BTS","Model 23.2",1990,1,0.0320021,0.0320021
"BTS","Model 23.2",1990,2,0.0307821,0.0307821
"BTS","Model 23.2",1990,3,0.113839,0.113839
"BTS","Model 23.2",1990,4,0.341935,0.341935
"BTS","Model 23.2",1990,5,0.677598,0.677598
"BTS","Model 23.2",1990,6,0.894749,0.894749
"BTS","Model 23.2",1990,7,0.97174,0.97174
"BTS","Model 23.2",1990,8,0.992861,0.992861
"BTS","Model 23.2",1990,9,0.998226,0.998226
"BTS","Model 23.2",1990,10,0.999561,0.999561
"BTS","Model 23.2",1990,11,0.999891,0.999891
"BTS","Model 23.2",1990,12,0.999973,0.999973
"BTS","Model 23.2",1990,13,0.999993,0.999993
"BTS","Model 23.2",1990,14,0.999998,0.999998
"BTS","Model 23.2",1990,15,1,1
"BTS","Model 23.2",1991,1,0.0703818,0.0703820111460334
"BTS","Model 23.2",1991,2,0.0263215,0.0263215789647369
"BTS","Model 23.2",1991,3,0.0861055,0.086105758317275
"BTS","Model 23.2",1991,4,0.247203,0.247203741611225
"BTS","Model 23.2",1991,5,0.53369,0.533691601074803
"BTS","Model 23.2",1991,6,0.799556,0.799558398675196
"BTS","Model 23.2",1991,7,0.932897,0.932899798699396
"BTS","Model 23.2",1991,8,0.979779,0.979781939345818
"BTS","Model 23.2",1991,9,0.994113,0.994115982347947
"BTS","Model 23.2",1991,10,0.998304,0.998306994920985
"BTS","Model 23.2",1991,11,0.999513,0.999515998547996
"BTS","Model 23.2",1991,12,0.99986,0.999862999588999
"BTS","Model 23.2",1991,13,0.99996,0.999962999889
"BTS","Model 23.2",1991,14,0.999988,0.999990999973
"BTS","Model 23.2",1991,15,0.999997,1
"BTS","Model 23.2",1992,1,0.0475275,0.0475278326948289
"BTS","Model 23.2",1992,2,0.0321128,0.0321130247911735
"BTS","Model 23.2",1992,3,0.0966036,0.0966042762299336
"BTS","Model 23.2",1992,4,0.256311,0.256312794189559
"BTS","Model 23.2",1992,5,0.526247,0.526250683754786
"BTS","Model 23.2",1992,6,0.781666,0.781671471700302
"BTS","Model 23.2",1992,7,0.920247,0.920253441774092
"BTS","Model 23.2",1992,8,0.973815,0.973821816752717
"BTS","Model 23.2",1992,9,0.991726,0.991732942130595
"BTS","Model 23.2",1992,10,0.997418,0.997424981974874
"BTS","Model 23.2",1992,11,0.999197,0.999203994427961
"BTS","Model 23.2",1992,12,0.999751,0.999757998305988
"BTS","Model 23.2",1992,13,0.999923,0.999929999509997
"BTS","Model 23.2",1992,14,0.999976,0.999982999880999
"BTS","Model 23.2",1992,15,0.999993,1
"BTS","Model 23.2",1993,1,0.0398258,0.0398258398258398
"BTS","Model 23.2",1993,2,0.0244433,0.0244433244433244
"BTS","Model 23.2",1993,3,0.0883526,0.0883526883526884
"BTS","Model 23.2",1993,4,0.272657,0.272657272657273
"BTS","Model 23.2",1993,5,0.591835,0.591835591835592
"BTS","Model 23.2",1993,6,0.848681,0.848681848681849
"BTS","Model 23.2",1993,7,0.955935,0.955935955935956
"BTS","Model 23.2",1993,8,0.988223,0.988223988223988
"BTS","Model 23.2",1993,9,0.996928,0.996928996928997
"BTS","Model 23.2",1993,10,0.999204,0.999204999204999
"BTS","Model 23.2",1993,11,0.999794,0.999794999795
"BTS","Model 23.2",1993,12,0.999947,0.999947999948
"BTS","Model 23.2",1993,13,0.999986,0.999986999987
"BTS","Model 23.2",1993,14,0.999996,0.999996999997
"BTS","Model 23.2",1993,15,0.999999,1
"BTS","Model 23.2",1994,1,0.0570473,0.0570474711424134
"BTS","Model 23.2",1994,2,0.0156164,0.0156164468493405
"BTS","Model 23.2",1994,3,0.0554015,0.0554016662049986
"BTS","Model 23.2",1994,4,0.178197,0.178197534592604
"BTS","Model 23.2",1994,5,0.444957,0.444958334875005
"BTS","Model 23.2",1994,6,0.747717,0.747719243157729
"BTS","Model 23.2",1994,7,0.91637,0.916372749118247
"BTS","Model 23.2",1994,8,0.97591,0.975912927738783
"BTS","Model 23.2",1994,9,0.993367,0.99336998010994
"BTS","Model 23.2",1994,10,0.998197,0.998199994599984
"BTS","Model 23.2",1994,11,0.999512,0.999514998544996
"BTS","Model 23.2",1994,12,0.999868,0.999870999612999
"BTS","Model 23.2",1994,13,0.999964,0.999966999901
"BTS","Model 23.2",1994,14,0.99999,0.999992999979
"BTS","Model 23.2",1994,15,0.999997,1
"BTS","Model 23.2",1995,1,0.061664,0.0616645549809948
"BTS","Model 23.2",1995,2,0.00968732,0.00968740718666468
"BTS","Model 23.2",1995,3,0.0330179,0.0330181971637745
"BTS","Model 23.2",1995,4,0.106495,0.106495958463626
"BTS","Model 23.2",1995,5,0.293803,0.293805644250798
"BTS","Model 23.2",1995,6,0.592206,0.592211329901969
"BTS","Model 23.2",1995,7,0.835231,0.835238517146654
"BTS","Model 23.2",1995,8,0.946507,0.946515518639668
"BTS","Model 23.2",1995,9,0.984067,0.98407585668271
"BTS","Model 23.2",1995,10,0.995383,0.995391958527627
"BTS","Model 23.2",1995,11,0.998673,0.998681988137893
"BTS","Model 23.2",1995,12,0.999619,0.99962799665197
"BTS","Model 23.2",1995,13,0.999891,0.999899999099992
"BTS","Model 23.2",1995,14,0.999969,0.999977999801998
"BTS","Model 23.2",1995,15,0.999991,1
"BTS","Model 23.2",1996,1,0.0599324,0.0600008609823809
"BTS","Model 23.2",1996,2,0.0143826,0.0143990292924227
"BTS","Model 23.2",1996,3,0.0328962,0.0329337774400591
"BTS","Model 23.2",1996,4,0.0734646,0.0735485188600193
"BTS","Model 23.2",1996,5,0.155993,0.156171191329307
"BTS","Model 23.2",1996,6,0.301104,0.301447952113361
"BTS","Model 23.2",1996,7,0.501064,0.501636367094855
"BTS","Model 23.2",1996,8,0.700684,0.701484393693204
"BTS","Model 23.2",1996,9,0.845124,0.846089387991698
"BTS","Model 23.2",1996,10,0.927113,0.928172044302549
"BTS","Model 23.2",1996,11,0.967374,0.968479034578454
"BTS","Model 23.2",1996,12,0.985738,0.986864011837506
"BTS","Model 23.2",1996,13,0.993831,0.994966256498665
"BTS","Model 23.2",1996,14,0.997344,0.998483269410397
"BTS","Model 23.2",1996,15,0.998859,1
"BTS","Model 23.2",1997,1,0.0449182,0.0450819828436711
"BTS","Model 23.2",1997,2,0.021289,0.0213666249484377
"BTS","Model 23.2",1997,3,0.0430359,0.0431928195132918
"BTS","Model 23.2",1997,4,0.0850667,0.0853768741839101
"BTS","Model 23.2",1997,5,0.161231,0.161818888020177
"BTS","Model 23.2",1997,6,0.284391,0.285427959777873
"BTS","Model 23.2",1997,7,0.45104,0.452684603163292
"BTS","Model 23.2",1997,8,0.629447,0.631742119118758
"BTS","Model 23.2",1997,9,0.778365,0.781203110901907
"BTS","Model 23.2",1997,10,0.878945,0.882149850406527
"BTS","Model 23.2",1997,11,0.937543,0.940961513177373
"BTS","Model 23.2",1997,12,0.968784,0.972316425574111
"BTS","Model 23.2",1997,13,0.984654,0.98824429151106
"BTS","Model 23.2",1997,14,0.992518,0.99613696559601
"BTS","Model 23.2",1997,15,0.996367,1
"BTS","Model 23.2",1998,1,0.0372214,0.0378720802100896
"BTS","Model 23.2",1998,2,0.0296594,0.0301778862639001
"BTS","Model 23.2",1998,3,0.0517453,0.0526498775461199
"BTS","Model 23.2",1998,4,0.0887727,0.0903245663748869
"BTS","Model 23.2",1998,5,0.148156,0.15074596644957
"BTS","Model 23.2",1998,6,0.236935,0.241076942956943
"BTS","Model 23.2",1998,7,0.356639,0.362873530121009
"BTS","Model 23.2",1998,8,0.497399,0.506094204527995
"BTS","Model 23.2",1998,9,0.638573,0.64973611621265
"BTS","Model 23.2",1998,10,0.759283,0.772556289611821
"BTS","Model 23.2",1998,11,0.849199,0.864044142410759
"BTS","Model 23.2",1998,12,0.90953,0.925429809558016
"BTS","Model 23.2",1998,13,0.947224,0.963782751452709
"BTS","Model 23.2",1998,14,0.969736,0.986688291536895
"BTS","Model 23.2",1998,15,0.982819,1
"BTS","Model 23.2",1999,1,0.0314282,0.0320614129048712
"BTS","Model 23.2",1999,2,0.0473187,0.0482720734506503
"BTS","Model 23.2",1999,3,0.0779115,0.0794812547819434
"BTS","Model 23.2",1999,4,0.125674,0.128206069880133
"BTS","Model 23.2",1999,5,0.196478,0.20043662331038
"BTS","Model 23.2",1999,6,0.29377,0.299688854883958
"BTS","Model 23.2",1999,7,0.414393,0.422742157612854
"BTS","Model 23.2",1999,8,0.546236,0.557241520020403
"BTS","Model 23.2",1999,9,0.671898,0.685435348125478
"BTS","Model 23.2",1999,10,0.776969,0.792623310380005
"BTS","Model 23.2",1999,11,0.855622,0.872861004845703
"BTS","Model 23.2",1999,12,0.90976,0.928089773017088
"BTS","Model 23.2",1999,13,0.944904,0.963941851568477
"BTS","Model 23.2",1999,14,0.96686,0.986340219331803
"BTS","Model 23.2",1999,15,0.98025,1
"BTS","Model 23.2",2000,1,0.0235145,0.0235789412464265
"BTS","Model 23.2",2000,2,0.0381711,0.0382757075086211
"BTS","Model 23.2",2000,3,0.0741422,0.0743453859397734
"BTS","Model 23.2",2000,4,0.139109,0.139490226789817
"BTS","Model 23.2",2000,5,0.245883,0.246556839843292
"BTS","Model 23.2",2000,6,0.396835,0.397922522253318
"BTS","Model 23.2",2000,7,0.570368,0.571931087662582
"BTS","Model 23.2",2000,8,0.728174,0.730169553389413
"BTS","Model 23.2",2000,9,0.843882,0.846194649978391
"BTS","Model 23.2",2000,10,0.916017,0.918527335207121
"BTS","Model 23.2",2000,11,0.956538,0.959159382592626
"BTS","Model 23.2",2000,12,0.977978,0.980658138693048
"BTS","Model 23.2",2000,13,0.988964,0.991674245713535
"BTS","Model 23.2",2000,14,0.9945,0.997225417064838
"BTS","Model 23.2",2000,15,0.997267,1
"BTS","Model 23.2",2001,1,0.0355954,0.0358541955837233
"BTS","Model 23.2",2001,2,0.0501076,0.0504719062190894
"BTS","Model 23.2",2001,3,0.0880975,0.0887380109631319
"BTS","Model 23.2",2001,4,0.150332,0.151424985545669
"BTS","Model 23.2",2001,5,0.244731,0.246510311427886
"BTS","Model 23.2",2001,6,0.372426,0.375133715155996
"BTS","Model 23.2",2001,7,0.520804,0.524590494187042
"BTS","Model 23.2",2001,8,0.6656,0.670439230364773
"BTS","Model 23.2",2001,9,0.784729,0.790434355175658
"BTS","Model 23.2",2001,10,0.869725,0.876048316750304
"BTS","Model 23.2",2001,11,0.924395,0.931115793799646
"BTS","Model 23.2",2001,12,0.95725,0.964209665364602
"BTS","Model 23.2",2001,13,0.976196,0.98329341184671
"BTS","Model 23.2",2001,14,0.98686,0.994034944227434
"BTS","Model 23.2",2001,15,0.992782,1
"BTS","Model 23.2",2002,1,0.0355601,0.0355684230109846
"BTS","Model 23.2",2002,2,0.023817,0.0238225744824289
"BTS","Model 23.2",2002,3,0.0581714,0.0581850152935787
"BTS","Model 23.2",2002,4,0.135216,0.13524764794962
"BTS","Model 23.2",2002,5,0.283577,0.283643372549177
"BTS","Model 23.2",2002,6,0.500508,0.50062514628423
"BTS","Model 23.2",2002,7,0.717248,0.717415875314824
"BTS","Model 23.2",2002,8,0.865259,0.865461517995211
"BTS","Model 23.2",2002,9,0.942051,0.942271491529018
"BTS","Model 23.2",2002,10,0.976277,0.976505502287535
"BTS","Model 23.2",2002,11,0.990493,0.990724829610129
"BTS","Model 23.2",2002,12,0.996223,0.996456170743954
"BTS","Model 23.2",2002,13,0.998504,0.998737704622882
"BTS","Model 23.2",2002,14,0.999409,0.999642916442448
"BTS","Model 23.2",2002,15,0.999766,1
"BTS","Model 23.2",2003,1,0.0205081,0.0205084281348502
"BTS","Model 23.2",2003,2,0.0125936,0.012593801500824
"BTS","Model 23.2",2003,3,0.0400374,0.0400380406086497
"BTS","Model 23.2",2003,4,0.120017,0.120018920302725
"BTS","Model 23.2",2003,5,0.308431,0.30843593497496
"BTS","Model 23.2",2003,6,0.593233,0.59324249187987
"BTS","Model 23.2",2003,7,0.826662,0.826675226803629
"BTS","Model 23.2",2003,8,0.939742,0.939757036112578
"BTS","Model 23.2",2003,9,0.980768,0.980783692539081
"BTS","Model 23.2",2003,10,0.994039,0.994054904878478
"BTS","Model 23.2",2003,11,0.99817,0.998185970975536
"BTS","Model 23.2",2003,12,0.99944,0.999455991295861
"BTS","Model 23.2",2003,13,0.999829,0.99984499751996
"BTS","Model 23.2",2003,14,0.999948,0.999963999423991
"BTS","Model 23.2",2003,15,0.999984,1
"BTS","Model 23.2",2004,1,0.0383236,0.0383258228977281
"BTS","Model 23.2",2004,2,0.0149696,0.0149704682871607
"BTS","Model 23.2",2004,3,0.0425073,0.0425097655664028
"BTS","Model 23.2",2004,4,0.114799,0.114805658728206
"BTS","Model 23.2",2004,5,0.274755,0.274770936714329
"BTS","Model 23.2",2004,6,0.525323,0.525353470501289
"BTS","Model 23.2",2004,7,0.763756,0.763800300417424
"BTS","Model 23.2",2004,8,0.904252,0.90430444965808
"BTS","Model 23.2",2004,9,0.965021,0.965076974464519
"BTS","Model 23.2",2004,10,0.987744,0.987801292474964
"BTS","Model 23.2",2004,11,0.99577,0.995827758009965
"BTS","Model 23.2",2004,12,0.998548,0.99860591914331
"BTS","Model 23.2",2004,13,0.999503,0.999560974536523
"BTS","Model 23.2",2004,14,0.99983,0.999887993503623
"BTS","Model 23.2",2004,15,0.999942,1
"BTS","Model 23.2",2005,1,0.0484657,0.0484660877287018
"BTS","Model 23.2",2005,2,0.0127814,0.012781502252018
"BTS","Model 23.2",2005,3,0.0426622,0.0426625413003304
"BTS","Model 23.2",2005,4,0.132989,0.132990063920511
"BTS","Model 23.2",2005,5,0.345536,0.345538764310114
"BTS","Model 23.2",2005,6,0.645048,0.645053160425283
"BTS","Model 23.2",2005,7,0.862166,0.862172897383179
"BTS","Model 23.2",2005,8,0.955615,0.95562264498116
"BTS","Model 23.2",2005,9,0.986686,0.986693893551148
"BTS","Model 23.2",2005,10,0.996095,0.996102968823751
"BTS","Model 23.2",2005,11,0.998862,0.998869990959928
"BTS","Model 23.2",2005,12,0.999669,0.999676997415979
"BTS","Model 23.2",2005,13,0.999904,0.999911999295994
"BTS","Model 23.2",2005,14,0.999972,0.999979999839999
"BTS","Model 23.2",2005,15,0.999992,1
"BTS","Model 23.2",2006,1,0.0489586,0.0489750066272201
"BTS","Model 23.2",2006,2,0.0208635,0.0208704916146909
"BTS","Model 23.2",2006,3,0.0503478,0.0503646721651753
"BTS","Model 23.2",2006,4,0.11654,0.116579053983084
"BTS","Model 23.2",2006,5,0.247111,0.247193809926325
"BTS","Model 23.2",2006,6,0.449535,0.449685644690971
"BTS","Model 23.2",2006,7,0.670176,0.670400584195706
"BTS","Model 23.2",2006,8,0.834866,0.835145773834234
"BTS","Model 23.2",2006,9,0.926358,0.926668433925365
"BTS","Model 23.2",2006,10,0.969039,0.969363736851845
"BTS","Model 23.2",2006,11,0.987322,0.987652863709343
"BTS","Model 23.2",2006,12,0.994866,0.995199391796252
"BTS","Model 23.2",2006,13,0.99793,0.998264418580224
"BTS","Model 23.2",2006,14,0.999167,0.999501833114093
"BTS","Model 23.2",2006,15,0.999665,1
"BTS","Model 23.2",2007,1,0.0522269,0.0522269522269522
"BTS","Model 23.2",2007,2,0.0119676,0.011967611967612
"BTS","Model 23.2",2007,3,0.0470051,0.047005147005147
"BTS","Model 23.2",2007,4,0.167257,0.167257167257167
"BTS","Model 23.2",2007,5,0.449909,0.44990944990945
"BTS","Model 23.2",2007,6,0.769079,0.769079769079769
"BTS","Model 23.2",2007,7,0.931329,0.931329931329931
"BTS","Model 23.2",2007,8,0.982215,0.982215982215982
"BTS","Model 23.2",2007,9,0.995573,0.995573995573996
"BTS","Model 23.2",2007,10,0.998909,0.998909998909999
"BTS","Model 23.2",2007,11,0.999732,0.999732999733
"BTS","Model 23.2",2007,12,0.999934,0.999934999935
"BTS","Model 23.2",2007,13,0.999984,0.999984999985
"BTS","Model 23.2",2007,14,0.999996,0.999996999997
"BTS","Model 23.2",2007,15,0.999999,1
"BTS","Model 23.2",2008,1,0.0245555,0.0245555
"BTS","Model 23.2",2008,2,0.00614191,0.00614191
"BTS","Model 23.2",2008,3,0.0328917,0.0328917
"BTS","Model 23.2",2008,4,0.157663,0.157663
"BTS","Model 23.2",2008,5,0.507412,0.507412
"BTS","Model 23.2",2008,6,0.850053,0.850053
"BTS","Model 23.2",2008,7,0.968943,0.968943
"BTS","Model 23.2",2008,8,0.99421,0.99421
"BTS","Model 23.2",2008,9,0.998943,0.998943
"BTS","Model 23.2",2008,10,0.999808,0.999808
"BTS","Model 23.2",2008,11,0.999965,0.999965
"BTS","Model 23.2",2008,12,0.999994,0.999994
"BTS","Model 23.2",2008,13,0.999999,0.999999
"BTS","Model 23.2",2008,14,1,1
"BTS","Model 23.2",2008,15,1,1
"BTS","Model 23.2",2009,1,0.012229,0.0122290978327827
"BTS","Model 23.2",2009,2,0.0125387,0.0125388003104025
"BTS","Model 23.2",2009,3,0.0420865,0.0420868366946936
"BTS","Model 23.2",2009,4,0.131959,0.131960055680445
"BTS","Model 23.2",2009,5,0.34469,0.34469275754206
"BTS","Model 23.2",2009,6,0.645387,0.645392163137305
"BTS","Model 23.2",2009,7,0.862961,0.86296790374323
"BTS","Model 23.2",2009,8,0.956119,0.956126649013192
"BTS","Model 23.2",2009,9,0.986909,0.986916895335163
"BTS","Model 23.2",2009,10,0.996181,0.996188969511756
"BTS","Model 23.2",2009,11,0.998893,0.99890099120793
"BTS","Model 23.2",2009,12,0.99968,0.99968799750398
"BTS","Model 23.2",2009,13,0.999907,0.999914999319995
"BTS","Model 23.2",2009,14,0.999973,0.999980999847999
"BTS","Model 23.2",2009,15,0.999992,1
"BTS","Model 23.2",2010,1,0.0141662,0.0141662
"BTS","Model 23.2",2010,2,0.00488684,0.00488684
"BTS","Model 23.2",2010,3,0.0397758,0.0397758
"BTS","Model 23.2",2010,4,0.258936,0.258936
"BTS","Model 23.2",2010,5,0.746663,0.746663
"BTS","Model 23.2",2010,6,0.961332,0.961332
"BTS","Model 23.2",2010,7,0.995254,0.995254
"BTS","Model 23.2",2010,8,0.999435,0.999435
"BTS","Model 23.2",2010,9,0.999933,0.999933
"BTS","Model 23.2",2010,10,0.999992,0.999992
"BTS","Model 23.2",2010,11,0.999999,0.999999
"BTS","Model 23.2",2010,12,1,1
"BTS","Model 23.2",2010,13,1,1
"BTS","Model 23.2",2010,14,1,1
"BTS","Model 23.2",2010,15,1,1
"BTS","Model 23.2",2011,1,0.0576983,0.0576983
"BTS","Model 23.2",2011,2,0.00466674,0.00466674
"BTS","Model 23.2",2011,3,0.025062,0.025062
"BTS","Model 23.2",2011,4,0.123529,0.123529
"BTS","Model 23.2",2011,5,0.435896,0.435896
"BTS","Model 23.2",2011,6,0.809036,0.809036
"BTS","Model 23.2",2011,7,0.958725,0.958725
"BTS","Model 23.2",2011,8,0.992209,0.992209
"BTS","Model 23.2",2011,9,0.99857,0.99857
"BTS","Model 23.2",2011,10,0.999739,0.999739
"BTS","Model 23.2",2011,11,0.999952,0.999952
"BTS","Model 23.2",2011,12,0.999991,0.999991
"BTS","Model 23.2",2011,13,0.999998,0.999998
"BTS","Model 23.2",2011,14,1,1
"BTS","Model 23.2",2011,15,1,1
"BTS","Model 23.2",2012,1,0.0554039,0.0554045094496039
"BTS","Model 23.2",2012,2,0.0166511,0.0166512831641148
"BTS","Model 23.2",2012,3,0.0528633,0.0528638815026965
"BTS","Model 23.2",2012,4,0.155384,0.155385709242802
"BTS","Model 23.2",2012,5,0.377486,0.377490152391676
"BTS","Model 23.2",2012,6,0.666526,0.66653333186665
"BTS","Model 23.2",2012,7,0.868215,0.868224550470055
"BTS","Model 23.2",2012,8,0.955977,0.955987515862674
"BTS","Model 23.2",2012,9,0.986221,0.986231848550334
"BTS","Model 23.2",2012,10,0.995779,0.99578995368949
"BTS","Model 23.2",2012,11,0.998716,0.998726985996846
"BTS","Model 23.2",2012,12,0.99961,0.999620995830954
"BTS","Model 23.2",2012,13,0.999882,0.999892998822987
"BTS","Model 23.2",2012,14,0.999964,0.999974999724997
"BTS","Model 23.2",2012,15,0.999989,1
"BTS","Model 23.2",2013,1,0.0233869,0.0233869701609105
"BTS","Model 23.2",2013,2,0.0138292,0.0138292414877245
"BTS","Model 23.2",2013,3,0.0497101,0.0497102491307474
"BTS","Model 23.2",2013,4,0.163273,0.163273489820469
"BTS","Model 23.2",2013,5,0.421264,0.421265263795791
"BTS","Model 23.2",2013,6,0.730843,0.730845192535578
"BTS","Model 23.2",2013,7,0.910144,0.910146730440191
"BTS","Model 23.2",2013,8,0.974216,0.974218922656768
"BTS","Model 23.2",2013,9,0.992955,0.992957978873937
"BTS","Model 23.2",2013,10,0.998102,0.998104994314983
"BTS","Model 23.2",2013,11,0.99949,0.999492998478995
"BTS","Model 23.2",2013,12,0.999863,0.999865999597999
"BTS","Model 23.2",2013,13,0.999963,0.999965999898
"BTS","Model 23.2",2013,14,0.99999,0.999992999979
"BTS","Model 23.2",2013,15,0.999997,1
"BTS","Model 23.2",2014,1,0.0271771,0.0271771
"BTS","Model 23.2",2014,2,0.00972854,0.00972854
"BTS","Model 23.2",2014,3,0.0496691,0.0496691
"BTS","Model 23.2",2014,4,0.21756,0.21756
"BTS","Model 23.2",2014,5,0.596655,0.596655
"BTS","Model 23.2",2014,6,0.887258,0.887258
"BTS","Model 23.2",2014,7,0.976673,0.976673
"BTS","Model 23.2",2014,8,0.995531,0.995531
"BTS","Model 23.2",2014,9,0.999157,0.999157
"BTS","Model 23.2",2014,10,0.999841,0.999841
"BTS","Model 23.2",2014,11,0.99997,0.99997
"BTS","Model 23.2",2014,12,0.999994,0.999994
"BTS","Model 23.2",2014,13,0.999999,0.999999
"BTS","Model 23.2",2014,14,1,1
"BTS","Model 23.2",2014,15,1,1
"BTS","Model 23.2",2015,1,0.0395821,0.0395821
"BTS","Model 23.2",2015,2,0.0214027,0.0214027
"BTS","Model 23.2",2015,3,0.0910231,0.0910231
"BTS","Model 23.2",2015,4,0.314361,0.314361
"BTS","Model 23.2",2015,5,0.677343,0.677343
"BTS","Model 23.2",2015,6,0.905765,0.905765
"BTS","Model 23.2",2015,7,0.977782,0.977782
"BTS","Model 23.2",2015,8,0.995062,0.995062
"BTS","Model 23.2",2015,9,0.998917,0.998917
"BTS","Model 23.2",2015,10,0.999763,0.999763
"BTS","Model 23.2",2015,11,0.999948,0.999948
"BTS","Model 23.2",2015,12,0.999989,0.999989
"BTS","Model 23.2",2015,13,0.999998,0.999998
"BTS","Model 23.2",2015,14,0.999999,0.999999
"BTS","Model 23.2",2015,15,1,1
"BTS","Model 23.2",2016,1,0.0550039,0.0550039
"BTS","Model 23.2",2016,2,0.0136526,0.0136526
"BTS","Model 23.2",2016,3,0.0594302,0.0594302
"BTS","Model 23.2",2016,4,0.223865,0.223865
"BTS","Model 23.2",2016,5,0.568347,0.568347
"BTS","Model 23.2",2016,6,0.857357,0.857357
"BTS","Model 23.2",2016,7,0.964835,0.964835
"BTS","Model 23.2",2016,8,0.992079,0.992079
"BTS","Model 23.2",2016,9,0.998254,0.998254
"BTS","Model 23.2",2016,10,0.999617,0.999617
"BTS","Model 23.2",2016,11,0.999916,0.999916
"BTS","Model 23.2",2016,12,0.999982,0.999982
"BTS","Model 23.2",2016,13,0.999996,0.999996
"BTS","Model 23.2",2016,14,0.999999,0.999999
"BTS","Model 23.2",2016,15,1,1
"BTS","Model 23.2",2017,1,0.0571918,0.0571920859604298
"BTS","Model 23.2",2017,2,0.0163381,0.0163381816909085
"BTS","Model 23.2",2017,3,0.0552402,0.055240476202381
"BTS","Model 23.2",2017,4,0.170696,0.170696853484267
"BTS","Model 23.2",2017,5,0.42015,0.420152100760504
"BTS","Model 23.2",2017,6,0.718369,0.718372591862959
"BTS","Model 23.2",2017,7,0.899793,0.899797498987495
"BTS","Model 23.2",2017,8,0.969334,0.969338846694234
"BTS","Model 23.2",2017,9,0.991093,0.991097955489778
"BTS","Model 23.2",2017,10,0.997454,0.997458987294936
"BTS","Model 23.2",2017,11,0.999275,0.999279996399982
"BTS","Model 23.2",2017,12,0.999794,0.999798998994995
"BTS","Model 23.2",2017,13,0.999941,0.999945999729999
"BTS","Model 23.2",2017,14,0.999983,0.99998799994
"BTS","Model 23.2",2017,15,0.999995,1
"BTS","Model 23.2",2018,1,0.0507174,0.0508929297145856
"BTS","Model 23.2",2018,2,0.0382072,0.038339432703394
"BTS","Model 23.2",2018,3,0.0729815,0.0732340843569471
"BTS","Model 23.2",2018,4,0.134964,0.135431101870351
"BTS","Model 23.2",2018,5,0.236178,0.236995397124683
"BTS","Model 23.2",2018,6,0.379954,0.381268996769859
"BTS","Model 23.2",2018,7,0.548414,0.550312026178289
"BTS","Model 23.2",2018,8,0.706464,0.708909027234933
"BTS","Model 23.2",2018,9,0.82668,0.829541087209787
"BTS","Model 23.2",2018,10,0.90433,0.907459828950049
"BTS","Model 23.2",2018,11,0.949324,0.95260955033912
"BTS","Model 23.2",2018,12,0.973771,0.977141159860358
"BTS","Model 23.2",2018,13,0.986591,0.990005529069762
"BTS","Model 23.2",2018,14,0.993189,0.996626364330576
"BTS","Model 23.2",2018,15,0.996551,1
"BTS","Model 23.2",2019,1,0.019416,0.0194176893389725
"BTS","Model 23.2",2019,2,0.0300848,0.0300874176053317
"BTS","Model 23.2",2019,3,0.0767686,0.0767752794493121
"BTS","Model 23.2",2019,4,0.182279,0.18229485965279
"BTS","Model 23.2",2019,5,0.374051,0.374083545268438
"BTS","Model 23.2",2019,6,0.615674,0.615727568298442
"BTS","Model 23.2",2019,7,0.811124,0.811194573927932
"BTS","Model 23.2",2019,8,0.92008,0.920160053924691
"BTS","Model 23.2",2019,9,0.968615,0.968699276837085
"BTS","Model 23.2",2019,10,0.988058,0.988143968525262
"BTS","Model 23.2",2019,11,0.995512,0.995598617079686
"BTS","Model 23.2",2019,12,0.998321,0.998407861483949
"BTS","Model 23.2",2019,13,0.999373,0.999459953015912
"BTS","Model 23.2",2019,14,0.999766,0.999852987209887
"BTS","Model 23.2",2019,15,0.999913,1
"BTS","Model 23.2",2020,1,0.0340033,0.0340182340047281
"BTS","Model 23.2",2020,2,0.0292938,0.0293066656262099
"BTS","Model 23.2",2020,3,0.066818,0.0668473459848874
"BTS","Model 23.2",2020,4,0.145218,0.14528177870085
"BTS","Model 23.2",2020,5,0.287288,0.287414174822747
"BTS","Model 23.2",2020,6,0.488859,0.489073703355773
"BTS","Model 23.2",2020,7,0.694119,0.694423852071059
"BTS","Model 23.2",2020,8,0.843363,0.843733398962144
"BTS","Model 23.2",2020,9,0.927404,0.927811309164723
"BTS","Model 23.2",2020,10,0.968062,0.968487165865815
"BTS","Model 23.2",2020,11,0.986286,0.986719169715505
"BTS","Model 23.2",2020,12,0.994174,0.994610634068356
"BTS","Model 23.2",2020,13,0.997536,0.997974110634569
"BTS","Model 23.2",2020,14,0.99896,0.999398736045124
"BTS","Model 23.2",2020,15,0.999561,1
"BTS","Model 23.2",2021,1,0.0549901,0.055062562332029
"BTS","Model 23.2",2021,2,0.0267908,0.0268261031517477
"BTS","Model 23.2",2021,3,0.0569984,0.0570735087374985
"BTS","Model 23.2",2021,4,0.117166,0.117320393638028
"BTS","Model 23.2",2021,5,0.225647,0.225944342755066
"BTS","Model 23.2",2021,6,0.390179,0.39069315218828
"BTS","Model 23.2",2021,7,0.584175,0.58494478734014
"BTS","Model 23.2",2021,8,0.75518,0.75617512646643
"BTS","Model 23.2",2021,9,0.871348,0.872496205005788
"BTS","Model 23.2",2021,10,0.936993,0.938227707663285
"BTS","Model 23.2",2021,11,0.970284,0.971562576350477
"BTS","Model 23.2",2021,12,0.986244,0.987543607387322
"BTS","Model 23.2",2021,13,0.993688,0.994997416600246
"BTS","Model 23.2",2021,14,0.997115,0.998428932475137
"BTS","Model 23.2",2021,15,0.998684,1
"BTS","Model 23.2",2022,1,0.0463527,0.0463622506236285
"BTS","Model 23.2",2022,2,0.0239002,0.0239051244556379
"BTS","Model 23.2",2022,3,0.0588782,0.0588903314082701
"BTS","Model 23.2",2022,4,0.137819,0.137847396563692
"BTS","Model 23.2",2022,5,0.289987,0.290046749630424
"BTS","Model 23.2",2022,6,0.510655,0.510760216604621
"BTS","Model 23.2",2022,7,0.727248,0.727397843955855
"BTS","Model 23.2",2022,8,0.872002,0.872181669423901
"BTS","Model 23.2",2022,9,0.945672,0.945866848570806
"BTS","Model 23.2",2022,10,0.97801,0.978211511571384
"BTS","Model 23.2",2022,11,0.991277,0.991481245136498
"BTS","Model 23.2",2022,12,0.996568,0.996773335307073
"BTS","Model 23.2",2022,13,0.998654,0.998859765111613
"BTS","Model 23.2",2022,14,0.999473,0.999678933860375
"BTS","Model 23.2",2022,15,0.999794,1
"BTS","Model 23.2",2023,1,0.0510044,0.0512262609361143
"BTS","Model 23.2",2023,2,0.0316919,0.0318297546674648
"BTS","Model 23.2",2023,3,0.0607585,0.0610227897022002
"BTS","Model 23.2",2023,4,0.113363,0.113856110815944
"BTS","Model 23.2",2023,5,0.20173,0.20260749305241
"BTS","Model 23.2",2023,6,0.3331,0.334548931421989
"BTS","Model 23.2",2023,7,0.496782,0.498942921794291
"BTS","Model 23.2",2023,8,0.661156,0.664031922255288
"BTS","Model 23.2",2023,9,0.794093,0.79754717682282
"BTS","Model 23.2",2023,10,0.884024,0.887869362207722
"BTS","Model 23.2",2023,11,0.937756,0.941835087765111
"BTS","Model 23.2",2023,12,0.967508,0.971716504179602
"BTS","Model 23.2",2023,13,0.983293,0.987570166390638
"BTS","Model 23.2",2023,14,0.991477,0.995789765474269
"BTS","Model 23.2",2023,15,0.995669,1
"BTS","Model 23.2",2024,1,0.0530013,0.0530429387068849
"BTS","Model 23.2",2024,2,0.0492962,0.049334927918416
"BTS","Model 23.2",2024,3,0.101395,0.101474657606221
"BTS","Model 23.2",2024,4,0.197138,0.197292874906802
"BTS","Model 23.2",2024,5,0.348249,0.348522590233333
"BTS","Model 23.2",2024,6,0.537627,0.538049368754472
"BTS","Model 23.2",2024,7,0.716737,0.717300080563242
"BTS","Model 23.2",2024,8,0.8463,0.846964867420925
"BTS","Model 23.2",2024,9,0.92297,0.923695100654013
"BTS","Model 23.2",2024,10,0.963064,0.963820599170349
"BTS","Model 23.2",2024,11,0.982681,0.983453010613332
"BTS","Model 23.2",2024,12,0.991966,0.992745305064476
"BTS","Model 23.2",2024,13,0.996292,0.997074703642359
"BTS","Model 23.2",2024,14,0.998293,0.999077275661394
"BTS","Model 23.2",2024,15,0.999215,1
"BTS","Model 26.0",1982,1,0.0402032255673206,0.041348428851656
"BTS","Model 26.0",1982,2,0.117835731076348,0.121192324094357
"BTS","Model 26.0",1982,3,0.170157206500945,0.175004195492212
"BTS","Model 26.0",1982,4,0.2394057348586,0.246225292990564
"BTS","Model 26.0",1982,5,0.32577276674982,0.335052520728868
"BTS","Model 26.0",1982,6,0.425852356759554,0.437982913716641
"BTS","Model 26.0",1982,7,0.532399373503675,0.547564960406487
"BTS","Model 26.0",1982,8,0.636071267987895,0.654189985948756
"BTS","Model 26.0",1982,9,0.728480277358496,0.749231299059667
"BTS","Model 26.0",1982,10,0.804631829886611,0.827552055845197
"BTS","Model 26.0",1982,11,0.863429608407065,0.88802471015293
"BTS","Model 26.0",1982,12,0.906586063613541,0.932410492448099
"BTS","Model 26.0",1982,13,0.937098514596605,0.963792101529446
"BTS","Model 26.0",1982,14,0.95810503873581,0.985397004034994
"BTS","Model 26.0",1982,15,0.97230358405046,1
"BTS","Model 26.0",1983,1,0.040963943526851,0.0409673527444024
"BTS","Model 26.0",1983,2,0.0541592398611689,0.054163747255116
"BTS","Model 26.0",1983,3,0.128138177425503,0.128148841704522
"BTS","Model 26.0",1983,4,0.273905327098634,0.273928122825026
"BTS","Model 26.0",1983,5,0.491932197518591,0.491973138495886
"BTS","Model 26.0",1983,6,0.713071750110907,0.713131095391575
"BTS","Model 26.0",1983,7,0.864475875752413,0.864547821616864
"BTS","Model 26.0",1983,8,0.942437463086979,0.942515897291883
"BTS","Model 26.0",1983,9,0.976756718351219,0.976838008770571
"BTS","Model 26.0",1983,10,0.990813991947034,0.9908964522807
"BTS","Model 26.0",1983,11,0.996400912042139,0.996483837346323
"BTS","Model 26.0",1983,12,0.998594692866145,0.998677800747382
"BTS","Model 26.0",1983,13,0.999452016352283,0.999535195584128
"BTS","Model 26.0",1983,14,0.999786431822156,0.999869638885675
"BTS","Model 26.0",1983,15,0.999916782088102,1
"BTS","Model 26.0",1984,1,0.0386059183921714,0.0386131876832683
"BTS","Model 26.0",1984,2,0.0325104136126297,0.0325165351522815
"BTS","Model 26.0",1984,3,0.077821198911917,0.0778358522337899
"BTS","Model 26.0",1984,4,0.174868816310351,0.174901743187432
"BTS","Model 26.0",1984,5,0.347354695890171,0.3474201009499
"BTS","Model 26.0",1984,6,0.572028345484272,0.572136055408869
"BTS","Model 26.0",1984,7,0.770467090388179,0.77061216528327
"BTS","Model 26.0",1984,8,0.893952873215088,0.894121199832689
"BTS","Model 26.0",1984,9,0.954894144438586,0.955073945976582
"BTS","Model 26.0",1984,10,0.981538021746374,0.981722840186134
"BTS","Model 26.0",1984,11,0.992565976923132,0.992752871868769
"BTS","Model 26.0",1984,12,0.997026522580495,0.997214257423385
"BTS","Model 26.0",1984,13,0.998813860123564,0.999001931512699
"BTS","Model 26.0",1984,14,0.999527350240219,0.999715555975786
"BTS","Model 26.0",1984,15,0.999811740715205,1
"BTS","Model 26.0",1985,1,0.0815305619585417,0.0820317697806811
"BTS","Model 26.0",1985,2,0.0649881089690465,0.0653876223267233
"BTS","Model 26.0",1985,3,0.112088780161418,0.112777844139899
"BTS","Model 26.0",1985,4,0.186516473190511,0.187663080218296
"BTS","Model 26.0",1985,5,0.29400078176751,0.295808146858552
"BTS","Model 26.0",1985,6,0.430635869696537,0.433283196799415
"BTS","Model 26.0",1985,7,0.578719035281889,0.582276701270402
"BTS","Model 26.0",1985,8,0.713877538183229,0.7182660889008
"BTS","Model 26.0",1985,9,0.81921912460086,0.824255261031576
"BTS","Model 26.0",1985,10,0.891662886508495,0.897144369803762
"BTS","Model 26.0",1985,11,0.937298401467528,0.943060428359152
"BTS","Model 26.0",1985,12,0.964476436474944,0.970405539900923
"BTS","Model 26.0",1985,13,0.980123950377508,0.986149246644265
"BTS","Model 26.0",1985,14,0.988957915950233,0.995037518878678
"BTS","Model 26.0",1985,15,0.993890076692489,1
"BTS","Model 26.0",1986,1,0.12519189932206,0.125793363270554
"BTS","Model 26.0",1986,2,0.05125332246926,0.0514995606513846
"BTS","Model 26.0",1986,3,0.0925206898923547,0.0929651903733074
"BTS","Model 26.0",1986,4,0.161363799161775,0.162139045070762
"BTS","Model 26.0",1986,5,0.266394591946443,0.267674441074039
"BTS","Model 26.0",1986,6,0.406640791046884,0.408594430037316
"BTS","Model 26.0",1986,7,0.563960939017433,0.566670396857872
"BTS","Model 26.0",1986,8,0.709380267013333,0.712788368165979
"BTS","Model 26.0",1986,9,0.821640090613027,0.825587525677252
"BTS","Model 26.0",1986,10,0.896842368232613,0.901151100306292
"BTS","Model 26.0",1986,11,0.942553835594501,0.94708218091632
"BTS","Model 26.0",1986,12,0.968716091225568,0.973370128813888
"BTS","Model 26.0",1986,13,0.983176147352607,0.987899655909102
"BTS","Model 26.0",1986,14,0.991014469082867,0.99577563557061
"BTS","Model 26.0",1986,15,0.995218635285232,1
"BTS","Model 26.0",1987,1,0.0865020170864567,0.087021109586995
"BTS","Model 26.0",1987,2,0.0788214614542608,0.0792944634824272
"BTS","Model 26.0",1987,3,0.132868655943237,0.133665991371702
"BTS","Model 26.0",1987,4,0.215313329809833,0.21660540990848
"BTS","Model 26.0",1987,5,0.329477103762928,0.331454272613123
"BTS","Model 26.0",1987,6,0.468065580138566,0.470874408656023
"BTS","Model 26.0",1987,7,0.611762624571315,0.61543376891246
"BTS","Model 26.0",1987,8,0.738341567230885,0.742772302874912
"BTS","Model 26.0",1987,9,0.834795926180849,0.839805477626653
"BTS","Model 26.0",1987,10,0.900486778262374,0.905890535876057
"BTS","Model 26.0",1987,11,0.941875407831648,0.947527535690796
"BTS","Model 26.0",1987,12,0.966686880680795,0.972487900437694
"BTS","Model 26.0",1987,13,0.981119461325794,0.987007089980712
"BTS","Model 26.0",1987,14,0.989368038832004,0.995305166618477
"BTS","Model 26.0",1987,15,0.99403486690756,1
"BTS","Model 26.0",1988,1,0.0971372760920269,0.0976474155771447
"BTS","Model 26.0",1988,2,0.140347324873221,0.141084392196178
"BTS","Model 26.0",1988,3,0.219392884525756,0.220545078386374
"BTS","Model 26.0",1988,4,0.326071462741175,0.327783904502016
"BTS","Model 26.0",1988,5,0.45442505865929,0.456811579825782
"BTS","Model 26.0",1988,6,0.589135608698534,0.592229594325651
"BTS","Model 26.0",1988,7,0.711687413106068,0.715425008652218
"BTS","Model 26.0",1988,8,0.809504517107179,0.813755822416238
"BTS","Model 26.0",1988,9,0.879742525590742,0.884362702489833
"BTS","Model 26.0",1988,10,0.926436365996763,0.931301766693157
"BTS","Model 26.0",1988,11,0.955908488568388,0.960928669119014
"BTS","Model 26.0",1988,12,0.973905640756649,0.979020337628097
"BTS","Model 26.0",1988,13,0.98467453884137,0.98984579113979
"BTS","Model 26.0",1988,14,0.991040100083496,0.996244782639229
"BTS","Model 26.0",1988,15,0.994775699058673,1
"BTS","Model 26.0",1989,1,0.0516373572352295,0.0517340702130339
"BTS","Model 26.0",1989,2,0.13089269290934,0.131137845310274
"BTS","Model 26.0",1989,3,0.220222512612592,0.220634973205362
"BTS","Model 26.0",1989,4,0.346230173098332,0.346878636785068
"BTS","Model 26.0",1989,5,0.498266770087611,0.499199987154794
"BTS","Model 26.0",1989,6,0.6506245586792,0.651843130695113
"BTS","Model 26.0",1989,7,0.777387137990786,0.778843127008183
"BTS","Model 26.0",1989,8,0.86752183668427,0.869146641372742
"BTS","Model 26.0",1989,9,0.924696673880314,0.926428562839879
"BTS","Model 26.0",1989,10,0.958379861251711,0.960174836347497
"BTS","Model 26.0",1989,11,0.977365351017339,0.979195884541143
"BTS","Model 26.0",1989,12,0.987800638285795,0.989650716336276
"BTS","Model 26.0",1989,13,0.993457135592408,0.995317807846925
"BTS","Model 26.0",1989,14,0.996500168433584,0.998366540065129
"BTS","Model 26.0",1989,15,0.998130574737187,1
"BTS","Model 26.0",1990,1,0.0320259238957461,0.0320259365581987
"BTS","Model 26.0",1990,2,0.0307568612388889,0.0307568733995778
"BTS","Model 26.0",1990,3,0.113963697004316,0.113963742063434
"BTS","Model 26.0",1990,4,0.342684583148808,0.342684718639897
"BTS","Model 26.0",1990,5,0.678780011810194,0.678780280187143
"BTS","Model 26.0",1990,6,0.895453215070926,0.895453569116416
"BTS","Model 26.0",1990,7,0.972001862400462,0.972002246711858
"BTS","Model 26.0",1990,8,0.992943637089475,0.992944029680858
"BTS","Model 26.0",1990,9,0.998249791436431,0.998250186125768
"BTS","Model 26.0",1990,10,0.999567628535226,0.999568023745612
"BTS","Model 26.0",1990,11,0.999893293036547,0.999893688375694
"BTS","Model 26.0",1990,12,0.999973671753424,0.999974067124351
"BTS","Model 26.0",1990,13,0.999993504317113,0.999993899695882
"BTS","Model 26.0",1990,14,0.999998397414515,0.999998792795219
"BTS","Model 26.0",1990,15,0.999999604618819,1
"BTS","Model 26.0",1991,1,0.0704013886780508,0.070401617708044
"BTS","Model 26.0",1991,2,0.0263258616496098,0.0263259472929761
"BTS","Model 26.0",1991,3,0.086210979661094,0.0862112601228925
"BTS","Model 26.0",1991,4,0.247669702171095,0.247670507890858
"BTS","Model 26.0",1991,5,0.534605407744918,0.534607146924715
"BTS","Model 26.0",1991,6,0.800331258913598,0.800333862553472
"BTS","Model 26.0",1991,7,0.933273040587175,0.933276076713623
"BTS","Model 26.0",1991,8,0.9799212756798,0.979924463562416
"BTS","Model 26.0",1991,9,0.99416212945284,0.994165363663841
"BTS","Model 26.0",1991,10,0.998319961188902,0.998323208926173
"BTS","Model 26.0",1991,11,0.999517949572427,0.999521201206997
"BTS","Model 26.0",1991,12,0.999861804415226,0.999865057168426
"BTS","Model 26.0",1991,13,0.9999603914173,0.999963644491223
"BTS","Model 26.0",1991,14,0.999988648483373,0.999991901649222
"BTS","Model 26.0",1991,15,0.999996746807805,1
"BTS","Model 26.0",1992,1,0.0475381778208136,0.0475385280665366
"BTS","Model 26.0",1992,2,0.0321283021600365,0.0321285388708432
"BTS","Model 26.0",1992,3,0.0967120913080735,0.096712803851084
"BTS","Model 26.0",1992,4,0.256690086122765,0.256691977331241
"BTS","Model 26.0",1992,5,0.526927845203825,0.526931727435592
"BTS","Model 26.0",1992,6,0.782258215811195,0.782263979233499
"BTS","Model 26.0",1992,7,0.920556646347612,0.920563428707452
"BTS","Model 26.0",1992,8,0.973941154188907,0.973948329868315
"BTS","Model 26.0",1992,9,0.991772837493859,0.991780144551269
"BTS","Model 26.0",1992,10,0.997434702444613,0.997442051216789
"BTS","Model 26.0",1992,11,0.999203249181689,0.999210610983938
"BTS","Model 26.0",1992,12,0.99975284082622,0.99976020667768
"BTS","Model 26.0",1992,13,0.999923358109507,0.999930725217283
"BTS","Model 26.0",1992,14,0.999976236818663,0.999983604316032
"BTS","Model 26.0",1992,15,0.999992632381834,1
"BTS","Model 26.0",1993,1,0.0398548740715784,0.0398549102108419
"BTS","Model 26.0",1993,2,0.0244440363422725,0.0244440585074277
"BTS","Model 26.0",1993,3,0.0884446518783207,0.0884447320774094
"BTS","Model 26.0",1993,4,0.273104252436098,0.273104500079248
"BTS","Model 26.0",1993,5,0.592646424045009,0.59264696143989
"BTS","Model 26.0",1993,6,0.849254038913433,0.849254808992782
"BTS","Model 26.0",1993,7,0.9561696230733,0.956170490100653
"BTS","Model 26.0",1993,8,0.988300655066653,0.98830155122951
"BTS","Model 26.0",1993,9,0.996952252243295,0.996953156251173
"BTS","Model 26.0",1993,10,0.999211150540264,0.999212056596447
"BTS","Model 26.0",1993,11,0.999796164170075,0.999797070756731
"BTS","Model 26.0",1993,12,0.999947352422358,0.999948259146107
"BTS","Model 26.0",1993,13,0.99998640348666,0.99998731024582
"BTS","Model 26.0",1993,14,0.999996488730757,0.999997395499062
"BTS","Model 26.0",1993,15,0.999999093229333,1
"BTS","Model 26.0",1994,1,0.0570683164426315,0.0570684653455077
"BTS","Model 26.0",1994,2,0.0156210689581946,0.0156211097167492
"BTS","Model 26.0",1994,3,0.055424749063369,0.0554248936778427
"BTS","Model 26.0",1994,4,0.178282408029588,0.17828287320475
"BTS","Model 26.0",1994,5,0.445135129576231,0.445136291024565
"BTS","Model 26.0",1994,6,0.747879458393002,0.747881409763032
"BTS","Model 26.0",1994,7,0.91644643596835,0.916448827164002
"BTS","Model 26.0",1994,8,0.975936395875862,0.975938942292952
"BTS","Model 26.0",1994,9,0.99337579142798,0.99337838334801
"BTS","Model 26.0",1994,10,0.998199806562168,0.998202411069037
"BTS","Model 26.0",1994,11,0.999512503849162,0.999515111781126
"BTS","Model 26.0",1994,12,0.999868111495484,0.999870720355301
"BTS","Model 26.0",1994,13,0.999964327791306,0.999966936902171
"BTS","Model 26.0",1994,14,0.999990352327127,0.999992961505895
"BTS","Model 26.0",1994,15,0.999997390802867,1
"BTS","Model 26.0",1995,1,0.0617363768996516,0.0617369278607002
"BTS","Model 26.0",1995,2,0.00969099424730796,0.00969108073376248
"BTS","Model 26.0",1995,3,0.0330365010610244,0.0330367958924703
"BTS","Model 26.0",1995,4,0.106569098037614,0.106570049104472
"BTS","Model 26.0",1995,5,0.294006713810768,0.294009337648698
"BTS","Model 26.0",1995,6,0.592490155158051,0.592495442786084
"BTS","Model 26.0",1995,7,0.83542050014457,0.835427955783821
"BTS","Model 26.0",1995,8,0.946587254016168,0.946595701753665
"BTS","Model 26.0",1995,9,0.984094954990408,0.984103737462195
"BTS","Model 26.0",1995,10,0.995392071646886,0.99540095493883
"BTS","Model 26.0",1995,11,0.998675811794553,0.998684724391957
"BTS","Model 26.0",1995,12,0.999620358290871,0.9996292793178
"BTS","Model 26.0",1995,13,0.999891230976234,0.999900154420543
"BTS","Model 26.0",1995,14,0.999968843218902,0.999977767355855
"BTS","Model 26.0",1995,15,0.999991075664635,1
"BTS","Model 26.0",1996,1,0.0600327272494735,0.0601014701529182
"BTS","Model 26.0",1996,2,0.0144016980639175,0.0144181893110223
"BTS","Model 26.0",1996,3,0.0329299188100041,0.0329676265459826
"BTS","Model 26.0",1996,4,0.0735172114599874,0.0736013953177008
"BTS","Model 26.0",1996,5,0.156057148255687,0.156235847807847
"BTS","Model 26.0",1996,6,0.301145486918334,0.301490325743397
"BTS","Model 26.0",1996,7,0.501041079206048,0.501614816567446
"BTS","Model 26.0",1996,8,0.70060442558803,0.701406681034146
"BTS","Model 26.0",1996,9,0.845036622473891,0.846004265851219
"BTS","Model 26.0",1996,10,0.927048061713697,0.92810961560796
"BTS","Model 26.0",1996,11,0.967334282118093,0.968441967379134
"BTS","Model 26.0",1996,12,0.98571604426632,0.986844778307892
"BTS","Model 26.0",1996,13,0.993820042851159,0.994958056704223
"BTS","Model 26.0",1996,14,0.997338653597088,0.99848069657776
"BTS","Model 26.0",1996,15,0.99885621926935,1
"BTS","Model 26.0",1997,1,0.0449841090269705,0.0451488192097743
"BTS","Model 26.0",1997,2,0.0213321203424867,0.0214102283125501
"BTS","Model 26.0",1997,3,0.043101341601149,0.0432591579947105
"BTS","Model 26.0",1997,4,0.0851529122145599,0.0854647012449646
"BTS","Model 26.0",1997,5,0.161315396006497,0.16190605544024
"BTS","Model 26.0",1997,6,0.284420638429908,0.285462050083095
"BTS","Model 26.0",1997,7,0.450957387336823,0.452608576508102
"BTS","Model 26.0",1997,8,0.629257274064152,0.631561311709526
"BTS","Model 26.0",1997,9,0.778141203024998,0.780990382047763
"BTS","Model 26.0",1997,10,0.87875596651391,0.881973548433732
"BTS","Model 26.0",1997,11,0.93741127436653,0.94084362382733
"BTS","Model 26.0",1997,12,0.96870106493772,0.972247982570178
"BTS","Model 26.0",1997,13,0.98460514048543,0.988210291197244
"BTS","Model 26.0",1997,14,0.992490451681852,0.996124474612695
"BTS","Model 26.0",1997,15,0.99635183852675,1
"BTS","Model 26.0",1998,1,0.0372928022213068,0.0379488735770344
"BTS","Model 26.0",1998,2,0.029724161547939,0.0302470820527832
"BTS","Model 26.0",1998,3,0.0518231388439434,0.0527348342632803
"BTS","Model 26.0",1998,4,0.0888475345199709,0.0904105793692063
"BTS","Model 26.0",1998,5,0.148189455718227,0.150796469708236
"BTS","Model 26.0",1998,6,0.236862808978851,0.24102980354488
"BTS","Model 26.0",1998,7,0.35639607111634,0.362665947329066
"BTS","Model 26.0",1998,8,0.496968791032889,0.50571168427412
"BTS","Model 26.0",1998,9,0.638022357989427,0.649246727531479
"BTS","Model 26.0",1998,10,0.758725862487774,0.772073701094107
"BTS","Model 26.0",1998,11,0.848723299484516,0.863654412529494
"BTS","Model 26.0",1998,12,0.909169669819993,0.925164181960043
"BTS","Model 26.0",1998,13,0.946972245220203,0.963631796869637
"BTS","Model 26.0",1998,14,0.96956842108949,0.986625494589088
"BTS","Model 26.0",1998,15,0.982711704093252,1
"BTS","Model 26.0",1999,1,0.0314865814504576,0.0321251734685852
"BTS","Model 26.0",1999,2,0.0474356838619487,0.0483977460386995
"BTS","Model 26.0",1999,3,0.0780472000455802,0.0796301066899468
"BTS","Model 26.0",1999,4,0.125804199263158,0.128355684810194
"BTS","Model 26.0",1999,5,0.196553640182676,0.200540023587051
"BTS","Model 26.0",1999,6,0.293722567418399,0.299679672904509
"BTS","Model 26.0",1999,7,0.41416594289058,0.422565808901007
"BTS","Model 26.0",1999,8,0.54582919645804,0.556899377851583
"BTS","Model 26.0",1999,9,0.671380469425453,0.684997006666134
"BTS","Model 26.0",1999,10,0.776439726060257,0.792187012325661
"BTS","Model 26.0",1999,11,0.855157728143061,0.872501525858656
"BTS","Model 26.0",1999,12,0.90939277670191,0.927836537243477
"BTS","Model 26.0",1999,13,0.944634726934709,0.96379324363859
"BTS","Model 26.0",1999,14,0.966671581339835,0.986277036348209
"BTS","Model 26.0",1999,15,0.980121756579707,1
"BTS","Model 26.0",2000,1,0.0235412354448047,0.0236062546492017
"BTS","Model 26.0",2000,2,0.0382813648508041,0.0383870952357565
"BTS","Model 26.0",2000,3,0.0742917046360615,0.0744968929975672
"BTS","Model 26.0",2000,4,0.139270639957566,0.139655295479454
"BTS","Model 26.0",2000,5,0.245981199303269,0.246660581738946
"BTS","Model 26.0",2000,6,0.396764836283651,0.397860672313514
"BTS","Model 26.0",2000,7,0.570094196425455,0.571668755720352
"BTS","Model 26.0",2000,8,0.727789128481156,0.729799229871699
"BTS","Model 26.0",2000,9,0.843517063163373,0.84584679681184
"BTS","Model 26.0",2000,10,0.915740522324643,0.918269731988907
"BTS","Model 26.0",2000,11,0.956354598350555,0.958995981180782
"BTS","Model 26.0",2000,12,0.977865392044836,0.980566186144928
"BTS","Model 26.0",2000,13,0.988897589260347,0.991628853498141
"BTS","Model 26.0",2000,14,0.994462324279717,0.997208957916645
"BTS","Model 26.0",2000,15,0.997245678937074,1
"BTS","Model 26.0",2001,1,0.0356552465572922,0.0359162428037792
"BTS","Model 26.0",2001,2,0.050219230679714,0.0505868352253118
"BTS","Model 26.0",2001,3,0.0882292396054947,0.0888750772476615
"BTS","Model 26.0",2001,4,0.150451124249599,0.15155242581109
"BTS","Model 26.0",2001,5,0.244773535194994,0.246565276385806
"BTS","Model 26.0",2001,6,0.372314283772047,0.375039622676151
"BTS","Model 26.0",2001,7,0.52050892027413,0.524319043259433
"BTS","Model 26.0",2001,8,0.665180023614961,0.670049138434366
"BTS","Model 26.0",2001,9,0.784290635045299,0.790031639011513
"BTS","Model 26.0",2001,10,0.869350778526913,0.875714422365738
"BTS","Model 26.0",2001,11,0.924114730706701,0.930879246432325
"BTS","Model 26.0",2001,12,0.957057301180652,0.964062956375878
"BTS","Model 26.0",2001,13,0.97606949077366,0.98321431511229
"BTS","Model 26.0",2001,14,0.986780603944777,0.994003833584262
"BTS","Model 26.0",2001,15,0.992733197402832,1
"BTS","Model 26.0",2002,1,0.035615597081943,0.0356239168879848
"BTS","Model 26.0",2002,2,0.0238671842815345,0.0238727596575005
"BTS","Model 26.0",2002,3,0.0582825622055898,0.058296177016316
"BTS","Model 26.0",2002,4,0.135437834198163,0.13546947248598
"BTS","Model 26.0",2002,5,0.283936423491794,0.284002751060759
"BTS","Model 26.0",2002,6,0.500918312844373,0.501035327398307
"BTS","Model 26.0",2002,7,0.717554869785015,0.717722490654244
"BTS","Model 26.0",2002,8,0.865420099673004,0.865622261870578
"BTS","Model 26.0",2002,9,0.942119350185554,0.942339429333568
"BTS","Model 26.0",2002,10,0.97630337400043,0.976531438538867
"BTS","Model 26.0",2002,11,0.990502018083596,0.990733399426313
"BTS","Model 26.0",2002,12,0.996225946329973,0.99645866478274
"BTS","Model 26.0",2002,13,0.998505572104249,0.998738823077761
"BTS","Model 26.0",2002,14,0.999409061880813,0.999642523909603
"BTS","Model 26.0",2002,15,0.999766454484273,1
"BTS","Model 26.0",2003,1,0.0205590270972395,0.020559353551411
"BTS","Model 26.0",2003,2,0.0126102068889725,0.0126104071248408
"BTS","Model 26.0",2003,3,0.0401139400676455,0.0401145770317883
"BTS","Model 26.0",2003,4,0.12029674928608,0.120298659462833
"BTS","Model 26.0",2003,5,0.309137343954394,0.309142252706887
"BTS","Model 26.0",2003,6,0.594189565740381,0.59419900080078
"BTS","Model 26.0",2003,7,0.827324074560028,0.827337211533585
"BTS","Model 26.0",2003,8,0.940040158156007,0.940055084933892
"BTS","Model 26.0",2003,9,0.980879999787556,0.980895575056083
"BTS","Model 26.0",2003,10,0.994078243790251,0.994094028632013
"BTS","Model 26.0",2003,11,0.998182819835665,0.998198669853466
"BTS","Model 26.0",2003,12,0.999443962237323,0.999459832280644
"BTS","Model 26.0",2003,13,0.99983000742713,0.999845883600413
"BTS","Model 26.0",2003,14,0.999948043587411,0.999963921634975
"BTS","Model 26.0",2003,15,0.999984121379561,1
"BTS","Model 26.0",2004,1,0.038383430021173,0.0383856707910547
"BTS","Model 26.0",2004,2,0.015000227185691,0.0150011028775528
"BTS","Model 26.0",2004,3,0.0425824977007808,0.0425849836062428
"BTS","Model 26.0",2004,4,0.114963274328628,0.114969985720561
"BTS","Model 26.0",2004,5,0.275032691034526,0.275048747050631
"BTS","Model 26.0",2004,6,0.525613366741403,0.525644051299845
"BTS","Model 26.0",2004,7,0.76392553816576,0.763970135048761
"BTS","Model 26.0",2004,8,0.904313846369633,0.904366638921771
"BTS","Model 26.0",2004,9,0.965037223095653,0.965093560591888
"BTS","Model 26.0",2004,10,0.987747081461961,0.987804744727327
"BTS","Model 26.0",2004,11,0.995770539227069,0.995828670890452
"BTS","Model 26.0",2004,12,0.998547799692324,0.998606093488211
"BTS","Model 26.0",2004,13,0.99950229340269,0.999560642920557
"BTS","Model 26.0",2004,14,0.999829530181272,0.999887898802756
"BTS","Model 26.0",2004,15,0.99994162483459,1
"BTS","Model 26.0",2005,1,0.0485854332466317,0.0485858279272831
"BTS","Model 26.0",2005,2,0.0128089951080577,0.0128090991611081
"BTS","Model 26.0",2005,3,0.042741208827595,0.0427415560330641
"BTS","Model 26.0",2005,4,0.133182902022065,0.13318398392483
"BTS","Model 26.0",2005,5,0.345857364716662,0.345860174266786
"BTS","Model 26.0",2005,6,0.645314578851917,0.645319821023517
"BTS","Model 26.0",2005,7,0.862274642447367,0.862281647080131
"BTS","Model 26.0",2005,8,0.955643171406929,0.95565093451295
"BTS","Model 26.0",2005,9,0.986691093695431,0.986699109017258
"BTS","Model 26.0",2005,10,0.996095561403503,0.99610365312192
"BTS","Model 26.0",2005,11,0.998862216553954,0.998870330747117
"BTS","Model 26.0",2005,12,0.999669092414381,0.999677213162149
"BTS","Model 26.0",2005,13,0.999903815494524,0.999911938149049
"BTS","Model 26.0",2005,14,0.999972046822413,0.999980170031211
"BTS","Model 26.0",2005,15,0.999991876630116,1
"BTS","Model 26.0",2006,1,0.0490958267266064,0.0491123999436245
"BTS","Model 26.0",2006,2,0.0209326401795662,0.020939706384814
"BTS","Model 26.0",2006,3,0.0504696181046269,0.0504866550706877
"BTS","Model 26.0",2006,4,0.116716199096438,0.116755598838251
"BTS","Model 26.0",2006,5,0.247273593197983,0.247357065036551
"BTS","Model 26.0",2006,6,0.44954440415383,0.449696156297872
"BTS","Model 26.0",2006,7,0.669999572047743,0.670225742967959
"BTS","Model 26.0",2006,8,0.834640320564922,0.83492206905735
"BTS","Model 26.0",2006,9,0.926189145957225,0.926501798472503
"BTS","Model 26.0",2006,10,0.968939566230117,0.969266649951467
"BTS","Model 26.0",2006,11,0.987269749807769,0.987603021226336
"BTS","Model 26.0",2006,12,0.99484005994249,0.995175886861211
"BTS","Model 26.0",2006,13,0.99791802006697,0.998254886008852
"BTS","Model 26.0",2006,14,0.99916149116204,0.999498776860909
"BTS","Model 26.0",2006,15,0.999662545160956,1
"BTS","Model 26.0",2007,1,0.0523840885511941,0.0523841400686539
"BTS","Model 26.0",2007,2,0.012013140934302,0.0120131527487007
"BTS","Model 26.0",2007,3,0.0471354138651745,0.0471354602207923
"BTS","Model 26.0",2007,4,0.167530923508258,0.167531088267594
"BTS","Model 26.0",2007,5,0.450164009902623,0.450164452619237
"BTS","Model 26.0",2007,6,0.769095691343381,0.769096447715353
"BTS","Model 26.0",2007,7,0.931274392809696,0.931275308677327
"BTS","Model 26.0",2007,8,0.982183482608937,0.982184448543431
"BTS","Model 26.0",2007,9,0.995560977759311,0.995561956849987
"BTS","Model 26.0",2007,10,0.998905204516929,0.998906186896506
"BTS","Model 26.0",2007,11,0.999730672311769,0.999731655503157
"BTS","Model 26.0",2007,12,0.99993378467815,0.99993476806929
"BTS","Model 26.0",2007,13,0.999983723184194,0.999984706624447
"BTS","Model 26.0",2007,14,0.999995999041507,0.999996982493833
"BTS","Model 26.0",2007,15,0.999999016544707,1
"BTS","Model 26.0",2008,1,0.0246478105498923,0.0246478114931634
"BTS","Model 26.0",2008,2,0.00616638316155796,0.0061663833975453
"BTS","Model 26.0",2008,3,0.0329977767753256,0.0329977780381497
"BTS","Model 26.0",2008,4,0.158016112155785,0.158016118203058
"BTS","Model 26.0",2008,5,0.507907554583783,0.507907574021393
"BTS","Model 26.0",2008,6,0.850220254427847,0.850220286965756
"BTS","Model 26.0",2008,7,0.96896239644911,0.968962433531278
"BTS","Model 26.0",2008,8,0.994209463977684,0.994209502026057
"BTS","Model 26.0",2008,9,0.998942109269043,0.998942147498534
"BTS","Model 26.0",2008,10,0.999807479717987,0.999807517980595
"BTS","Model 26.0",2008,11,0.999964988999725,0.999965027268361
"BTS","Model 26.0",2008,12,0.999993633854271,0.999993672124004
"BTS","Model 26.0",2008,13,0.999998842453478,0.99999888072341
"BTS","Model 26.0",2008,14,0.999999789525987,0.999999827795955
"BTS","Model 26.0",2008,15,0.999999961730025,1
"BTS","Model 26.0",2009,1,0.0122740386538396,0.0122741347385953
"BTS","Model 26.0",2009,2,0.0126031360280451,0.012603234689071
"BTS","Model 26.0",2009,3,0.0422407292602017,0.0422410599329548
"BTS","Model 26.0",2009,4,0.1322399979654,0.132241033178687
"BTS","Model 26.0",2009,5,0.344934219841542,0.344936920087256
"BTS","Model 26.0",2009,6,0.645320582844491,0.645325634602296
"BTS","Model 26.0",2009,7,0.862765016912293,0.862771770888571
"BTS","Model 26.0",2009,8,0.955991344240497,0.955998828019666
"BTS","Model 26.0",2009,9,0.986852349231485,0.986860074599605
"BTS","Model 26.0",2009,10,0.996159068952852,0.996166867176689
"BTS","Model 26.0",2009,11,0.998885358259853,0.998893177825878
"BTS","Model 26.0",2009,12,0.999677157084568,0.999684982849026
"BTS","Model 26.0",2009,13,0.999906544957268,0.999914372517441
"BTS","Model 26.0",2009,14,0.99997295148546,0.999980779565483
"BTS","Model 26.0",2009,15,0.999992171769515,1
"BTS","Model 26.0",2010,1,0.0141955805994779,0.0141955806020355
"BTS","Model 26.0",2010,2,0.00488565590822924,0.0048856559091095
"BTS","Model 26.0",2010,3,0.0398618859020924,0.0398618859092744
"BTS","Model 26.0",2010,4,0.259847960849426,0.259847960896243
"BTS","Model 26.0",2010,5,0.748031056631647,0.748031056766421
"BTS","Model 26.0",2010,6,0.961692028097944,0.961692028271213
"BTS","Model 26.0",2010,7,0.995311456971038,0.995311457150364
"BTS","Model 26.0",2010,8,0.999443246700769,0.999443246880839
"BTS","Model 26.0",2010,9,0.999934127854143,0.999934128034302
"BTS","Model 26.0",2010,10,0.999992209724878,0.999992209905048
"BTS","Model 26.0",2010,11,0.999999078741438,0.999999078921608
"BTS","Model 26.0",2010,12,0.999999891054913,0.999999891235084
"BTS","Model 26.0",2010,13,0.999999987116512,0.999999987296683
"BTS","Model 26.0",2010,14,0.999999998476441,0.999999998656612
"BTS","Model 26.0",2010,15,0.999999999819829,1
"BTS","Model 26.0",2011,1,0.0577795626052544,0.0577795656310413
"BTS","Model 26.0",2011,2,0.00467355940320566,0.00467355964794956
"BTS","Model 26.0",2011,3,0.0251079984624845,0.0251079997773344
"BTS","Model 26.0",2011,4,0.123777909674221,0.123777916156194
"BTS","Model 26.0",2011,5,0.43656342149217,0.436563444354024
"BTS","Model 26.0",2011,6,0.809519100293917,0.809519142686628
"BTS","Model 26.0",2011,7,0.958865278068704,0.958865328282341
"BTS","Model 26.0",2011,8,0.992239421597816,0.992239473559184
"BTS","Model 26.0",2011,9,0.998576080583473,0.998576132876677
"BTS","Model 26.0",2011,10,0.99974009298458,0.99974014533874
"BTS","Model 26.0",2011,11,0.999952604517508,0.999952656882797
"BTS","Model 26.0",2011,12,0.999991358673396,0.999991411040715
"BTS","Model 26.0",2011,13,0.999998424530034,0.999998476897723
"BTS","Model 26.0",2011,14,0.99999971276502,0.999999765132776
"BTS","Model 26.0",2011,15,0.999999947632231,1
"BTS","Model 26.0",2012,1,0.0553387252908525,0.0553393233726521
"BTS","Model 26.0",2012,2,0.0166588921543654,0.016659072197909
"BTS","Model 26.0",2012,3,0.0529159202987402,0.0529164921957015
"BTS","Model 26.0",2012,4,0.155597684111879,0.155599365757823
"BTS","Model 26.0",2012,5,0.378004435735297,0.378008521076475
"BTS","Model 26.0",2012,6,0.667145180911888,0.667152391186217
"BTS","Model 26.0",2012,7,0.868599195819847,0.86860858333948
"BTS","Model 26.0",2012,8,0.956142359479532,0.956152693135395
"BTS","Model 26.0",2012,9,0.986282712848793,0.986293372251168
"BTS","Model 26.0",2012,10,0.995800638003983,0.9958114002728
"BTS","Model 26.0",2012,11,0.998722973064636,0.99873376691704
"BTS","Model 26.0",2012,12,0.999612447290474,0.999623250756007
"BTS","Model 26.0",2012,13,0.999882458243642,0.99989326462736
"BTS","Model 26.0",2012,14,0.999964357196919,0.999975164465773
"BTS","Model 26.0",2012,15,0.999989192462735,1
"BTS","Model 26.0",2013,1,0.0233764071352308,0.0233764678163427
"BTS","Model 26.0",2013,2,0.0138111208948841,0.0138111567461664
"BTS","Model 26.0",2013,3,0.0497042378753751,0.0497043668989842
"BTS","Model 26.0",2013,4,0.163420849529148,0.163421273741423
"BTS","Model 26.0",2013,5,0.421821193363245,0.421822288338142
"BTS","Model 26.0",2013,6,0.731528032740942,0.731529931661256
"BTS","Model 26.0",2013,7,0.910526437142969,0.910528800712197
"BTS","Model 26.0",2013,8,0.974363577973339,0.974366107252749
"BTS","Model 26.0",2013,9,0.993004451599819,0.993007029267715
"BTS","Model 26.0",2013,10,0.998117277368998,0.998119868308906
"BTS","Model 26.0",2013,11,0.999495199609921,0.999497794126677
"BTS","Model 26.0",2013,12,0.999864788247125,0.999867383723268
"BTS","Model 26.0",2013,13,0.999963793074917,0.99996638880806
"BTS","Model 26.0",2013,14,0.999990305233417,0.999992901035381
"BTS","Model 26.0",2013,15,0.999997404179608,1
"BTS","Model 26.0",2014,1,0.0272159445222659,0.0272159455276383
"BTS","Model 26.0",2014,2,0.00971987862323072,0.00971987898228854
"BTS","Model 26.0",2014,3,0.0496572385574232,0.0496572403917897
"BTS","Model 26.0",2014,4,0.217628131366031,0.217628139405337
"BTS","Model 26.0",2014,5,0.596906946963421,0.596906969013501
"BTS","Model 26.0",2014,6,0.887427560086628,0.887427592868704
"BTS","Model 26.0",2014,7,0.976725928156327,0.976725964237136
"BTS","Model 26.0",2014,8,0.995543842509175,0.995543879285129
"BTS","Model 26.0",2014,9,0.999159891034052,0.999159927943584
"BTS","Model 26.0",2014,10,0.999842081676007,0.99984211861074
"BTS","Model 26.0",2014,11,0.999970331969512,0.999970368908983
"BTS","Model 26.0",2014,12,0.999994426863656,0.999994463804017
"BTS","Model 26.0",2014,13,0.999998953107423,0.99999899004795
"BTS","Model 26.0",2014,14,0.999999803345913,0.999999840286472
"BTS","Model 26.0",2014,15,0.999999963059435,1
"BTS","Model 26.0",2015,1,0.0402643535607935,0.0402643583132534
"BTS","Model 26.0",2015,2,0.0214143433459606,0.0214143458735266
"BTS","Model 26.0",2015,3,0.0910449257104779,0.0910449364566423
"BTS","Model 26.0",2015,4,0.314354841176197,0.314354878279954
"BTS","Model 26.0",2015,5,0.677272843596774,0.677272923536268
"BTS","Model 26.0",2015,6,0.905712366610866,0.905712473513408
"BTS","Model 26.0",2015,7,0.977762277635376,0.977762393042073
"BTS","Model 26.0",2015,8,0.99505578845352,0.995055905901395
"BTS","Model 26.0",2015,9,0.998915646169462,0.998915764072922
"BTS","Model 26.0",2015,10,0.999762899861768,0.99976301786523
"BTS","Model 26.0",2015,11,0.999948191039573,0.999948309064905
"BTS","Model 26.0",2015,12,0.99998868081778,0.999988798847892
"BTS","Model 26.0",2015,13,0.999997527071945,0.9999976451031
"BTS","Model 26.0",2015,14,0.999999459737394,0.999999577768777
"BTS","Model 26.0",2015,15,0.999999881968567,1
"BTS","Model 26.0",2016,1,0.0559751688731762,0.0559751803836291
"BTS","Model 26.0",2016,2,0.013787789190975,0.0137877920262268
"BTS","Model 26.0",2016,3,0.0596800325780443,0.0596800448503467
"BTS","Model 26.0",2016,4,0.223678459847113,0.223678505843229
"BTS","Model 26.0",2016,5,0.566726651571655,0.56672676811048
"BTS","Model 26.0",2016,6,0.855866414895721,0.855866590891796
"BTS","Model 26.0",2016,7,0.96423065360097,0.964230851880523
"BTS","Model 26.0",2016,8,0.991894747902899,0.991894951871158
"BTS","Model 26.0",2016,9,0.998203237080038,0.998203442345543
"BTS","Model 26.0",2016,10,0.999603657627223,0.999603863180704
"BTS","Model 26.0",2016,11,0.999912667557872,0.999912873174895
"BTS","Model 26.0",2016,12,0.999980761285712,0.999980966916739
"BTS","Model 26.0",2016,13,0.999995762073446,0.999995967707557
"BTS","Model 26.0",2016,14,0.999999066475486,0.999999272110276
"BTS","Model 26.0",2016,15,0.99999979436506,1
"BTS","Model 26.0",2017,1,0.0574936639741813,0.057493959090916
"BTS","Model 26.0",2017,2,0.0166583220698078,0.0166584075774842
"BTS","Model 26.0",2017,3,0.0558591490394664,0.055859435766186
"BTS","Model 26.0",2017,4,0.171243858429012,0.171244737428973
"BTS","Model 26.0",2017,5,0.419157560579595,0.419159712128167
"BTS","Model 26.0",2017,6,0.715932103561433,0.715935778462807
"BTS","Model 26.0",2017,7,0.897979800815364,0.897984410173133
"BTS","Model 26.0",2017,8,0.96849452366539,0.968499494977387
"BTS","Model 26.0",2017,9,0.990771488398102,0.99077657405844
"BTS","Model 26.0",2017,10,0.997340066921704,0.997345186298757
"BTS","Model 26.0",2017,11,0.999236928557155,0.999242057670856
"BTS","Model 26.0",2017,12,0.99978138948127,0.999786521389705
"BTS","Model 26.0",2017,13,0.999937395132877,0.999942527842095
"BTS","Model 26.0",2017,14,0.999982073447231,0.999987206385784
"BTS","Model 26.0",2017,15,0.999994866995777,1
"BTS","Model 26.0",2018,1,0.0499452870655087,0.0501259669826511
"BTS","Model 26.0",2018,2,0.0389061885769797,0.0390469339273707
"BTS","Model 26.0",2018,3,0.073933879757187,0.0742013397730044
"BTS","Model 26.0",2018,4,0.1360338047334,0.136525914760429
"BTS","Model 26.0",2018,5,0.236947907108081,0.237805079641041
"BTS","Model 26.0",2018,6,0.379813063195254,0.381187058557373
"BTS","Model 26.0",2018,7,0.547060908392333,0.549039932348498
"BTS","Model 26.0",2018,8,0.704318273897426,0.706866185319034
"BTS","Model 26.0",2018,9,0.824493178527642,0.827475829503007
"BTS","Model 26.0",2018,10,0.902580825929393,0.905845963411321
"BTS","Model 26.0",2018,11,0.948111721584641,0.951541569671668
"BTS","Model 26.0",2018,12,0.972999381305556,0.976519261917381
"BTS","Model 26.0",2018,13,0.986124636592991,0.98969199856246
"BTS","Model 26.0",2018,14,0.992916033690813,0.996507963925618
"BTS","Model 26.0",2018,15,0.996395482660615,1
"BTS","Model 26.0",2019,1,0.0188616807457937,0.0188632881770421
"BTS","Model 26.0",2019,2,0.0302097492446623,0.0302123237816612
"BTS","Model 26.0",2019,3,0.0771804866257748,0.0771870641056739
"BTS","Model 26.0",2019,4,0.183373180866386,0.183388808306221
"BTS","Model 26.0",2019,5,0.376124458946825,0.376156513047238
"BTS","Model 26.0",2019,6,0.618124984669084,0.61817766255231
"BTS","Model 26.0",2019,7,0.812939624162903,0.813008904550613
"BTS","Model 26.0",2019,8,0.921061193078773,0.921139687809087
"BTS","Model 26.0",2019,9,0.969066144109643,0.969148729920673
"BTS","Model 26.0",2019,10,0.988250316656138,0.988334537381832
"BTS","Model 26.0",2019,11,0.995591216020858,0.995676062353102
"BTS","Model 26.0",2019,12,0.998353352619206,0.998438434346416
"BTS","Model 26.0",2019,13,0.999386056824282,0.999471226560669
"BTS","Model 26.0",2019,14,0.999771243156924,0.999856445719683
"BTS","Model 26.0",2019,15,0.999914785204292,1
"BTS","Model 26.0",2020,1,0.0334706344272512,0.0334837359931267
"BTS","Model 26.0",2020,2,0.0286056563667967,0.0286168536117165
"BTS","Model 26.0",2020,3,0.0659613058913761,0.0659871254316734
"BTS","Model 26.0",2020,4,0.144826102644166,0.144882792598114
"BTS","Model 26.0",2020,5,0.28882601071737,0.288939067224088
"BTS","Model 26.0",2020,6,0.493396839138356,0.493589971754494
"BTS","Model 26.0",2020,7,0.700202909830737,0.700476993507558
"BTS","Model 26.0",2020,8,0.848507492693004,0.848839627921439
"BTS","Model 26.0",2020,9,0.930708327892795,0.931072639375904
"BTS","Model 26.0",2020,10,0.969889251067204,0.970268899321032
"BTS","Model 26.0",2020,11,0.987219579551811,0.987606011496602
"BTS","Model 26.0",2020,12,0.994630607269422,0.995019940147209
"BTS","Model 26.0",2020,13,0.997753953319718,0.998144508783355
"BTS","Model 26.0",2020,14,0.999062179311301,0.999453246859914
"BTS","Model 26.0",2020,15,0.999608718517008,1
"BTS","Model 26.0",2021,1,0.0546725374025699,0.0547327848863677
"BTS","Model 26.0",2021,2,0.0255535066015909,0.0255816657935381
"BTS","Model 26.0",2021,3,0.05535123506213,0.0554122304502358
"BTS","Model 26.0",2021,4,0.115767787591351,0.115895360194317
"BTS","Model 26.0",2021,5,0.22632979108865,0.22657919967785
"BTS","Model 26.0",2021,6,0.395279882595296,0.395715469078998
"BTS","Model 26.0",2021,7,0.593585862614955,0.594239976295049
"BTS","Model 26.0",2021,8,0.765449090033958,0.766292591796284
"BTS","Model 26.0",2021,9,0.8794010945781,0.880370168005354
"BTS","Model 26.0",2021,10,0.942174014939817,0.943212262228064
"BTS","Model 26.0",2021,11,0.973266294831152,0.974338804872108
"BTS","Model 26.0",2021,12,0.987856140678778,0.988944728288895
"BTS","Model 26.0",2021,13,0.994528382139142,0.995624322357687
"BTS","Model 26.0",2021,14,0.997543786591172,0.998643049694286
"BTS","Model 26.0",2021,15,0.998899243224643,1
"BTS","Model 26.0",2022,1,0.0465939414997089,0.0466023620538362
"BTS","Model 26.0",2022,2,0.0225846930731552,0.022588774625914
"BTS","Model 26.0",2022,3,0.0565266737900462,0.0565368894082353
"BTS","Model 26.0",2022,4,0.134461765598883,0.134486065809143
"BTS","Model 26.0",2022,5,0.287145585344011,0.287197478892098
"BTS","Model 26.0",2022,6,0.510872271688307,0.510964597589002
"BTS","Model 26.0",2022,7,0.730326503713042,0.730458489839502
"BTS","Model 26.0",2022,8,0.875344495308692,0.875502689388554
"BTS","Model 26.0",2022,9,0.94793768250721,0.948108995779019
"BTS","Model 26.0",2022,10,0.979257931761267,0.979434905293738
"BTS","Model 26.0",2022,11,0.991897241493391,0.992076499228235
"BTS","Model 26.0",2022,12,0.996859409030603,0.997039563538696
"BTS","Model 26.0",2022,13,0.998786439716394,0.998966942481485
"BTS","Model 26.0",2022,14,0.999531621978295,0.999712259414276
"BTS","Model 26.0",2022,15,0.999819310572337,1
"BTS","Model 26.0",2023,1,0.0552010425043055,0.0554412078766163
"BTS","Model 26.0",2023,2,0.0305396068537662,0.0306724767366075
"BTS","Model 26.0",2023,3,0.0587744900250874,0.0590302025377297
"BTS","Model 26.0",2023,4,0.110147583451862,0.110626806926432
"BTS","Model 26.0",2023,5,0.197024812895373,0.197882016589303
"BTS","Model 26.0",2023,6,0.327227015562663,0.328650695161044
"BTS","Model 26.0",2023,7,0.490872655356002,0.493008314551597
"BTS","Model 26.0",2023,8,0.656498045990666,0.659354298164244
"BTS","Model 26.0",2023,9,0.791165857976147,0.794608014758342
"BTS","Model 26.0",2023,10,0.882488299293792,0.886327776255541
"BTS","Model 26.0",2023,11,0.937053072627857,0.941129946720318
"BTS","Model 26.0",2023,12,0.967222565537367,0.971430699243203
"BTS","Model 26.0",2023,13,0.983191656577688,0.987469267643393
"BTS","Model 26.0",2023,14,0.991449421802433,0.995762960255913
"BTS","Model 26.0",2023,15,0.995668107144324,1
"BTS","Model 26.0",2024,1,0.0562761885087513,0.0563362598175665
"BTS","Model 26.0",2024,2,0.0507143299267906,0.0507684642996952
"BTS","Model 26.0",2024,3,0.101760997058557,0.101869620553531
"BTS","Model 26.0",2024,4,0.193704373652431,0.193911140947034
"BTS","Model 26.0",2024,5,0.337506644728548,0.337866911946707
"BTS","Model 26.0",2024,6,0.519307057476741,0.519861385256326
"BTS","Model 26.0",2024,7,0.696134691715702,0.696877771926909
"BTS","Model 26.0",2024,8,0.829296639585139,0.830181861840874
"BTS","Model 26.0",2024,9,0.911520450316493,0.912493441343662
"BTS","Model 26.0",2024,10,0.95622936132616,0.957250076317428
"BTS","Model 26.0",2024,11,0.978870445179185,0.979915328110324
"BTS","Model 26.0",2024,12,0.989923468355923,0.990980149697477
"BTS","Model 26.0",2024,13,0.995222792687246,0.99628513072583
"BTS","Model 26.0",2024,14,0.997741520555375,0.998806547178307
"BTS","Model 26.0",2024,15,0.998933700799278,1
"ATS","Model 23.2",1994,1,0.779827,0.673402473144278
"ATS","Model 23.2",1994,2,0.6636,0.573037200787538
"ATS","Model 23.2",1994,3,0.660208,0.570108113709371
"ATS","Model 23.2",1994,4,0.790687,0.68278038755138
"ATS","Model 23.2",1994,5,0.893068,0.771189250803081
"ATS","Model 23.2",1994,6,0.928718,0.801974025076854
"ATS","Model 23.2",1994,7,1.01958,0.880435908949604
"ATS","Model 23.2",1994,8,1.15804,1
"ATS","Model 23.2",1994,9,1.15804,1
"ATS","Model 23.2",1994,10,1.15804,1
"ATS","Model 23.2",1994,11,1.15804,1
"ATS","Model 23.2",1994,12,1.15804,1
"ATS","Model 23.2",1994,13,1.15804,1
"ATS","Model 23.2",1994,14,1.15804,1
"ATS","Model 23.2",1994,15,1.15804,1
"ATS","Model 23.2",1995,1,0.747433,0.643878087230688
"ATS","Model 23.2",1995,2,0.669549,0.576784714385397
"ATS","Model 23.2",1995,3,0.673335,0.58004617385836
"ATS","Model 23.2",1995,4,0.785701,0.676844154613509
"ATS","Model 23.2",1995,5,0.881377,0.75926449178605
"ATS","Model 23.2",1995,6,0.930194,0.801318022449454
"ATS","Model 23.2",1995,7,1.02578,0.883660828889674
"ATS","Model 23.2",1995,8,1.16083,1
"ATS","Model 23.2",1995,9,1.16083,1
"ATS","Model 23.2",1995,10,1.16083,1
"ATS","Model 23.2",1995,11,1.16083,1
"ATS","Model 23.2",1995,12,1.16083,1
"ATS","Model 23.2",1995,13,1.16083,1
"ATS","Model 23.2",1995,14,1.16083,1
"ATS","Model 23.2",1995,15,1.16083,1
"ATS","Model 23.2",1996,1,0.719352,0.61765508951187
"ATS","Model 23.2",1996,2,0.673118,0.57795732623535
"ATS","Model 23.2",1996,3,0.676952,0.581249302365518
"ATS","Model 23.2",1996,4,0.786671,0.675457004250204
"ATS","Model 23.2",1996,5,0.875793,0.751979564676083
"ATS","Model 23.2",1996,6,0.925457,0.794622418752415
"ATS","Model 23.2",1996,7,1.02547,0.880496286437986
"ATS","Model 23.2",1996,8,1.16465,1
"ATS","Model 23.2",1996,9,1.16465,1
"ATS","Model 23.2",1996,10,1.16465,1
"ATS","Model 23.2",1996,11,1.16465,1
"ATS","Model 23.2",1996,12,1.16465,1
"ATS","Model 23.2",1996,13,1.16465,1
"ATS","Model 23.2",1996,14,1.16465,1
"ATS","Model 23.2",1996,15,1.16465,1
"ATS","Model 23.2",1997,1,0.690216,0.59505483136768
"ATS","Model 23.2",1997,2,0.69969,0.603222636043865
"ATS","Model 23.2",1997,3,0.698192,0.601931167666736
"ATS","Model 23.2",1997,4,0.786481,0.678047623974067
"ATS","Model 23.2",1997,5,0.888951,0.766389923442996
"ATS","Model 23.2",1997,6,0.926293,0.798583523001586
"ATS","Model 23.2",1997,7,1.03085,0.888725084488585
"ATS","Model 23.2",1997,8,1.15992,1
"ATS","Model 23.2",1997,9,1.15992,1
"ATS","Model 23.2",1997,10,1.15992,1
"ATS","Model 23.2",1997,11,1.15992,1
"ATS","Model 23.2",1997,12,1.15992,1
"ATS","Model 23.2",1997,13,1.15992,1
"ATS","Model 23.2",1997,14,1.15992,1
"ATS","Model 23.2",1997,15,1.15992,1
"ATS","Model 23.2",1998,1,0.660177,0.572990730454104
"ATS","Model 23.2",1998,2,0.679865,0.590078634911818
"ATS","Model 23.2",1998,3,0.737745,0.640314713234273
"ATS","Model 23.2",1998,4,0.822369,0.713762845438134
"ATS","Model 23.2",1998,5,0.893927,0.775870538814054
"ATS","Model 23.2",1998,6,0.938509,0.814564817386474
"ATS","Model 23.2",1998,7,1.05009,0.911409873628663
"ATS","Model 23.2",1998,8,1.15216,1
"ATS","Model 23.2",1998,9,1.15216,1
"ATS","Model 23.2",1998,10,1.15216,1
"ATS","Model 23.2",1998,11,1.15216,1
"ATS","Model 23.2",1998,12,1.15216,1
"ATS","Model 23.2",1998,13,1.15216,1
"ATS","Model 23.2",1998,14,1.15216,1
"ATS","Model 23.2",1998,15,1.15216,1
"ATS","Model 23.2",1999,1,0.632461,0.552560719902149
"ATS","Model 23.2",1999,2,0.656339,0.573422156211777
"ATS","Model 23.2",1999,3,0.777616,0.679377948628342
"ATS","Model 23.2",1999,4,0.861695,0.752835051546392
"ATS","Model 23.2",1999,5,0.903359,0.78923554080028
"ATS","Model 23.2",1999,6,0.941523,0.822578193255286
"ATS","Model 23.2",1999,7,1.07024,0.935034073038616
"ATS","Model 23.2",1999,8,1.1446,1
"ATS","Model 23.2",1999,9,1.1446,1
"ATS","Model 23.2",1999,10,1.1446,1
"ATS","Model 23.2",1999,11,1.1446,1
"ATS","Model 23.2",1999,12,1.1446,1
"ATS","Model 23.2",1999,13,1.1446,1
"ATS","Model 23.2",1999,14,1.1446,1
"ATS","Model 23.2",1999,15,1.1446,1
"ATS","Model 23.2",2000,1,0.610939,0.535174365128726
"ATS","Model 23.2",2000,2,0.63737,0.558327566421682
"ATS","Model 23.2",2000,3,0.772828,0.676986956559825
"ATS","Model 23.2",2000,4,0.906889,0.794422593445868
"ATS","Model 23.2",2000,5,0.916736,0.803048433298002
"ATS","Model 23.2",2000,6,0.960904,0.841739008558389
"ATS","Model 23.2",2000,7,1.06174,0.930069991327733
"ATS","Model 23.2",2000,8,1.14157,1
"ATS","Model 23.2",2000,9,1.14157,1
"ATS","Model 23.2",2000,10,1.14157,1
"ATS","Model 23.2",2000,11,1.14157,1
"ATS","Model 23.2",2000,12,1.14157,1
"ATS","Model 23.2",2000,13,1.14157,1
"ATS","Model 23.2",2000,14,1.14157,1
"ATS","Model 23.2",2000,15,1.14157,1
"ATS","Model 23.2",2001,1,0.594803,0.523921641166574
"ATS","Model 23.2",2001,2,0.647819,0.570619841626369
"ATS","Model 23.2",2001,3,0.780607,0.687583789164002
"ATS","Model 23.2",2001,4,0.899674,0.79246183794449
"ATS","Model 23.2",2001,5,0.936158,0.824598120304063
"ATS","Model 23.2",2001,6,0.987187,0.869546107162047
"ATS","Model 23.2",2001,7,1.0714,0.943723630085705
"ATS","Model 23.2",2001,8,1.13529,1
"ATS","Model 23.2",2001,9,1.13529,1
"ATS","Model 23.2",2001,10,1.13529,1
"ATS","Model 23.2",2001,11,1.13529,1
"ATS","Model 23.2",2001,12,1.13529,1
"ATS","Model 23.2",2001,13,1.13529,1
"ATS","Model 23.2",2001,14,1.13529,1
"ATS","Model 23.2",2001,15,1.13529,1
"ATS","Model 23.2",2002,1,0.581216,0.514746751924048
"ATS","Model 23.2",2002,2,0.647533,0.573479581624791
"ATS","Model 23.2",2002,3,0.792253,0.701649057238759
"ATS","Model 23.2",2002,4,0.90167,0.798552868137416
"ATS","Model 23.2",2002,5,0.951588,0.842762126593041
"ATS","Model 23.2",2002,6,1.01013,0.894609123838708
"ATS","Model 23.2",2002,7,1.08254,0.958738143526432
"ATS","Model 23.2",2002,8,1.12913,1
"ATS","Model 23.2",2002,9,1.12913,1
"ATS","Model 23.2",2002,10,1.12913,1
"ATS","Model 23.2",2002,11,1.12913,1
"ATS","Model 23.2",2002,12,1.12913,1
"ATS","Model 23.2",2002,13,1.12913,1
"ATS","Model 23.2",2002,14,1.12913,1
"ATS","Model 23.2",2002,15,1.12913,1
"ATS","Model 23.2",2003,1,0.573528,0.506533834984897
"ATS","Model 23.2",2003,2,0.61274,0.541165456697225
"ATS","Model 23.2",2003,3,0.747603,0.660275025170897
"ATS","Model 23.2",2003,4,0.914063,0.807290728277957
"ATS","Model 23.2",2003,5,0.980903,0.866323106000389
"ATS","Model 23.2",2003,6,1.02571,0.905896172257255
"ATS","Model 23.2",2003,7,1.08734,0.960327133343931
"ATS","Model 23.2",2003,8,1.13226,1
"ATS","Model 23.2",2003,9,1.13226,1
"ATS","Model 23.2",2003,10,1.13226,1
"ATS","Model 23.2",2003,11,1.13226,1
"ATS","Model 23.2",2003,12,1.13226,1
"ATS","Model 23.2",2003,13,1.13226,1
"ATS","Model 23.2",2003,14,1.13226,1
"ATS","Model 23.2",2003,15,1.13226,1
"ATS","Model 23.2",2004,1,0.568591,0.501018618872646
"ATS","Model 23.2",2004,2,0.569457,0.501781701868936
"ATS","Model 23.2",2004,3,0.705005,0.621220932794065
"ATS","Model 23.2",2004,4,0.939106,0.827500947245059
"ATS","Model 23.2",2004,5,1.00895,0.889044560169887
"ATS","Model 23.2",2004,6,1.03745,0.91415756870831
"ATS","Model 23.2",2004,7,1.09248,0.962647704142325
"ATS","Model 23.2",2004,8,1.13487,1
"ATS","Model 23.2",2004,9,1.13487,1
"ATS","Model 23.2",2004,10,1.13487,1
"ATS","Model 23.2",2004,11,1.13487,1
"ATS","Model 23.2",2004,12,1.13487,1
"ATS","Model 23.2",2004,13,1.13487,1
"ATS","Model 23.2",2004,14,1.13487,1
"ATS","Model 23.2",2004,15,1.13487,1
"ATS","Model 23.2",2005,1,0.570988,0.498709964801342
"ATS","Model 23.2",2005,2,0.586288,0.512073227184195
"ATS","Model 23.2",2005,3,0.700597,0.611912518669264
"ATS","Model 23.2",2005,4,0.878501,0.767296690627375
"ATS","Model 23.2",2005,5,0.974398,0.851054649629235
"ATS","Model 23.2",2005,6,1.03269,0.901967805892063
"ATS","Model 23.2",2005,7,1.09712,0.958241988593189
"ATS","Model 23.2",2005,8,1.14493,1
"ATS","Model 23.2",2005,9,1.14493,1
"ATS","Model 23.2",2005,10,1.14493,1
"ATS","Model 23.2",2005,11,1.14493,1
"ATS","Model 23.2",2005,12,1.14493,1
"ATS","Model 23.2",2005,13,1.14493,1
"ATS","Model 23.2",2005,14,1.14493,1
"ATS","Model 23.2",2005,15,1.14493,1
"ATS","Model 23.2",2006,1,0.576511,0.499307997436386
"ATS","Model 23.2",2006,2,0.593519,0.514038384923178
"ATS","Model 23.2",2006,3,0.692857,0.600073617294001
"ATS","Model 23.2",2006,4,0.833034,0.721478928132199
"ATS","Model 23.2",2006,5,0.94104,0.815021392319551
"ATS","Model 23.2",2006,6,1.02452,0.887322235887132
"ATS","Model 23.2",2006,7,1.10158,0.95406280854307
"ATS","Model 23.2",2006,8,1.15462,1
"ATS","Model 23.2",2006,9,1.15462,1
"ATS","Model 23.2",2006,10,1.15462,1
"ATS","Model 23.2",2006,11,1.15462,1
"ATS","Model 23.2",2006,12,1.15462,1
"ATS","Model 23.2",2006,13,1.15462,1
"ATS","Model 23.2",2006,14,1.15462,1
"ATS","Model 23.2",2006,15,1.15462,1
"ATS","Model 23.2",2007,1,0.581589,0.504243144122977
"ATS","Model 23.2",2007,2,0.610452,0.529267637139216
"ATS","Model 23.2",2007,3,0.701948,0.608595531433427
"ATS","Model 23.2",2007,4,0.818576,0.709713106581469
"ATS","Model 23.2",2007,5,0.936147,0.811648271616712
"ATS","Model 23.2",2007,6,1.02924,0.892360779961678
"ATS","Model 23.2",2007,7,1.09497,0.949349309426994
"ATS","Model 23.2",2007,8,1.15339,1
"ATS","Model 23.2",2007,9,1.15339,1
"ATS","Model 23.2",2007,10,1.15339,1
"ATS","Model 23.2",2007,11,1.15339,1
"ATS","Model 23.2",2007,12,1.15339,1
"ATS","Model 23.2",2007,13,1.15339,1
"ATS","Model 23.2",2007,14,1.15339,1
"ATS","Model 23.2",2007,15,1.15339,1
"ATS","Model 23.2",2008,1,0.591275,0.510287302258546
"ATS","Model 23.2",2008,2,0.642399,0.554408782180183
"ATS","Model 23.2",2008,3,0.716687,0.618521459208948
"ATS","Model 23.2",2008,4,0.79557,0.686599753173788
"ATS","Model 23.2",2008,5,0.901181,0.777745078578764
"ATS","Model 23.2",2008,6,1.00123,0.864090238282228
"ATS","Model 23.2",2008,7,1.08198,0.933779806854174
"ATS","Model 23.2",2008,8,1.15871,1
"ATS","Model 23.2",2008,9,1.15871,1
"ATS","Model 23.2",2008,10,1.15871,1
"ATS","Model 23.2",2008,11,1.15871,1
"ATS","Model 23.2",2008,12,1.15871,1
"ATS","Model 23.2",2008,13,1.15871,1
"ATS","Model 23.2",2008,14,1.15871,1
"ATS","Model 23.2",2008,15,1.15871,1
"ATS","Model 23.2",2009,1,0.598763,0.516166100584473
"ATS","Model 23.2",2009,2,0.653878,0.563678212444613
"ATS","Model 23.2",2009,3,0.726661,0.626421096187997
"ATS","Model 23.2",2009,4,0.782305,0.674389234668368
"ATS","Model 23.2",2009,5,0.88366,0.761762728228824
"ATS","Model 23.2",2009,6,0.991686,0.85488698470716
"ATS","Model 23.2",2009,7,1.08291,0.933527008155032
"ATS","Model 23.2",2009,8,1.16002,1
"ATS","Model 23.2",2009,9,1.16002,1
"ATS","Model 23.2",2009,10,1.16002,1
"ATS","Model 23.2",2009,11,1.16002,1
"ATS","Model 23.2",2009,12,1.16002,1
"ATS","Model 23.2",2009,13,1.16002,1
"ATS","Model 23.2",2009,14,1.16002,1
"ATS","Model 23.2",2009,15,1.16002,1
"ATS","Model 23.2",2010,1,0.603255,0.522579220014207
"ATS","Model 23.2",2010,2,0.682423,0.591159756752543
"ATS","Model 23.2",2010,3,0.727189,0.629939014882448
"ATS","Model 23.2",2010,4,0.798704,0.691890018884596
"ATS","Model 23.2",2010,5,0.876879,0.75961035360973
"ATS","Model 23.2",2010,6,0.988445,0.856256172144355
"ATS","Model 23.2",2010,7,1.08806,0.942549247214955
"ATS","Model 23.2",2010,8,1.15438,1
"ATS","Model 23.2",2010,9,1.15438,1
"ATS","Model 23.2",2010,10,1.15438,1
"ATS","Model 23.2",2010,11,1.15438,1
"ATS","Model 23.2",2010,12,1.15438,1
"ATS","Model 23.2",2010,13,1.15438,1
"ATS","Model 23.2",2010,14,1.15438,1
"ATS","Model 23.2",2010,15,1.15438,1
"ATS","Model 23.2",2011,1,0.606581,0.527113385936251
"ATS","Model 23.2",2011,2,0.707004,0.614380061872154
"ATS","Model 23.2",2011,3,0.734707,0.638453717543189
"ATS","Model 23.2",2011,4,0.784205,0.681467030484202
"ATS","Model 23.2",2011,5,0.8712,0.757064896242483
"ATS","Model 23.2",2011,6,0.991483,0.861589732003198
"ATS","Model 23.2",2011,7,1.09875,0.954803781848517
"ATS","Model 23.2",2011,8,1.15076,1
"ATS","Model 23.2",2011,9,1.15076,1
"ATS","Model 23.2",2011,10,1.15076,1
"ATS","Model 23.2",2011,11,1.15076,1
"ATS","Model 23.2",2011,12,1.15076,1
"ATS","Model 23.2",2011,13,1.15076,1
"ATS","Model 23.2",2011,14,1.15076,1
"ATS","Model 23.2",2011,15,1.15076,1
"ATS","Model 23.2",2012,1,0.606753,0.529508325479108
"ATS","Model 23.2",2012,2,0.739491,0.645347680385381
"ATS","Model 23.2",2012,3,0.741748,0.647317345620833
"ATS","Model 23.2",2012,4,0.769088,0.671176737529235
"ATS","Model 23.2",2012,5,0.866421,0.756118441721646
"ATS","Model 23.2",2012,6,0.99685,0.869942751422488
"ATS","Model 23.2",2012,7,1.11261,0.970965546130485
"ATS","Model 23.2",2012,8,1.14588,1
"ATS","Model 23.2",2012,9,1.14588,1
"ATS","Model 23.2",2012,10,1.14588,1
"ATS","Model 23.2",2012,11,1.14588,1
"ATS","Model 23.2",2012,12,1.14588,1
"ATS","Model 23.2",2012,13,1.14588,1
"ATS","Model 23.2",2012,14,1.14588,1
"ATS","Model 23.2",2012,15,1.14588,1
"ATS","Model 23.2",2013,1,0.597235,0.525961902581219
"ATS","Model 23.2",2013,2,0.75218,0.662416006904387
"ATS","Model 23.2",2013,3,0.763654,0.672520717563033
"ATS","Model 23.2",2013,4,0.813857,0.716732569506213
"ATS","Model 23.2",2013,5,0.906058,0.797930445350547
"ATS","Model 23.2",2013,6,1.03659,0.912884959181337
"ATS","Model 23.2",2013,7,1.13551,1
"ATS","Model 23.2",2013,8,1.12436,0.990180623684512
"ATS","Model 23.2",2013,9,1.12436,0.990180623684512
"ATS","Model 23.2",2013,10,1.12436,0.990180623684512
"ATS","Model 23.2",2013,11,1.12436,0.990180623684512
"ATS","Model 23.2",2013,12,1.12436,0.990180623684512
"ATS","Model 23.2",2013,13,1.12436,0.990180623684512
"ATS","Model 23.2",2013,14,1.12436,0.990180623684512
"ATS","Model 23.2",2013,15,1.12436,0.990180623684512
"ATS","Model 23.2",2014,1,0.583093,0.498954331139882
"ATS","Model 23.2",2014,2,0.77811,0.665830930234548
"ATS","Model 23.2",2014,3,0.775808,0.663861102316388
"ATS","Model 23.2",2014,4,0.856758,0.733130246527986
"ATS","Model 23.2",2014,5,0.938319,0.802922225169643
"ATS","Model 23.2",2014,6,1.07833,0.922730034313684
"ATS","Model 23.2",2014,7,1.16863,1
"ATS","Model 23.2",2014,8,1.10262,0.94351505609132
"ATS","Model 23.2",2014,9,1.10262,0.94351505609132
"ATS","Model 23.2",2014,10,1.10262,0.94351505609132
"ATS","Model 23.2",2014,11,1.10262,0.94351505609132
"ATS","Model 23.2",2014,12,1.10262,0.94351505609132
"ATS","Model 23.2",2014,13,1.10262,0.94351505609132
"ATS","Model 23.2",2014,14,1.10262,0.94351505609132
"ATS","Model 23.2",2014,15,1.10262,0.94351505609132
"ATS","Model 23.2",2015,1,0.568097,0.48148710038309
"ATS","Model 23.2",2015,2,0.710783,0.602419737600434
"ATS","Model 23.2",2015,3,0.804617,0.68194816422009
"ATS","Model 23.2",2015,4,0.908136,0.769685052717226
"ATS","Model 23.2",2015,5,0.971077,0.823030308166932
"ATS","Model 23.2",2015,6,1.08829,0.92237346170797
"ATS","Model 23.2",2015,7,1.17988,1
"ATS","Model 23.2",2015,8,1.09614,0.929026680679391
"ATS","Model 23.2",2015,9,1.09614,0.929026680679391
"ATS","Model 23.2",2015,10,1.09614,0.929026680679391
"ATS","Model 23.2",2015,11,1.09614,0.929026680679391
"ATS","Model 23.2",2015,12,1.09614,0.929026680679391
"ATS","Model 23.2",2015,13,1.09614,0.929026680679391
"ATS","Model 23.2",2015,14,1.09614,0.929026680679391
"ATS","Model 23.2",2015,15,1.09614,0.929026680679391
"ATS","Model 23.2",2016,1,0.557499,0.484537363764362
"ATS","Model 23.2",2016,2,0.633795,0.550848267830138
"ATS","Model 23.2",2016,3,0.786554,0.683615220149837
"ATS","Model 23.2",2016,4,0.957991,0.832615724243425
"ATS","Model 23.2",2016,5,0.977532,0.84959933251056
"ATS","Model 23.2",2016,6,1.0708,0.930661057901232
"ATS","Model 23.2",2016,7,1.15058,1
"ATS","Model 23.2",2016,8,1.10816,0.963131637956509
"ATS","Model 23.2",2016,9,1.10816,0.963131637956509
"ATS","Model 23.2",2016,10,1.10816,0.963131637956509
"ATS","Model 23.2",2016,11,1.10816,0.963131637956509
"ATS","Model 23.2",2016,12,1.10816,0.963131637956509
"ATS","Model 23.2",2016,13,1.10816,0.963131637956509
"ATS","Model 23.2",2016,14,1.10816,0.963131637956509
"ATS","Model 23.2",2016,15,1.10816,0.963131637956509
"ATS","Model 23.2",2017,1,0.552107,0.482568831395857
"ATS","Model 23.2",2017,2,0.628157,0.549040293680622
"ATS","Model 23.2",2017,3,0.743128,0.649530635433966
"ATS","Model 23.2",2017,4,0.860584,0.752192990123241
"ATS","Model 23.2",2017,5,0.958578,0.837844594004021
"ATS","Model 23.2",2017,6,1.0695,0.934795909448475
"ATS","Model 23.2",2017,7,1.1441,1
"ATS","Model 23.2",2017,8,1.13048,0.988095446202255
"ATS","Model 23.2",2017,9,1.13048,0.988095446202255
"ATS","Model 23.2",2017,10,1.13048,0.988095446202255
"ATS","Model 23.2",2017,11,1.13048,0.988095446202255
"ATS","Model 23.2",2017,12,1.13048,0.988095446202255
"ATS","Model 23.2",2017,13,1.13048,0.988095446202255
"ATS","Model 23.2",2017,14,1.13048,0.988095446202255
"ATS","Model 23.2",2017,15,1.13048,0.988095446202255
"ATS","Model 23.2",2018,1,0.545315,0.476199416665211
"ATS","Model 23.2",2018,2,0.614896,0.53696141956442
"ATS","Model 23.2",2018,3,0.706928,0.617328885551112
"ATS","Model 23.2",2018,4,0.801593,0.699995633721641
"ATS","Model 23.2",2018,5,0.956674,0.835420996559373
"ATS","Model 23.2",2018,6,1.06956,0.933999336325689
"ATS","Model 23.2",2018,7,1.14389,0.998908430410256
"ATS","Model 23.2",2018,8,1.14514,1
"ATS","Model 23.2",2018,9,1.14514,1
"ATS","Model 23.2",2018,10,1.14514,1
"ATS","Model 23.2",2018,11,1.14514,1
"ATS","Model 23.2",2018,12,1.14514,1
"ATS","Model 23.2",2018,13,1.14514,1
"ATS","Model 23.2",2018,14,1.14514,1
"ATS","Model 23.2",2018,15,1.14514,1
"ATS","Model 23.2",2019,1,0.533456,0.467116162589097
"ATS","Model 23.2",2019,2,0.605046,0.529803330939913
"ATS","Model 23.2",2019,3,0.705667,0.617911244986953
"ATS","Model 23.2",2019,4,0.830235,0.726988143815345
"ATS","Model 23.2",2019,5,0.969864,0.849253077879547
"ATS","Model 23.2",2019,6,1.08015,0.945824066128439
"ATS","Model 23.2",2019,7,1.13942,0.99772333234094
"ATS","Model 23.2",2019,8,1.14202,1
"ATS","Model 23.2",2019,9,1.14202,1
"ATS","Model 23.2",2019,10,1.14202,1
"ATS","Model 23.2",2019,11,1.14202,1
"ATS","Model 23.2",2019,12,1.14202,1
"ATS","Model 23.2",2019,13,1.14202,1
"ATS","Model 23.2",2019,14,1.14202,1
"ATS","Model 23.2",2019,15,1.14202,1
"ATS","Model 23.2",2020,1,0.523678,0.458092847083111
"ATS","Model 23.2",2020,2,0.5896,0.515758811025482
"ATS","Model 23.2",2020,3,0.703815,0.615669585450983
"ATS","Model 23.2",2020,4,0.857903,0.750459686660777
"ATS","Model 23.2",2020,5,0.975918,0.853694551116632
"ATS","Model 23.2",2020,6,1.07182,0.937585835877428
"ATS","Model 23.2",2020,7,1.13194,0.990176439199769
"ATS","Model 23.2",2020,8,1.14317,1
"ATS","Model 23.2",2020,9,1.14317,1
"ATS","Model 23.2",2020,10,1.14317,1
"ATS","Model 23.2",2020,11,1.14317,1
"ATS","Model 23.2",2020,12,1.14317,1
"ATS","Model 23.2",2020,13,1.14317,1
"ATS","Model 23.2",2020,14,1.14317,1
"ATS","Model 23.2",2020,15,1.14317,1
"ATS","Model 23.2",2021,1,0.515318,0.450307155902374
"ATS","Model 23.2",2021,2,0.573087,0.500788206611498
"ATS","Model 23.2",2021,3,0.696385,0.608531331649729
"ATS","Model 23.2",2021,4,0.887904,0.77588891704606
"ATS","Model 23.2",2021,5,0.980593,0.856884574045108
"ATS","Model 23.2",2021,6,1.06451,0.930214878055174
"ATS","Model 23.2",2021,7,1.12724,0.985031065127537
"ATS","Model 23.2",2021,8,1.14437,1
"ATS","Model 23.2",2021,9,1.14437,1
"ATS","Model 23.2",2021,10,1.14437,1
"ATS","Model 23.2",2021,11,1.14437,1
"ATS","Model 23.2",2021,12,1.14437,1
"ATS","Model 23.2",2021,13,1.14437,1
"ATS","Model 23.2",2021,14,1.14437,1
"ATS","Model 23.2",2021,15,1.14437,1
"ATS","Model 23.2",2022,1,0.509105,0.444171559689057
"ATS","Model 23.2",2022,2,0.549645,0.479540913810101
"ATS","Model 23.2",2022,3,0.677062,0.59070660187229
"ATS","Model 23.2",2022,4,0.932814,0.813838892330242
"ATS","Model 23.2",2022,5,0.980226,0.855203762028983
"ATS","Model 23.2",2022,6,1.05735,0.922491035517672
"ATS","Model 23.2",2022,7,1.1243,0.980901944703758
"ATS","Model 23.2",2022,8,1.14619,1
"ATS","Model 23.2",2022,9,1.14619,1
"ATS","Model 23.2",2022,10,1.14619,1
"ATS","Model 23.2",2022,11,1.14619,1
"ATS","Model 23.2",2022,12,1.14619,1
"ATS","Model 23.2",2022,13,1.14619,1
"ATS","Model 23.2",2022,14,1.14619,1
"ATS","Model 23.2",2022,15,1.14619,1
"ATS","Model 23.2",2023,1,0.506832,0.438979013831989
"ATS","Model 23.2",2023,2,0.553203,0.479142018240557
"ATS","Model 23.2",2023,3,0.675943,0.585449994370198
"ATS","Model 23.2",2023,4,0.865223,0.749389816122019
"ATS","Model 23.2",2023,5,0.965912,0.836598906952372
"ATS","Model 23.2",2023,6,1.0614,0.919303290402487
"ATS","Model 23.2",2023,7,1.13497,0.983023982954693
"ATS","Model 23.2",2023,8,1.15457,1
"ATS","Model 23.2",2023,9,1.15457,1
"ATS","Model 23.2",2023,10,1.15457,1
"ATS","Model 23.2",2023,11,1.15457,1
"ATS","Model 23.2",2023,12,1.15457,1
"ATS","Model 23.2",2023,13,1.15457,1
"ATS","Model 23.2",2023,14,1.15457,1
"ATS","Model 23.2",2023,15,1.15457,1
"ATS","Model 23.2",2024,1,0.506499,0.435979341510652
"ATS","Model 23.2",2024,2,0.548637,0.472250484183344
"ATS","Model 23.2",2024,3,0.670427,0.577083709920379
"ATS","Model 23.2",2024,4,0.816063,0.702442866365397
"ATS","Model 23.2",2024,5,0.949362,0.817182698515171
"ATS","Model 23.2",2024,6,1.06562,0.9172541424575
"ATS","Model 23.2",2024,7,1.14937,0.989343662578007
"ATS","Model 23.2",2024,8,1.16175,1
"ATS","Model 23.2",2024,9,1.16175,1
"ATS","Model 23.2",2024,10,1.16175,1
"ATS","Model 23.2",2024,11,1.16175,1
"ATS","Model 23.2",2024,12,1.16175,1
"ATS","Model 23.2",2024,13,1.16175,1
"ATS","Model 23.2",2024,14,1.16175,1
"ATS","Model 23.2",2024,15,1.16175,1
"ATS","Model 26.0",1994,1,0,0
"ATS","Model 26.0",1994,2,0.696967339746452,0.614799570269001
"ATS","Model 26.0",1994,3,0.685856871860082,0.60499895194374
"ATS","Model 26.0",1994,4,0.82013383139857,0.723445559572905
"ATS","Model 26.0",1994,5,0.924807851115753,0.815779215212872
"ATS","Model 26.0",1994,6,0.958579833214125,0.845569707388251
"ATS","Model 26.0",1994,7,1.03700702838712,0.914750862860042
"ATS","Model 26.0",1994,8,1.13364968593179,1
"ATS","Model 26.0",1994,9,1.13364968593179,1
"ATS","Model 26.0",1994,10,1.13364968593179,1
"ATS","Model 26.0",1994,11,1.13364968593179,1
"ATS","Model 26.0",1994,12,1.13364968593179,1
"ATS","Model 26.0",1994,13,1.13364968593179,1
"ATS","Model 26.0",1994,14,1.13364968593179,1
"ATS","Model 26.0",1994,15,1.13364968593179,1
"ATS","Model 26.0",1995,1,0,0
"ATS","Model 26.0",1995,2,0.70369895657943,0.619781070283587
"ATS","Model 26.0",1995,3,0.696958258492811,0.613844217549158
"ATS","Model 26.0",1995,4,0.811128394292369,0.71439927493368
"ATS","Model 26.0",1995,5,0.909033292427203,0.800628765520062
"ATS","Model 26.0",1995,6,0.954917946856131,0.841041558470315
"ATS","Model 26.0",1995,7,1.03562156283452,0.912121063447806
"ATS","Model 26.0",1995,8,1.13539924066646,1
"ATS","Model 26.0",1995,9,1.13539924066646,1
"ATS","Model 26.0",1995,10,1.13539924066646,1
"ATS","Model 26.0",1995,11,1.13539924066646,1
"ATS","Model 26.0",1995,12,1.13539924066646,1
"ATS","Model 26.0",1995,13,1.13539924066646,1
"ATS","Model 26.0",1995,14,1.13539924066646,1
"ATS","Model 26.0",1995,15,1.13539924066646,1
"ATS","Model 26.0",1996,1,0,0
"ATS","Model 26.0",1996,2,0.708099134405828,0.622088231984258
"ATS","Model 26.0",1996,3,0.697936401353965,0.613159938855265
"ATS","Model 26.0",1996,4,0.808653405992137,0.710428445931958
"ATS","Model 26.0",1996,5,0.899958300649161,0.790642779955058
"ATS","Model 26.0",1996,6,0.945915856860152,0.831017995091569
"ATS","Model 26.0",1996,7,1.03064223885074,0.90545289073535
"ATS","Model 26.0",1996,8,1.13826158091309,1
"ATS","Model 26.0",1996,9,1.13826158091309,1
"ATS","Model 26.0",1996,10,1.13826158091309,1
"ATS","Model 26.0",1996,11,1.13826158091309,1
"ATS","Model 26.0",1996,12,1.13826158091309,1
"ATS","Model 26.0",1996,13,1.13826158091309,1
"ATS","Model 26.0",1996,14,1.13826158091309,1
"ATS","Model 26.0",1996,15,1.13826158091309,1
"ATS","Model 26.0",1997,1,0,0
"ATS","Model 26.0",1997,2,0.736507264203887,0.650363777733887
"ATS","Model 26.0",1997,3,0.717399417415154,0.633490826133995
"ATS","Model 26.0",1997,4,0.80618536625733,0.711892177899482
"ATS","Model 26.0",1997,5,0.910836735263597,0.804303295888262
"ATS","Model 26.0",1997,6,0.943442953268419,0.833095819940489
"ATS","Model 26.0",1997,7,1.03245835253504,0.911699785111294
"ATS","Model 26.0",1997,8,1.13245431160105,1
"ATS","Model 26.0",1997,9,1.13245431160105,1
"ATS","Model 26.0",1997,10,1.13245431160105,1
"ATS","Model 26.0",1997,11,1.13245431160105,1
"ATS","Model 26.0",1997,12,1.13245431160105,1
"ATS","Model 26.0",1997,13,1.13245431160105,1
"ATS","Model 26.0",1997,14,1.13245431160105,1
"ATS","Model 26.0",1997,15,1.13245431160105,1
"ATS","Model 26.0",1998,1,0,0
"ATS","Model 26.0",1998,2,0.718130301791662,0.63902774474121
"ATS","Model 26.0",1998,3,0.756281638322964,0.672976684761755
"ATS","Model 26.0",1998,4,0.840916834175332,0.74828925435579
"ATS","Model 26.0",1998,5,0.913650776059209,0.813011501463636
"ATS","Model 26.0",1998,6,0.952970344038238,0.847999991417548
"ATS","Model 26.0",1998,7,1.04885588079524,0.933323668965
"ATS","Model 26.0",1998,8,1.12378579443759,1
"ATS","Model 26.0",1998,9,1.12378579443759,1
"ATS","Model 26.0",1998,10,1.12378579443759,1
"ATS","Model 26.0",1998,11,1.12378579443759,1
"ATS","Model 26.0",1998,12,1.12378579443759,1
"ATS","Model 26.0",1998,13,1.12378579443759,1
"ATS","Model 26.0",1998,14,1.12378579443759,1
"ATS","Model 26.0",1998,15,1.12378579443759,1
"ATS","Model 26.0",1999,1,0,0
"ATS","Model 26.0",1999,2,0.693134101506838,0.621302686242838
"ATS","Model 26.0",1999,3,0.795534208187346,0.713090784987141
"ATS","Model 26.0",1999,4,0.879750644669014,0.788579637862955
"ATS","Model 26.0",1999,5,0.921640463864616,0.826128298556283
"ATS","Model 26.0",1999,6,0.954087898582411,0.855213115344303
"ATS","Model 26.0",1999,7,1.06794281648678,0.957268931357622
"ATS","Model 26.0",1999,8,1.11561420359918,1
"ATS","Model 26.0",1999,9,1.11561420359918,1
"ATS","Model 26.0",1999,10,1.11561420359918,1
"ATS","Model 26.0",1999,11,1.11561420359918,1
"ATS","Model 26.0",1999,12,1.11561420359918,1
"ATS","Model 26.0",1999,13,1.11561420359918,1
"ATS","Model 26.0",1999,14,1.11561420359918,1
"ATS","Model 26.0",1999,15,1.11561420359918,1
"ATS","Model 26.0",2000,1,0,0
"ATS","Model 26.0",2000,2,0.674819849772962,0.606943006697516
"ATS","Model 26.0",2000,3,0.790162106051532,0.710683547004005
"ATS","Model 26.0",2000,4,0.925088907184745,0.832038718152901
"ATS","Model 26.0",2000,5,0.934392191987217,0.840406230833619
"ATS","Model 26.0",2000,6,0.972058388498429,0.874283768029755
"ATS","Model 26.0",2000,7,1.05697818763306,0.950661898033282
"ATS","Model 26.0",2000,8,1.11183396517702,1
"ATS","Model 26.0",2000,9,1.11183396517702,1
"ATS","Model 26.0",2000,10,1.11183396517702,1
"ATS","Model 26.0",2000,11,1.11183396517702,1
"ATS","Model 26.0",2000,12,1.11183396517702,1
"ATS","Model 26.0",2000,13,1.11183396517702,1
"ATS","Model 26.0",2000,14,1.11183396517702,1
"ATS","Model 26.0",2000,15,1.11183396517702,1
"ATS","Model 26.0",2001,1,0,0
"ATS","Model 26.0",2001,2,0.69031952376806,0.625045878350206
"ATS","Model 26.0",2001,3,0.798307729021031,0.72282318332251
"ATS","Model 26.0",2001,4,0.916615521175287,0.829944299438554
"ATS","Model 26.0",2001,5,0.952879536648048,0.862779345563214
"ATS","Model 26.0",2001,6,0.99720229291554,0.902911132610026
"ATS","Model 26.0",2001,7,1.06412557180531,0.963506434054498
"ATS","Model 26.0",2001,8,1.10443016693453,1
"ATS","Model 26.0",2001,9,1.10443016693453,1
"ATS","Model 26.0",2001,10,1.10443016693453,1
"ATS","Model 26.0",2001,11,1.10443016693453,1
"ATS","Model 26.0",2001,12,1.10443016693453,1
"ATS","Model 26.0",2001,13,1.10443016693453,1
"ATS","Model 26.0",2001,14,1.10443016693453,1
"ATS","Model 26.0",2001,15,1.10443016693453,1
"ATS","Model 26.0",2002,1,0,0
"ATS","Model 26.0",2002,2,0.690399679755364,0.629120725101702
"ATS","Model 26.0",2002,3,0.810970121841318,0.738989495576547
"ATS","Model 26.0",2002,4,0.918569183111511,0.837038207694364
"ATS","Model 26.0",2002,5,0.968092858175333,0.882166227418957
"ATS","Model 26.0",2002,6,1.01995398109465,0.929424226245304
"ATS","Model 26.0",2002,7,1.07404267548371,0.978712080269087
"ATS","Model 26.0",2002,8,1.09740412643973,1
"ATS","Model 26.0",2002,9,1.09740412643973,1
"ATS","Model 26.0",2002,10,1.09740412643973,1
"ATS","Model 26.0",2002,11,1.09740412643973,1
"ATS","Model 26.0",2002,12,1.09740412643973,1
"ATS","Model 26.0",2002,13,1.09740412643973,1
"ATS","Model 26.0",2002,14,1.09740412643973,1
"ATS","Model 26.0",2002,15,1.09740412643973,1
"ATS","Model 26.0",2003,1,0,0
"ATS","Model 26.0",2003,2,0.659360477302471,0.599635529911462
"ATS","Model 26.0",2003,3,0.765326208918602,0.696002873447199
"ATS","Model 26.0",2003,4,0.930305140148083,0.846037994230811
"ATS","Model 26.0",2003,5,0.997101915630948,0.906784310156373
"ATS","Model 26.0",2003,6,1.03448234988909,0.940778820407282
"ATS","Model 26.0",2003,7,1.07746951122266,0.979872199754338
"ATS","Model 26.0",2003,8,1.0996020822846,1
"ATS","Model 26.0",2003,9,1.0996020822846,1
"ATS","Model 26.0",2003,10,1.0996020822846,1
"ATS","Model 26.0",2003,11,1.0996020822846,1
"ATS","Model 26.0",2003,12,1.0996020822846,1
"ATS","Model 26.0",2003,13,1.0996020822846,1
"ATS","Model 26.0",2003,14,1.0996020822846,1
"ATS","Model 26.0",2003,15,1.0996020822846,1
"ATS","Model 26.0",2004,1,0,0
"ATS","Model 26.0",2004,2,0.614725143245764,0.558080932190904
"ATS","Model 26.0",2004,3,0.722037902200192,0.655505293649504
"ATS","Model 26.0",2004,4,0.955988535584689,0.867898407873683
"ATS","Model 26.0",2004,5,1.02569297404414,0.931179889720833
"ATS","Model 26.0",2004,6,1.04628801320974,0.949877186850015
"ATS","Model 26.0",2004,7,1.0823557458316,0.982621436966975
"ATS","Model 26.0",2004,8,1.10149820176168,1
"ATS","Model 26.0",2004,9,1.10149820176168,1
"ATS","Model 26.0",2004,10,1.10149820176168,1
"ATS","Model 26.0",2004,11,1.10149820176168,1
"ATS","Model 26.0",2004,12,1.10149820176168,1
"ATS","Model 26.0",2004,13,1.10149820176168,1
"ATS","Model 26.0",2004,14,1.10149820176168,1
"ATS","Model 26.0",2004,15,1.10149820176168,1
"ATS","Model 26.0",2005,1,0,0
"ATS","Model 26.0",2005,2,0.63611148390265,0.572947421927244
"ATS","Model 26.0",2005,3,0.717590956797989,0.64633621479884
"ATS","Model 26.0",2005,4,0.893494316857147,0.804772871272815
"ATS","Model 26.0",2005,5,0.990394010096963,0.892050700446214
"ATS","Model 26.0",2005,6,1.04175891482048,0.938315216153943
"ATS","Model 26.0",2005,7,1.08699251934862,0.979057252345256
"ATS","Model 26.0",2005,8,1.11024408097158,1
"ATS","Model 26.0",2005,9,1.11024408097158,1
"ATS","Model 26.0",2005,10,1.11024408097158,1
"ATS","Model 26.0",2005,11,1.11024408097158,1
"ATS","Model 26.0",2005,12,1.11024408097158,1
"ATS","Model 26.0",2005,13,1.11024408097158,1
"ATS","Model 26.0",2005,14,1.11024408097158,1
"ATS","Model 26.0",2005,15,1.11024408097158,1
"ATS","Model 26.0",2006,1,0,0
"ATS","Model 26.0",2006,2,0.643385552799101,0.57512445635844
"ATS","Model 26.0",2006,3,0.709645922940257,0.634354818603519
"ATS","Model 26.0",2006,4,0.847458903751075,0.757546294264004
"ATS","Model 26.0",2006,5,0.957193744011978,0.855638627972869
"ATS","Model 26.0",2006,6,1.03494517950614,0.92514089123496
"ATS","Model 26.0",2006,7,1.09269653826725,0.97676502029248
"ATS","Model 26.0",2006,8,1.1186892605348,1
"ATS","Model 26.0",2006,9,1.1186892605348,1
"ATS","Model 26.0",2006,10,1.1186892605348,1
"ATS","Model 26.0",2006,11,1.1186892605348,1
"ATS","Model 26.0",2006,12,1.1186892605348,1
"ATS","Model 26.0",2006,13,1.1186892605348,1
"ATS","Model 26.0",2006,14,1.1186892605348,1
"ATS","Model 26.0",2006,15,1.1186892605348,1
"ATS","Model 26.0",2007,1,0,0
"ATS","Model 26.0",2007,2,0.660291418046015,0.591318067462504
"ATS","Model 26.0",2007,3,0.719454525833074,0.644301058919894
"ATS","Model 26.0",2007,4,0.833002860807872,0.745988253643063
"ATS","Model 26.0",2007,5,0.952364415320629,0.852881425074356
"ATS","Model 26.0",2007,6,1.03960059411298,0.93100500391619
"ATS","Model 26.0",2007,7,1.08600447826897,0.972561586891446
"ATS","Model 26.0",2007,8,1.11664340120621,1
"ATS","Model 26.0",2007,9,1.11664340120621,1
"ATS","Model 26.0",2007,10,1.11664340120621,1
"ATS","Model 26.0",2007,11,1.11664340120621,1
"ATS","Model 26.0",2007,12,1.11664340120621,1
"ATS","Model 26.0",2007,13,1.11664340120621,1
"ATS","Model 26.0",2007,14,1.11664340120621,1
"ATS","Model 26.0",2007,15,1.11664340120621,1
"ATS","Model 26.0",2008,1,0,0
"ATS","Model 26.0",2008,2,0.695421470148847,0.620456341015929
"ATS","Model 26.0",2008,3,0.735784557453629,0.656468363273267
"ATS","Model 26.0",2008,4,0.810062059685162,0.722738890187709
"ATS","Model 26.0",2008,5,0.916137955619875,0.81738000365168
"ATS","Model 26.0",2008,6,1.00998388881922,0.901109521406756
"ATS","Model 26.0",2008,7,1.07163054296356,0.956110781948923
"ATS","Model 26.0",2008,8,1.12082256909515,1
"ATS","Model 26.0",2008,9,1.12082256909515,1
"ATS","Model 26.0",2008,10,1.12082256909515,1
"ATS","Model 26.0",2008,11,1.12082256909515,1
"ATS","Model 26.0",2008,12,1.12082256909515,1
"ATS","Model 26.0",2008,13,1.12082256909515,1
"ATS","Model 26.0",2008,14,1.12082256909515,1
"ATS","Model 26.0",2008,15,1.12082256909515,1
"ATS","Model 26.0",2009,1,0,0
"ATS","Model 26.0",2009,2,0.710921907317855,0.634052235488057
"ATS","Model 26.0",2009,3,0.746733765901465,0.665991874368488
"ATS","Model 26.0",2009,4,0.797046106352066,0.710864105209838
"ATS","Model 26.0",2009,5,0.897596781155871,0.800542562833568
"ATS","Model 26.0",2009,6,0.998386923839452,0.890434595454687
"ATS","Model 26.0",2009,7,1.07029215723729,0.954564950012467
"ATS","Model 26.0",2009,8,1.1212355505231,1
"ATS","Model 26.0",2009,9,1.1212355505231,1
"ATS","Model 26.0",2009,10,1.1212355505231,1
"ATS","Model 26.0",2009,11,1.1212355505231,1
"ATS","Model 26.0",2009,12,1.1212355505231,1
"ATS","Model 26.0",2009,13,1.1212355505231,1
"ATS","Model 26.0",2009,14,1.1212355505231,1
"ATS","Model 26.0",2009,15,1.1212355505231,1
"ATS","Model 26.0",2010,1,0,0
"ATS","Model 26.0",2010,2,0.744353737360669,0.667689793836165
"ATS","Model 26.0",2010,3,0.747475228556952,0.670489790274281
"ATS","Model 26.0",2010,4,0.813950511550678,0.730118520230903
"ATS","Model 26.0",2010,5,0.890112357511978,0.798436155618071
"ATS","Model 26.0",2010,6,0.993515545889316,0.891189439526437
"ATS","Model 26.0",2010,7,1.07315883180376,0.962629947558554
"ATS","Model 26.0",2010,8,1.11481970255084,1
"ATS","Model 26.0",2010,9,1.11481970255084,1
"ATS","Model 26.0",2010,10,1.11481970255084,1
"ATS","Model 26.0",2010,11,1.11481970255084,1
"ATS","Model 26.0",2010,12,1.11481970255084,1
"ATS","Model 26.0",2010,13,1.11481970255084,1
"ATS","Model 26.0",2010,14,1.11481970255084,1
"ATS","Model 26.0",2010,15,1.11481970255084,1
"ATS","Model 26.0",2011,1,0,0
"ATS","Model 26.0",2011,2,0.776901589455663,0.699798276042485
"ATS","Model 26.0",2011,3,0.754336640791074,0.679472777435216
"ATS","Model 26.0",2011,4,0.798356388049865,0.719123801016093
"ATS","Model 26.0",2011,5,0.883569843089904,0.795880277952155
"ATS","Model 26.0",2011,6,0.995558022784864,0.896754231811071
"ATS","Model 26.0",2011,7,1.08213519553474,0.974739084792832
"ATS","Model 26.0",2011,8,1.11017934175147,1
"ATS","Model 26.0",2011,9,1.11017934175147,1
"ATS","Model 26.0",2011,10,1.11017934175147,1
"ATS","Model 26.0",2011,11,1.11017934175147,1
"ATS","Model 26.0",2011,12,1.11017934175147,1
"ATS","Model 26.0",2011,13,1.11017934175147,1
"ATS","Model 26.0",2011,14,1.11017934175147,1
"ATS","Model 26.0",2011,15,1.11017934175147,1
"ATS","Model 26.0",2012,1,0,0
"ATS","Model 26.0",2012,2,0.812809310902356,0.736018523346155
"ATS","Model 26.0",2012,3,0.76143814689005,0.68950068973899
"ATS","Model 26.0",2012,4,0.783617519589666,0.709584649068875
"ATS","Model 26.0",2012,5,0.878909932668517,0.79587423780713
"ATS","Model 26.0",2012,6,1.00100137068874,0.906430992902728
"ATS","Model 26.0",2012,7,1.09504561332828,0.991590333068153
"ATS","Model 26.0",2012,8,1.10433268337743,1
"ATS","Model 26.0",2012,9,1.10433268337743,1
"ATS","Model 26.0",2012,10,1.10433268337743,1
"ATS","Model 26.0",2012,11,1.10433268337743,1
"ATS","Model 26.0",2012,12,1.10433268337743,1
"ATS","Model 26.0",2012,13,1.10433268337743,1
"ATS","Model 26.0",2012,14,1.10433268337743,1
"ATS","Model 26.0",2012,15,1.10433268337743,1
"ATS","Model 26.0",2013,1,0,0
"ATS","Model 26.0",2013,2,0.828775109111795,0.74229552115286
"ATS","Model 26.0",2013,3,0.784067100864878,0.702252626625154
"ATS","Model 26.0",2013,4,0.827991076660354,0.741593299560121
"ATS","Model 26.0",2013,5,0.918342306263802,0.822516715729279
"ATS","Model 26.0",2013,6,1.04001564625212,0.931493897022567
"ATS","Model 26.0",2013,7,1.11650290954824,1
"ATS","Model 26.0",2013,8,1.08278740610741,0.969802583448289
"ATS","Model 26.0",2013,9,1.08278740610741,0.969802583448289
"ATS","Model 26.0",2013,10,1.08278740610741,0.969802583448289
"ATS","Model 26.0",2013,11,1.08278740610741,0.969802583448289
"ATS","Model 26.0",2013,12,1.08278740610741,0.969802583448289
"ATS","Model 26.0",2013,13,1.08278740610741,0.969802583448289
"ATS","Model 26.0",2013,14,1.08278740610741,0.969802583448289
"ATS","Model 26.0",2013,15,1.08278740610741,0.969802583448289
"ATS","Model 26.0",2014,1,0,0
"ATS","Model 26.0",2014,2,0.852181329803452,0.742267954658699
"ATS","Model 26.0",2014,3,0.797779641868792,0.694882934333794
"ATS","Model 26.0",2014,4,0.871837440281185,0.759388842444655
"ATS","Model 26.0",2014,5,0.951044307315031,0.828379698183887
"ATS","Model 26.0",2014,6,1.08231807162621,0.942721922224489
"ATS","Model 26.0",2014,7,1.1480777587863,1
"ATS","Model 26.0",2014,8,1.06144144109352,0.924537935667035
"ATS","Model 26.0",2014,9,1.06144144109352,0.924537935667035
"ATS","Model 26.0",2014,10,1.06144144109352,0.924537935667035
"ATS","Model 26.0",2014,11,1.06144144109352,0.924537935667035
"ATS","Model 26.0",2014,12,1.06144144109352,0.924537935667035
"ATS","Model 26.0",2014,13,1.06144144109352,0.924537935667035
"ATS","Model 26.0",2014,14,1.06144144109352,0.924537935667035
"ATS","Model 26.0",2014,15,1.06144144109352,0.924537935667035
"ATS","Model 26.0",2015,1,0,0
"ATS","Model 26.0",2015,2,0.788930666253024,0.681966588565242
"ATS","Model 26.0",2015,3,0.829606991615699,0.717127973499995
"ATS","Model 26.0",2015,4,0.922854912065071,0.797733239488307
"ATS","Model 26.0",2015,5,0.981899923178304,0.848772863783725
"ATS","Model 26.0",2015,6,1.08872988870955,0.94111870641132
"ATS","Model 26.0",2015,7,1.15684650755812,1
"ATS","Model 26.0",2015,8,1.05508314151742,0.91203382179413
"ATS","Model 26.0",2015,9,1.05508314151742,0.91203382179413
"ATS","Model 26.0",2015,10,1.05508314151742,0.91203382179413
"ATS","Model 26.0",2015,11,1.05508314151742,0.91203382179413
"ATS","Model 26.0",2015,12,1.05508314151742,0.91203382179413
"ATS","Model 26.0",2015,13,1.05508314151742,0.91203382179413
"ATS","Model 26.0",2015,14,1.05508314151742,0.91203382179413
"ATS","Model 26.0",2015,15,1.05508314151742,0.91203382179413
"ATS","Model 26.0",2016,1,0,0
"ATS","Model 26.0",2016,2,0.707330542601967,0.626416139125243
"ATS","Model 26.0",2016,3,0.813056423931587,0.720047608995733
"ATS","Model 26.0",2016,4,0.974079725924696,0.862650803780271
"ATS","Model 26.0",2016,5,0.988058708321345,0.875030673804823
"ATS","Model 26.0",2016,6,1.07057355530479,0.948106313487708
"ATS","Model 26.0",2016,7,1.12917036842269,1
"ATS","Model 26.0",2016,8,1.06660382556472,0.944590697198891
"ATS","Model 26.0",2016,9,1.06660382556472,0.944590697198891
"ATS","Model 26.0",2016,10,1.06660382556472,0.944590697198891
"ATS","Model 26.0",2016,11,1.06660382556472,0.944590697198891
"ATS","Model 26.0",2016,12,1.06660382556472,0.944590697198891
"ATS","Model 26.0",2016,13,1.06660382556472,0.944590697198891
"ATS","Model 26.0",2016,14,1.06660382556472,0.944590697198891
"ATS","Model 26.0",2016,15,1.06660382556472,0.944590697198891
"ATS","Model 26.0",2017,1,0,0
"ATS","Model 26.0",2017,2,0.709530992243359,0.632460677571815
"ATS","Model 26.0",2017,3,0.770942637068847,0.687201697938416
"ATS","Model 26.0",2017,4,0.875421547894159,0.780331953635376
"ATS","Model 26.0",2017,5,0.968863518177523,0.863624117734097
"ATS","Model 26.0",2017,6,1.06831625907773,0.952274153579954
"ATS","Model 26.0",2017,7,1.12185787576144,1
"ATS","Model 26.0",2017,8,1.08710923195633,0.969025805714001
"ATS","Model 26.0",2017,9,1.08710923195633,0.969025805714001
"ATS","Model 26.0",2017,10,1.08710923195633,0.969025805714001
"ATS","Model 26.0",2017,11,1.08710923195633,0.969025805714001
"ATS","Model 26.0",2017,12,1.08710923195633,0.969025805714001
"ATS","Model 26.0",2017,13,1.08710923195633,0.969025805714001
"ATS","Model 26.0",2017,14,1.08710923195633,0.969025805714001
"ATS","Model 26.0",2017,15,1.08710923195633,0.969025805714001
"ATS","Model 26.0",2018,1,0,0
"ATS","Model 26.0",2018,2,0.698964695075155,0.623646580425758
"ATS","Model 26.0",2018,3,0.734873209998485,0.655685713014127
"ATS","Model 26.0",2018,4,0.815072765170567,0.727243230421151
"ATS","Model 26.0",2018,5,0.966692177391474,0.862524638228974
"ATS","Model 26.0",2018,6,1.06809502434371,0.953000651098833
"ATS","Model 26.0",2018,7,1.12077050851137,1
"ATS","Model 26.0",2018,8,1.10090313147605,0.982273465544957
"ATS","Model 26.0",2018,9,1.10090313147605,0.982273465544957
"ATS","Model 26.0",2018,10,1.10090313147605,0.982273465544957
"ATS","Model 26.0",2018,11,1.10090313147605,0.982273465544957
"ATS","Model 26.0",2018,12,1.10090313147605,0.982273465544957
"ATS","Model 26.0",2018,13,1.10090313147605,0.982273465544957
"ATS","Model 26.0",2018,14,1.10090313147605,0.982273465544957
"ATS","Model 26.0",2018,15,1.10090313147605,0.982273465544957
"ATS","Model 26.0",2019,1,0,0
"ATS","Model 26.0",2019,2,0.696622104725048,0.624956438267326
"ATS","Model 26.0",2019,3,0.73357887040559,0.658111241270179
"ATS","Model 26.0",2019,4,0.838148157208174,0.751922862505039
"ATS","Model 26.0",2019,5,0.972868207407999,0.872783458465181
"ATS","Model 26.0",2019,6,1.07368644609694,0.96322992425497
"ATS","Model 26.0",2019,7,1.11467305890377,1
"ATS","Model 26.0",2019,8,1.09904237472268,0.985977337429803
"ATS","Model 26.0",2019,9,1.09904237472268,0.985977337429803
"ATS","Model 26.0",2019,10,1.09904237472268,0.985977337429803
"ATS","Model 26.0",2019,11,1.09904237472268,0.985977337429803
"ATS","Model 26.0",2019,12,1.09904237472268,0.985977337429803
"ATS","Model 26.0",2019,13,1.09904237472268,0.985977337429803
"ATS","Model 26.0",2019,14,1.09904237472268,0.985977337429803
"ATS","Model 26.0",2019,15,1.09904237472268,0.985977337429803
"ATS","Model 26.0",2020,1,0,0
"ATS","Model 26.0",2020,2,0.685042417258064,0.619370782051409
"ATS","Model 26.0",2020,3,0.730187266831257,0.66018781772879
"ATS","Model 26.0",2020,4,0.860298455505186,0.777825888967015
"ATS","Model 26.0",2020,5,0.973166087171386,0.879873457894488
"ATS","Model 26.0",2020,6,1.06134604779534,0.9596000409454
"ATS","Model 26.0",2020,7,1.10602959827899,1
"ATS","Model 26.0",2020,8,1.1016687560968,0.996057210232914
"ATS","Model 26.0",2020,9,1.1016687560968,0.996057210232914
"ATS","Model 26.0",2020,10,1.1016687560968,0.996057210232914
"ATS","Model 26.0",2020,11,1.1016687560968,0.996057210232914
"ATS","Model 26.0",2020,12,1.1016687560968,0.996057210232914
"ATS","Model 26.0",2020,13,1.1016687560968,0.996057210232914
"ATS","Model 26.0",2020,14,1.1016687560968,0.996057210232914
"ATS","Model 26.0",2020,15,1.1016687560968,0.996057210232914
"ATS","Model 26.0",2021,1,0,0
"ATS","Model 26.0",2021,2,0.664191255650361,0.601389315420425
"ATS","Model 26.0",2021,3,0.722139233532507,0.653858080180687
"ATS","Model 26.0",2021,4,0.889180715580912,0.805105121874331
"ATS","Model 26.0",2021,5,0.974271919804064,0.882150612342213
"ATS","Model 26.0",2021,6,1.05083915948799,0.951478113217036
"ATS","Model 26.0",2021,7,1.1005550917167,0.996493205171591
"ATS","Model 26.0",2021,8,1.10442809444666,1
"ATS","Model 26.0",2021,9,1.10442809444666,1
"ATS","Model 26.0",2021,10,1.10442809444666,1
"ATS","Model 26.0",2021,11,1.10442809444666,1
"ATS","Model 26.0",2021,12,1.10442809444666,1
"ATS","Model 26.0",2021,13,1.10442809444666,1
"ATS","Model 26.0",2021,14,1.10442809444666,1
"ATS","Model 26.0",2021,15,1.10442809444666,1
"ATS","Model 26.0",2022,1,0,0
"ATS","Model 26.0",2022,2,0.633611383437886,0.571895607673797
"ATS","Model 26.0",2022,3,0.700816577323077,0.63255480067514
"ATS","Model 26.0",2022,4,0.933288583603956,0.842383289831669
"ATS","Model 26.0",2022,5,0.971433367238728,0.876812649509567
"ATS","Model 26.0",2022,6,1.04155081709639,0.940100435434919
"ATS","Model 26.0",2022,7,1.09792703999875,0.990985433870651
"ATS","Model 26.0",2022,8,1.10791440769255,1
"ATS","Model 26.0",2022,9,1.10791440769255,1
"ATS","Model 26.0",2022,10,1.10791440769255,1
"ATS","Model 26.0",2022,11,1.10791440769255,1
"ATS","Model 26.0",2022,12,1.10791440769255,1
"ATS","Model 26.0",2022,13,1.10791440769255,1
"ATS","Model 26.0",2022,14,1.10791440769255,1
"ATS","Model 26.0",2022,15,1.10791440769255,1
"ATS","Model 26.0",2023,1,0,0
"ATS","Model 26.0",2023,2,0.638502602733487,0.571652980156064
"ATS","Model 26.0",2023,3,0.699699592720855,0.626442798636196
"ATS","Model 26.0",2023,4,0.864743799113068,0.774207290178891
"ATS","Model 26.0",2023,5,0.953542025354563,0.853708564639179
"ATS","Model 26.0",2023,6,1.04224952568736,0.933128611966076
"ATS","Model 26.0",2023,7,1.10741762159179,0.991473771524355
"ATS","Model 26.0",2023,8,1.11694091502711,1
"ATS","Model 26.0",2023,9,1.11694091502711,1
"ATS","Model 26.0",2023,10,1.11694091502711,1
"ATS","Model 26.0",2023,11,1.11694091502711,1
"ATS","Model 26.0",2023,12,1.11694091502711,1
"ATS","Model 26.0",2023,13,1.11694091502711,1
"ATS","Model 26.0",2023,14,1.11694091502711,1
"ATS","Model 26.0",2023,15,1.11694091502711,1
"ATS","Model 26.0",2024,1,0,0
"ATS","Model 26.0",2024,2,0.631333698816956,0.561312390836913
"ATS","Model 26.0",2024,3,0.692998287028738,0.616137751029137
"ATS","Model 26.0",2024,4,0.815719127799695,0.725247606352469
"ATS","Model 26.0",2024,5,0.936501561820208,0.832634043886532
"ATS","Model 26.0",2024,6,1.04396623502214,0.928179795299011
"ATS","Model 26.0",2024,7,1.1213098846064,0.996945249995222
"ATS","Model 26.0",2024,8,1.12474570154356,1
"ATS","Model 26.0",2024,9,1.12474570154356,1
"ATS","Model 26.0",2024,10,1.12474570154356,1
"ATS","Model 26.0",2024,11,1.12474570154356,1
"ATS","Model 26.0",2024,12,1.12474570154356,1
"ATS","Model 26.0",2024,13,1.12474570154356,1
"ATS","Model 26.0",2024,14,1.12474570154356,1
"ATS","Model 26.0",2024,15,1.12474570154356,1
