"","Age 0","Age 1","Age 2","Age 3","Age 4","Age 5","Age 6","Age 7","Age 8","Age 9","Age 10","Age 11","Age 12","Age 13","Age 14","Age 15","Age 16","Age 17","Age 18","Age 19","Age 20","Age 21","Age 22","Age 23"
"Reader",2,2,2,2,2,2,2,2,2,2,2,2,2,2,2,2,2,2,2,2,2,2,2,2
"True_Age",0,1,2,3,4,5,6,7,8,9,10,11,12,13,14,15,16,17,18,19,20,21,22,23
"CV",0.0522565414442334,0.0522565414442334,0.0522565414442334,0.0522565414442334,0.0522565414442334,0.0522565414442334,0.0522565414442334,0.0522565414442334,0.0522565414442334,0.0522565414442334,0.0522565414442334,0.0522565414442334,0.0522565414442334,0.0522565414442334,0.0522565414442334,0.0522565414442334,0.0522565414442334,0.0522565414442334,0.0522565414442334,0.0522565414442334,0.0522565414442334,0.0522565414442334,0.0522565414442334,0.0522565414442334
"SD",0.0522565414442334,0.0522565414442334,0.104513082888467,0.1567696243327,0.209026165776934,0.261282707221167,0.313539248665401,0.365795790109634,0.418052331553867,0.470308872998101,0.522565414442334,0.574821955886568,0.627078497330801,0.679335038775035,0.731591580219268,0.783848121663501,0.836104663107735,0.888361204551968,0.940617745996202,0.992874287440435,1.04513082888467,1.0973873703289,1.14964391177314,1.20190045321737
"Expected_age",0.5,1.5,2.5,3.5,4.5,5.5,6.5,7.5,8.5,9.5,10.5,11.5,12.5,13.5,14.5,15.5,16.5,17.5,18.5,19.5,20.5,21.5,22.5,23.5
