iter: 1  value: 21406.29 mgc: 212.9341 ustep: 1 
iter: 2  value: 20820.13 mgc: 33.17221 ustep: 0.0692153 
iter: 3  value: 20213.88 mgc: 26.12157 ustep: 0.2631617 
iter: 4  value: 19795.64 mgc: 6.489929 ustep: 0.5130416 
iter: 5  value: 19598.31 mgc: 18.23362 ustep: 0.7162976 
iter: 6  value: 19538.29 mgc: 1.398015 ustep: 0.846359 
iter: 7  value: 19524.3 mgc: 4.430183 ustep: 0.9199857 
iter: 8  value: 19522.02 mgc: 0.3889337 ustep: 0.959163 
iter: 9  value: 19521.83 mgc: 0.1137275 ustep: 0.9793707 
iter: 10  value: 19521.82 mgc: 0.007685454 ustep: 0.9896326 
iter: 11  value: 19521.82 mgc: 0.0005151244 ustep: 0.9948033 
iter: 12  value: 19521.82 mgc: 1.927793e-05 ustep: 0.9973985 
iter: 13  value: 19521.82 mgc: 3.83177e-07 ustep: 0.9986986 
iter: 14  mgc: 3.861727e-09 
iter: 1  mgc: 3.861727e-09 
Matching hessian patterns... Done
outer mgc:  11877.84 
  0:     19586.773: -5.00000 -5.00000 -5.00000 -5.00000 -5.00000 -5.00000 -5.00000 -5.00000 -5.00000 -5.00000 -5.00000 -5.00000 -5.00000 -5.00000 -5.00000 -5.00000 -5.00000 -0.700000 -0.350000 -0.350000 -0.350000 -0.350000 -0.350000 -0.350000 -0.350000 -0.350000 -0.350000 -0.350000 -0.350000 0.500000
iter: 1  value: 9313.013 mgc: 42.01083 ustep: 1 
iter: 2  value: 9287.075 mgc: 14.31995 ustep: 1 
iter: 3  value: 9285.458 mgc: 3.944104 ustep: 1 
iter: 4  value: 9285.438 mgc: 0.7000895 ustep: 1 
iter: 5  value: 9285.438 mgc: 0.03445057 ustep: 1 
iter: 6  value: 9285.438 mgc: 9.277954e-05 ustep: 1 
iter: 7  mgc: 6.732837e-10 
iter: 1  mgc: 6.732837e-10 
outer mgc:  3872.907 
  1:     9085.9619: -4.98852 -4.99221 -4.99177 -4.99033 -4.98872 -4.98820 -4.98809 -4.98823 -4.98807 -4.98759 -4.98756 -4.94581 -5.01304 -5.01113 -5.01165 -5.01254 -5.15134 -0.695934 -0.347681 -0.244622 -0.348301 -0.342739 -0.324689 -0.314005 -0.309929 0.170806 -0.271197 0.102282 0.339511 0.508064
iter: 1  value: 5803.034 mgc: 37.1647 ustep: 1 
iter: 2  value: 5725.261 mgc: 9.404958 ustep: 1 
iter: 3  value: 5714.951 mgc: 4.54932 ustep: 1 
iter: 4  value: 5712.883 mgc: 1.608005 ustep: 1 
iter: 5  value: 5712.566 mgc: 0.8268667 ustep: 1 
iter: 6  value: 5712.565 mgc: 0.0176836 ustep: 1 
iter: 7  value: 5712.565 mgc: 0.0004325845 ustep: 1 
iter: 8  mgc: 7.707944e-10 
iter: 1  mgc: 7.707944e-10 
outer mgc:  2253.889 
  2:     5393.0133: -4.94302 -4.97417 -4.97174 -4.98531 -4.98081 -4.97957 -4.98020 -4.98354 -4.98409 -4.98316 -4.98283 -4.92003 -5.07238 -5.03070 -5.03176 -5.03092 -5.25154 -0.727011 -0.336021 -0.250919 -0.344941 -0.350216 -0.337098 -0.196169 -0.277854 0.128870 0.114240 0.886793 0.785964 0.521270
iter: 1  value: 4274.499 mgc: 3.19141 ustep: 1 
iter: 2  value: 4269.26 mgc: 2.527542 ustep: 1 
iter: 3  value: 4269.23 mgc: 0.1415186 ustep: 1 
iter: 4  value: 4269.23 mgc: 0.001284117 ustep: 1 
iter: 5  value: 4269.23 mgc: 4.829869e-08 ustep: 1 
iter: 6  mgc: 4.085621e-14 
iter: 1  mgc: 4.085621e-14 
outer mgc:  537.569 
  3:     3839.0324: -4.91620 -4.96978 -4.96607 -4.97838 -4.96972 -4.96760 -4.96841 -4.97231 -4.97358 -4.97160 -4.97092 -4.86068 -5.11368 -5.03927 -5.04066 -5.04027 -5.38072 -0.757621 -0.335657 -0.257293 -0.343285 -0.382706 -0.337746 -0.159080 -0.281101 0.229966 0.426203  1.31595  1.61105 0.535379
iter: 1  value: 3692.376 mgc: 3.097807 ustep: 1 
iter: 2  value: 3692.231 mgc: 0.1036927 ustep: 1 
iter: 3  value: 3692.231 mgc: 0.001993265 ustep: 1 
iter: 4  value: 3692.231 mgc: 5.249017e-07 ustep: 1 
iter: 5  mgc: 4.340972e-14 
iter: 1  mgc: 4.340972e-14 
outer mgc:  200.965 
  4:     3292.2050: -4.87158 -4.98083 -4.96781 -4.96789 -4.94909 -4.94642 -4.95109 -4.96226 -4.96888 -4.96507 -4.96355 -4.80475 -5.18908 -5.05103 -5.05274 -5.05313 -5.48735 -0.858101 -0.350335 -0.315055 -0.340821 -0.487914 -0.361457 -0.143815 -0.306511 -0.0232247  1.04426  1.85856  2.06642 0.576512
iter: 1  value: 3209.103 mgc: 15.47601 ustep: 1 
iter: 2  value: 3209.033 mgc: 0.6732969 ustep: 1 
iter: 3  value: 3209.033 mgc: 0.005657456 ustep: 1 
iter: 4  value: 3209.033 mgc: 4.141484e-07 ustep: 1 
iter: 5  mgc: 4.740652e-14 
iter: 1  mgc: 4.740652e-14 
outer mgc:  144.1554 
  5:     3069.4486: -4.84555 -5.06441 -5.01288 -4.95583 -4.90179 -4.89975 -4.91868 -4.95274 -4.97648 -4.96411 -4.95906 -4.70735 -5.25136 -5.06222 -5.06411 -5.06515 -5.59697 -1.08174 -0.401195 -0.493157 -0.334807 -0.746529 -0.294544 -0.200780 -0.334788 -0.622739  1.55457  2.17115  2.33338 0.677363
iter: 1  value: 2904.3 mgc: 19.65918 ustep: 1 
iter: 2  value: 2904.126 mgc: 0.9779989 ustep: 1 
iter: 3  value: 2904.126 mgc: 0.01278989 ustep: 1 
iter: 4  value: 2904.126 mgc: 1.876923e-06 ustep: 1 
iter: 5  mgc: 8.237855e-14 
iter: 1  mgc: 8.237855e-14 
outer mgc:  236.9624 
  6:     3009.8517: -4.87457 -5.25411 -5.13087 -4.97712 -4.78233 -4.78454 -4.84752 -4.94524 -5.00913 -4.96025 -4.94269 -4.59293 -5.28885 -5.07220 -5.07420 -5.07575 -5.69803 -1.30672 -0.476568 -0.641219 -0.308096 -1.11823 0.403692 -0.298260 -0.308079 -0.903703  1.81313  2.20000  2.27719 0.835883
iter: 1  value: 2463.526 mgc: 7.530516 ustep: 1 
iter: 2  value: 2463.507 mgc: 0.2135443 ustep: 1 
iter: 3  value: 2463.507 mgc: 0.0001715164 ustep: 1 
iter: 4  mgc: 1.063996e-09 
iter: 1  mgc: 1.063996e-09 
outer mgc:  121.5479 
  7:     2905.2835: -5.00662 -5.58173 -5.34470 -5.06340 -4.57148 -4.55748 -4.70189 -4.90388 -4.98818 -4.88150 -4.83442 -4.62770 -5.31870 -5.08728 -5.08939 -5.09148 -5.86328 -1.50952 -0.578317 -0.616331 -0.251735 -1.56556 -0.124723 -0.417219 -0.228162 -1.05009  1.93405  2.12624  2.18526  1.05852
iter: 1  value: 2187.596 mgc: 12.54106 ustep: 1 
iter: 2  value: 2187.511 mgc: 0.2948561 ustep: 1 
iter: 3  value: 2187.511 mgc: 0.003309979 ustep: 1 
iter: 4  value: 2187.511 mgc: 2.274034e-06 ustep: 1 
iter: 5  mgc: 6.72018e-13 
iter: 1  mgc: 6.72018e-13 
outer mgc:  138.7673 
  8:     2865.1278: -5.34038 -5.93502 -5.58924 -5.10162 -4.49112 -4.32536 -4.48665 -4.74454 -4.84755 -4.77273 -4.74034 -4.60653 -5.35522 -5.11762 -5.11962 -5.12200 -6.16267 -1.43374 -0.691268 -1.00617 -0.201619 -1.82637 0.132029 -0.530535 -0.343627 -0.933834  2.02109  2.17540  2.18745  1.33998
iter: 1  value: 2324.258 mgc: 9.948643 ustep: 1 
iter: 2  value: 2324.19 mgc: 0.1766803 ustep: 1 
iter: 3  value: 2324.19 mgc: 0.001897994 ustep: 1 
iter: 4  value: 2324.19 mgc: 3.46577e-07 ustep: 1 
iter: 5  mgc: 3.247402e-13 
iter: 1  mgc: 3.247402e-13 
outer mgc:  192.5738 
  9:     2847.3673: -5.75537 -6.28117 -5.82441 -5.14920 -4.49023 -4.21177 -4.27836 -4.50819 -4.62756 -4.62342 -4.66204 -4.57675 -5.39652 -5.14820 -5.14994 -5.15244 -6.46507 -1.31277 -0.755395 -0.518502 -0.179106 -2.00710 0.184154 -0.583628 -0.438865 -0.944012  2.16581  2.20678  2.21503  1.53357
iter: 1  value: 2128.88 mgc: 12.19607 ustep: 1 
iter: 2  value: 2128.655 mgc: 1.00967 ustep: 1 
iter: 3  value: 2128.655 mgc: 0.02133941 ustep: 1 
iter: 4  value: 2128.655 mgc: 1.083542e-05 ustep: 1 
iter: 5  mgc: 2.117861e-12 
iter: 1  mgc: 2.117861e-12 
outer mgc:  233.515 
 10:     2814.5857: -6.12466 -6.50702 -5.96176 -5.18176 -4.58092 -4.34441 -4.18272 -4.25348 -4.42223 -4.48905 -4.64160 -4.30938 -5.43364 -5.18247 -5.18359 -5.18595 -6.80287 -1.08772 -0.774373 -0.956216 -0.208942 -1.99444 -0.216740 -0.566400 -0.516720 -1.05351  2.24932  2.12111  2.14801  1.55090
iter: 1  value: 2093.951 mgc: 7.306423 ustep: 1 
iter: 2  value: 2093.348 mgc: 0.7710678 ustep: 1 
iter: 3  value: 2093.347 mgc: 0.04240331 ustep: 1 
iter: 4  value: 2093.347 mgc: 0.0001087473 ustep: 1 
iter: 5  mgc: 7.205283e-10 
iter: 1  mgc: 7.205283e-10 
outer mgc:  128.6875 
 11:     2763.1631: -6.37311 -6.80445 -6.14390 -5.40877 -4.55769 -4.29101 -4.20065 -4.23720 -4.31211 -4.28176 -4.24242 -4.06348 -5.48720 -5.22896 -5.22898 -5.23112 -7.24572 -1.02118 -0.811159 -1.05388 -0.234546 -2.05637 0.232851 -0.634836 -0.531955 -0.963337  2.41766  2.09063  2.01902  1.54203
iter: 1  value: 2061.434 mgc: 7.361174 ustep: 1 
iter: 2  value: 2060.782 mgc: 1.347564 ustep: 1 
iter: 3  value: 2060.781 mgc: 0.08257143 ustep: 1 
iter: 4  value: 2060.781 mgc: 0.0002978107 ustep: 1 
iter: 5  mgc: 3.142318e-09 
iter: 1  mgc: 3.142318e-09 
outer mgc:  41.26151 
 12:     2728.9323: -6.39434 -6.95259 -6.33650 -5.42699 -4.75559 -4.18811 -4.22335 -4.38146 -4.17632 -3.91403 -3.85148 -3.72129 -5.52740 -5.28685 -5.28486 -5.28617 -7.77216 -1.14580 -0.779806 -1.00731 -0.235468 -2.06120 -0.0181102 -0.754689 -0.514919 -0.822098  2.44417  2.21807  1.88668  1.46146
iter: 1  value: 1980.221 mgc: 9.558643 ustep: 1 
iter: 2  value: 1966.726 mgc: 9.736719 ustep: 1 
iter: 3  value: 1965.328 mgc: 2.535703 ustep: 1 
iter: 4  value: 1965.272 mgc: 0.534482 ustep: 1 
iter: 5  value: 1965.272 mgc: 0.02965648 ustep: 1 
iter: 6  value: 1965.272 mgc: 8.245869e-05 ustep: 1 
iter: 7  mgc: 5.465264e-10 
iter: 1  mgc: 5.465264e-10 
outer mgc:  53.1138 
 13:     2694.2059: -6.54634 -7.03997 -6.43732 -5.51480 -4.60812 -4.34389 -4.12948 -4.06245 -3.98869 -3.78931 -3.71477 -3.25185 -5.55944 -5.34402 -5.34029 -5.34059 -8.38109 -1.17125 -0.745502 -0.974927 -0.191827 -2.11381 0.0488781 -0.787206 -0.469518 -1.08688  2.34014  2.05177  1.88859  1.45127
iter: 1  value: 1943.515 mgc: 9.236681 ustep: 0.4367355 
iter: 2  value: 1922.516 mgc: 68.54728 ustep: 0.6608936 
iter: 3  value: 1918.051 mgc: 18.94744 ustep: 0.8129723 
iter: 4  value: 1916.989 mgc: 6.537079 ustep: 0.9016596 
iter: 5  value: 1916.605 mgc: 1.160768 ustep: 0.9495626 
iter: 6  value: 1916.434 mgc: 0.05624652 ustep: 0.9744576 
iter: 7  value: 1916.392 mgc: 0.005621353 ustep: 0.9871475 
iter: 8  value: 1916.387 mgc: 0.002382163 ustep: 0.9935536 
iter: 9  value: 1916.386 mgc: 0.0006388551 ustep: 0.9967719 
iter: 10  value: 1916.386 mgc: 9.878413e-05 ustep: 0.9983848 
iter: 11  value: 1916.386 mgc: 8.270247e-06 ustep: 0.9991922 
iter: 12  value: 1916.386 mgc: 6.152762e-07 ustep: 0.999596 
iter: 13  value: 1916.386 mgc: 3.161287e-08 ustep: 0.999798 
iter: 14  mgc: 8.334011e-10 
iter: 1  mgc: 8.334011e-10 
outer mgc:  33.91766 
 14:     2654.5541: -6.68077 -7.03993 -6.36300 -5.43542 -4.68967 -4.25618 -3.99820 -3.79892 -3.70785 -3.61209 -3.35333 -3.16478 -5.61350 -5.41021 -5.40440 -5.40388 -9.04101 -1.04447 -0.727289 -1.09589 -0.215225 -2.23247 0.0759853 -0.752716 -0.517107 -0.884853  2.44880  2.01635  1.63264  1.43081
iter: 1  value: 1792.509 mgc: 14.06196 ustep: 0.8994163 
iter: 2  value: 1707.541 mgc: 220.9932 ustep: 0.9483808 
iter: 3  value: 1690.087 mgc: 51.47803 ustep: 0.973851 
iter: 4  value: 1687.139 mgc: 21.3903 ustep: 0.9868402 
iter: 5  value: 1686.889 mgc: 5.796846 ustep: 0.993399 
iter: 6  value: 1686.884 mgc: 0.7914453 ustep: 0.9966944 
iter: 7  value: 1686.884 mgc: 0.01608535 ustep: 0.998346 
iter: 8  value: 1686.884 mgc: 1.409172e-05 ustep: 0.9991727 
iter: 9  value: 1686.884 mgc: 1.36276e-06 ustep: 0.9995863 
iter: 10  value: 1686.884 mgc: 6.922046e-08 ustep: 0.9997932 
iter: 11  mgc: 1.803441e-09 
iter: 1  mgc: 1.803441e-09 
outer mgc:  114.2601 
 15:     2635.8925: -6.61534 -7.09689 -6.37079 -5.51312 -4.52852 -4.04080 -3.86786 -3.90899 -3.63064 -3.24774 -3.38127 -2.77729 -5.64842 -5.47452 -5.46647 -5.46498 -9.71092 -1.03750 -0.703825 -1.35193 -0.263633 -2.30462 -0.0338157 -0.727016 -0.502706 -0.997831  2.43085  2.05095  1.45518  1.46479
iter: 1  value: 1757.625 mgc: 7.504317 ustep: 1 
iter: 2  value: 1756.771 mgc: 4.43285 ustep: 1 
iter: 3  value: 1756.752 mgc: 0.7066557 ustep: 1 
iter: 4  value: 1756.752 mgc: 0.02586651 ustep: 1 
iter: 5  value: 1756.752 mgc: 3.033712e-05 ustep: 1 
iter: 6  mgc: 3.957179e-11 
iter: 1  mgc: 3.957179e-11 
outer mgc:  98.61172 
 16:     2593.5173: -6.52804 -7.08507 -6.36630 -5.38686 -4.45584 -3.99712 -3.79314 -3.83703 -3.57225 -3.16219 -3.15696 -2.52080 -5.68982 -5.54411 -5.53356 -5.53083 -10.4858 -0.994261 -0.608922 -1.25910 -0.290331 -2.34039 0.195863 -0.693136 -0.457261 -0.695896  2.45585  2.02321  1.24286  1.44005
iter: 1  value: 1593.417 mgc: 4.185034 ustep: 1 
iter: 2  value: 1593.391 mgc: 0.6141801 ustep: 1 
iter: 3  value: 1593.391 mgc: 0.01077462 ustep: 1 
iter: 4  value: 1593.391 mgc: 2.991635e-06 ustep: 1 
iter: 5  mgc: 5.520029e-13 
iter: 1  mgc: 5.520029e-13 
outer mgc:  54.25443 
 17:     2531.9543: -6.46794 -7.01891 -6.34005 -5.32257 -4.43421 -3.96991 -3.80976 -3.76990 -3.54781 -3.19134 -2.81853 -2.42166 -5.72066 -5.61231 -5.59934 -5.59559 -11.3349 -1.05417 -0.525119 -1.27988 -0.274306 -2.32656 0.0488357 -0.696466 -0.408852 -0.878979  2.39484  1.93274  1.04545  1.45833
iter: 1  value: 1507.427 mgc: 3.957998 ustep: 1 
iter: 2  value: 1507.414 mgc: 0.4022103 ustep: 1 
iter: 3  value: 1507.414 mgc: 0.003657987 ustep: 1 
iter: 4  value: 1507.414 mgc: 1.39171e-06 ustep: 1 
iter: 5  mgc: 5.864198e-13 
iter: 1  value: 1430.511 mgc: 18.75272 ustep: 1 
iter: 2  value: 1430.112 mgc: 2.709206 ustep: 1 
iter: 3  value: 1430.109 mgc: 0.2827733 ustep: 1 
iter: 4  value: 1430.109 mgc: 0.002657647 ustep: 1 
iter: 5  value: 1430.109 mgc: 2.111497e-07 ustep: 1 
iter: 6  mgc: 6.816769e-13 
iter: 1  mgc: 5.864198e-13 
outer mgc:  70.47083 
 18:     2463.6468: -6.49089 -6.94964 -6.27959 -5.34172 -4.48199 -4.01280 -3.77923 -3.66194 -3.40149 -3.05027 -2.90623 -2.43514 -5.75402 -5.67813 -5.66287 -5.65836 -12.1423 -1.11790 -0.506986 -1.17655 -0.243956 -2.35428 0.177443 -0.732712 -0.431132 -0.868183  2.39307  1.87331 0.575728  1.46759
iter: 1  value: 1332.504 mgc: 14.21775 ustep: 1 
iter: 2  value: 1332.347 mgc: 1.567857 ustep: 1 
iter: 3  value: 1332.347 mgc: 0.127995 ustep: 1 
iter: 4  value: 1332.347 mgc: 0.0007665501 ustep: 1 
iter: 5  value: 1332.347 mgc: 2.306352e-08 ustep: 1 
mgc: 6.368239e-13 
iter: 1  mgc: 6.368239e-13 
outer mgc:  114.6105 
 19:     2371.1039: -6.49342 -6.84543 -6.18238 -5.35978 -4.50294 -4.05742 -3.69858 -3.46708 -3.15739 -2.82192 -2.98923 -2.36152 -5.82196 -5.81123 -5.79129 -5.78527 -13.8606 -1.17940 -0.489536 -1.07951 -0.209276 -2.41232 0.198110 -0.790502 -0.472245 -0.875163  2.41073  1.79915 -0.302540  1.46011
iter: 1  value: 1726.764 mgc: 38.62676 ustep: 1 
iter: 2  value: 1706.799 mgc: 10.30182 ustep: 1 
iter: 3  value: 1706.176 mgc: 2.878265 ustep: 1 
iter: 4  value: 1706.173 mgc: 0.3340668 ustep: 1 
iter: 5  value: 1706.173 mgc: 0.002716039 ustep: 1 
iter: 6  value: 1706.173 mgc: 2.120192e-07 ustep: 1 
iter: 7  mgc: 6.514789e-13 
iter: 1  value: 1237.036 mgc: 3.030794 ustep: 1 
iter: 2  value: 1237.029 mgc: 0.1502631 ustep: 1 
iter: 3  value: 1237.029 mgc: 0.001706827 ustep: 1 
iter: 4  value: 1237.029 mgc: 1.987014e-07 ustep: 1 
iter: 5  mgc: 6.732392e-13 
iter: 1  mgc: 6.732392e-13 
outer mgc:  53.99692 
 20:     2328.5143: -6.48080 -6.85961 -6.19485 -5.34919 -4.48810 -4.03509 -3.70259 -3.48374 -3.19852 -2.89084 -2.94799 -2.57045 -5.82479 -5.81975 -5.79952 -5.79339 -13.6718 -1.16568 -0.503632 -1.15774 -0.213102 -2.41754 0.0810690 -0.791518 -0.465335 -0.913659  2.40511  1.81145 -0.338705  1.45636
iter: 1  value: 1200.436 mgc: 5.378143 ustep: 1 
iter: 2  value: 1200.416 mgc: 0.2633945 ustep: 1 
iter: 3  value: 1200.416 mgc: 0.003492974 ustep: 1 
iter: 4  value: 1200.416 mgc: 5.055898e-07 ustep: 1 
iter: 5  mgc: 7.522871e-13 
iter: 1  mgc: 7.522871e-13 
outer mgc:  44.25646 
 21:     2308.4707: -6.46644 -6.88260 -6.21512 -5.33372 -4.46232 -3.99862 -3.70272 -3.50114 -3.25717 -2.99694 -2.93248 -2.74414 -5.83005 -5.83510 -5.81436 -5.80800 -13.5420 -1.13326 -0.521786 -1.18453 -0.220048 -2.42437 0.178028 -0.791950 -0.452457 -0.945279  2.39532  1.82506 -0.520495  1.44443
iter: 1  value: 1161.85 mgc: 5.928054 ustep: 1 
iter: 2  value: 1161.797 mgc: 0.9163119 ustep: 1 
iter: 3  value: 1161.797 mgc: 0.03278386 ustep: 1 
iter: 4  value: 1161.797 mgc: 4.390302e-05 ustep: 1 
iter: 5  mgc: 7.360468e-11 
iter: 1  mgc: 7.360468e-11 
outer mgc:  135.7256 
 22:     2307.9608: -6.45797 -6.90481 -6.23393 -5.31865 -4.43548 -3.96472 -3.68659 -3.49104 -3.28298 -3.06401 -2.97825 -2.74812 -5.83781 -5.85666 -5.83518 -5.82848 -13.6651 -1.10187 -0.540713 -1.20251 -0.229516 -2.43253 -0.0117000 -0.792036 -0.444576 -0.973457  2.38261  1.82839 -0.735703  1.42946
iter: 1  value: 1177.2 mgc: 3.208827 ustep: 1 
iter: 2  value: 1177.198 mgc: 0.1218282 ustep: 1 
iter: 3  value: 1177.198 mgc: 0.0005909651 ustep: 1 
iter: 4  value: 1177.198 mgc: 1.175968e-08 ustep: 1 
mgc: 6.812328e-13 
iter: 1  mgc: 6.812328e-13 
outer mgc:  21.36702 
 23:     2295.9361: -6.45786 -6.90765 -6.23604 -5.31666 -4.43216 -3.96098 -3.68442 -3.49500 -3.29248 -3.07583 -2.99203 -2.79238 -5.83969 -5.86172 -5.84007 -5.83327 -13.6495 -1.09776 -0.543698 -1.18050 -0.231113 -2.43431 0.144485 -0.791965 -0.444561 -0.952666  2.38005  1.82733 -0.741359  1.42800
iter: 1  value: 1149.35 mgc: 2.467631 ustep: 1 
iter: 2  value: 1149.344 mgc: 0.1707265 ustep: 1 
iter: 3  value: 1149.344 mgc: 0.002898458 ustep: 1 
iter: 4  value: 1149.344 mgc: 5.381992e-07 ustep: 1 
iter: 5  mgc: 5.651035e-13 
iter: 1  mgc: 5.651035e-13 
outer mgc:  24.66756 
 24:     2292.3597: -6.45612 -6.91826 -6.24347 -5.30778 -4.41856 -3.94440 -3.67091 -3.49663 -3.31280 -3.10966 -3.04129 -2.90238 -5.84814 -5.88437 -5.86194 -5.85476 -13.6813 -1.09293 -0.559428 -1.19617 -0.237565 -2.44395 0.118564 -0.792564 -0.446897 -0.973464  2.36902  1.82292 -0.823355  1.42600
iter: 1  value: 1173.136 mgc: 2.423004 ustep: 1 
iter: 2  value: 1173.133 mgc: 0.0784541 ustep: 1 
iter: 3  value: 1173.133 mgc: 0.0003586662 ustep: 1 
iter: 4  mgc: 7.721844e-09 
iter: 1  mgc: 7.721844e-09 
outer mgc:  30.15086 
 25:     2290.2602: -6.45360 -6.92358 -6.24672 -5.30731 -4.41045 -3.93571 -3.66953 -3.50843 -3.33933 -3.15557 -3.09500 -2.93177 -5.85978 -5.91533 -5.89181 -5.88404 -13.7924 -1.08710 -0.572670 -1.16574 -0.239553 -2.45103 0.178696 -0.792563 -0.447581 -0.945882  2.35491  1.82066 -0.838807  1.41766
iter: 1  value: 1150.933 mgc: 1.385226 ustep: 1 
iter: 2  value: 1150.932 mgc: 0.09551817 ustep: 1 
iter: 3  value: 1150.932 mgc: 0.0009597252 ustep: 1 
iter: 4  value: 1150.932 mgc: 7.308939e-08 ustep: 1 
iter: 5  mgc: 7.076006e-13 
iter: 1  mgc: 7.076006e-13 
outer mgc:  14.26227 
 26:     2286.9574: -6.45959 -6.92246 -6.24148 -5.30302 -4.42082 -3.93683 -3.68812 -3.54435 -3.39357 -3.23089 -3.16075 -2.98984 -5.87744 -5.95807 -5.93307 -5.92448 -13.7890 -1.09313 -0.588533 -1.17261 -0.234931 -2.47106 0.121304 -0.795436 -0.454392 -0.954956  2.34952  1.81521 -0.855220  1.41830
iter: 1  value: 1144.303 mgc: 2.05638 ustep: 1 
iter: 2  value: 1144.301 mgc: 0.05894273 ustep: 1 
iter: 3  value: 1144.301 mgc: 0.0002293583 ustep: 1 
iter: 4  mgc: 4.975247e-09 
iter: 1  mgc: 4.975247e-09 
outer mgc:  16.89118 
 27:     2285.1126: -6.45791 -6.92213 -6.24322 -5.30329 -4.41827 -3.97304 -3.70874 -3.58007 -3.43077 -3.22743 -3.18911 -3.05552 -5.89817 -6.01116 -5.98432 -5.97477 -13.8737 -1.08417 -0.597014 -1.17440 -0.235190 -2.49007 0.161478 -0.793409 -0.452907 -0.975560  2.33504  1.80595 -0.867915  1.41917
iter: 1  value: 1144.925 mgc: 1.090915 ustep: 1 
iter: 2  value: 1144.924 mgc: 0.1123694 ustep: 1 
iter: 3  value: 1144.924 mgc: 0.001083568 ustep: 1 
iter: 4  value: 1144.924 mgc: 7.61948e-08 ustep: 1 
mgc: 8.402168e-13 
iter: 1  mgc: 8.402168e-13 
outer mgc:  9.824657 
 28:     2282.9665: -6.45459 -6.92552 -6.24847 -5.33203 -4.43266 -3.96862 -3.74557 -3.60478 -3.45143 -3.29896 -3.24813 -3.08376 -5.92438 -6.07460 -6.04555 -6.03487 -13.8769 -1.07780 -0.601760 -1.16077 -0.241327 -2.51339 0.130834 -0.792425 -0.455424 -0.949720  2.33353  1.80008 -0.894061  1.41775
iter: 1  value: 1118.359 mgc: 1.443812 ustep: 1 
iter: 2  value: 1118.359 mgc: 0.02607425 ustep: 1 
iter: 3  value: 1118.359 mgc: 9.406879e-05 ustep: 1 
iter: 4  mgc: 1.895631e-09 
iter: 1  mgc: 1.895631e-09 
outer mgc:  14.45522 
 29:     2281.7405: -6.47209 -6.93831 -6.26453 -5.30314 -4.46819 -3.97584 -3.72013 -3.61884 -3.49509 -3.32507 -3.27989 -3.10588 -5.95105 -6.14408 -6.11264 -6.10079 -13.9315 -1.09064 -0.606520 -1.17465 -0.240907 -2.53203 0.153787 -0.791153 -0.459283 -0.985110  2.31831  1.79843 -0.907123  1.42467
iter: 1  value: 1130.276 mgc: 1.159309 ustep: 1 
iter: 2  value: 1130.274 mgc: 0.1342196 ustep: 1 
iter: 3  value: 1130.274 mgc: 0.001688725 ustep: 1 
iter: 4  value: 1130.274 mgc: 2.065678e-07 ustep: 1 
iter: 5  mgc: 7.094325e-13 
iter: 1  mgc: 7.094325e-13 
outer mgc:  10.00685 
 30:     2280.0652: -6.48485 -6.94153 -6.26547 -5.32627 -4.42353 -4.00468 -3.73871 -3.63598 -3.51668 -3.31664 -3.28657 -3.16840 -5.98191 -6.21937 -6.18535 -6.17219 -13.9414 -1.07812 -0.604906 -1.16288 -0.232096 -2.54535 0.125711 -0.789320 -0.459265 -0.960304  2.32038  1.78916 -0.918869  1.41098
iter: 1  value: 1136.041 mgc: 1.309461 ustep: 1 
iter: 2  value: 1136.04 mgc: 0.01169232 ustep: 1 
iter: 3  value: 1136.04 mgc: 1.975056e-05 ustep: 1 
iter: 4  mgc: 5.732159e-11 
iter: 1  mgc: 5.732159e-11 
outer mgc:  26.71176 
 31:     2279.2379: -6.48005 -6.94891 -6.26370 -5.34130 -4.43362 -3.97932 -3.79165 -3.64973 -3.49356 -3.35926 -3.32403 -3.16123 -6.01189 -6.29225 -6.25572 -6.24129 -13.9774 -1.07098 -0.610620 -1.15101 -0.236867 -2.56273 0.170969 -0.789648 -0.457745 -0.957509  2.32207  1.77072 -0.929037  1.40849
iter: 1  value: 1116.686 mgc: 1.006603 ustep: 1 
iter: 2  value: 1116.686 mgc: 0.02426058 ustep: 1 
iter: 3  value: 1116.686 mgc: 5.830699e-05 ustep: 1 
iter: 4  mgc: 2.802816e-10 
iter: 1  mgc: 2.802816e-10 
outer mgc:  13.16258 
 32:     2277.3772: -6.46835 -6.95682 -6.26784 -5.33589 -4.47713 -3.98813 -3.78333 -3.66228 -3.50949 -3.37041 -3.33452 -3.17952 -6.04420 -6.37614 -6.33669 -6.32082 -13.9586 -1.07142 -0.616889 -1.15800 -0.249847 -2.57939 0.120610 -0.789775 -0.453993 -0.965434  2.30946  1.75752 -0.930308  1.41738
iter: 1  value: 1107.236 mgc: 0.9380577 ustep: 1 
iter: 2  value: 1107.236 mgc: 0.0075602 ustep: 1 
iter: 3  value: 1107.236 mgc: 3.770162e-06 ustep: 1 
iter: 4  mgc: 3.999356e-12 
iter: 1  mgc: 3.999356e-12 
outer mgc:  10.07159 
 33:     2276.0890: -6.47739 -6.94623 -6.27011 -5.34779 -4.46155 -4.03072 -3.75870 -3.66101 -3.55956 -3.37199 -3.33848 -3.17308 -6.07626 -6.45853 -6.41623 -6.39897 -13.9827 -1.08280 -0.619273 -1.15650 -0.244884 -2.59732 0.148343 -0.793965 -0.465398 -0.961496  2.30772  1.76927 -0.942924  1.42240
iter: 1  value: 1107.583 mgc: 0.9645715 ustep: 1 
iter: 2  value: 1107.583 mgc: 0.02768809 ustep: 1 
iter: 3  value: 1107.583 mgc: 9.43309e-05 ustep: 1 
iter: 4  mgc: 1.41077e-09 
iter: 1  mgc: 1.41077e-09 
outer mgc:  8.483966 
 34:     2274.6100: -6.49481 -6.94260 -6.27926 -5.33531 -4.44740 -4.00867 -3.78480 -3.67364 -3.53927 -3.37170 -3.34146 -3.21745 -6.10951 -6.54423 -6.49898 -6.48029 -13.9916 -1.06957 -0.615594 -1.15980 -0.226927 -2.60838 0.127325 -0.790673 -0.461446 -0.974888  2.30160  1.75432 -0.938676  1.41194
iter: 1  value: 1120.268 mgc: 0.8748474 ustep: 1 
iter: 2  value: 1120.268 mgc: 0.003759862 ustep: 1 
iter: 3  value: 1120.268 mgc: 9.125689e-07 ustep: 1 
iter: 4  mgc: 8.56204e-13 
iter: 1  mgc: 8.56204e-13 
outer mgc:  19.32638 
 35:     2273.5361: -6.48291 -6.96178 -6.27648 -5.32935 -4.46715 -3.99674 -3.78219 -3.68068 -3.54272 -3.38672 -3.36403 -3.20759 -6.14426 -6.63047 -6.58227 -6.56210 -14.0082 -1.06675 -0.616921 -1.13863 -0.243229 -2.62086 0.159007 -0.786697 -0.455494 -0.950208  2.30417  1.72202 -0.935423  1.40943
iter: 1  value: 1090.942 mgc: 0.4771821 ustep: 1 
iter: 2  value: 1090.942 mgc: 0.01181903 ustep: 1 
iter: 3  value: 1090.942 mgc: 9.779618e-06 ustep: 1 
iter: 4  mgc: 7.234213e-12 
iter: 1  mgc: 7.234213e-12 
outer mgc:  8.798447 
 36:     2271.8773: -6.46775 -6.97152 -6.26569 -5.34630 -4.47180 -4.00532 -3.78596 -3.67393 -3.54615 -3.40000 -3.36558 -3.21996 -6.17817 -6.72078 -6.66944 -6.64776 -13.9974 -1.08544 -0.620757 -1.15221 -0.261983 -2.63250 0.125197 -0.788066 -0.460245 -0.961542  2.29770  1.71944 -0.943251  1.42020
iter: 1  value: 1097.432 mgc: 0.9737014 ustep: 1 
iter: 2  value: 1097.432 mgc: 0.01902159 ustep: 1 
iter: 3  value: 1097.432 mgc: 4.730686e-06 ustep: 1 
iter: 4  mgc: 9.65672e-13 
iter: 1  mgc: 9.65672e-13 
outer mgc:  10.52855 
 37:     2270.5030: -6.48248 -6.95237 -6.27326 -5.34075 -4.46458 -4.01564 -3.78916 -3.68344 -3.55346 -3.39770 -3.36736 -3.21155 -6.21130 -6.81109 -6.75662 -6.73348 -14.0161 -1.06558 -0.623388 -1.15096 -0.233432 -2.64876 0.150067 -0.792310 -0.455617 -0.975073  2.28863  1.72833 -0.946394  1.41460
iter: 1  value: 1093.898 mgc: 0.6063324 ustep: 1 
iter: 2  value: 1093.898 mgc: 0.01900389 ustep: 1 
iter: 3  value: 1093.898 mgc: 1.46615e-05 ustep: 1 
iter: 4  mgc: 1.260059e-11 
iter: 1  mgc: 1.260059e-11 
outer mgc:  12.73363 
 38:     2269.1404: -6.49349 -6.94026 -6.28129 -5.33141 -4.46259 -4.01098 -3.79257 -3.69404 -3.57192 -3.39632 -3.37496 -3.22646 -6.24738 -6.90165 -6.84408 -6.81945 -13.9960 -1.06489 -0.623568 -1.14709 -0.229866 -2.66256 0.126901 -0.790766 -0.463454 -0.961465  2.29821  1.69850 -0.950077  1.41278
iter: 1  value: 1079.757 mgc: 0.6791479 ustep: 1 
iter: 2  value: 1079.757 mgc: 0.01090365 ustep: 1 
iter: 3  value: 1079.757 mgc: 1.266732e-05 ustep: 1 
iter: 4  mgc: 2.102629e-11 
iter: 1  mgc: 2.102629e-11 
outer mgc:  5.338332 
 39:     2267.6258: -6.47961 -6.94935 -6.27704 -5.34610 -4.46046 -4.01072 -3.78886 -3.68927 -3.55884 -3.40185 -3.37095 -3.23322 -6.28165 -6.99296 -6.93224 -6.90607 -14.0275 -1.08398 -0.622957 -1.14791 -0.252419 -2.66937 0.141301 -0.787083 -0.470439 -0.960451  2.29503  1.68105 -0.946974  1.41884
iter: 1  value: 1082.219 mgc: 0.7398908 ustep: 1 
iter: 2  value: 1082.219 mgc: 0.002896569 ustep: 1 
iter: 3  value: 1082.219 mgc: 1.018771e-06 ustep: 1 
iter: 4  mgc: 1.045386e-12 
iter: 1  mgc: 1.045386e-12 
outer mgc:  13.00983 
 40:     2266.2968: -6.46761 -6.96930 -6.26736 -5.33950 -4.46813 -4.01470 -3.79065 -3.68217 -3.56170 -3.41198 -3.38664 -3.24566 -6.31422 -7.08508 -7.02119 -6.99354 -14.0064 -1.07102 -0.624373 -1.14568 -0.246773 -2.68187 0.126681 -0.790258 -0.453912 -0.971521  2.28305  1.69099 -0.948166  1.41244
iter: 1  value: 1081.795 mgc: 0.4717831 ustep: 1 
iter: 2  value: 1081.795 mgc: 0.00274991 ustep: 1 
iter: 3  value: 1081.795 mgc: 1.657893e-06 ustep: 1 
iter: 4  mgc: 1.132427e-12 
iter: 1  mgc: 1.132427e-12 
outer mgc:  8.517829 
 41:     2264.7794: -6.47633 -6.96477 -6.26418 -5.33128 -4.47005 -4.01081 -3.79472 -3.68719 -3.57352 -3.41084 -3.38868 -3.22526 -6.34874 -7.17847 -7.11139 -7.08223 -14.0300 -1.06886 -0.626629 -1.14118 -0.241061 -2.69409 0.145650 -0.790761 -0.452711 -0.965791  2.28227  1.67480 -0.950037  1.41318
iter: 1  value: 1067.106 mgc: 0.1846779 ustep: 1 
iter: 2  value: 1067.106 mgc: 0.00422838 ustep: 1 
iter: 3  value: 1067.106 mgc: 8.023994e-07 ustep: 1 
iter: 4  mgc: 1.079803e-12 
iter: 1  value: 1054.025 mgc: 0.3452641 ustep: 1 
iter: 2  value: 1054.025 mgc: 0.0008507368 ustep: 1 
iter: 3  value: 1054.025 mgc: 2.484929e-07 ustep: 1 
iter: 4  mgc: 1.002753e-12 
iter: 1  value: 1027.566 mgc: 0.7395197 ustep: 1 
iter: 2  value: 1027.566 mgc: 0.003627081 ustep: 1 
iter: 3  value: 1027.566 mgc: 4.280649e-06 ustep: 1 
iter: 4  mgc: 1.858125e-12 
iter: 1  mgc: 1.858125e-12 
outer mgc:  22.06282 
 42:     2259.3671: -6.52105 -6.85900 -6.28785 -5.35836 -4.46025 -4.01194 -3.75299 -3.80062 -3.54739 -3.43635 -3.35922 -3.23648 -6.54483 -7.70346 -7.61833 -7.58060 -14.0166 -1.10658 -0.629707 -1.14143 -0.253343 -2.74406 0.141836 -0.776523 -0.510516 -0.951734  2.30220  1.54186 -0.975851  1.43900
iter: 1  value: 999.1816 mgc: 1.223325 ustep: 1 
iter: 2  value: 999.1811 mgc: 0.03875944 ustep: 1 
iter: 3  value: 999.1811 mgc: 0.0002055901 ustep: 1 
iter: 4  mgc: 6.167022e-09 
iter: 1  mgc: 6.167022e-09 
outer mgc:  14.06686 
 43:     2249.2303: -6.48135 -6.85506 -6.30326 -5.34707 -4.46216 -3.97625 -3.84177 -3.67713 -3.62784 -3.38183 -3.37577 -3.25563 -6.73735 -8.23447 -8.13112 -8.08478 -14.0427 -1.10511 -0.634597 -1.14674 -0.253712 -2.79172 0.119295 -0.767968 -0.507537 -0.952551  2.30314  1.49602 -0.974727  1.43970
iter: 1  value: 1039.815 mgc: 3.319479 ustep: 1 
iter: 2  value: 1039.814 mgc: 0.100969 ustep: 1 
iter: 3  value: 1039.814 mgc: 0.0005879753 ustep: 1 
iter: 4  value: 1039.814 mgc: 2.294469e-08 ustep: 1 
mgc: 1.50846e-12 
iter: 1  mgc: 1.50846e-12 
outer mgc:  51.40916 
 44:     2240.5236: -6.40748 -6.96235 -6.25496 -5.29752 -4.44305 -4.05200 -3.78315 -3.69771 -3.54369 -3.43493 -3.41733 -3.26527 -6.92180 -8.75825 -8.63713 -8.58249 -14.0205 -1.05059 -0.638513 -1.10827 -0.226189 -2.84395 0.199530 -0.779969 -0.433896 -0.959037  2.29205  1.47209 -0.959186  1.40307
iter: 1  value: 975.3514 mgc: 2.362286 ustep: 1 
iter: 2  value: 975.3491 mgc: 0.1029777 ustep: 1 
iter: 3  value: 975.3491 mgc: 0.001162855 ustep: 1 
iter: 4  value: 975.3491 mgc: 1.186645e-07 ustep: 1 
iter: 5  mgc: 1.42264e-12 
iter: 1  mgc: 1.42264e-12 
outer mgc:  38.93671 
 45:     2228.4375: -6.40006 -6.97191 -6.21961 -5.29857 -4.44693 -4.01929 -3.77744 -3.69384 -3.55610 -3.41556 -3.39741 -3.26948 -7.11052 -9.29318 -9.15385 -9.09066 -14.0473 -1.05737 -0.642603 -1.14504 -0.229579 -2.89092 0.0899509 -0.784073 -0.426319 -0.978823  2.28211  1.36853 -0.974234  1.40088
iter: 1  value: 943.9959 mgc: 1.560202 ustep: 1 
iter: 2  value: 943.9958 mgc: 0.01904267 ustep: 1 
iter: 3  value: 943.9958 mgc: 5.219748e-05 ustep: 1 
iter: 4  mgc: 4.978995e-10 
iter: 1  value: 818.5332 mgc: 3.950212 ustep: 1 
iter: 2  value: 818.5325 mgc: 0.1054074 ustep: 1 
iter: 3  value: 818.5325 mgc: 7.129872e-05 ustep: 1 
iter: 4  mgc: 4.41763e-10 
iter: 1  value: 774.0679 mgc: 31.77382 ustep: 1 
iter: 2  value: 773.2845 mgc: 3.976806 ustep: 1 
iter: 3  value: 773.2815 mgc: 0.08096519 ustep: 1 
iter: 4  value: 773.2815 mgc: 0.0006568298 ustep: 1 
iter: 5  value: 773.2815 mgc: 6.309828e-08 ustep: 1 
iter: 6  mgc: 6.715073e-12 
iter: 1  mgc: 4.41763e-10 
outer mgc:  63.63562 
 46:     2178.5651: -6.41327 -6.88772 -6.15581 -5.31848 -4.44357 -3.91309 -3.79135 -3.69322 -3.59092 -3.38033 -3.36000 -3.31445 -7.86992 -11.4537 -11.2407 -11.1431 -13.9630 -1.12852 -0.637588 -1.12930 -0.295159 -3.08043 0.100195 -0.791828 -0.488930 -0.944195  2.24701 0.980856 -1.02830  1.42011
iter: 1  value: 539.9918 mgc: 15.90945 ustep: 1 
iter: 2  value: 539.9698 mgc: 1.188356 ustep: 1 
iter: 3  value: 539.9698 mgc: 0.008329423 ustep: 1 
iter: 4  value: 539.9698 mgc: 1.052842e-05 ustep: 1 
iter: 5  mgc: 1.089616e-11 
iter: 1  mgc: 1.089616e-11 
outer mgc:  145.7308 
 47:     2104.1795: -6.41265 -6.72480 -6.04880 -5.34019 -4.42815 -3.72771 -3.80575 -3.68161 -3.64306 -3.31027 -3.29312 -3.35736 -9.38741 -15.7752 -15.4147 -15.2486 -13.8692 -1.25083 -0.629936 -1.09498 -0.405447 -3.46021 0.153977 -0.806457 -0.599973 -0.881231  2.18758 0.170518 -1.12046  1.44954
iter: 1  value: 11237.1 mgc: 121.5981 ustep: 0.2494656 
iter: 2  value: 8507.125 mgc: 3067.621 ustep: 0.08285847 
iter: 3  value: 7538.509 mgc: 895.4952 ustep: 0.2879227 
iter: 4  value: 7270.145 mgc: 296.2533 ustep: 0.5366306 
iter: 5  value: 7201.624 mgc: 115.546 ustep: 0.7325775 
iter: 6  value: 7182.896 mgc: 47.27039 ustep: 0.8559218 
iter: 7  value: 7178.189 mgc: 18.17104 ustep: 0.9251679 
iter: 8  value: 7177.484 mgc: 5.8844 ustep: 0.9618603 
iter: 9  value: 7177.45 mgc: 1.125319 ustep: 0.9807467 
iter: 10  value: 7177.449 mgc: 0.0580202 ustep: 0.9903275 
iter: 11  value: 7177.449 mgc: 0.000807368 ustep: 0.9951525 
iter: 12  value: 7177.449 mgc: 0.0001616405 ustep: 0.9975735 
iter: 13  value: 7177.449 mgc: 1.795837e-05 ustep: 0.9987862 
iter: 14  value: 7177.449 mgc: 1.055556e-06 ustep: 0.999393 
iter: 15  value: 7177.449 mgc: 3.194848e-08 ustep: 0.9996965 
iter: 16  mgc: 4.907992e-10 
iter: 1  value: 637.03 mgc: 5.89408 ustep: 1 
iter: 2  value: 636.6899 mgc: 1.598214 ustep: 1 
iter: 3  value: 636.6888 mgc: 0.06854725 ustep: 1 
iter: 4  value: 636.6888 mgc: 0.0006979145 ustep: 1 
iter: 5  value: 636.6888 mgc: 3.080184e-08 ustep: 1 
mgc: 4.924061e-12 
iter: 1  value: 531.2587 mgc: 2.600301 ustep: 1 
iter: 2  value: 531.2417 mgc: 0.2659632 ustep: 1 
iter: 3  value: 531.2417 mgc: 0.005018019 ustep: 1 
iter: 4  value: 531.2417 mgc: 3.496061e-06 ustep: 1 
iter: 5  mgc: 4.73821e-12 
iter: 1  mgc: 4.73821e-12 
outer mgc:  45.71432 
 48:     2076.3865: -6.41137 -6.75624 -6.08174 -5.32974 -4.41602 -3.78005 -3.77575 -3.66385 -3.60121 -3.31974 -3.30441 -3.22195 -9.38960 -15.7567 -15.3966 -15.2313 -14.0746 -1.21134 -0.630697 -1.10622 -0.365343 -3.46019 0.142048 -0.805723 -0.550599 -0.887455  2.17569 0.107821 -1.08562  1.43275
iter: 1  value: 528.3619 mgc: 2.942982 ustep: 1 
iter: 2  value: 528.3454 mgc: 0.4071651 ustep: 1 
iter: 3  value: 528.3454 mgc: 0.01273785 ustep: 1 
iter: 4  value: 528.3454 mgc: 1.263842e-05 ustep: 1 
iter: 5  mgc: 1.084643e-11 
iter: 1  mgc: 1.084643e-11 
outer mgc:  78.30007 
 49:     2062.2050: -6.41991 -6.81099 -6.13807 -5.32353 -4.40835 -3.86734 -3.74907 -3.67236 -3.58189 -3.37194 -3.35093 -3.28962 -9.39409 -15.7171 -15.3578 -15.1938 -13.9464 -1.15120 -0.631220 -1.12908 -0.307777 -3.46030 0.142781 -0.805101 -0.477437 -0.961923  2.15287 -0.0141307 -1.04949  1.40740
iter: 1  value: 529.3827 mgc: 3.431585 ustep: 1 
iter: 2  value: 529.3746 mgc: 0.2030064 ustep: 1 
iter: 3  value: 529.3746 mgc: 0.002783735 ustep: 1 
iter: 4  value: 529.3746 mgc: 1.362376e-06 ustep: 1 
iter: 5  mgc: 4.632641e-12 
iter: 1  mgc: 4.632641e-12 
outer mgc:  67.43428 
 50:     2045.8915: -6.44036 -6.87677 -6.18583 -5.33998 -4.42003 -3.92005 -3.73586 -3.66592 -3.55485 -3.37741 -3.35912 -3.22462 -9.31341 -15.4100 -15.0602 -14.9002 -14.0857 -1.10581 -0.631481 -1.15690 -0.273968 -3.44038 0.0629749 -0.803605 -0.429081 -0.957581  2.15134 -0.0227262 -1.02338  1.38696
iter: 1  value: 550.6559 mgc: 3.170802 ustep: 1 
iter: 2  value: 550.6537 mgc: 0.3262257 ustep: 1 
iter: 3  value: 550.6537 mgc: 0.0008616985 ustep: 1 
iter: 4  value: 550.6537 mgc: 4.506965e-08 ustep: 1 
mgc: 4.345857e-12 
iter: 1  mgc: 4.345857e-12 
outer mgc:  58.21644 
 51:     2026.3719: -6.45025 -6.99509 -6.18716 -5.37436 -4.48430 -3.99685 -3.78096 -3.72924 -3.61923 -3.37874 -3.38152 -3.32813 -9.29784 -15.1503 -14.8057 -14.6390 -14.0191 -1.03641 -0.622898 -1.14426 -0.265167 -3.44556 0.125605 -0.805590 -0.514557 -0.992360  2.23575 -0.232277 -0.981511  1.33522
iter: 1  value: 609.4618 mgc: 12.30017 ustep: 1 
iter: 2  value: 609.2336 mgc: 5.734368 ustep: 1 
iter: 3  value: 609.2333 mgc: 0.1003913 ustep: 1 
iter: 4  value: 609.2333 mgc: 0.0003441072 ustep: 1 
iter: 5  mgc: 2.093625e-09 
iter: 1  value: 540.3664 mgc: 1.631494 ustep: 1 
iter: 2  value: 540.365 mgc: 0.1278942 ustep: 1 
iter: 3  value: 540.365 mgc: 0.001053605 ustep: 1 
iter: 4  value: 540.365 mgc: 3.985003e-08 ustep: 1 
mgc: 4.598245e-12 
iter: 1  mgc: 4.598245e-12 
outer mgc:  62.9154 
 52:     2020.1552: -6.47513 -6.99623 -6.22153 -5.37207 -4.47199 -3.99722 -3.78088 -3.70992 -3.59731 -3.40772 -3.39832 -3.24087 -9.30131 -15.1323 -14.7871 -14.6215 -14.1583 -1.04294 -0.624061 -1.14572 -0.260595 -3.44579 0.151332 -0.805599 -0.487456 -0.957080  2.21442 -0.340397 -0.971497  1.33948
iter: 1  value: 496.6653 mgc: 1.783552 ustep: 1 
iter: 2  value: 496.6647 mgc: 0.09314362 ustep: 1 
iter: 3  value: 496.6647 mgc: 9.622158e-05 ustep: 1 
iter: 4  mgc: 1.33578e-09 
iter: 1  mgc: 1.33578e-09 
outer mgc:  35.09745 
 53:     2012.5597: -6.49774 -6.98062 -6.27318 -5.35660 -4.45857 -4.00280 -3.79385 -3.71636 -3.60691 -3.44427 -3.42517 -3.31665 -9.30057 -15.0666 -14.7194 -14.5563 -14.0637 -1.08622 -0.627174 -1.16640 -0.265773 -3.43972 0.117841 -0.806984 -0.432256 -0.953644  2.22010 -0.417316 -0.958011  1.35129
iter: 1  value: 502.2044 mgc: 1.570185 ustep: 1 
iter: 2  value: 502.2026 mgc: 0.04822936 ustep: 1 
iter: 3  value: 502.2026 mgc: 0.0008034355 ustep: 1 
iter: 4  value: 502.2026 mgc: 4.174677e-08 ustep: 1 
iter: 5  mgc: 4.548029e-12 
iter: 1  mgc: 4.548029e-12 
outer mgc:  36.69801 
 54:     2008.3504: -6.51139 -6.96373 -6.28817 -5.36252 -4.45577 -3.97124 -3.76647 -3.72548 -3.62923 -3.46869 -3.43887 -3.30698 -9.31849 -14.9936 -14.6407 -14.4722 -14.1696 -1.07571 -0.608658 -1.16072 -0.270275 -3.43755 0.136461 -0.816228 -0.402265 -0.966696  2.22291 -0.517367 -0.943353  1.32734
iter: 1  value: 537.4635 mgc: 5.403022 ustep: 1 
iter: 2  value: 537.4614 mgc: 0.504094 ustep: 1 
iter: 3  value: 537.4614 mgc: 0.0001116877 ustep: 1 
iter: 4  mgc: 6.890924e-10 
iter: 1  value: 509.457 mgc: 1.624975 ustep: 1 
iter: 2  value: 509.4569 mgc: 0.04886814 ustep: 1 
iter: 3  value: 509.4569 mgc: 7.150825e-06 ustep: 1 
iter: 4  mgc: 4.521494e-12 
iter: 1  mgc: 4.521494e-12 
outer mgc:  29.16276 
 55:     2006.4231: -6.50927 -6.98624 -6.28069 -5.35586 -4.46066 -3.98973 -3.79059 -3.75229 -3.65931 -3.48854 -3.45934 -3.36095 -9.36228 -15.0056 -14.6506 -14.4767 -14.1176 -1.05379 -0.596816 -1.15099 -0.264084 -3.45498 0.146820 -0.825721 -0.456045 -0.973209  2.20771 -0.596826 -0.931407  1.31192
iter: 1  value: 496.1529 mgc: 1.023121 ustep: 1 
iter: 2  value: 496.1524 mgc: 0.05765628 ustep: 1 
iter: 3  value: 496.1524 mgc: 0.0003348475 ustep: 1 
iter: 4  mgc: 8.942403e-09 
iter: 1  mgc: 8.942403e-09 
outer mgc:  25.99464 
 56:     2004.9800: -6.51552 -6.99801 -6.28857 -5.34922 -4.45031 -3.99798 -3.80388 -3.75132 -3.65002 -3.50396 -3.47470 -3.34858 -9.35410 -14.9309 -14.5781 -14.4052 -14.1613 -1.05611 -0.597719 -1.16531 -0.260169 -3.45606 0.103475 -0.829425 -0.454531 -0.965124  2.17253 -0.586518 -0.941288  1.31454
iter: 1  value: 498.5328 mgc: 1.311661 ustep: 1 
iter: 2  value: 498.5326 mgc: 0.04481494 ustep: 1 
iter: 3  value: 498.5326 mgc: 1.842715e-05 ustep: 1 
iter: 4  mgc: 9.04764e-11 
iter: 1  mgc: 9.04764e-11 
outer mgc:  23.38341 
 57:     2004.0469: -6.53000 -6.99702 -6.29497 -5.36842 -4.47663 -4.01393 -3.82237 -3.77140 -3.66418 -3.51972 -3.49421 -3.37437 -9.42310 -14.9665 -14.6108 -14.4412 -14.1850 -1.06130 -0.605880 -1.15437 -0.266532 -3.47749 0.164259 -0.829533 -0.409837 -0.956410  2.12414 -0.622096 -0.937286  1.30850
iter: 1  value: 499.299 mgc: 1.320768 ustep: 1 
iter: 2  value: 499.2988 mgc: 0.03151385 ustep: 1 
iter: 3  value: 499.2988 mgc: 0.0001478683 ustep: 1 
iter: 4  mgc: 2.223373e-09 
iter: 1  mgc: 2.223373e-09 
outer mgc:  38.24267 
 58:     2003.9015: -6.53760 -6.99508 -6.30712 -5.38811 -4.49621 -4.01287 -3.82190 -3.78931 -3.68308 -3.54749 -3.51153 -3.42260 -9.46574 -14.9121 -14.5583 -14.3944 -14.1519 -1.04532 -0.600128 -1.15950 -0.266903 -3.48974 0.123752 -0.828048 -0.392981 -0.968163  2.05970 -0.608938 -0.938759  1.29582
iter: 1  value: 496.8497 mgc: 0.5819201 ustep: 1 
iter: 2  value: 496.8496 mgc: 0.04087766 ustep: 1 
iter: 3  value: 496.8496 mgc: 4.190348e-05 ustep: 1 
iter: 4  mgc: 9.720358e-11 
iter: 1  mgc: 9.720358e-11 
outer mgc:  13.18374 
 59:     2002.5587: -6.53901 -7.00232 -6.31356 -5.38062 -4.48878 -4.01683 -3.82503 -3.78701 -3.68682 -3.54779 -3.51982 -3.39349 -9.48286 -14.9145 -14.5613 -14.3984 -14.2114 -1.04433 -0.596597 -1.15890 -0.265058 -3.49252 0.132384 -0.827395 -0.407029 -0.967083  2.04597 -0.622631 -0.943107  1.29607
iter: 1  value: 489.2559 mgc: 0.2658634 ustep: 1 
iter: 2  value: 489.2559 mgc: 0.01323659 ustep: 1 
iter: 3  value: 489.2559 mgc: 3.492047e-07 ustep: 1 
iter: 4  mgc: 4.64806e-12 
iter: 1  mgc: 4.64806e-12 
outer mgc:  10.83064 
 60:     2002.1020: -6.54109 -7.02067 -6.32603 -5.36185 -4.47854 -4.03402 -3.84552 -3.79738 -3.69784 -3.55708 -3.53540 -3.41017 -9.51825 -14.9116 -14.5602 -14.3980 -14.1925 -1.05131 -0.591147 -1.15831 -0.260864 -3.49647 0.132446 -0.826803 -0.435555 -0.966775  2.02567 -0.637647 -0.946045  1.30159
iter: 1  value: 493.5898 mgc: 0.7046656 ustep: 1 
iter: 2  value: 493.5898 mgc: 0.01297616 ustep: 1 
iter: 3  value: 493.5898 mgc: 1.63578e-05 ustep: 1 
iter: 4  mgc: 3.541656e-11 
iter: 1  mgc: 3.541656e-11 
outer mgc:  4.733938 
 61:     2001.6770: -6.54445 -7.02821 -6.32721 -5.38453 -4.48802 -4.03127 -3.84109 -3.79983 -3.70997 -3.56665 -3.54215 -3.41737 -9.56711 -14.9257 -14.5739 -14.4064 -14.2201 -1.03801 -0.590360 -1.15659 -0.253406 -3.50135 0.129781 -0.827387 -0.434425 -0.967252  2.00104 -0.650408 -0.950081  1.29695
iter: 1  value: 493.5746 mgc: 0.7058702 ustep: 1 
iter: 2  value: 493.5746 mgc: 0.01495359 ustep: 1 
iter: 3  value: 493.5746 mgc: 4.769479e-06 ustep: 1 
iter: 4  mgc: 5.039247e-12 
iter: 1  mgc: 5.039247e-12 
outer mgc:  10.24762 
 62:     2001.2201: -6.57486 -7.02986 -6.33304 -5.39556 -4.50515 -4.04569 -3.85610 -3.81600 -3.72321 -3.58043 -3.56166 -3.44547 -9.67990 -14.9471 -14.5926 -14.4252 -14.2209 -1.02894 -0.602105 -1.15559 -0.283315 -3.51139 0.132754 -0.832878 -0.393454 -0.969023  1.95184 -0.656286 -0.952052  1.29302
iter: 1  value: 478.0013 mgc: 1.178348 ustep: 1 
iter: 2  value: 478.0011 mgc: 0.06687477 ustep: 1 
iter: 3  value: 478.0011 mgc: 9.058636e-05 ustep: 1 
iter: 4  mgc: 5.995655e-10 
iter: 1  mgc: 5.995655e-10 
outer mgc:  5.824154 
 63:     2000.6615: -6.57701 -7.03814 -6.35559 -5.38989 -4.51234 -4.06298 -3.88004 -3.82861 -3.72618 -3.59891 -3.58107 -3.44821 -9.80275 -14.9542 -14.5924 -14.4314 -14.2511 -1.05905 -0.602103 -1.15703 -0.260925 -3.51327 0.134702 -0.830379 -0.397861 -0.962961  1.89891 -0.654874 -0.957763  1.30149
iter: 1  value: 485.5016 mgc: 0.5833899 ustep: 1 
iter: 2  value: 485.5015 mgc: 0.01346535 ustep: 1 
iter: 3  value: 485.5015 mgc: 2.617863e-05 ustep: 1 
iter: 4  mgc: 6.071144e-11 
iter: 1  mgc: 6.071144e-11 
outer mgc:  13.81366 
 64:     2000.2386: -6.56290 -7.04957 -6.36855 -5.41061 -4.51682 -4.06225 -3.87742 -3.83491 -3.74722 -3.61955 -3.59408 -3.47352 -9.92763 -14.9570 -14.5989 -14.4357 -14.2423 -1.04618 -0.590941 -1.15084 -0.234162 -3.51386 0.129769 -0.827136 -0.437810 -0.969799  1.85832 -0.663772 -0.960997  1.29594
iter: 1  value: 496.8499 mgc: 1.005563 ustep: 1 
iter: 2  value: 496.8498 mgc: 0.0137346 ustep: 1 
iter: 3  value: 496.8498 mgc: 3.851998e-06 ustep: 1 
iter: 4  mgc: 6.292744e-12 
iter: 1  mgc: 6.292744e-12 
outer mgc:  11.40549 
 65:     1999.8762: -6.57028 -7.06544 -6.36005 -5.39724 -4.49916 -4.06767 -3.88174 -3.84227 -3.76224 -3.61820 -3.60267 -3.46602 -10.0585 -14.9390 -14.6002 -14.4330 -14.2750 -1.01497 -0.587963 -1.14572 -0.268791 -3.51305 0.130038 -0.828880 -0.457146 -0.978671  1.84052 -0.670866 -0.964430  1.29276
iter: 1  value: 486.9699 mgc: 1.194152 ustep: 1 
iter: 2  value: 486.9699 mgc: 0.02286377 ustep: 1 
iter: 3  value: 486.9699 mgc: 9.794164e-07 ustep: 1 
iter: 4  mgc: 5.171197e-12 
iter: 1  mgc: 5.171197e-12 
outer mgc:  4.122519 
 66:     1999.2635: -6.57254 -7.07487 -6.34079 -5.40404 -4.50243 -4.07774 -3.89281 -3.84555 -3.76919 -3.61619 -3.61099 -3.48100 -10.1993 -14.9383 -14.5966 -14.4240 -14.2640 -1.03008 -0.598052 -1.14812 -0.257395 -3.50392 0.131624 -0.827713 -0.430593 -0.967582  1.83768 -0.681149 -0.970566  1.30767
iter: 1  value: 486.9953 mgc: 0.3367429 ustep: 1 
iter: 2  value: 486.9953 mgc: 0.01567707 ustep: 1 
iter: 3  value: 486.9953 mgc: 7.694763e-06 ustep: 1 
iter: 4  mgc: 5.172307e-12 
iter: 1  mgc: 5.172307e-12 
outer mgc:  9.20852 
 67:     1998.8216: -6.57658 -7.05350 -6.37513 -5.40887 -4.53056 -4.06809 -3.88658 -3.84160 -3.75404 -3.63116 -3.61347 -3.48208 -10.3328 -14.9537 -14.5880 -14.4294 -14.2817 -1.03808 -0.602705 -1.14905 -0.254874 -3.49916 0.132118 -0.830067 -0.421727 -0.968982  1.80569 -0.672050 -0.970981  1.29998
iter: 1  value: 492.1456 mgc: 0.4795978 ustep: 1 
iter: 2  value: 492.1456 mgc: 0.004888676 ustep: 1 
iter: 3  value: 492.1456 mgc: 1.076415e-06 ustep: 1 
iter: 4  mgc: 4.677786e-12 
iter: 1  mgc: 4.677786e-12 
outer mgc:  17.0628 
 68:     1998.5156: -6.58452 -7.05114 -6.39076 -5.40565 -4.52924 -4.07417 -3.89385 -3.85005 -3.76036 -3.63936 -3.61738 -3.49776 -10.4733 -14.9537 -14.5933 -14.4393 -14.2575 -1.03554 -0.599559 -1.14700 -0.267057 -3.49842 0.129036 -0.830748 -0.425772 -0.973991  1.77183 -0.669310 -0.971071  1.28542
iter: 1  value: 489.8584 mgc: 0.2929859 ustep: 1 
iter: 2  value: 489.8584 mgc: 0.008671177 ustep: 1 
iter: 3  value: 489.8584 mgc: 2.460728e-06 ustep: 1 
iter: 4  mgc: 5.639933e-12 
iter: 1  value: 487.3431 mgc: 0.2223298 ustep: 1 
iter: 2  value: 487.3431 mgc: 0.002875002 ustep: 1 
iter: 3  value: 487.3431 mgc: 1.328458e-07 ustep: 1 
iter: 4  mgc: 5.220935e-12 
iter: 1  value: 480.973 mgc: 0.6048656 ustep: 1 
iter: 2  value: 480.973 mgc: 0.02076644 ustep: 1 
iter: 3  value: 480.973 mgc: 6.867646e-06 ustep: 1 
iter: 4  mgc: 5.840661e-12 
iter: 1  mgc: 5.840661e-12 
outer mgc:  11.54477 
 69:     1996.6375: -6.59578 -7.09957 -6.32140 -5.42698 -4.51303 -4.10034 -3.93233 -3.89051 -3.79725 -3.66429 -3.62265 -3.50729 -11.1887 -14.9325 -14.6507 -14.4448 -14.2825 -1.06580 -0.579465 -1.15255 -0.209804 -3.48339 0.122188 -0.817626 -0.403831 -0.977207  1.65543 -0.672644 -0.991286  1.27454
iter: 1  value: 493.8855 mgc: 1.279074 ustep: 1 
iter: 2  value: 493.8852 mgc: 0.0799368 ustep: 1 
iter: 3  value: 493.8852 mgc: 0.0001847607 ustep: 1 
iter: 4  mgc: 3.478375e-09 
iter: 1  mgc: 3.478375e-09 
outer mgc:  33.7333 
 70:     1994.6247: -6.57431 -7.10703 -6.33209 -5.43723 -4.51634 -4.12304 -3.93819 -3.88679 -3.79967 -3.65221 -3.65533 -3.50760 -11.9124 -14.9474 -14.6283 -14.4343 -14.3446 -1.04716 -0.582269 -1.13208 -0.235682 -3.47067 0.152516 -0.824944 -0.416279 -0.946954  1.53527 -0.673609 -0.993972  1.30209
iter: 1  value: 473.8956 mgc: 1.094409 ustep: 1 
iter: 2  value: 473.8955 mgc: 0.03079468 ustep: 1 
iter: 3  value: 473.8955 mgc: 9.527289e-05 ustep: 1 
iter: 4  mgc: 7.694352e-10 
iter: 1  value: 453.3297 mgc: 2.01866 ustep: 1 
iter: 2  value: 453.3284 mgc: 0.09363451 ustep: 1 
iter: 3  value: 453.3284 mgc: 0.0009820316 ustep: 1 
iter: 4  value: 453.3284 mgc: 8.673561e-08 ustep: 1 
iter: 5  mgc: 5.166756e-12 
iter: 1  value: 417.0073 mgc: 5.580945 ustep: 1 
iter: 2  value: 416.9577 mgc: 0.5375244 ustep: 1 
iter: 3  value: 416.9576 mgc: 0.02234342 ustep: 1 
iter: 4  value: 416.9576 mgc: 3.855953e-05 ustep: 1 
iter: 5  mgc: 1.614355e-10 
iter: 1  mgc: 5.166756e-12 
outer mgc:  33.96837 
 71:     1987.2872: -6.56117 -7.14448 -6.30888 -5.43660 -4.51947 -4.17225 -3.97011 -3.92804 -3.82792 -3.64340 -3.71892 -3.53734 -13.9275 -15.0019 -14.5966 -14.4605 -14.3727 -1.00788 -0.616207 -1.13691 -0.244036 -3.42843 0.0997605 -0.834474 -0.435598 -0.976057  1.22119 -0.708524 -1.02516  1.40357
iter: 1  value: 457.2367 mgc: 1.977062 ustep: 1 
iter: 2  value: 457.2365 mgc: 0.08411326 ustep: 1 
iter: 3  value: 457.2365 mgc: 9.106833e-05 ustep: 1 
iter: 4  mgc: 3.441603e-10 
iter: 1  mgc: 3.441603e-10 
outer mgc:  43.66947 
 72:     1978.2392: -6.56699 -7.17345 -6.28291 -5.41820 -4.51957 -4.16562 -3.97219 -3.94273 -3.84878 -3.70377 -3.74603 -3.61199 -15.9362 -14.9696 -14.6045 -14.4534 -14.3205 -0.994185 -0.644225 -1.11171 -0.240196 -3.38449 0.124251 -0.836000 -0.454770 -0.977255 0.844411 -0.698028 -1.02823  1.43772
iter: 1  value: 466.2931 mgc: 1.679194 ustep: 1 
iter: 2  value: 466.2836 mgc: 0.1478271 ustep: 1 
iter: 3  value: 466.2836 mgc: 0.003941107 ustep: 1 
iter: 4  value: 466.2836 mgc: 2.153625e-06 ustep: 1 
iter: 5  mgc: 4.131806e-12 
iter: 1  value: 460.8305 mgc: 0.7456906 ustep: 1 
iter: 2  value: 460.8298 mgc: 0.06476806 ustep: 1 
iter: 3  value: 460.8298 mgc: 0.0007340063 ustep: 1 
iter: 4  value: 460.8298 mgc: 4.866806e-08 ustep: 1 
iter: 5  mgc: 4.149125e-12 
iter: 1  mgc: 4.149125e-12 
outer mgc:  35.05509 
 73:     1975.8551: -6.57996 -7.16558 -6.30200 -5.41375 -4.53229 -4.15479 -3.97088 -3.94191 -3.84853 -3.70986 -3.73726 -3.57705 -16.4529 -14.9653 -14.6195 -14.4607 -14.4018 -0.997496 -0.645132 -1.11253 -0.251624 -3.38409 0.112538 -0.830913 -0.448326 -0.976520 0.722119 -0.690383 -1.02614  1.41219
iter: 1  value: 489.3355 mgc: 7.015295 ustep: 1 
iter: 2  value: 489.3209 mgc: 0.3228626 ustep: 1 
iter: 3  value: 489.3209 mgc: 0.0127955 ustep: 1 
iter: 4  value: 489.3209 mgc: 1.608549e-05 ustep: 1 
iter: 5  mgc: 2.313971e-11 
iter: 1  mgc: 2.313971e-11 
outer mgc:  11.28535 
 74:     1973.7412: -6.63064 -7.11115 -6.43715 -5.45776 -4.61701 -4.16864 -3.99880 -3.95951 -3.84303 -3.68785 -3.68810 -3.57382 -16.0416 -15.0416 -14.6990 -14.4978 -14.3509 -1.05477 -0.568129 -1.11919 -0.303707 -3.47925 0.135334 -0.800984 -0.407092 -0.968279 0.694314 -0.672753 -1.00957  1.20200
iter: 1  value: 438.1038 mgc: 1.568594 ustep: 1 
iter: 2  value: 438.1038 mgc: 0.01837214 ustep: 1 
iter: 3  value: 438.1038 mgc: 1.529499e-05 ustep: 1 
iter: 4  mgc: 7.915113e-12 
iter: 1  mgc: 7.915113e-12 
outer mgc:  31.43267 
 75:     1972.5162: -6.66402 -7.12079 -6.43086 -5.48679 -4.58702 -4.16493 -3.97837 -3.93366 -3.83093 -3.70479 -3.69964 -3.58439 -16.5338 -15.0526 -14.6902 -14.5227 -14.3591 -1.06814 -0.564050 -1.16842 -0.287037 -3.50313 0.0937251 -0.822821 -0.420604 -0.990810 0.501425 -0.668918 -0.998369  1.22538
iter: 1  value: 427.2769 mgc: 1.83651 ustep: 1 
iter: 2  value: 427.2764 mgc: 0.1729878 ustep: 1 
iter: 3  value: 427.2764 mgc: 0.0002583349 ustep: 1 
iter: 4  mgc: 8.600502e-09 
iter: 1  mgc: 8.600502e-09 
outer mgc:  21.62866 
 76:     1971.5424: -6.70333 -7.11587 -6.38497 -5.46971 -4.58481 -4.10799 -3.93382 -3.90907 -3.81890 -3.71340 -3.67466 -3.56208 -16.0454 -15.0596 -14.6178 -14.5430 -14.3668 -1.01431 -0.586152 -1.15089 -0.232943 -3.53177 0.141974 -0.863266 -0.421343 -0.970696 0.445960 -0.644583 -0.956469  1.36531
iter: 1  value: 433.0683 mgc: 4.622691 ustep: 1 
iter: 2  value: 433.0658 mgc: 0.2920684 ustep: 1 
iter: 3  value: 433.0658 mgc: 0.001198457 ustep: 1 
iter: 4  value: 433.0658 mgc: 1.281059e-07 ustep: 1 
mgc: 6.568968e-12 
iter: 1  value: 432.1447 mgc: 1.081439 ustep: 1 
iter: 2  value: 432.144 mgc: 0.07051106 ustep: 1 
iter: 3  value: 432.144 mgc: 0.0001049421 ustep: 1 
iter: 4  mgc: 1.391603e-09 
iter: 1  value: 431.4234 mgc: 0.8437107 ustep: 1 
iter: 2  value: 431.4232 mgc: 0.02623828 ustep: 1 
iter: 3  value: 431.4232 mgc: 2.829874e-05 ustep: 1 
iter: 4  mgc: 1.386214e-10 
iter: 1  mgc: 1.386214e-10 
outer mgc:  28.06691 
 77:     1971.2565: -6.68892 -7.12133 -6.39463 -5.47104 -4.57988 -4.12226 -3.94386 -3.91141 -3.82953 -3.70653 -3.68480 -3.57631 -16.0479 -15.0542 -14.6242 -14.5337 -14.3106 -1.01298 -0.584142 -1.14208 -0.241665 -3.53169 0.113804 -0.860304 -0.418508 -0.967213 0.429006 -0.656944 -0.961181  1.35600
iter: 1  value: 430.7808 mgc: 0.5825578 ustep: 1 
iter: 2  value: 430.7808 mgc: 0.01560855 ustep: 1 
iter: 3  value: 430.7808 mgc: 3.631603e-06 ustep: 1 
iter: 4  mgc: 6.111556e-12 
iter: 1  mgc: 6.111556e-12 
outer mgc:  5.73328 
 78:     1970.2813: -6.66457 -7.11916 -6.39755 -5.46569 -4.57989 -4.12426 -3.94697 -3.91501 -3.82684 -3.69285 -3.67892 -3.55214 -16.0748 -15.0449 -14.6351 -14.5053 -14.3436 -1.01030 -0.588837 -1.13479 -0.245892 -3.54030 0.132019 -0.856056 -0.416379 -0.965514 0.396354 -0.658749 -0.964663  1.36351
iter: 1  value: 424.1784 mgc: 0.6062463 ustep: 1 
iter: 2  value: 424.1784 mgc: 0.008860765 ustep: 1 
iter: 3  value: 424.1784 mgc: 2.670744e-06 ustep: 1 
iter: 4  mgc: 5.793588e-12 
iter: 1  mgc: 5.793588e-12 
outer mgc:  10.71364 
 79:     1970.0094: -6.64409 -7.12059 -6.39198 -5.45111 -4.57723 -4.12197 -3.94600 -3.91932 -3.81974 -3.67834 -3.67415 -3.55885 -16.0986 -15.0249 -14.6375 -14.4780 -14.3222 -1.01531 -0.586559 -1.13498 -0.257141 -3.55292 0.126757 -0.848653 -0.417086 -0.975155 0.349598 -0.663705 -0.968424  1.35589
iter: 1  value: 423.2061 mgc: 1.234352 ustep: 1 
iter: 2  value: 423.2061 mgc: 0.01887374 ustep: 1 
iter: 3  value: 423.2061 mgc: 1.332481e-07 ustep: 1 
iter: 4  mgc: 6.709744e-12 
iter: 1  mgc: 6.709744e-12 
outer mgc:  3.883188 
 80:     1969.7639: -6.63960 -7.11959 -6.39168 -5.45181 -4.55689 -4.12081 -3.93600 -3.89493 -3.81428 -3.67767 -3.67337 -3.54546 -16.0668 -15.0096 -14.6217 -14.4929 -14.3299 -1.03346 -0.575607 -1.13895 -0.269995 -3.57287 0.123756 -0.847651 -0.413419 -0.967345 0.339555 -0.668778 -0.973923  1.31605
iter: 1  value: 423.5946 mgc: 0.8681498 ustep: 1 
iter: 2  value: 423.5943 mgc: 0.05137663 ustep: 1 
iter: 3  value: 423.5943 mgc: 0.0003185203 ustep: 1 
iter: 4  mgc: 9.77719e-09 
iter: 1  mgc: 9.77719e-09 
outer mgc:  10.26598 
 81:     1969.6763: -6.64335 -7.11082 -6.39740 -5.44974 -4.56285 -4.11974 -3.93994 -3.89580 -3.81748 -3.68279 -3.66986 -3.54058 -16.1279 -15.0120 -14.6247 -14.4852 -14.3162 -1.02377 -0.569619 -1.14208 -0.263494 -3.58732 0.141879 -0.848251 -0.411984 -0.969819 0.308498 -0.672899 -0.976209  1.31187
iter: 1  value: 410.3124 mgc: 0.5053417 ustep: 1 
iter: 2  value: 410.3124 mgc: 0.003010045 ustep: 1 
iter: 3  value: 410.3124 mgc: 1.722957e-07 ustep: 1 
iter: 4  mgc: 7.039702e-12 
iter: 1  mgc: 7.039702e-12 
outer mgc:  4.62122 
 82:     1969.5780: -6.64860 -7.10828 -6.40488 -5.44450 -4.56796 -4.11224 -3.93539 -3.89487 -3.81124 -3.67977 -3.66379 -3.53371 -16.1054 -15.0203 -14.6580 -14.4533 -14.3254 -1.00806 -0.556783 -1.15421 -0.257140 -3.60833 0.127008 -0.843475 -0.413781 -0.968938 0.276547 -0.672078 -0.973790  1.33463
iter: 1  value: 409.6368 mgc: 0.5436244 ustep: 1 
iter: 2  value: 409.6368 mgc: 0.002763515 ustep: 1 
iter: 3  value: 409.6368 mgc: 8.798502e-08 ustep: 1 
iter: 4  mgc: 6.277867e-12 
iter: 1  mgc: 6.277867e-12 
outer mgc:  4.021008 
 83:     1969.5116: -6.63974 -7.11902 -6.40015 -5.45028 -4.56492 -4.10913 -3.93069 -3.90218 -3.80335 -3.66260 -3.65334 -3.54319 -16.1239 -15.0143 -14.6278 -14.4902 -14.3190 -1.02006 -0.553815 -1.15186 -0.256755 -3.62169 0.126103 -0.834952 -0.411686 -0.961986 0.235507 -0.672507 -0.972233  1.31942
iter: 1  value: 409.59 mgc: 0.601038 ustep: 1 
iter: 2  value: 409.59 mgc: 0.00924855 ustep: 1 
iter: 3  value: 409.59 mgc: 2.458024e-06 ustep: 1 
iter: 4  mgc: 7.414513e-12 
iter: 1  mgc: 7.414513e-12 
outer mgc:  3.706328 
 84:     1969.4983: -6.64640 -7.09860 -6.38940 -5.45897 -4.54946 -4.12273 -3.92958 -3.87843 -3.80039 -3.66468 -3.66233 -3.52748 -16.1057 -15.0044 -14.6234 -14.4627 -14.3094 -1.03994 -0.564912 -1.14431 -0.269460 -3.63179 0.134004 -0.861583 -0.415804 -0.975386 0.227919 -0.678299 -0.970844  1.29120
iter: 1  value: 409.6643 mgc: 0.4149563 ustep: 1 
iter: 2  value: 409.6643 mgc: 0.00497058 ustep: 1 
iter: 3  value: 409.6643 mgc: 1.610385e-06 ustep: 1 
iter: 4  mgc: 7.438938e-12 
iter: 1  mgc: 7.438938e-12 
outer mgc:  6.902579 
 85:     1969.4494: -6.64148 -7.10255 -6.39825 -5.44330 -4.55160 -4.10855 -3.92656 -3.88210 -3.80530 -3.66965 -3.65539 -3.52390 -16.1176 -14.9979 -14.6265 -14.4663 -14.3195 -1.03390 -0.558301 -1.14965 -0.270386 -3.63168 0.121147 -0.856048 -0.407458 -0.965275 0.226414 -0.678606 -0.972929  1.29182
iter: 1  value: 407.6608 mgc: 0.2990963 ustep: 1 
iter: 2  value: 407.6608 mgc: 0.01386699 ustep: 1 
iter: 3  value: 407.6608 mgc: 2.670778e-05 ustep: 1 
iter: 4  mgc: 6.904344e-11 
iter: 1  mgc: 6.904344e-11 
outer mgc:  5.151734 
 86:     1969.4066: -6.64063 -7.10631 -6.40773 -5.44354 -4.54958 -4.10380 -3.92418 -3.88289 -3.80425 -3.67034 -3.65623 -3.53147 -16.1041 -14.9933 -14.6385 -14.4632 -14.3065 -1.03127 -0.541878 -1.15352 -0.272555 -3.63109 0.133005 -0.840119 -0.403188 -0.966562 0.228338 -0.680251 -0.971551  1.29895
iter: 1  value: 408.5625 mgc: 0.4376105 ustep: 1 
iter: 2  value: 408.5625 mgc: 0.006841018 ustep: 1 
iter: 3  value: 408.5625 mgc: 1.441739e-07 ustep: 1 
iter: 4  mgc: 6.934231e-12 
iter: 1  mgc: 6.934231e-12 
outer mgc:  3.48811 
 87:     1969.3899: -6.64263 -7.11105 -6.40035 -5.44846 -4.55872 -4.11124 -3.93239 -3.88718 -3.80094 -3.66530 -3.65377 -3.52582 -16.1217 -15.0040 -14.6256 -14.4639 -14.3134 -1.02562 -0.545039 -1.15503 -0.265884 -3.63675 0.135238 -0.825963 -0.410245 -0.970340 0.221021 -0.678821 -0.972555  1.29609
iter: 1  value: 407.38 mgc: 0.311748 ustep: 1 
iter: 2  value: 407.38 mgc: 0.005477878 ustep: 1 
iter: 3  value: 407.38 mgc: 1.19146e-06 ustep: 1 
iter: 4  mgc: 7.100098e-12 
iter: 1  value: 407.4766 mgc: 0.220251 ustep: 1 
iter: 2  value: 407.4766 mgc: 0.003519117 ustep: 1 
iter: 3  value: 407.4766 mgc: 7.230813e-07 ustep: 1 
iter: 4  mgc: 6.792233e-12 
iter: 1  value: 408.0516 mgc: 0.09987725 ustep: 1 
iter: 2  value: 408.0516 mgc: 0.000751926 ustep: 1 
iter: 3  value: 408.0516 mgc: 3.33831e-08 ustep: 1 
mgc: 6.483702e-12 
iter: 1  mgc: 6.483702e-12 
outer mgc:  0.6310342 
 88:     1969.3758: -6.64241 -7.11085 -6.40092 -5.44825 -4.55765 -4.11150 -3.93164 -3.88693 -3.80169 -3.66580 -3.65359 -3.52724 -16.1219 -15.0035 -14.6265 -14.4640 -14.3114 -1.02611 -0.545263 -1.15542 -0.266239 -3.63673 0.130009 -0.826846 -0.409749 -0.968696 0.220387 -0.679099 -0.972474  1.29591
iter: 1  value: 408.5962 mgc: 0.05612397 ustep: 1 
iter: 2  value: 408.5962 mgc: 8.884584e-05 ustep: 1 
iter: 3  mgc: 7.189697e-10 
iter: 1  mgc: 7.189697e-10 
outer mgc:  1.557084 
 89:     1969.3722: -6.64190 -7.11035 -6.40213 -5.44766 -4.55549 -4.11138 -3.92990 -3.88596 -3.80261 -3.66653 -3.65334 -3.52653 -16.1223 -15.0023 -14.6283 -14.4642 -14.3138 -1.02721 -0.545707 -1.15461 -0.266950 -3.63669 0.131898 -0.828899 -0.408675 -0.966630 0.218881 -0.679450 -0.971805  1.29557
iter: 1  value: 408.0049 mgc: 0.04648083 ustep: 1 
iter: 2  value: 408.0049 mgc: 0.0001481812 ustep: 1 
iter: 3  mgc: 1.446918e-10 
iter: 1  mgc: 1.446918e-10 
outer mgc:  0.7510654 
 90:     1969.3665: -6.64152 -7.10980 -6.40236 -5.44696 -4.55534 -4.11083 -3.92944 -3.88624 -3.80297 -3.66652 -3.65380 -3.52770 -16.1238 -15.0004 -14.6292 -14.4649 -14.3113 -1.02773 -0.546381 -1.15512 -0.266822 -3.63616 0.130111 -0.833140 -0.408381 -0.967808 0.217918 -0.679614 -0.971734  1.29514
iter: 1  value: 408.4217 mgc: 0.0585221 ustep: 1 
iter: 2  value: 408.4217 mgc: 2.62997e-05 ustep: 1 
iter: 3  mgc: 6.70517e-11 
iter: 1  mgc: 6.70517e-11 
outer mgc:  0.9338616 
 91:     1969.3646: -6.64084 -7.10912 -6.40243 -5.44645 -4.55498 -4.10997 -3.92892 -3.88602 -3.80259 -3.66621 -3.65383 -3.52680 -16.1247 -14.9984 -14.6302 -14.4655 -14.3130 -1.02801 -0.546404 -1.15476 -0.266752 -3.63552 0.130848 -0.838321 -0.408095 -0.967690 0.216707 -0.679557 -0.971549  1.29463
iter: 1  value: 408.6121 mgc: 0.03782476 ustep: 1 
iter: 2  value: 408.6121 mgc: 0.0001267085 ustep: 1 
iter: 3  mgc: 4.01057e-11 
iter: 1  mgc: 4.01057e-11 
outer mgc:  0.3406857 
 92:     1969.3634: -6.63942 -7.10842 -6.40197 -5.44597 -4.55355 -4.10928 -3.92879 -3.88577 -3.80252 -3.66699 -3.65299 -3.52736 -16.1274 -15.0008 -14.6301 -14.4629 -14.3114 -1.02842 -0.547626 -1.15403 -0.267362 -3.63514 0.130428 -0.840433 -0.407579 -0.967259 0.214615 -0.679217 -0.971519  1.29483
iter: 1  value: 407.7747 mgc: 0.0485186 ustep: 1 
iter: 2  value: 407.7747 mgc: 6.039924e-05 ustep: 1 
iter: 3  mgc: 1.44058e-11 
iter: 1  mgc: 1.44058e-11 
outer mgc:  0.4501115 
 93:     1969.3624: -6.64020 -7.10751 -6.40287 -5.44571 -4.55348 -4.10861 -3.92685 -3.88434 -3.80212 -3.66607 -3.65388 -3.52664 -16.1299 -14.9979 -14.6325 -14.4640 -14.3111 -1.02924 -0.547116 -1.15447 -0.267194 -3.63489 0.129898 -0.838142 -0.407191 -0.968035 0.213603 -0.679735 -0.971571  1.29535
iter: 1  value: 407.6589 mgc: 0.0687297 ustep: 1 
iter: 2  value: 407.6589 mgc: 0.0005184527 ustep: 1 
iter: 3  value: 407.6589 mgc: 2.070456e-08 ustep: 1 
mgc: 7.015943e-12 
iter: 1  value: 408.1803 mgc: 0.03811832 ustep: 1 
iter: 2  value: 408.1803 mgc: 0.0001836652 ustep: 1 
iter: 3  mgc: 2.742893e-09 
iter: 1  mgc: 2.742893e-09 
outer mgc:  0.7479678 
 94:     1969.3622: -6.64000 -7.10772 -6.40344 -5.44632 -4.55345 -4.10918 -3.92761 -3.88435 -3.80187 -3.66639 -3.65290 -3.52655 -16.1288 -14.9974 -14.6331 -14.4641 -14.3114 -1.02879 -0.546821 -1.15472 -0.267411 -3.63504 0.131472 -0.839112 -0.407289 -0.967404 0.212710 -0.680017 -0.971480  1.29471
iter: 1  value: 408.0101 mgc: 0.02873341 ustep: 1 
iter: 2  value: 408.0101 mgc: 3.712702e-05 ustep: 1 
iter: 3  mgc: 6.442846e-12 
iter: 1  mgc: 6.442846e-12 
outer mgc:  0.1373802 
 95:     1969.3617: -6.64002 -7.10799 -6.40328 -5.44593 -4.55320 -4.10886 -3.92742 -3.88461 -3.80201 -3.66623 -3.65303 -3.52665 -16.1276 -14.9979 -14.6328 -14.4634 -14.3112 -1.02908 -0.545097 -1.15545 -0.267467 -3.63485 0.130549 -0.840252 -0.407101 -0.967709 0.212258 -0.680087 -0.971456  1.29362
iter: 1  value: 408.725 mgc: 0.02475165 ustep: 1 
iter: 2  value: 408.725 mgc: 2.299407e-05 ustep: 1 
iter: 3  mgc: 2.525979e-11 
iter: 1  mgc: 2.525979e-11 
outer mgc:  0.1639021 
 96:     1969.3616: -6.64001 -7.10757 -6.40255 -5.44517 -4.55321 -4.10875 -3.92715 -3.88443 -3.80254 -3.66631 -3.65326 -3.52624 -16.1282 -14.9977 -14.6324 -14.4632 -14.3108 -1.02934 -0.546973 -1.15464 -0.267273 -3.63472 0.130512 -0.839644 -0.407086 -0.967403 0.210911 -0.680032 -0.971180  1.29267
iter: 1  value: 408.2476 mgc: 0.02189057 ustep: 1 
iter: 2  value: 408.2476 mgc: 7.490204e-06 ustep: 1 
iter: 3  mgc: 6.64091e-12 
iter: 1  mgc: 6.64091e-12 
outer mgc:  0.3057986 
 97:     1969.3615: -6.63962 -7.10724 -6.40283 -5.44568 -4.55292 -4.10877 -3.92735 -3.88436 -3.80211 -3.66629 -3.65277 -3.52620 -16.1280 -14.9974 -14.6325 -14.4632 -14.3113 -1.02947 -0.546941 -1.15508 -0.267424 -3.63450 0.130377 -0.839600 -0.406949 -0.967896 0.210421 -0.680131 -0.971325  1.29307
iter: 1  value: 408.392 mgc: 0.0150064 ustep: 1 
iter: 2  value: 408.392 mgc: 3.062097e-06 ustep: 1 
iter: 3  mgc: 6.797229e-12 
iter: 1  mgc: 6.797229e-12 
outer mgc:  0.1621084 
 98:     1969.3614: -6.63962 -7.10723 -6.40292 -5.44593 -4.55306 -4.10886 -3.92741 -3.88432 -3.80188 -3.66610 -3.65281 -3.52649 -16.1285 -14.9973 -14.6327 -14.4633 -14.3108 -1.02948 -0.545827 -1.15495 -0.267456 -3.63431 0.130638 -0.839931 -0.406851 -0.967561 0.210119 -0.680100 -0.971319  1.29321
iter: 1  value: 408.4657 mgc: 0.02066694 ustep: 1 
iter: 2  value: 408.4657 mgc: 5.874824e-06 ustep: 1 
iter: 3  mgc: 7.78988e-12 
iter: 1  mgc: 7.78988e-12 
outer mgc:  0.1178784 
 99:     1969.3614: -6.63993 -7.10770 -6.40309 -5.44583 -4.55293 -4.10867 -3.92717 -3.88426 -3.80187 -3.66599 -3.65278 -3.52621 -16.1291 -14.9979 -14.6327 -14.4631 -14.3110 -1.02964 -0.545078 -1.15514 -0.267523 -3.63377 0.130701 -0.840188 -0.406753 -0.967553 0.209900 -0.680084 -0.971393  1.29292
iter: 1  value: 408.6383 mgc: 0.03347965 ustep: 1 
iter: 2  value: 408.6383 mgc: 6.520363e-06 ustep: 1 
iter: 3  mgc: 6.773249e-12 
iter: 1  mgc: 6.773249e-12 
outer mgc:  0.08660391 
100:     1969.3613: -6.63997 -7.10790 -6.40356 -5.44593 -4.55305 -4.10870 -3.92725 -3.88426 -3.80179 -3.66597 -3.65248 -3.52594 -16.1288 -14.9976 -14.6331 -14.4634 -14.3108 -1.02942 -0.545838 -1.15529 -0.267548 -3.63290 0.130496 -0.840291 -0.406896 -0.967558 0.209613 -0.680139 -0.971481  1.29289
iter: 1  value: 408.9829 mgc: 0.01943913 ustep: 1 
iter: 2  value: 408.9829 mgc: 6.545832e-06 ustep: 1 
iter: 3  mgc: 6.563472e-12 
iter: 1  mgc: 6.563472e-12 
outer mgc:  0.1042997 
101:     1969.3613: -6.63966 -7.10729 -6.40325 -5.44559 -4.55279 -4.10848 -3.92711 -3.88426 -3.80175 -3.66595 -3.65244 -3.52611 -16.1281 -14.9972 -14.6327 -14.4630 -14.3106 -1.02943 -0.545908 -1.15518 -0.267542 -3.63213 0.130697 -0.840144 -0.406844 -0.967586 0.209312 -0.680227 -0.971292  1.29266
iter: 1  value: 409.1526 mgc: 0.03446452 ustep: 1 
iter: 2  value: 409.1526 mgc: 6.189669e-06 ustep: 1 
iter: 3  mgc: 6.566525e-12 
iter: 1  mgc: 6.566525e-12 
outer mgc:  0.04028434 
102:     1969.3613: -6.63914 -7.10659 -6.40286 -5.44563 -4.55290 -4.10862 -3.92718 -3.88407 -3.80165 -3.66590 -3.65248 -3.52607 -16.1281 -14.9967 -14.6326 -14.4630 -14.3108 -1.02942 -0.545437 -1.15510 -0.267495 -3.63127 0.130516 -0.840126 -0.406761 -0.967551 0.208945 -0.680240 -0.971201  1.29294
iter: 1  value: 409.3482 mgc: 0.04641656 ustep: 1 
iter: 2  value: 409.3482 mgc: 5.285169e-06 ustep: 1 
iter: 3  mgc: 6.816769e-12 
iter: 1  mgc: 6.816769e-12 
outer mgc:  0.02983629 
103:     1969.3612: -6.63936 -7.10690 -6.40297 -5.44566 -4.55284 -4.10857 -3.92702 -3.88398 -3.80164 -3.66577 -3.65248 -3.52597 -16.1286 -14.9970 -14.6326 -14.4630 -14.3106 -1.02962 -0.545537 -1.15526 -0.267471 -3.62993 0.130592 -0.840122 -0.406756 -0.967606 0.208924 -0.680275 -0.971265  1.29280
iter: 1  value: 409.789 mgc: 0.03875824 ustep: 1 
iter: 2  value: 409.789 mgc: 6.140103e-07 ustep: 1 
iter: 3  mgc: 7.051804e-12 
iter: 1  mgc: 7.051804e-12 
outer mgc:  0.07783603 
104:     1969.3612: -6.63970 -7.10728 -6.40310 -5.44555 -4.55269 -4.10843 -3.92697 -3.88399 -3.80150 -3.66581 -3.65237 -3.52590 -16.1289 -14.9971 -14.6328 -14.4629 -14.3107 -1.02956 -0.545643 -1.15518 -0.267705 -3.62857 0.130603 -0.839916 -0.406796 -0.967502 0.208792 -0.680153 -0.971273  1.29270
iter: 1  value: 410.1615 mgc: 0.04899464 ustep: 1 
iter: 2  value: 410.1615 mgc: 9.014711e-07 ustep: 1 
iter: 3  mgc: 6.713963e-12 
iter: 1  mgc: 6.713963e-12 
outer mgc:  0.03155887 
105:     1969.3612: -6.63955 -7.10730 -6.40321 -5.44558 -4.55265 -4.10838 -3.92696 -3.88405 -3.80169 -3.66581 -3.65234 -3.52584 -16.1288 -14.9971 -14.6328 -14.4629 -14.3105 -1.02952 -0.545586 -1.15521 -0.267618 -3.62703 0.130608 -0.840020 -0.406718 -0.967556 0.208796 -0.680195 -0.971318  1.29268
iter: 1  value: 410.3464 mgc: 0.05307126 ustep: 1 
iter: 2  value: 410.3464 mgc: 2.551763e-06 ustep: 1 
iter: 3  mgc: 6.354473e-12 
iter: 1  value: 410.1282 mgc: 0.02694093 ustep: 1 
iter: 2  value: 410.1282 mgc: 2.007419e-06 ustep: 1 
iter: 3  mgc: 7.000622e-12 
iter: 1  value: 410.0314 mgc: 0.008597259 ustep: 1 
iter: 2  value: 410.0314 mgc: 1.161322e-06 ustep: 1 
iter: 3  mgc: 6.232348e-12 
iter: 1  value: 410.101 mgc: 0.003997872 ustep: 1 
iter: 2  value: 410.101 mgc: 2.51035e-07 ustep: 1 
iter: 3  mgc: 6.393996e-12 
iter: 1  mgc: 6.393996e-12 
outer mgc:  0.02112737 
106:     1969.3612: -6.63956 -7.10728 -6.40319 -5.44558 -4.55269 -4.10841 -3.92696 -3.88402 -3.80164 -3.66577 -3.65236 -3.52586 -16.1288 -14.9971 -14.6328 -14.4629 -14.3106 -1.02955 -0.545574 -1.15530 -0.267594 -3.62699 0.130585 -0.840038 -0.406743 -0.967582 0.208782 -0.680233 -0.971308  1.29268
iter: 1  value: 410.1582 mgc: 0.002379021 ustep: 1 
iter: 2  value: 410.1582 mgc: 9.289982e-08 ustep: 1 
iter: 3  mgc: 7.023937e-12 
iter: 1  mgc: 7.023937e-12 
outer mgc:  0.04451835 
107:     1969.3612: -6.63957 -7.10726 -6.40317 -5.44558 -4.55272 -4.10844 -3.92696 -3.88402 -3.80162 -3.66576 -3.65237 -3.52589 -16.1288 -14.9971 -14.6328 -14.4629 -14.3105 -1.02955 -0.545555 -1.15528 -0.267573 -3.62691 0.130656 -0.840059 -0.406758 -0.967522 0.208766 -0.680252 -0.971287  1.29266
iter: 1  value: 410.1427 mgc: 0.001013218 ustep: 1 
iter: 2  value: 410.1427 mgc: 4.850445e-08 ustep: 1 
iter: 3  mgc: 6.805001e-12 
iter: 1  mgc: 6.805001e-12 
outer mgc:  0.01197409 
108:     1969.3612: -6.63957 -7.10726 -6.40317 -5.44558 -4.55272 -4.10844 -3.92696 -3.88401 -3.80161 -3.66576 -3.65237 -3.52587 -16.1288 -14.9972 -14.6328 -14.4629 -14.3106 -1.02955 -0.545550 -1.15530 -0.267570 -3.62690 0.130611 -0.840063 -0.406761 -0.967542 0.208762 -0.680253 -0.971291  1.29266
iter: 1  value: 410.1475 mgc: 0.002154218 ustep: 1 
iter: 2  value: 410.1475 mgc: 2.582885e-08 ustep: 1 
mgc: 6.753709e-12 
iter: 1  mgc: 6.753709e-12 
outer mgc:  0.01792515 
109:     1969.3612: -6.63957 -7.10725 -6.40315 -5.44559 -4.55273 -4.10845 -3.92696 -3.88400 -3.80160 -3.66575 -3.65237 -3.52587 -16.1288 -14.9972 -14.6327 -14.4629 -14.3105 -1.02956 -0.545530 -1.15531 -0.267559 -3.62684 0.130606 -0.840078 -0.406767 -0.967559 0.208745 -0.680262 -0.971286  1.29264
iter: 1  value: 410.1724 mgc: 0.002152825 ustep: 1 
iter: 2  value: 410.1724 mgc: 2.042736e-08 ustep: 1 
mgc: 6.582734e-12 
iter: 1  mgc: 6.582734e-12 
outer mgc:  0.0125965 
110:     1969.3612: -6.63957 -7.10725 -6.40315 -5.44559 -4.55274 -4.10845 -3.92696 -3.88400 -3.80160 -3.66574 -3.65236 -3.52586 -16.1288 -14.9972 -14.6327 -14.4629 -14.3106 -1.02956 -0.545526 -1.15531 -0.267555 -3.62677 0.130614 -0.840089 -0.406770 -0.967548 0.208739 -0.680262 -0.971284  1.29263
iter: 1  value: 410.212 mgc: 0.005066299 ustep: 1 
iter: 2  mgc: 5.490198e-09 
iter: 1  value: 410.2858 mgc: 0.009138744 ustep: 1 
iter: 2  mgc: 3.472618e-09 
iter: 1  value: 410.6279 mgc: 0.04227001 ustep: 1 
iter: 2  value: 410.6279 mgc: 7.4316e-08 ustep: 1 
iter: 3  mgc: 6.033951e-12 
iter: 1  value: 411.4681 mgc: 0.1036691 ustep: 1 
iter: 2  value: 411.4681 mgc: 4.225522e-07 ustep: 1 
iter: 3  mgc: 7.360335e-12 
iter: 1  mgc: 7.360335e-12 
outer mgc:  0.03542257 
111:     1969.3612: -6.63959 -7.10755 -6.40325 -5.44562 -4.55292 -4.10834 -3.92688 -3.88411 -3.80163 -3.66564 -3.65230 -3.52595 -16.1285 -14.9971 -14.6330 -14.4628 -14.3106 -1.02976 -0.545800 -1.15527 -0.267363 -3.62158 0.130584 -0.840608 -0.406928 -0.967610 0.208814 -0.680289 -0.971237  1.29231
iter: 1  value: 412.7147 mgc: 0.1626239 ustep: 1 
iter: 2  value: 412.7147 mgc: 2.300935e-06 ustep: 1 
iter: 3  mgc: 6.312728e-12 
iter: 1  value: 414.0947 mgc: 0.1834532 ustep: 1 
iter: 2  value: 414.0947 mgc: 2.77651e-06 ustep: 1 
iter: 3  mgc: 7.43805e-12 
iter: 1  mgc: 7.43805e-12 
outer mgc:  0.05216281 
112:     1969.3611: -6.63990 -7.10762 -6.40346 -5.44552 -4.55288 -4.10856 -3.92713 -3.88428 -3.80181 -3.66593 -3.65229 -3.52591 -16.1295 -14.9971 -14.6328 -14.4633 -14.3107 -1.02996 -0.545605 -1.15527 -0.267380 -3.61044 0.130603 -0.841156 -0.406832 -0.967672 0.208725 -0.680222 -0.971215  1.29227
iter: 1  value: 416.8095 mgc: 0.3550401 ustep: 1 
iter: 2  value: 416.8095 mgc: 4.383869e-06 ustep: 1 
iter: 3  mgc: 7.347012e-12 
iter: 1  mgc: 7.347012e-12 
outer mgc:  0.144097 
113:     1969.3609: -6.63980 -7.10745 -6.40357 -5.44594 -4.55264 -4.10856 -3.92710 -3.88411 -3.80171 -3.66581 -3.65256 -3.52589 -16.1299 -14.9974 -14.6329 -14.4632 -14.3105 -1.02997 -0.545650 -1.15544 -0.267312 -3.59925 0.130623 -0.840786 -0.406687 -0.967242 0.208677 -0.680214 -0.971214  1.29223
iter: 1  value: 419.3229 mgc: 0.3478277 ustep: 1 
iter: 2  value: 419.3229 mgc: 2.844334e-06 ustep: 1 
iter: 3  mgc: 6.877832e-12 
iter: 1  value: 422.5728 mgc: 0.4306081 ustep: 1 
iter: 2  value: 422.5728 mgc: 5.334248e-06 ustep: 1 
iter: 3  mgc: 5.958234e-12 
iter: 1  mgc: 5.958234e-12 
outer mgc:  0.1098542 
114:     1969.3607: -6.63981 -7.10789 -6.40325 -5.44591 -4.55265 -4.10833 -3.92663 -3.88365 -3.80165 -3.66610 -3.65224 -3.52572 -16.1296 -14.9976 -14.6330 -14.4629 -14.3104 -1.03022 -0.545233 -1.15556 -0.267931 -3.57411 0.130575 -0.839822 -0.406386 -0.967280 0.208231 -0.680197 -0.971152  1.29269
iter: 1  value: 428.4767 mgc: 0.766642 ustep: 1 
iter: 2  value: 428.4767 mgc: 2.834646e-05 ustep: 1 
iter: 3  mgc: 9.674483e-11 
iter: 1  mgc: 9.674483e-11 
outer mgc:  0.191501 
115:     1969.3604: -6.63993 -7.10759 -6.40333 -5.44546 -4.55231 -4.10811 -3.92664 -3.88380 -3.80145 -3.66553 -3.65212 -3.52558 -16.1295 -14.9975 -14.6330 -14.4628 -14.3104 -1.03005 -0.545233 -1.15589 -0.267608 -3.54894 0.130795 -0.839498 -0.406308 -0.967869 0.208116 -0.680180 -0.971299  1.29272
iter: 1  value: 434.4831 mgc: 0.7700886 ustep: 1 
iter: 2  value: 434.4831 mgc: 1.198296e-05 ustep: 1 
iter: 3  mgc: 5.945466e-12 
iter: 1  value: 452.0374 mgc: 2.201784 ustep: 1 
iter: 2  value: 452.0374 mgc: 9.864225e-05 ustep: 1 
iter: 3  mgc: 1.256739e-09 
iter: 1  value: 476.0922 mgc: 2.920185 ustep: 1 
iter: 2  value: 476.0922 mgc: 0.0001443952 ustep: 1 
iter: 3  mgc: 2.836648e-09 
iter: 1  mgc: 2.836648e-09 
outer mgc:  0.2852392 
116:     1969.3592: -6.63861 -7.10566 -6.40255 -5.44367 -4.55133 -4.10760 -3.92525 -3.88351 -3.80207 -3.66515 -3.65024 -3.52366 -16.1310 -14.9970 -14.6309 -14.4609 -14.3093 -1.03179 -0.544817 -1.15749 -0.266428 -3.34509 0.131208 -0.838408 -0.406695 -0.967880 0.207644 -0.682237 -0.971419  1.29272
iter: 1  value: 524.1431 mgc: 5.227815 ustep: 1 
iter: 2  value: 524.1431 mgc: 0.0007149471 ustep: 1 
iter: 3  value: 524.1431 mgc: 1.749725e-08 ustep: 1 
mgc: 2.509992e-12 
iter: 1  mgc: 2.509992e-12 
outer mgc:  0.2520422 
117:     1969.3587: -6.63884 -7.10660 -6.40136 -5.44340 -4.55057 -4.10639 -3.92506 -3.88222 -3.80111 -3.66423 -3.65008 -3.52296 -16.1333 -14.9958 -14.6314 -14.4608 -14.3085 -1.03163 -0.542622 -1.15886 -0.266980 -3.14119 0.131181 -0.838828 -0.406651 -0.967736 0.207015 -0.681943 -0.971302  1.29374
iter: 1  value: 511.9797 mgc: 1.366077 ustep: 1 
iter: 2  value: 511.9797 mgc: 0.0008489516 ustep: 1 
iter: 3  value: 511.9797 mgc: 5.592137e-08 ustep: 1 
iter: 4  mgc: 3.016642e-12 
iter: 1  value: 519.9089 mgc: 0.4465161 ustep: 1 
iter: 2  value: 519.9089 mgc: 0.0001087173 ustep: 1 
iter: 3  mgc: 8.765797e-10 
iter: 1  mgc: 8.765797e-10 
outer mgc:  0.2946279 
118:     1969.3579: -6.63842 -7.10672 -6.40202 -5.44433 -4.55158 -4.10727 -3.92612 -3.88299 -3.80006 -3.66371 -3.65059 -3.52380 -16.1294 -14.9960 -14.6322 -14.4611 -14.3085 -1.03232 -0.543446 -1.15836 -0.266990 -3.15537 0.131359 -0.839502 -0.407418 -0.967382 0.206165 -0.681882 -0.970791  1.29642
iter: 1  value: 516.6188 mgc: 0.4929756 ustep: 1 
iter: 2  value: 516.6188 mgc: 1.484336e-05 ustep: 1 
iter: 3  mgc: 3.794387e-11 
iter: 1  mgc: 3.794387e-11 
outer mgc:  0.0661432 
119:     1969.3575: -6.63864 -7.10651 -6.40199 -5.44452 -4.55149 -4.10713 -3.92584 -3.88276 -3.79994 -3.66392 -3.65055 -3.52391 -16.1295 -14.9961 -14.6322 -14.4612 -14.3089 -1.03184 -0.544154 -1.15818 -0.266989 -3.17064 0.131034 -0.839522 -0.407634 -0.967478 0.206735 -0.681891 -0.970797  1.29603
iter: 1  value: 513.55 mgc: 0.505486 ustep: 1 
iter: 2  value: 513.55 mgc: 3.043752e-05 ustep: 1 
iter: 3  mgc: 1.879119e-11 
iter: 1  mgc: 1.879119e-11 
outer mgc:  0.2240545 
120:     1969.3575: -6.63840 -7.10639 -6.40172 -5.44460 -4.55170 -4.10723 -3.92570 -3.88252 -3.80024 -3.66431 -3.65075 -3.52398 -16.1282 -14.9961 -14.6322 -14.4614 -14.3087 -1.03111 -0.544974 -1.15807 -0.266957 -3.18583 0.131355 -0.839777 -0.407546 -0.967595 0.207392 -0.681878 -0.970699  1.29540
iter: 1  value: 510.0497 mgc: 0.4893921 ustep: 1 
iter: 2  value: 510.0497 mgc: 5.583525e-05 ustep: 1 
iter: 3  mgc: 3.57649e-10 
iter: 1  mgc: 3.57649e-10 
outer mgc:  0.1665285 
121:     1969.3574: -6.63863 -7.10646 -6.40221 -5.44439 -4.55145 -4.10732 -3.92592 -3.88283 -3.80044 -3.66444 -3.65096 -3.52431 -16.1282 -14.9962 -14.6325 -14.4611 -14.3090 -1.03137 -0.545669 -1.15771 -0.266995 -3.20105 0.131056 -0.839320 -0.407194 -0.967497 0.208452 -0.681704 -0.970720  1.29523
iter: 1  value: 506.3776 mgc: 0.4671934 ustep: 1 
iter: 2  value: 506.3776 mgc: 1.653179e-05 ustep: 1 
iter: 3  mgc: 4.454215e-12 
iter: 1  mgc: 4.454215e-12 
outer mgc:  0.07046219 
122:     1969.3574: -6.63900 -7.10675 -6.40262 -5.44519 -4.55197 -4.10760 -3.92589 -3.88331 -3.80061 -3.66451 -3.65111 -3.52437 -16.1292 -14.9964 -14.6329 -14.4620 -14.3094 -1.03131 -0.545370 -1.15772 -0.267112 -3.21621 0.130914 -0.839950 -0.407714 -0.967608 0.209011 -0.681542 -0.970855  1.29528
iter: 1  value: 506.4782 mgc: 0.05531421 ustep: 1 
iter: 2  value: 506.4782 mgc: 1.398044e-05 ustep: 1 
iter: 3  mgc: 1.796763e-11 
iter: 1  value: 506.445 mgc: 0.00832509 ustep: 1 
iter: 2  value: 506.445 mgc: 7.218205e-07 ustep: 1 
iter: 3  mgc: 2.896017e-12 
iter: 1  mgc: 2.896017e-12 
outer mgc:  0.0183716 
123:     1969.3573: -6.63903 -7.10680 -6.40264 -5.44507 -4.55196 -4.10747 -3.92599 -3.88297 -3.80049 -3.66445 -3.65097 -3.52433 -16.1290 -14.9966 -14.6328 -14.4620 -14.3093 -1.03127 -0.545458 -1.15760 -0.266875 -3.21604 0.130992 -0.839968 -0.407672 -0.967593 0.208891 -0.681638 -0.970905  1.29542
iter: 1  value: 506.6249 mgc: 0.01558691 ustep: 1 
iter: 2  value: 506.6249 mgc: 4.372737e-07 ustep: 1 
iter: 3  mgc: 2.940759e-12 
iter: 1  mgc: 2.940759e-12 
outer mgc:  0.1064755 
124:     1969.3573: -6.63901 -7.10674 -6.40256 -5.44490 -4.55186 -4.10752 -3.92601 -3.88303 -3.80047 -3.66454 -3.65099 -3.52443 -16.1287 -14.9965 -14.6328 -14.4619 -14.3092 -1.03116 -0.545576 -1.15763 -0.266903 -3.21551 0.131006 -0.839891 -0.407574 -0.967530 0.208771 -0.681618 -0.970840  1.29540
iter: 1  value: 506.7471 mgc: 0.01989928 ustep: 1 
iter: 2  value: 506.7471 mgc: 5.975347e-08 ustep: 1 
iter: 3  mgc: 3.168688e-12 
iter: 1  mgc: 3.168688e-12 
outer mgc:  0.02474407 
125:     1969.3573: -6.63895 -7.10670 -6.40250 -5.44487 -4.55184 -4.10748 -3.92600 -3.88302 -3.80047 -3.66453 -3.65099 -3.52434 -16.1285 -14.9965 -14.6327 -14.4618 -14.3093 -1.03117 -0.545618 -1.15766 -0.266909 -3.21488 0.130996 -0.839873 -0.407569 -0.967554 0.208719 -0.681616 -0.970838  1.29542
iter: 1  value: 506.904 mgc: 0.02115652 ustep: 1 
iter: 2  value: 506.904 mgc: 6.398168e-08 ustep: 1 
mgc: 2.856604e-12 
iter: 1  mgc: 2.856604e-12 
outer mgc:  0.006523668 
126:     1969.3573: -6.63892 -7.10665 -6.40246 -5.44486 -4.55182 -4.10746 -3.92599 -3.88301 -3.80047 -3.66451 -3.65098 -3.52434 -16.1284 -14.9964 -14.6327 -14.4618 -14.3093 -1.03118 -0.545646 -1.15764 -0.266922 -3.21420 0.131000 -0.839842 -0.407576 -0.967569 0.208702 -0.681640 -0.970838  1.29543
iter: 1  value: 507.0552 mgc: 0.02166174 ustep: 1 
iter: 2  value: 507.0552 mgc: 2.67148e-08 ustep: 1 
mgc: 2.973288e-12 
iter: 1  mgc: 2.973288e-12 
outer mgc:  0.00784009 
127:     1969.3573: -6.63889 -7.10663 -6.40244 -5.44485 -4.55182 -4.10746 -3.92597 -3.88299 -3.80048 -3.66450 -3.65097 -3.52434 -16.1284 -14.9964 -14.6327 -14.4617 -14.3093 -1.03119 -0.545657 -1.15764 -0.266914 -3.21351 0.130988 -0.839807 -0.407589 -0.967586 0.208677 -0.681656 -0.970845  1.29544
iter: 1  value: 507.3701 mgc: 0.04291973 ustep: 1 
iter: 2  value: 507.3701 mgc: 1.160582e-07 ustep: 1 
iter: 3  mgc: 2.91478e-12 
iter: 1  mgc: 2.91478e-12 
outer mgc:  0.006607789 
128:     1969.3573: -6.63882 -7.10658 -6.40241 -5.44481 -4.55179 -4.10742 -3.92596 -3.88299 -3.80047 -3.66451 -3.65098 -3.52432 -16.1282 -14.9964 -14.6326 -14.4617 -14.3093 -1.03121 -0.545673 -1.15766 -0.266908 -3.21212 0.130999 -0.839773 -0.407594 -0.967579 0.208647 -0.681656 -0.970834  1.29545
iter: 1  value: 507.6934 mgc: 0.04309898 ustep: 1 
iter: 2  value: 507.6934 mgc: 7.153456e-08 ustep: 1 
iter: 3  mgc: 2.568407e-12 
iter: 1  mgc: 2.568407e-12 
outer mgc:  0.008201852 
129:     1969.3573: -6.63881 -7.10654 -6.40237 -5.44479 -4.55177 -4.10741 -3.92592 -3.88296 -3.80045 -3.66446 -3.65093 -3.52430 -16.1282 -14.9963 -14.6326 -14.4616 -14.3092 -1.03120 -0.545678 -1.15766 -0.266912 -3.21072 0.131011 -0.839755 -0.407574 -0.967572 0.208639 -0.681677 -0.970845  1.29550
iter: 1  value: 508.0254 mgc: 0.04330062 ustep: 1 
iter: 2  value: 508.0254 mgc: 6.336552e-08 ustep: 1 
iter: 3  mgc: 3.141931e-12 
iter: 1  mgc: 3.141931e-12 
outer mgc:  0.006701514 
130:     1969.3573: -6.63880 -7.10654 -6.40237 -5.44479 -4.55176 -4.10739 -3.92594 -3.88295 -3.80043 -3.66445 -3.65094 -3.52431 -16.1282 -14.9963 -14.6326 -14.4616 -14.3092 -1.03122 -0.545681 -1.15766 -0.266912 -3.20932 0.131003 -0.839707 -0.407618 -0.967585 0.208661 -0.681724 -0.970814  1.29548
iter: 1  value: 508.1745 mgc: 0.02215958 ustep: 1 
iter: 2  value: 508.1745 mgc: 3.497539e-08 ustep: 1 
iter: 3  mgc: 2.840839e-12 
iter: 1  mgc: 2.840839e-12 
outer mgc:  0.009111661 
131:     1969.3573: -6.63880 -7.10653 -6.40236 -5.44478 -4.55175 -4.10739 -3.92591 -3.88292 -3.80041 -3.66443 -3.65092 -3.52428 -16.1282 -14.9963 -14.6326 -14.4616 -14.3092 -1.03124 -0.545709 -1.15766 -0.266879 -3.20863 0.130993 -0.839716 -0.407614 -0.967588 0.208600 -0.681679 -0.970833  1.29551
iter: 1  value: 508.0913 mgc: 0.01061439 ustep: 1 
iter: 2  value: 508.0913 mgc: 2.348629e-08 ustep: 1 
mgc: 2.685185e-12 
iter: 1  mgc: 2.685185e-12 
outer mgc:  0.004230206 
132:     1969.3573: -6.63879 -7.10652 -6.40234 -5.44477 -4.55175 -4.10737 -3.92591 -3.88292 -3.80041 -3.66443 -3.65091 -3.52427 -16.1282 -14.9963 -14.6326 -14.4616 -14.3092 -1.03123 -0.545690 -1.15767 -0.266891 -3.20898 0.131000 -0.839725 -0.407598 -0.967582 0.208602 -0.681685 -0.970836  1.29551
iter: 1  value: 508.0184 mgc: 0.01086165 ustep: 1 
iter: 2  value: 508.0184 mgc: 3.72606e-08 ustep: 1 
mgc: 3.719136e-12 
133:     1969.3573: -6.63879 -7.10652 -6.40234 -5.44477 -4.55175 -4.10737 -3.92591 -3.88292 -3.80041 -3.66443 -3.65091 -3.52427 -16.1282 -14.9963 -14.6326 -14.4616 -14.3092 -1.03123 -0.545690 -1.15767 -0.266891 -3.20898 0.131000 -0.839725 -0.407598 -0.967582 0.208602 -0.681685 -0.970836  1.29551
iter: 1  mgc: 2.685185e-12 
iter: 1  mgc: 2.685185e-12 
outer mgc:  0.004230206 
iter: 1  value: 508.0913 mgc: 0.00536261 ustep: 1 
iter: 2  value: 508.0913 mgc: 1.707782e-07 ustep: 1 
iter: 3  mgc: 2.809308e-12 
outer mgc:  0.1079497 
iter: 1  value: 508.0915 mgc: 0.00536261 ustep: 1 
iter: 2  value: 508.0915 mgc: 1.707602e-07 ustep: 1 
iter: 3  mgc: 2.955747e-12 
outer mgc:  0.1088042 
iter: 1  value: 508.0913 mgc: 0.00225962 ustep: 1 
iter: 2  value: 508.0913 mgc: 7.130771e-08 ustep: 1 
mgc: 2.684963e-12 
outer mgc:  0.07738695 
iter: 1  value: 508.0915 mgc: 0.00225962 ustep: 1 
iter: 2  value: 508.0915 mgc: 7.130151e-08 ustep: 1 
mgc: 2.819273e-12 
outer mgc:  0.07784021 
iter: 1  value: 508.0913 mgc: 0.00225962 ustep: 1 
iter: 2  value: 508.0913 mgc: 2.204088e-07 ustep: 1 
iter: 3  mgc: 3.256062e-12 
outer mgc:  0.08049347 
iter: 1  value: 508.0915 mgc: 0.00225962 ustep: 1 
iter: 2  value: 508.0915 mgc: 2.203804e-07 ustep: 1 
iter: 3  mgc: 2.893685e-12 
outer mgc:  0.07966702 
iter: 1  value: 508.091 mgc: 0.006925181 ustep: 1 
iter: 2  value: 508.091 mgc: 2.613011e-06 ustep: 1 
iter: 3  mgc: 2.811973e-12 
outer mgc:  0.1885387 
iter: 1  value: 508.0919 mgc: 0.006925181 ustep: 1 
iter: 2  value: 508.0919 mgc: 2.61213e-06 ustep: 1 
iter: 3  mgc: 2.95175e-12 
outer mgc:  0.1892862 
iter: 1  value: 508.0908 mgc: 0.006925181 ustep: 1 
iter: 2  value: 508.0908 mgc: 3.83382e-06 ustep: 1 
iter: 3  mgc: 2.997602e-12 
outer mgc:  0.1948405 
iter: 1  value: 508.0921 mgc: 0.006925181 ustep: 1 
iter: 2  value: 508.0921 mgc: 3.832225e-06 ustep: 1 
iter: 3  mgc: 3.358314e-12 
outer mgc:  0.1942865 
iter: 1  value: 508.0907 mgc: 0.006925181 ustep: 1 
iter: 2  value: 508.0907 mgc: 6.58896e-06 ustep: 1 
iter: 3  mgc: 2.874867e-12 
outer mgc:  0.1867273 
iter: 1  value: 508.0921 mgc: 0.006925181 ustep: 1 
iter: 2  value: 508.0921 mgc: 6.585882e-06 ustep: 1 
iter: 3  mgc: 2.710832e-12 
outer mgc:  0.1852623 
iter: 1  value: 508.0906 mgc: 0.006925181 ustep: 1 
iter: 2  value: 508.0906 mgc: 2.268364e-06 ustep: 1 
iter: 3  mgc: 2.490452e-12 
outer mgc:  0.1836214 
iter: 1  value: 508.0923 mgc: 0.006925181 ustep: 1 
iter: 2  value: 508.0923 mgc: 2.269226e-06 ustep: 1 
iter: 3  mgc: 3.066991e-12 
outer mgc:  0.183433 
iter: 1  value: 508.0906 mgc: 0.006925181 ustep: 1 
iter: 2  value: 508.0906 mgc: 5.688678e-07 ustep: 1 
iter: 3  mgc: 2.98872e-12 
outer mgc:  0.1905147 
iter: 1  value: 508.0922 mgc: 0.006925181 ustep: 1 
iter: 2  value: 508.0922 mgc: 5.689872e-07 ustep: 1 
iter: 3  mgc: 3.252509e-12 
outer mgc:  0.18888 
iter: 1  value: 508.0908 mgc: 0.006925181 ustep: 1 
iter: 2  value: 508.0908 mgc: 5.710932e-07 ustep: 1 
iter: 3  mgc: 2.889466e-12 
outer mgc:  0.1932574 
iter: 1  value: 508.092 mgc: 0.006925181 ustep: 1 
iter: 2  value: 508.092 mgc: 5.709607e-07 ustep: 1 
iter: 3  mgc: 2.648548e-12 
outer mgc:  0.1919571 
iter: 1  value: 508.0909 mgc: 0.006925181 ustep: 1 
iter: 2  value: 508.0909 mgc: 1.418387e-07 ustep: 1 
iter: 3  mgc: 2.864153e-12 
outer mgc:  0.1998686 
iter: 1  value: 508.0919 mgc: 0.006925181 ustep: 1 
iter: 2  value: 508.0919 mgc: 1.418355e-07 ustep: 1 
iter: 3  mgc: 3.148815e-12 
outer mgc:  0.1983846 
iter: 1  value: 508.091 mgc: 0.006925181 ustep: 1 
iter: 2  value: 508.091 mgc: 2.131266e-07 ustep: 1 
iter: 3  mgc: 3.066769e-12 
outer mgc:  0.1990674 
iter: 1  value: 508.0919 mgc: 0.006925181 ustep: 1 
iter: 2  value: 508.0919 mgc: 2.129654e-07 ustep: 1 
iter: 3  mgc: 2.648992e-12 
outer mgc:  0.1996307 
iter: 1  value: 508.0897 mgc: 0.007306067 ustep: 1 
iter: 2  value: 508.0897 mgc: 1.248486e-05 ustep: 1 
iter: 3  mgc: 2.283151e-11 
outer mgc:  0.3886833 
iter: 1  value: 508.0933 mgc: 0.007306067 ustep: 1 
iter: 2  value: 508.0933 mgc: 1.242627e-05 ustep: 1 
iter: 3  mgc: 2.271427e-11 
outer mgc:  0.3828811 
iter: 1  value: 508.0913 mgc: 0.0006588859 ustep: 1 
iter: 2  mgc: 8.829544e-10 
outer mgc:  0.01202743 
iter: 1  value: 508.0914 mgc: 0.0006588859 ustep: 1 
iter: 2  mgc: 8.819732e-10 
outer mgc:  0.01171787 
iter: 1  value: 508.0913 mgc: 0.003909343 ustep: 1 
iter: 2  value: 508.0913 mgc: 7.530274e-08 ustep: 1 
mgc: 2.811973e-12 
outer mgc:  0.0563049 
iter: 1  value: 508.0914 mgc: 0.003909343 ustep: 1 
iter: 2  value: 508.0914 mgc: 7.529805e-08 ustep: 1 
mgc: 2.940981e-12 
outer mgc:  0.05747753 
iter: 1  value: 508.0913 mgc: 0.003909343 ustep: 1 
iter: 2  value: 508.0913 mgc: 3.045774e-07 ustep: 1 
iter: 3  mgc: 2.967404e-12 
outer mgc:  0.06201825 
iter: 1  value: 508.0914 mgc: 0.003909343 ustep: 1 
iter: 2  value: 508.0914 mgc: 3.045286e-07 ustep: 1 
iter: 3  mgc: 3.176126e-12 
outer mgc:  0.06027112 
iter: 1  value: 508.0913 mgc: 0.003909343 ustep: 1 
iter: 2  value: 508.0913 mgc: 5.316332e-07 ustep: 1 
iter: 3  mgc: 3.026588e-12 
outer mgc:  0.06459473 
iter: 1  value: 508.0915 mgc: 0.003909343 ustep: 1 
iter: 2  value: 508.0915 mgc: 5.315503e-07 ustep: 1 
iter: 3  mgc: 2.604583e-12 
outer mgc:  0.06436339 
iter: 1  value: 508.0897 mgc: 0.01383339 ustep: 1 
iter: 2  value: 508.0897 mgc: 8.916574e-06 ustep: 1 
iter: 3  mgc: 2.17133e-11 
outer mgc:  0.7714574 
iter: 1  value: 508.0938 mgc: 0.01383339 ustep: 1 
iter: 2  value: 508.0938 mgc: 8.847916e-06 ustep: 1 
iter: 3  mgc: 2.13598e-11 
outer mgc:  0.7799167 
iter: 1  value: 508.484 mgc: 0.03107 ustep: 1 
iter: 2  value: 508.484 mgc: 6.074942e-06 ustep: 1 
iter: 3  mgc: 3.446576e-12 
outer mgc:  0.1535767 
iter: 1  value: 507.6988 mgc: 0.0311322 ustep: 1 
iter: 2  value: 507.6988 mgc: 6.055335e-06 ustep: 1 
iter: 3  mgc: 2.778111e-12 
outer mgc:  0.1544844 
iter: 1  value: 508.1109 mgc: 0.01014116 ustep: 1 
iter: 2  value: 508.1109 mgc: 5.054998e-08 ustep: 1 
mgc: 3.270939e-12 
outer mgc:  0.04781531 
iter: 1  value: 508.0718 mgc: 0.01016146 ustep: 1 
iter: 2  value: 508.0718 mgc: 5.066136e-08 ustep: 1 
mgc: 3.26128e-12 
outer mgc:  0.04908381 
iter: 1  value: 508.5934 mgc: 0.02941309 ustep: 1 
iter: 2  value: 508.5934 mgc: 8.779507e-05 ustep: 1 
iter: 3  mgc: 5.655156e-10 
outer mgc:  0.3105602 
iter: 1  value: 507.5893 mgc: 0.02947198 ustep: 1 
iter: 2  value: 507.5893 mgc: 8.886372e-05 ustep: 1 
iter: 3  mgc: 5.789174e-10 
outer mgc:  0.309659 
iter: 1  value: 508.1364 mgc: 0.008691655 ustep: 1 
iter: 2  value: 508.1364 mgc: 1.574808e-07 ustep: 1 
iter: 3  mgc: 3.127276e-12 
outer mgc:  0.1254412 
iter: 1  value: 508.0464 mgc: 0.008709056 ustep: 1 
iter: 2  value: 508.0464 mgc: 1.575507e-07 ustep: 1 
iter: 3  mgc: 3.022471e-12 
outer mgc:  0.123402 
iter: 1  value: 508.3312 mgc: 0.03079452 ustep: 1 
iter: 2  value: 508.3312 mgc: 3.691243e-08 ustep: 1 
mgc: 2.831069e-12 
outer mgc:  0.004174874 
iter: 1  value: 507.8514 mgc: 0.03085617 ustep: 1 
iter: 2  value: 507.8514 mgc: 3.691221e-08 ustep: 1 
mgc: 2.795986e-12 
outer mgc:  0.004285425 
iter: 1  value: 508.1648 mgc: 0.02199935 ustep: 1 
iter: 2  value: 508.1648 mgc: 3.201657e-05 ustep: 1 
iter: 3  mgc: 1.154543e-10 
outer mgc:  0.7645984 
iter: 1  value: 508.0186 mgc: 0.02204339 ustep: 1 
iter: 2  value: 508.0186 mgc: 3.177818e-05 ustep: 1 
iter: 3  mgc: 1.137082e-10 
outer mgc:  0.7696898 
iter: 1  value: 508.1063 mgc: 0.01060494 ustep: 1 
iter: 2  value: 508.1063 mgc: 1.821612e-08 ustep: 1 
mgc: 2.95941e-12 
outer mgc:  0.04089599 
iter: 1  value: 508.0764 mgc: 0.01062617 ustep: 1 
iter: 2  value: 508.0764 mgc: 1.823047e-08 ustep: 1 
mgc: 3.010769e-12 
outer mgc:  0.04115123 
iter: 1  value: 508.1017 mgc: 0.006903381 ustep: 1 
iter: 2  value: 508.1017 mgc: 7.107542e-07 ustep: 1 
iter: 3  mgc: 2.74869e-12 
outer mgc:  0.1212635 
iter: 1  value: 508.0811 mgc: 0.006917202 ustep: 1 
iter: 2  value: 508.0811 mgc: 7.122463e-07 ustep: 1 
iter: 3  mgc: 3.104295e-12 
outer mgc:  0.120755 
iter: 1  value: 508.2497 mgc: 0.01944828 ustep: 1 
iter: 2  value: 508.2497 mgc: 7.3296e-06 ustep: 1 
iter: 3  mgc: 3.007178e-12 
outer mgc:  0.4907886 
iter: 1  value: 507.9333 mgc: 0.01948721 ustep: 1 
iter: 2  value: 507.9333 mgc: 7.334017e-06 ustep: 1 
iter: 3  mgc: 2.844058e-12 
outer mgc:  0.4911322 
iter: 1  value: 508.1042 mgc: 0.002624293 ustep: 1 
iter: 2  mgc: 4.40538e-09 
outer mgc:  0.03411487 
iter: 1  value: 508.0785 mgc: 0.002629547 ustep: 1 
iter: 2  mgc: 4.420188e-09 
outer mgc:  0.03572011 
iter: 1  value: 508.1777 mgc: 0.01404453 ustep: 1 
iter: 2  value: 508.1777 mgc: 4.310647e-06 ustep: 1 
iter: 3  mgc: 2.861378e-12 
outer mgc:  0.1608364 
iter: 1  value: 508.0051 mgc: 0.01407265 ustep: 1 
iter: 2  value: 508.0051 mgc: 4.320603e-06 ustep: 1 
iter: 3  mgc: 2.815193e-12 
outer mgc:  0.1581941 
iter: 1  value: 508.2315 mgc: 0.02865619 ustep: 1 
iter: 2  value: 508.2315 mgc: 3.413894e-06 ustep: 1 
iter: 3  mgc: 4.422462e-12 
outer mgc:  0.1186489 
iter: 1  value: 507.9512 mgc: 0.02871356 ustep: 1 
iter: 2  value: 507.9512 mgc: 3.416422e-06 ustep: 1 
iter: 3  mgc: 2.95941e-12 
outer mgc:  0.1198282 
iter: 1  value: 507.748 mgc: 0.0296723 ustep: 1 
iter: 2  value: 507.748 mgc: 6.220091e-06 ustep: 1 
iter: 3  mgc: 2.958273e-12 
outer mgc:  0.07078966 
iter: 1  value: 508.4346 mgc: 0.0296101 ustep: 1 
iter: 2  value: 508.4346 mgc: 6.229297e-06 ustep: 1 
iter: 3  mgc: 2.920553e-12 
outer mgc:  0.07005593 
iter: 1  value: 508.0234 mgc: 0.009800621 ustep: 1 
iter: 2  value: 508.0234 mgc: 1.21243e-08 ustep: 1 
mgc: 2.97451e-12 
iter: 1  mgc: 2.97451e-12 
outer mgc:  2.341875e-07 
iter: 1  value: 508.0233 mgc: 0.005362578 ustep: 1 
iter: 2  value: 508.0233 mgc: 1.708787e-07 ustep: 1 
iter: 3  mgc: 2.688072e-12 
outer mgc:  0.1083766 
iter: 1  value: 508.0236 mgc: 0.005362578 ustep: 1 
iter: 2  value: 508.0236 mgc: 1.708584e-07 ustep: 1 
iter: 3  mgc: 3.343992e-12 
outer mgc:  0.1083765 
iter: 1  value: 508.0234 mgc: 0.002259621 ustep: 1 
iter: 2  value: 508.0234 mgc: 7.134894e-08 ustep: 1 
mgc: 3.22109e-12 
outer mgc:  0.07761366 
iter: 1  value: 508.0235 mgc: 0.002259621 ustep: 1 
iter: 2  value: 508.0235 mgc: 7.134154e-08 ustep: 1 
mgc: 3.381295e-12 
outer mgc:  0.07761362 
iter: 1  value: 508.0233 mgc: 0.002259621 ustep: 1 
iter: 2  value: 508.0233 mgc: 2.205396e-07 ustep: 1 
iter: 3  mgc: 2.831846e-12 
outer mgc:  0.08008035 
iter: 1  value: 508.0236 mgc: 0.002259621 ustep: 1 
iter: 2  value: 508.0236 mgc: 2.205087e-07 ustep: 1 
iter: 3  mgc: 3.049672e-12 
outer mgc:  0.0800803 
iter: 1  value: 508.023 mgc: 0.006925174 ustep: 1 
iter: 2  value: 508.023 mgc: 2.614541e-06 ustep: 1 
iter: 3  mgc: 2.604139e-12 
outer mgc:  0.188913 
iter: 1  value: 508.024 mgc: 0.006925174 ustep: 1 
iter: 2  value: 508.024 mgc: 2.613659e-06 ustep: 1 
iter: 3  mgc: 2.943201e-12 
outer mgc:  0.1889119 
iter: 1  value: 508.0229 mgc: 0.006925174 ustep: 1 
iter: 2  value: 508.0229 mgc: 3.836023e-06 ustep: 1 
iter: 3  mgc: 2.92083e-12 
outer mgc:  0.1945642 
iter: 1  value: 508.0241 mgc: 0.006925174 ustep: 1 
iter: 2  value: 508.0241 mgc: 3.834428e-06 ustep: 1 
iter: 3  mgc: 2.950529e-12 
outer mgc:  0.1945628 
iter: 1  value: 508.0228 mgc: 0.006925174 ustep: 1 
iter: 2  value: 508.0228 mgc: 6.592728e-06 ustep: 1 
iter: 3  mgc: 2.620126e-12 
outer mgc:  0.185997 
iter: 1  value: 508.0242 mgc: 0.006925174 ustep: 1 
iter: 2  value: 508.0242 mgc: 6.58965e-06 ustep: 1 
iter: 3  mgc: 2.72049e-12 
outer mgc:  0.1859927 
iter: 1  value: 508.0227 mgc: 0.006925174 ustep: 1 
iter: 2  value: 508.0227 mgc: 2.269721e-06 ustep: 1 
iter: 3  mgc: 2.681522e-12 
outer mgc:  0.1835296 
iter: 1  value: 508.0243 mgc: 0.006925174 ustep: 1 
iter: 2  value: 508.0243 mgc: 2.270587e-06 ustep: 1 
iter: 3  mgc: 2.776557e-12 
outer mgc:  0.183525 
iter: 1  value: 508.0227 mgc: 0.006925174 ustep: 1 
iter: 2  value: 508.0227 mgc: 5.692157e-07 ustep: 1 
iter: 3  mgc: 3.169576e-12 
outer mgc:  0.189696 
iter: 1  value: 508.0243 mgc: 0.006925174 ustep: 1 
iter: 2  value: 508.0243 mgc: 5.693331e-07 ustep: 1 
iter: 3  mgc: 2.809364e-12 
outer mgc:  0.1896985 
iter: 1  value: 508.0229 mgc: 0.006925174 ustep: 1 
iter: 2  value: 508.0229 mgc: 5.710952e-07 ustep: 1 
iter: 3  mgc: 2.946199e-12 
outer mgc:  0.1926053 
iter: 1  value: 508.0241 mgc: 0.006925174 ustep: 1 
iter: 2  value: 508.0241 mgc: 5.709627e-07 ustep: 1 
iter: 3  mgc: 3.101575e-12 
outer mgc:  0.1926088 
iter: 1  value: 508.023 mgc: 0.006925174 ustep: 1 
iter: 2  value: 508.023 mgc: 1.419261e-07 ustep: 1 
iter: 3  mgc: 2.982392e-12 
outer mgc:  0.1991264 
iter: 1  value: 508.024 mgc: 0.006925174 ustep: 1 
iter: 2  value: 508.024 mgc: 1.419268e-07 ustep: 1 
iter: 3  mgc: 2.890355e-12 
outer mgc:  0.1991265 
iter: 1  value: 508.0231 mgc: 0.006925174 ustep: 1 
iter: 2  value: 508.0231 mgc: 2.131312e-07 ustep: 1 
iter: 3  mgc: 2.851497e-12 
outer mgc:  0.1993489 
iter: 1  value: 508.0239 mgc: 0.006925174 ustep: 1 
iter: 2  value: 508.0239 mgc: 2.1297e-07 ustep: 1 
iter: 3  mgc: 3.380407e-12 
outer mgc:  0.1993488 
iter: 1  value: 508.0218 mgc: 0.007306022 ustep: 1 
iter: 2  value: 508.0218 mgc: 1.248511e-05 ustep: 1 
iter: 3  mgc: 2.283862e-11 
outer mgc:  0.3857822 
iter: 1  value: 508.0254 mgc: 0.007306022 ustep: 1 
iter: 2  value: 508.0254 mgc: 1.242652e-05 ustep: 1 
iter: 3  mgc: 2.266454e-11 
outer mgc:  0.3857796 
iter: 1  value: 508.0234 mgc: 0.00065886 ustep: 1 
iter: 2  mgc: 8.82076e-10 
outer mgc:  0.01187221 
iter: 1  value: 508.0234 mgc: 0.00065886 ustep: 1 
iter: 2  mgc: 8.809826e-10 
outer mgc:  0.0118722 
iter: 1  value: 508.0234 mgc: 0.003909405 ustep: 1 
iter: 2  value: 508.0234 mgc: 7.535135e-08 ustep: 1 
mgc: 2.948669e-12 
outer mgc:  0.05689192 
iter: 1  value: 508.0235 mgc: 0.003909405 ustep: 1 
iter: 2  value: 508.0235 mgc: 7.534754e-08 ustep: 1 
mgc: 3.352874e-12 
outer mgc:  0.05689189 
iter: 1  value: 508.0234 mgc: 0.003909405 ustep: 1 
iter: 2  value: 508.0234 mgc: 3.047625e-07 ustep: 1 
iter: 3  mgc: 3.023581e-12 
outer mgc:  0.06114554 
iter: 1  value: 508.0235 mgc: 0.003909405 ustep: 1 
iter: 2  value: 508.0235 mgc: 3.047162e-07 ustep: 1 
iter: 3  mgc: 2.799649e-12 
outer mgc:  0.06114553 
iter: 1  value: 508.0233 mgc: 0.003909405 ustep: 1 
iter: 2  value: 508.0233 mgc: 5.319571e-07 ustep: 1 
iter: 3  mgc: 3.031575e-12 
outer mgc:  0.06447999 
iter: 1  value: 508.0235 mgc: 0.003909405 ustep: 1 
iter: 2  value: 508.0235 mgc: 5.318726e-07 ustep: 1 
iter: 3  mgc: 3.604228e-12 
outer mgc:  0.06448001 
iter: 1  value: 508.0217 mgc: 0.01383325 ustep: 1 
iter: 2  value: 508.0217 mgc: 8.916662e-06 ustep: 1 
iter: 3  mgc: 2.170175e-11 
outer mgc:  0.7756873 
iter: 1  value: 508.0258 mgc: 0.01383325 ustep: 1 
iter: 2  value: 508.0258 mgc: 8.848003e-06 ustep: 1 
iter: 3  mgc: 2.136114e-11 
outer mgc:  0.7756862 
iter: 1  value: 508.416 mgc: 0.03107047 ustep: 1 
iter: 2  value: 508.416 mgc: 6.075055e-06 ustep: 1 
iter: 3  mgc: 3.449685e-12 
outer mgc:  0.1540443 
iter: 1  value: 507.6308 mgc: 0.03113267 ustep: 1 
iter: 2  value: 507.6308 mgc: 6.055447e-06 ustep: 1 
iter: 3  mgc: 2.692291e-12 
outer mgc:  0.1540208 
iter: 1  value: 508.043 mgc: 0.010141 ustep: 1 
iter: 2  value: 508.043 mgc: 5.057871e-08 ustep: 1 
mgc: 2.980616e-12 
outer mgc:  0.04846484 
iter: 1  value: 508.0038 mgc: 0.0101613 ustep: 1 
iter: 2  value: 508.0038 mgc: 5.069065e-08 ustep: 1 
mgc: 2.732925e-12 
outer mgc:  0.04843511 
iter: 1  value: 508.5255 mgc: 0.02941308 ustep: 1 
iter: 2  value: 508.5255 mgc: 8.779771e-05 ustep: 1 
iter: 3  mgc: 5.655805e-10 
outer mgc:  0.3103014 
iter: 1  value: 507.5213 mgc: 0.02947197 ustep: 1 
iter: 2  value: 507.5213 mgc: 8.886643e-05 ustep: 1 
iter: 3  mgc: 5.78952e-10 
outer mgc:  0.3099188 
iter: 1  value: 508.0685 mgc: 0.008691831 ustep: 1 
iter: 2  value: 508.0685 mgc: 1.575744e-07 ustep: 1 
iter: 3  mgc: 2.618572e-12 
outer mgc:  0.1243714 
iter: 1  value: 507.9784 mgc: 0.008709232 ustep: 1 
iter: 2  value: 507.9784 mgc: 1.576456e-07 ustep: 1 
iter: 3  mgc: 3.097966e-12 
outer mgc:  0.1244731 
iter: 1  value: 508.2633 mgc: 0.030795 ustep: 1 
iter: 2  value: 508.2633 mgc: 3.689139e-08 ustep: 1 
mgc: 3.045397e-12 
outer mgc:  0.002816262 
iter: 1  value: 507.7835 mgc: 0.03085665 ustep: 1 
iter: 2  value: 507.7835 mgc: 3.688957e-08 ustep: 1 
mgc: 3.006928e-12 
outer mgc:  0.00281072 
iter: 1  value: 508.0968 mgc: 0.02199927 ustep: 1 
iter: 2  value: 508.0968 mgc: 3.201789e-05 ustep: 1 
iter: 3  mgc: 1.154534e-10 
outer mgc:  0.7665843 
iter: 1  value: 507.9507 mgc: 0.02204331 ustep: 1 
iter: 2  value: 507.9507 mgc: 3.177949e-05 ustep: 1 
iter: 3  mgc: 1.137224e-10 
outer mgc:  0.7676954 
iter: 1  value: 508.0384 mgc: 0.01060485 ustep: 1 
iter: 2  value: 508.0384 mgc: 1.822618e-08 ustep: 1 
mgc: 3.041511e-12 
outer mgc:  0.04102903 
iter: 1  value: 508.0084 mgc: 0.01062609 ustep: 1 
iter: 2  value: 508.0084 mgc: 1.824054e-08 ustep: 1 
mgc: 2.67919e-12 
outer mgc:  0.04101773 
iter: 1  value: 508.0338 mgc: 0.006903418 ustep: 1 
iter: 2  value: 508.0338 mgc: 7.11182e-07 ustep: 1 
iter: 3  mgc: 2.786216e-12 
outer mgc:  0.1209567 
iter: 1  value: 508.0131 mgc: 0.006917239 ustep: 1 
iter: 2  value: 508.0131 mgc: 7.126726e-07 ustep: 1 
iter: 3  mgc: 3.312906e-12 
outer mgc:  0.121063 
iter: 1  value: 508.1817 mgc: 0.0194482 ustep: 1 
iter: 2  value: 508.1817 mgc: 7.333918e-06 ustep: 1 
iter: 3  mgc: 2.95608e-12 
outer mgc:  0.4909026 
iter: 1  value: 507.8654 mgc: 0.01948714 ustep: 1 
iter: 2  value: 507.8654 mgc: 7.338335e-06 ustep: 1 
iter: 3  mgc: 2.793543e-12 
outer mgc:  0.4910193 
iter: 1  value: 508.0362 mgc: 0.002624203 ustep: 1 
iter: 2  mgc: 4.406887e-09 
outer mgc:  0.03488697 
iter: 1  value: 508.0106 mgc: 0.002629457 ustep: 1 
iter: 2  mgc: 4.423852e-09 
outer mgc:  0.03494534 
iter: 1  value: 508.1098 mgc: 0.01404471 ustep: 1 
iter: 2  value: 508.1098 mgc: 4.313268e-06 ustep: 1 
iter: 3  mgc: 2.938982e-12 
outer mgc:  0.1594526 
iter: 1  value: 507.9372 mgc: 0.01407282 ustep: 1 
iter: 2  value: 507.9372 mgc: 4.323227e-06 ustep: 1 
iter: 3  mgc: 2.824407e-12 
outer mgc:  0.1595807 
iter: 1  value: 508.1636 mgc: 0.02865599 ustep: 1 
iter: 2  value: 508.1636 mgc: 3.413864e-06 ustep: 1 
iter: 3  mgc: 3.090861e-12 
outer mgc:  0.1192816 
iter: 1  value: 507.8833 mgc: 0.02871336 ustep: 1 
iter: 2  value: 507.8833 mgc: 3.416391e-06 ustep: 1 
iter: 3  mgc: 3.235578e-12 
outer mgc:  0.1191959 
iter: 1  value: 507.6801 mgc: 0.02967273 ustep: 1 
iter: 2  value: 507.6801 mgc: 6.22379e-06 ustep: 1 
iter: 3  mgc: 2.747136e-12 
outer mgc:  0.07041971 
iter: 1  value: 508.3667 mgc: 0.02961052 ustep: 1 
iter: 2  value: 508.3667 mgc: 6.233002e-06 ustep: 1 
iter: 3  mgc: 3.240186e-12 
outer mgc:  0.0704272 
iter: 1  value: 508.0233 mgc: 8.486933e-06 ustep: 1 
iter: 2  mgc: 3.233414e-12 
iter: 1  value: 508.0233 mgc: 8.486933e-06 ustep: 1 
iter: 2  mgc: 3.233414e-12 
outer mgc:  8.71303e-13 
iter: 1  value: 508.0233 mgc: 0.005362595 ustep: 1 
iter: 2  value: 508.0233 mgc: 1.708814e-07 ustep: 1 
iter: 3  mgc: 2.812181e-12 
outer mgc:  0.1083767 
iter: 1  value: 508.0235 mgc: 0.005362596 ustep: 1 
iter: 2  value: 508.0235 mgc: 1.708599e-07 ustep: 1 
iter: 3  mgc: 2.930101e-12 
outer mgc:  0.1083765 
iter: 1  value: 508.0233 mgc: 0.002259635 ustep: 1 
iter: 2  value: 508.0233 mgc: 7.13472e-08 ustep: 1 
mgc: 3.040901e-12 
outer mgc:  0.07761366 
iter: 1  value: 508.0235 mgc: 0.002259634 ustep: 1 
iter: 2  value: 508.0235 mgc: 7.134302e-08 ustep: 1 
mgc: 3.06577e-12 
outer mgc:  0.07761363 
iter: 1  value: 508.0233 mgc: 0.002263807 ustep: 1 
iter: 2  value: 508.0233 mgc: 2.205375e-07 ustep: 1 
iter: 3  mgc: 2.806644e-12 
outer mgc:  0.08008035 
iter: 1  value: 508.0235 mgc: 0.002266645 ustep: 1 
iter: 2  value: 508.0235 mgc: 2.205071e-07 ustep: 1 
iter: 3  mgc: 2.876033e-12 
outer mgc:  0.0800803 
iter: 1  value: 508.023 mgc: 0.006933661 ustep: 1 
iter: 2  value: 508.023 mgc: 2.614567e-06 ustep: 1 
iter: 3  mgc: 2.868886e-12 
outer mgc:  0.188913 
iter: 1  value: 508.0239 mgc: 0.00693102 ustep: 1 
iter: 2  value: 508.0239 mgc: 2.613637e-06 ustep: 1 
iter: 3  mgc: 2.816858e-12 
outer mgc:  0.1889119 
iter: 1  value: 508.0228 mgc: 0.00692833 ustep: 1 
iter: 2  value: 508.0228 mgc: 3.836038e-06 ustep: 1 
iter: 3  mgc: 2.983169e-12 
outer mgc:  0.1945642 
iter: 1  value: 508.0241 mgc: 0.006929523 ustep: 1 
iter: 2  value: 508.0241 mgc: 3.834418e-06 ustep: 1 
iter: 3  mgc: 2.64247e-12 
outer mgc:  0.1945627 
iter: 1  value: 508.0227 mgc: 0.006928074 ustep: 1 
iter: 2  value: 508.0227 mgc: 6.592766e-06 ustep: 1 
iter: 3  mgc: 2.795542e-12 
outer mgc:  0.185997 
iter: 1  value: 508.0241 mgc: 0.006929944 ustep: 1 
iter: 2  value: 508.0241 mgc: 6.589621e-06 ustep: 1 
iter: 3  mgc: 2.774669e-12 
outer mgc:  0.1859927 
iter: 1  value: 508.0226 mgc: 0.00692518 ustep: 1 
iter: 2  value: 508.0226 mgc: 2.269722e-06 ustep: 1 
iter: 3  mgc: 2.809974e-12 
outer mgc:  0.1835296 
iter: 1  value: 508.0243 mgc: 0.006925203 ustep: 1 
iter: 2  value: 508.0243 mgc: 2.270588e-06 ustep: 1 
iter: 3  mgc: 3.29381e-12 
outer mgc:  0.183525 
iter: 1  value: 508.0226 mgc: 0.006925179 ustep: 1 
iter: 2  value: 508.0226 mgc: 5.692144e-07 ustep: 1 
iter: 3  mgc: 2.473355e-12 
outer mgc:  0.189696 
iter: 1  value: 508.0242 mgc: 0.006925203 ustep: 1 
iter: 2  value: 508.0242 mgc: 5.693339e-07 ustep: 1 
iter: 3  mgc: 3.02891e-12 
outer mgc:  0.1896985 
iter: 1  value: 508.0228 mgc: 0.006925179 ustep: 1 
iter: 2  value: 508.0228 mgc: 5.710918e-07 ustep: 1 
iter: 3  mgc: 3.189116e-12 
outer mgc:  0.1926053 
iter: 1  value: 508.024 mgc: 0.006925198 ustep: 1 
iter: 2  value: 508.024 mgc: 5.709661e-07 ustep: 1 
iter: 3  mgc: 3.05489e-12 
outer mgc:  0.1926088 
iter: 1  value: 508.0229 mgc: 0.006925178 ustep: 1 
iter: 2  value: 508.0229 mgc: 1.419244e-07 ustep: 1 
iter: 3  mgc: 2.924327e-12 
outer mgc:  0.1991264 
iter: 1  value: 508.0239 mgc: 0.00692521 ustep: 1 
iter: 2  value: 508.0239 mgc: 1.419264e-07 ustep: 1 
iter: 3  mgc: 2.835954e-12 
outer mgc:  0.1991265 
iter: 1  value: 508.023 mgc: 0.006925178 ustep: 1 
iter: 2  value: 508.023 mgc: 2.131122e-07 ustep: 1 
iter: 3  mgc: 2.99305e-12 
outer mgc:  0.1993489 
iter: 1  value: 508.0239 mgc: 0.006925202 ustep: 1 
iter: 2  value: 508.0239 mgc: 2.129889e-07 ustep: 1 
iter: 3  mgc: 2.96041e-12 
outer mgc:  0.1993488 
iter: 1  value: 508.0217 mgc: 0.007306015 ustep: 1 
iter: 2  value: 508.0217 mgc: 1.248496e-05 ustep: 1 
iter: 3  mgc: 2.283862e-11 
outer mgc:  0.3857821 
iter: 1  value: 508.0253 mgc: 0.00730603 ustep: 1 
iter: 2  value: 508.0253 mgc: 1.242666e-05 ustep: 1 
iter: 3  mgc: 2.265477e-11 
outer mgc:  0.3857796 
iter: 1  value: 508.0233 mgc: 0.0006588778 ustep: 1 
iter: 2  mgc: 8.821979e-10 
outer mgc:  0.01187221 
iter: 1  value: 508.0234 mgc: 0.0006588784 ustep: 1 
iter: 2  mgc: 8.821088e-10 
outer mgc:  0.01187221 
iter: 1  value: 508.0233 mgc: 0.003909419 ustep: 1 
iter: 2  value: 508.0233 mgc: 7.53507e-08 ustep: 1 
mgc: 2.962075e-12 
outer mgc:  0.05689192 
iter: 1  value: 508.0234 mgc: 0.003909418 ustep: 1 
iter: 2  value: 508.0234 mgc: 7.534659e-08 ustep: 1 
mgc: 3.087974e-12 
outer mgc:  0.0568919 
iter: 1  value: 508.0233 mgc: 0.003913591 ustep: 1 
iter: 2  value: 508.0233 mgc: 3.047634e-07 ustep: 1 
iter: 3  mgc: 2.785328e-12 
outer mgc:  0.06114554 
iter: 1  value: 508.0235 mgc: 0.003916429 ustep: 1 
iter: 2  value: 508.0235 mgc: 3.047143e-07 ustep: 1 
iter: 3  mgc: 2.815165e-12 
outer mgc:  0.06114552 
iter: 1  value: 508.0233 mgc: 0.003917892 ustep: 1 
iter: 2  value: 508.0233 mgc: 5.319417e-07 ustep: 1 
iter: 3  mgc: 2.845502e-12 
outer mgc:  0.06448 
iter: 1  value: 508.0235 mgc: 0.003915251 ustep: 1 
iter: 2  value: 508.0235 mgc: 5.318911e-07 ustep: 1 
iter: 3  mgc: 2.823519e-12 
outer mgc:  0.06447999 
iter: 1  value: 508.0217 mgc: 0.01383319 ustep: 1 
iter: 2  value: 508.0217 mgc: 8.916615e-06 ustep: 1 
iter: 3  mgc: 2.171507e-11 
outer mgc:  0.7756873 
iter: 1  value: 508.0258 mgc: 0.0138333 ustep: 1 
iter: 2  value: 508.0258 mgc: 8.848048e-06 ustep: 1 
iter: 3  mgc: 2.135447e-11 
outer mgc:  0.7756862 
iter: 1  value: 508.416 mgc: 0.0310788 ustep: 1 
iter: 2  value: 508.416 mgc: 6.074948e-06 ustep: 1 
iter: 3  mgc: 3.42526e-12 
outer mgc:  0.1540441 
iter: 1  value: 507.6308 mgc: 0.03112433 ustep: 1 
iter: 2  value: 507.6308 mgc: 6.055554e-06 ustep: 1 
iter: 3  mgc: 3.06688e-12 
outer mgc:  0.1540209 
iter: 1  value: 508.0429 mgc: 0.010141 ustep: 1 
iter: 2  value: 508.0429 mgc: 5.05795e-08 ustep: 1 
mgc: 2.972511e-12 
outer mgc:  0.04846481 
iter: 1  value: 508.0038 mgc: 0.0101613 ustep: 1 
iter: 2  value: 508.0038 mgc: 5.068813e-08 ustep: 1 
mgc: 2.504885e-12 
outer mgc:  0.04843513 
iter: 1  value: 508.5254 mgc: 0.02941314 ustep: 1 
iter: 2  value: 508.5254 mgc: 8.77981e-05 ustep: 1 
iter: 3  mgc: 5.655751e-10 
outer mgc:  0.3103012 
iter: 1  value: 507.5213 mgc: 0.02947191 ustep: 1 
iter: 2  value: 507.5213 mgc: 8.886604e-05 ustep: 1 
iter: 3  mgc: 5.789875e-10 
outer mgc:  0.309919 
iter: 1  value: 508.0684 mgc: 0.008691817 ustep: 1 
iter: 2  value: 508.0684 mgc: 1.57574e-07 ustep: 1 
iter: 3  mgc: 2.926881e-12 
outer mgc:  0.1243714 
iter: 1  value: 507.9784 mgc: 0.008709246 ustep: 1 
iter: 2  value: 507.9784 mgc: 1.576479e-07 ustep: 1 
iter: 3  mgc: 2.993383e-12 
outer mgc:  0.124473 
iter: 1  value: 508.2632 mgc: 0.03078653 ustep: 1 
iter: 2  value: 508.2632 mgc: 3.687086e-08 ustep: 1 
mgc: 3.006484e-12 
outer mgc:  0.002816026 
iter: 1  value: 507.7834 mgc: 0.03086515 ustep: 1 
iter: 2  value: 507.7834 mgc: 3.690704e-08 ustep: 1 
mgc: 3.116174e-12 
outer mgc:  0.002810953 
iter: 1  value: 508.0968 mgc: 0.02199922 ustep: 1 
iter: 2  value: 508.0968 mgc: 3.201765e-05 ustep: 1 
iter: 3  mgc: 1.154898e-10 
outer mgc:  0.7665843 
iter: 1  value: 507.9506 mgc: 0.02204336 ustep: 1 
iter: 2  value: 507.9506 mgc: 3.177973e-05 ustep: 1 
iter: 3  mgc: 1.137037e-10 
outer mgc:  0.7676954 
iter: 1  value: 508.0383 mgc: 0.01060485 ustep: 1 
iter: 2  value: 508.0383 mgc: 1.822406e-08 ustep: 1 
mgc: 2.994133e-12 
outer mgc:  0.04102903 
iter: 1  value: 508.0084 mgc: 0.01062609 ustep: 1 
iter: 2  value: 508.0084 mgc: 1.824197e-08 ustep: 1 
mgc: 2.773226e-12 
outer mgc:  0.04101773 
iter: 1  value: 508.0337 mgc: 0.006903423 ustep: 1 
iter: 2  value: 508.0337 mgc: 7.111694e-07 ustep: 1 
iter: 3  mgc: 3.012257e-12 
outer mgc:  0.1209566 
iter: 1  value: 508.0131 mgc: 0.006917234 ustep: 1 
iter: 2  value: 508.0131 mgc: 7.126832e-07 ustep: 1 
iter: 3  mgc: 2.974287e-12 
outer mgc:  0.1210631 
iter: 1  value: 508.1817 mgc: 0.0194482 ustep: 1 
iter: 2  value: 508.1817 mgc: 7.333923e-06 ustep: 1 
iter: 3  mgc: 2.774114e-12 
outer mgc:  0.4909025 
iter: 1  value: 507.8653 mgc: 0.01948714 ustep: 1 
iter: 2  value: 507.8653 mgc: 7.338337e-06 ustep: 1 
iter: 3  mgc: 3.177902e-12 
outer mgc:  0.4910194 
iter: 1  value: 508.0362 mgc: 0.002624208 ustep: 1 
iter: 2  mgc: 4.406253e-09 
outer mgc:  0.03488699 
iter: 1  value: 508.0105 mgc: 0.002629452 ustep: 1 
iter: 2  mgc: 4.421507e-09 
outer mgc:  0.03494532 
iter: 1  value: 508.1097 mgc: 0.0140446 ustep: 1 
iter: 2  value: 508.1097 mgc: 4.313282e-06 ustep: 1 
iter: 3  mgc: 2.53908e-12 
outer mgc:  0.1594525 
iter: 1  value: 507.9371 mgc: 0.01407293 ustep: 1 
iter: 2  value: 507.9371 mgc: 4.323218e-06 ustep: 1 
iter: 3  mgc: 3.1255e-12 
outer mgc:  0.1595808 
iter: 1  value: 508.1635 mgc: 0.02865595 ustep: 1 
iter: 2  value: 508.1635 mgc: 3.413866e-06 ustep: 1 
iter: 3  mgc: 3.380185e-12 
outer mgc:  0.1192816 
iter: 1  value: 507.8832 mgc: 0.02871339 ustep: 1 
iter: 2  value: 507.8832 mgc: 3.416389e-06 ustep: 1 
iter: 3  mgc: 3.202327e-12 
outer mgc:  0.1191958 
iter: 1  value: 507.68 mgc: 0.02966439 ustep: 1 
iter: 2  value: 507.68 mgc: 6.223776e-06 ustep: 1 
iter: 3  mgc: 3.010037e-12 
outer mgc:  0.07041983 
iter: 1  value: 508.3666 mgc: 0.02961886 ustep: 1 
iter: 2  value: 508.3666 mgc: 6.233023e-06 ustep: 1 
iter: 3  mgc: 3.199219e-12 
outer mgc:  0.07042707 
iter: 1  value: 508.0233 mgc: 8.486944e-06 ustep: 1 
iter: 2  mgc: 3.251066e-12 
iter: 1  value: 508.0233 mgc: 0.005362595 ustep: 1 
iter: 2  value: 508.0233 mgc: 1.708813e-07 ustep: 1 
iter: 3  mgc: 2.72049e-12 
outer mgc:  0.1083767 
iter: 1  value: 508.0235 mgc: 0.005362596 ustep: 1 
iter: 2  value: 508.0235 mgc: 1.708577e-07 ustep: 1 
iter: 3  mgc: 2.891243e-12 
outer mgc:  0.1083765 
iter: 1  value: 508.0233 mgc: 0.002259635 ustep: 1 
iter: 2  value: 508.0233 mgc: 7.134711e-08 ustep: 1 
mgc: 2.787548e-12 
outer mgc:  0.07761366 
iter: 1  value: 508.0235 mgc: 0.002259634 ustep: 1 
iter: 2  value: 508.0235 mgc: 7.13429e-08 ustep: 1 
mgc: 3.270273e-12 
outer mgc:  0.07761363 
iter: 1  value: 508.0233 mgc: 0.002263807 ustep: 1 
iter: 2  value: 508.0233 mgc: 2.205376e-07 ustep: 1 
iter: 3  mgc: 2.958078e-12 
outer mgc:  0.08008035 
iter: 1  value: 508.0235 mgc: 0.002266645 ustep: 1 
iter: 2  value: 508.0235 mgc: 2.205095e-07 ustep: 1 
iter: 3  mgc: 3.023193e-12 
outer mgc:  0.0800803 
iter: 1  value: 508.023 mgc: 0.006933661 ustep: 1 
iter: 2  value: 508.023 mgc: 2.614568e-06 ustep: 1 
iter: 3  mgc: 2.662759e-12 
outer mgc:  0.188913 
iter: 1  value: 508.0239 mgc: 0.00693102 ustep: 1 
iter: 2  value: 508.0239 mgc: 2.613636e-06 ustep: 1 
iter: 3  mgc: 2.908118e-12 
outer mgc:  0.1889119 
iter: 1  value: 508.0228 mgc: 0.00692833 ustep: 1 
iter: 2  value: 508.0228 mgc: 3.836038e-06 ustep: 1 
iter: 3  mgc: 2.868372e-12 
outer mgc:  0.1945642 
iter: 1  value: 508.0241 mgc: 0.006929523 ustep: 1 
iter: 2  value: 508.0241 mgc: 3.834418e-06 ustep: 1 
iter: 3  mgc: 3.098188e-12 
outer mgc:  0.1945627 
iter: 1  value: 508.0227 mgc: 0.006928074 ustep: 1 
iter: 2  value: 508.0227 mgc: 6.592766e-06 ustep: 1 
iter: 3  mgc: 3.502088e-12 
outer mgc:  0.185997 
iter: 1  value: 508.0241 mgc: 0.006929944 ustep: 1 
iter: 2  value: 508.0241 mgc: 6.589622e-06 ustep: 1 
iter: 3  mgc: 2.906564e-12 
outer mgc:  0.1859927 
iter: 1  value: 508.0226 mgc: 0.00692518 ustep: 1 
iter: 2  value: 508.0226 mgc: 2.269721e-06 ustep: 1 
iter: 3  mgc: 3.214762e-12 
outer mgc:  0.1835296 
iter: 1  value: 508.0243 mgc: 0.006925203 ustep: 1 
iter: 2  value: 508.0243 mgc: 2.270587e-06 ustep: 1 
iter: 3  mgc: 2.626344e-12 
outer mgc:  0.183525 
iter: 1  value: 508.0226 mgc: 0.006925179 ustep: 1 
iter: 2  value: 508.0226 mgc: 5.69214e-07 ustep: 1 
iter: 3  mgc: 2.462808e-12 
outer mgc:  0.189696 
iter: 1  value: 508.0242 mgc: 0.006925203 ustep: 1 
iter: 2  value: 508.0242 mgc: 5.693334e-07 ustep: 1 
iter: 3  mgc: 3.530398e-12 
outer mgc:  0.1896985 
iter: 1  value: 508.0228 mgc: 0.006925179 ustep: 1 
iter: 2  value: 508.0228 mgc: 5.710918e-07 ustep: 1 
iter: 3  mgc: 2.920775e-12 
outer mgc:  0.1926053 
iter: 1  value: 508.024 mgc: 0.006925198 ustep: 1 
iter: 2  value: 508.024 mgc: 5.709661e-07 ustep: 1 
iter: 3  mgc: 2.904399e-12 
outer mgc:  0.1926088 
iter: 1  value: 508.0229 mgc: 0.006925178 ustep: 1 
iter: 2  value: 508.0229 mgc: 1.419247e-07 ustep: 1 
iter: 3  mgc: 2.812084e-12 
outer mgc:  0.1991264 
iter: 1  value: 508.0239 mgc: 0.00692521 ustep: 1 
iter: 2  value: 508.0239 mgc: 1.419266e-07 ustep: 1 
iter: 3  mgc: 2.85727e-12 
outer mgc:  0.1991265 
iter: 1  value: 508.023 mgc: 0.006925178 ustep: 1 
iter: 2  value: 508.023 mgc: 2.131122e-07 ustep: 1 
iter: 3  mgc: 3.038014e-12 
outer mgc:  0.1993489 
iter: 1  value: 508.0239 mgc: 0.006925202 ustep: 1 
iter: 2  value: 508.0239 mgc: 2.129889e-07 ustep: 1 
iter: 3  mgc: 3.095302e-12 
outer mgc:  0.1993488 
iter: 1  value: 508.0217 mgc: 0.007306015 ustep: 1 
iter: 2  value: 508.0217 mgc: 1.248496e-05 ustep: 1 
iter: 3  mgc: 2.281375e-11 
outer mgc:  0.3857821 
iter: 1  value: 508.0253 mgc: 0.00730603 ustep: 1 
iter: 2  value: 508.0253 mgc: 1.242666e-05 ustep: 1 
iter: 3  mgc: 2.269829e-11 
outer mgc:  0.3857796 
iter: 1  value: 508.0233 mgc: 0.0006588778 ustep: 1 
iter: 2  mgc: 8.828125e-10 
outer mgc:  0.01187221 
iter: 1  value: 508.0234 mgc: 0.0006588784 ustep: 1 
iter: 2  mgc: 8.827237e-10 
outer mgc:  0.01187221 
iter: 1  value: 508.0233 mgc: 0.003909419 ustep: 1 
iter: 2  value: 508.0233 mgc: 7.535085e-08 ustep: 1 
mgc: 3.270051e-12 
outer mgc:  0.05689192 
iter: 1  value: 508.0234 mgc: 0.003909418 ustep: 1 
iter: 2  value: 508.0234 mgc: 7.534677e-08 ustep: 1 
mgc: 2.911782e-12 
outer mgc:  0.0568919 
iter: 1  value: 508.0233 mgc: 0.003913591 ustep: 1 
iter: 2  value: 508.0233 mgc: 3.047651e-07 ustep: 1 
iter: 3  mgc: 3.078426e-12 
outer mgc:  0.06114554 
iter: 1  value: 508.0235 mgc: 0.003916429 ustep: 1 
iter: 2  value: 508.0235 mgc: 3.047139e-07 ustep: 1 
iter: 3  mgc: 2.931544e-12 
outer mgc:  0.06114552 
iter: 1  value: 508.0233 mgc: 0.003917892 ustep: 1 
iter: 2  value: 508.0233 mgc: 5.319399e-07 ustep: 1 
iter: 3  mgc: 2.949418e-12 
outer mgc:  0.06448 
iter: 1  value: 508.0235 mgc: 0.003915251 ustep: 1 
iter: 2  value: 508.0235 mgc: 5.318894e-07 ustep: 1 
iter: 3  mgc: 2.939871e-12 
outer mgc:  0.06447999 
iter: 1  value: 508.0217 mgc: 0.01383319 ustep: 1 
iter: 2  value: 508.0217 mgc: 8.916615e-06 ustep: 1 
iter: 3  mgc: 2.169953e-11 
outer mgc:  0.7756873 
iter: 1  value: 508.0258 mgc: 0.0138333 ustep: 1 
iter: 2  value: 508.0258 mgc: 8.848048e-06 ustep: 1 
iter: 3  mgc: 2.136202e-11 
outer mgc:  0.7756862 
iter: 1  value: 508.416 mgc: 0.0310788 ustep: 1 
iter: 2  value: 508.416 mgc: 6.074948e-06 ustep: 1 
iter: 3  mgc: 3.00665e-12 
outer mgc:  0.1540441 
iter: 1  value: 507.6308 mgc: 0.03112433 ustep: 1 
iter: 2  value: 507.6308 mgc: 6.055554e-06 ustep: 1 
iter: 3  mgc: 3.030021e-12 
outer mgc:  0.1540209 
iter: 1  value: 508.0429 mgc: 0.010141 ustep: 1 
iter: 2  value: 508.0429 mgc: 5.05783e-08 ustep: 1 
mgc: 2.754907e-12 
outer mgc:  0.04846481 
iter: 1  value: 508.0038 mgc: 0.0101613 ustep: 1 
iter: 2  value: 508.0038 mgc: 5.068914e-08 ustep: 1 
mgc: 3.178346e-12 
outer mgc:  0.04843513 
iter: 1  value: 508.5254 mgc: 0.02941314 ustep: 1 
iter: 2  value: 508.5254 mgc: 8.77981e-05 ustep: 1 
iter: 3  mgc: 5.65537e-10 
outer mgc:  0.3103012 
iter: 1  value: 507.5213 mgc: 0.02947191 ustep: 1 
iter: 2  value: 507.5213 mgc: 8.886604e-05 ustep: 1 
iter: 3  mgc: 5.789751e-10 
outer mgc:  0.309919 
iter: 1  value: 508.0684 mgc: 0.008691817 ustep: 1 
iter: 2  value: 508.0684 mgc: 1.575731e-07 ustep: 1 
iter: 3  mgc: 3.057998e-12 
outer mgc:  0.1243714 
iter: 1  value: 507.9784 mgc: 0.008709246 ustep: 1 
iter: 2  value: 507.9784 mgc: 1.576493e-07 ustep: 1 
iter: 3  mgc: 3.339662e-12 
outer mgc:  0.124473 
iter: 1  value: 508.2632 mgc: 0.03078653 ustep: 1 
iter: 2  value: 508.2632 mgc: 3.687143e-08 ustep: 1 
mgc: 2.935874e-12 
outer mgc:  0.002816026 
iter: 1  value: 507.7834 mgc: 0.03086515 ustep: 1 
iter: 2  value: 507.7834 mgc: 3.690763e-08 ustep: 1 
mgc: 2.940648e-12 
outer mgc:  0.002810953 
iter: 1  value: 508.0968 mgc: 0.02199922 ustep: 1 
iter: 2  value: 508.0968 mgc: 3.201765e-05 ustep: 1 
iter: 3  mgc: 1.155183e-10 
outer mgc:  0.7665843 
iter: 1  value: 507.9506 mgc: 0.02204336 ustep: 1 
iter: 2  value: 507.9506 mgc: 3.177973e-05 ustep: 1 
iter: 3  mgc: 1.136993e-10 
outer mgc:  0.7676954 
iter: 1  value: 508.0383 mgc: 0.01060485 ustep: 1 
iter: 2  value: 508.0383 mgc: 1.822535e-08 ustep: 1 
mgc: 3.124168e-12 
outer mgc:  0.04102903 
iter: 1  value: 508.0084 mgc: 0.01062609 ustep: 1 
iter: 2  value: 508.0084 mgc: 1.824112e-08 ustep: 1 
mgc: 3.029577e-12 
outer mgc:  0.04101773 
iter: 1  value: 508.0337 mgc: 0.006903423 ustep: 1 
iter: 2  value: 508.0337 mgc: 7.111691e-07 ustep: 1 
iter: 3  mgc: 2.873701e-12 
outer mgc:  0.1209566 
iter: 1  value: 508.0131 mgc: 0.006917234 ustep: 1 
iter: 2  value: 508.0131 mgc: 7.126851e-07 ustep: 1 
iter: 3  mgc: 2.873923e-12 
outer mgc:  0.1210631 
iter: 1  value: 508.1817 mgc: 0.0194482 ustep: 1 
iter: 2  value: 508.1817 mgc: 7.333922e-06 ustep: 1 
iter: 3  mgc: 3.16136e-12 
outer mgc:  0.4909025 
iter: 1  value: 507.8653 mgc: 0.01948714 ustep: 1 
iter: 2  value: 507.8653 mgc: 7.338338e-06 ustep: 1 
iter: 3  mgc: 3.271605e-12 
outer mgc:  0.4910194 
iter: 1  value: 508.0362 mgc: 0.002624208 ustep: 1 
iter: 2  mgc: 4.40901e-09 
outer mgc:  0.03488699 
iter: 1  value: 508.0105 mgc: 0.002629452 ustep: 1 
iter: 2  mgc: 4.422123e-09 
outer mgc:  0.03494532 
iter: 1  value: 508.1097 mgc: 0.0140446 ustep: 1 
iter: 2  value: 508.1097 mgc: 4.313282e-06 ustep: 1 
iter: 3  mgc: 2.697398e-12 
outer mgc:  0.1594525 
iter: 1  value: 507.9371 mgc: 0.01407293 ustep: 1 
iter: 2  value: 507.9371 mgc: 4.323218e-06 ustep: 1 
iter: 3  mgc: 2.855549e-12 
outer mgc:  0.1595808 
iter: 1  value: 508.1635 mgc: 0.02865595 ustep: 1 
iter: 2  value: 508.1635 mgc: 3.413866e-06 ustep: 1 
iter: 3  mgc: 4.414247e-12 
outer mgc:  0.1192816 
iter: 1  value: 507.8832 mgc: 0.02871339 ustep: 1 
iter: 2  value: 507.8832 mgc: 3.416389e-06 ustep: 1 
iter: 3  mgc: 2.778888e-12 
outer mgc:  0.1191958 
iter: 1  value: 507.68 mgc: 0.02966439 ustep: 1 
iter: 2  value: 507.68 mgc: 6.223776e-06 ustep: 1 
iter: 3  mgc: 3.418599e-12 
outer mgc:  0.07041983 
iter: 1  value: 508.3666 mgc: 0.02961886 ustep: 1 
iter: 2  value: 508.3666 mgc: 6.233025e-06 ustep: 1 
iter: 3  mgc: 2.859935e-12 
outer mgc:  0.07042707 
iter: 1  value: 508.0233 mgc: 8.486944e-06 ustep: 1 
iter: 2  mgc: 3.251066e-12 
outer mgc:  2.120998e-12 
iter: 1  value: 508.0233 mgc: 8.486944e-06 ustep: 1 
iter: 2  mgc: 3.251066e-12 
outer mgc:  2.120998e-12 
outer mgc:  1 
