One-observation-ahead residuals. Total number of observations:  2025 
[1] 2025
[1] 2024
[1] 2023
[1] 2022
[1] 2021
[1] 2020
[1] 2019
[1] 2018
[1] 2017
[1] 2016
[1] 2015
[1] 2014
[1] 2013
[1] 2012
[1] 2011
[1] 2010
[1] 2009
[1] 2008
[1] 2007
[1] 2006
[1] 2005
[1] 2004
[1] 2003
[1] 2002
[1] 2001
[1] 2000
[1] 1999
[1] 1998
[1] 1997
[1] 1996
[1] 1995
[1] 1994
[1] 1993
[1] 1992
[1] 1991
[1] 1990
[1] 1989
[1] 1988
[1] 1987
[1] 1986
[1] 1985
[1] 1984
[1] 1983
[1] 1982
[1] 1981
[1] 1980
[1] 1979
[1] 1978
[1] 1977
[1] 1976
[1] 1975
[1] 1974
[1] 1973
[1] 1972
[1] 1971
[1] 1970
[1] 1969
[1] 1968
[1] 1967
[1] 1966
[1] 1965
[1] 1964
[1] 1963
[1] 1962
[1] 1961
[1] 1960
[1] 1959
[1] 1958
[1] 1957
[1] 1956
[1] 1955
[1] 1954
[1] 1953
[1] 1952
[1] 1951
[1] 1950
[1] 1949
[1] 1948
[1] 1947
[1] 1946
[1] 1945
[1] 1944
[1] 1943
[1] 1942
[1] 1941
[1] 1940
[1] 1939
[1] 1938
[1] 1937
[1] 1936
[1] 1935
[1] 1934
[1] 1933
[1] 1932
[1] 1931
[1] 1930
[1] 1929
[1] 1928
[1] 1927
[1] 1926
[1] 1925
[1] 1924
[1] 1923
[1] 1922
[1] 1921
[1] 1920
[1] 1919
[1] 1918
[1] 1917
[1] 1916
[1] 1915
[1] 1914
[1] 1913
[1] 1912
[1] 1911
[1] 1910
[1] 1909
[1] 1908
[1] 1907
[1] 1906
[1] 1905
[1] 1904
[1] 1903
[1] 1902
[1] 1901
[1] 1900
[1] 1899
[1] 1898
[1] 1897
[1] 1896
[1] 1895
[1] 1894
[1] 1893
[1] 1892
[1] 1891
[1] 1890
[1] 1889
[1] 1888
[1] 1887
[1] 1886
[1] 1885
[1] 1884
[1] 1883
[1] 1882
[1] 1881
[1] 1880
[1] 1879
[1] 1878
[1] 1877
[1] 1876
[1] 1875
[1] 1874
[1] 1873
[1] 1872
[1] 1871
[1] 1870
[1] 1869
[1] 1868
[1] 1867
[1] 1866
[1] 1865
[1] 1864
[1] 1863
[1] 1862
[1] 1861
[1] 1860
[1] 1859
[1] 1858
[1] 1857
[1] 1856
[1] 1855
[1] 1854
[1] 1853
[1] 1852
[1] 1851
[1] 1850
[1] 1849
[1] 1848
[1] 1847
[1] 1846
[1] 1845
[1] 1844
[1] 1843
[1] 1842
[1] 1841
[1] 1840
[1] 1839
[1] 1838
[1] 1837
[1] 1836
[1] 1835
[1] 1834
[1] 1833
[1] 1832
[1] 1831
[1] 1830
[1] 1829
[1] 1828
[1] 1827
[1] 1826
[1] 1825
[1] 1824
[1] 1823
[1] 1822
[1] 1821
[1] 1820
[1] 1819
[1] 1818
[1] 1817
[1] 1816
[1] 1815
[1] 1814
[1] 1813
[1] 1812
[1] 1811
[1] 1810
[1] 1809
[1] 1808
[1] 1807
[1] 1806
[1] 1805
[1] 1804
[1] 1803
[1] 1802
[1] 1801
[1] 1800
[1] 1799
[1] 1798
[1] 1797
[1] 1796
[1] 1795
[1] 1794
[1] 1793
[1] 1792
[1] 1791
[1] 1790
[1] 1789
[1] 1788
[1] 1787
[1] 1786
[1] 1785
[1] 1784
[1] 1783
[1] 1782
[1] 1781
[1] 1780
[1] 1779
[1] 1778
[1] 1777
[1] 1776
[1] 1775
[1] 1774
[1] 1773
[1] 1772
[1] 1771
[1] 1770
[1] 1769
[1] 1768
[1] 1767
[1] 1766
[1] 1765
[1] 1764
[1] 1763
[1] 1762
[1] 1761
[1] 1760
[1] 1759
[1] 1758
[1] 1757
[1] 1756
[1] 1755
[1] 1754
[1] 1753
[1] 1752
[1] 1751
[1] 1750
[1] 1749
[1] 1748
[1] 1747
[1] 1746
[1] 1745
[1] 1744
[1] 1743
[1] 1742
[1] 1741
[1] 1740
[1] 1739
[1] 1738
[1] 1737
[1] 1736
[1] 1735
[1] 1734
[1] 1733
[1] 1732
[1] 1731
[1] 1730
[1] 1729
[1] 1728
[1] 1727
[1] 1726
[1] 1725
[1] 1724
[1] 1723
[1] 1722
[1] 1721
[1] 1720
[1] 1719
[1] 1718
[1] 1717
[1] 1716
[1] 1715
[1] 1714
[1] 1713
[1] 1712
[1] 1711
[1] 1710
[1] 1709
[1] 1708
[1] 1707
[1] 1706
[1] 1705
[1] 1704
[1] 1703
[1] 1702
[1] 1701
[1] 1700
[1] 1699
[1] 1698
[1] 1697
[1] 1696
[1] 1695
[1] 1694
[1] 1693
[1] 1692
[1] 1691
[1] 1690
[1] 1689
[1] 1688
[1] 1687
[1] 1686
[1] 1685
[1] 1684
[1] 1683
[1] 1682
[1] 1681
[1] 1680
[1] 1679
[1] 1678
[1] 1677
[1] 1676
[1] 1675
[1] 1674
[1] 1673
[1] 1672
[1] 1671
[1] 1670
[1] 1669
[1] 1668
[1] 1667
[1] 1666
[1] 1665
[1] 1664
[1] 1663
[1] 1662
[1] 1661
[1] 1660
[1] 1659
[1] 1658
[1] 1657
[1] 1656
[1] 1655
[1] 1654
[1] 1653
[1] 1652
[1] 1651
[1] 1650
[1] 1649
[1] 1648
[1] 1647
[1] 1646
[1] 1645
[1] 1644
[1] 1643
[1] 1642
[1] 1641
[1] 1640
[1] 1639
[1] 1638
[1] 1637
[1] 1636
[1] 1635
[1] 1634
[1] 1633
[1] 1632
[1] 1631
[1] 1630
[1] 1629
[1] 1628
[1] 1627
[1] 1626
[1] 1625
[1] 1624
[1] 1623
[1] 1622
[1] 1621
[1] 1620
[1] 1619
[1] 1618
[1] 1617
[1] 1616
[1] 1615
[1] 1614
[1] 1613
[1] 1612
[1] 1611
[1] 1610
[1] 1609
[1] 1608
[1] 1607
[1] 1606
[1] 1605
[1] 1604
[1] 1603
[1] 1602
[1] 1601
[1] 1600
[1] 1599
[1] 1598
[1] 1597
[1] 1596
[1] 1595
[1] 1594
[1] 1593
[1] 1592
[1] 1591
[1] 1590
[1] 1589
[1] 1588
[1] 1587
[1] 1586
[1] 1585
[1] 1584
[1] 1583
[1] 1582
[1] 1581
[1] 1580
[1] 1579
[1] 1578
[1] 1577
[1] 1576
[1] 1575
[1] 1574
[1] 1573
[1] 1572
[1] 1571
[1] 1570
[1] 1569
[1] 1568
[1] 1567
[1] 1566
[1] 1565
[1] 1564
[1] 1563
[1] 1562
[1] 1561
[1] 1560
[1] 1559
[1] 1558
[1] 1557
[1] 1556
[1] 1555
[1] 1554
[1] 1553
[1] 1552
[1] 1551
[1] 1550
[1] 1549
[1] 1548
[1] 1547
[1] 1546
[1] 1545
[1] 1544
[1] 1543
[1] 1542
[1] 1541
[1] 1540
[1] 1539
[1] 1538
[1] 1537
[1] 1536
[1] 1535
[1] 1534
[1] 1533
[1] 1532
[1] 1531
[1] 1530
[1] 1529
[1] 1528
[1] 1527
[1] 1526
[1] 1525
[1] 1524
[1] 1523
[1] 1522
[1] 1521
[1] 1520
[1] 1519
[1] 1518
[1] 1517
[1] 1516
[1] 1515
[1] 1514
[1] 1513
[1] 1512
[1] 1511
[1] 1510
[1] 1509
[1] 1508
[1] 1507
[1] 1506
[1] 1505
[1] 1504
[1] 1503
[1] 1502
[1] 1501
[1] 1500
[1] 1499
[1] 1498
[1] 1497
[1] 1496
[1] 1495
[1] 1494
[1] 1493
[1] 1492
[1] 1491
[1] 1490
[1] 1489
[1] 1488
[1] 1487
[1] 1486
[1] 1485
[1] 1484
[1] 1483
[1] 1482
[1] 1481
[1] 1480
[1] 1479
[1] 1478
[1] 1477
[1] 1476
[1] 1475
[1] 1474
[1] 1473
[1] 1472
[1] 1471
[1] 1470
[1] 1469
[1] 1468
[1] 1467
[1] 1466
[1] 1465
[1] 1464
[1] 1463
[1] 1462
[1] 1461
[1] 1460
[1] 1459
[1] 1458
[1] 1457
[1] 1456
[1] 1455
[1] 1454
[1] 1453
[1] 1452
[1] 1451
[1] 1450
[1] 1449
[1] 1448
[1] 1447
[1] 1446
[1] 1445
[1] 1444
[1] 1443
[1] 1442
[1] 1441
[1] 1440
[1] 1439
[1] 1438
[1] 1437
[1] 1436
[1] 1435
[1] 1434
[1] 1433
[1] 1432
[1] 1431
[1] 1430
[1] 1429
[1] 1428
[1] 1427
[1] 1426
[1] 1425
[1] 1424
[1] 1423
[1] 1422
[1] 1421
[1] 1420
[1] 1419
[1] 1418
[1] 1417
[1] 1416
[1] 1415
[1] 1414
[1] 1413
[1] 1412
[1] 1411
[1] 1410
[1] 1409
[1] 1408
[1] 1407
[1] 1406
[1] 1405
[1] 1404
[1] 1403
[1] 1402
[1] 1401
[1] 1400
[1] 1399
[1] 1398
[1] 1397
[1] 1396
[1] 1395
[1] 1394
[1] 1393
[1] 1392
[1] 1391
[1] 1390
[1] 1389
[1] 1388
[1] 1387
[1] 1386
[1] 1385
[1] 1384
[1] 1383
[1] 1382
[1] 1381
[1] 1380
[1] 1379
[1] 1378
[1] 1377
[1] 1376
[1] 1375
[1] 1374
[1] 1373
[1] 1372
[1] 1371
[1] 1370
[1] 1369
[1] 1368
[1] 1367
[1] 1366
[1] 1365
[1] 1364
[1] 1363
[1] 1362
[1] 1361
[1] 1360
[1] 1359
[1] 1358
[1] 1357
[1] 1356
[1] 1355
[1] 1354
[1] 1353
[1] 1352
[1] 1351
[1] 1350
[1] 1349
[1] 1348
[1] 1347
[1] 1346
[1] 1345
[1] 1344
[1] 1343
[1] 1342
[1] 1341
[1] 1340
[1] 1339
[1] 1338
[1] 1337
[1] 1336
[1] 1335
[1] 1334
[1] 1333
[1] 1332
[1] 1331
[1] 1330
[1] 1329
[1] 1328
[1] 1327
[1] 1326
[1] 1325
[1] 1324
[1] 1323
[1] 1322
[1] 1321
[1] 1320
[1] 1319
[1] 1318
[1] 1317
[1] 1316
[1] 1315
[1] 1314
[1] 1313
[1] 1312
[1] 1311
[1] 1310
[1] 1309
[1] 1308
[1] 1307
[1] 1306
[1] 1305
[1] 1304
[1] 1303
[1] 1302
[1] 1301
[1] 1300
[1] 1299
[1] 1298
[1] 1297
[1] 1296
[1] 1295
[1] 1294
[1] 1293
[1] 1292
[1] 1291
[1] 1290
[1] 1289
[1] 1288
[1] 1287
[1] 1286
[1] 1285
[1] 1284
[1] 1283
[1] 1282
[1] 1281
[1] 1280
[1] 1279
[1] 1278
[1] 1277
[1] 1276
[1] 1275
[1] 1274
[1] 1273
[1] 1272
[1] 1271
[1] 1270
[1] 1269
[1] 1268
[1] 1267
[1] 1266
[1] 1265
[1] 1264
[1] 1263
[1] 1262
[1] 1261
[1] 1260
[1] 1259
[1] 1258
[1] 1257
[1] 1256
[1] 1255
[1] 1254
[1] 1253
[1] 1252
[1] 1251
[1] 1250
[1] 1249
[1] 1248
[1] 1247
[1] 1246
[1] 1245
[1] 1244
[1] 1243
[1] 1242
[1] 1241
[1] 1240
[1] 1239
[1] 1238
[1] 1237
[1] 1236
[1] 1235
[1] 1234
[1] 1233
[1] 1232
[1] 1231
[1] 1230
[1] 1229
[1] 1228
[1] 1227
[1] 1226
[1] 1225
[1] 1224
[1] 1223
[1] 1222
[1] 1221
[1] 1220
[1] 1219
[1] 1218
[1] 1217
[1] 1216
[1] 1215
[1] 1214
[1] 1213
[1] 1212
[1] 1211
[1] 1210
[1] 1209
[1] 1208
[1] 1207
[1] 1206
[1] 1205
[1] 1204
[1] 1203
[1] 1202
[1] 1201
[1] 1200
[1] 1199
[1] 1198
[1] 1197
[1] 1196
[1] 1195
[1] 1194
[1] 1193
[1] 1192
[1] 1191
[1] 1190
[1] 1189
[1] 1188
[1] 1187
[1] 1186
[1] 1185
[1] 1184
[1] 1183
[1] 1182
[1] 1181
[1] 1180
[1] 1179
[1] 1178
[1] 1177
[1] 1176
[1] 1175
[1] 1174
[1] 1173
[1] 1172
[1] 1171
[1] 1170
[1] 1169
[1] 1168
[1] 1167
[1] 1166
[1] 1165
[1] 1164
[1] 1163
[1] 1162
[1] 1161
[1] 1160
[1] 1159
[1] 1158
[1] 1157
[1] 1156
[1] 1155
[1] 1154
[1] 1153
[1] 1152
[1] 1151
[1] 1150
[1] 1149
[1] 1148
[1] 1147
[1] 1146
[1] 1145
[1] 1144
[1] 1143
[1] 1142
[1] 1141
[1] 1140
[1] 1139
[1] 1138
[1] 1137
[1] 1136
[1] 1135
[1] 1134
[1] 1133
[1] 1132
[1] 1131
[1] 1130
[1] 1129
[1] 1128
[1] 1127
[1] 1126
[1] 1125
[1] 1124
[1] 1123
[1] 1122
[1] 1121
[1] 1120
[1] 1119
[1] 1118
[1] 1117
[1] 1116
[1] 1115
[1] 1114
[1] 1113
[1] 1112
[1] 1111
[1] 1110
[1] 1109
[1] 1108
[1] 1107
[1] 1106
[1] 1105
[1] 1104
[1] 1103
[1] 1102
[1] 1101
[1] 1100
[1] 1099
[1] 1098
[1] 1097
[1] 1096
[1] 1095
[1] 1094
[1] 1093
[1] 1092
[1] 1091
[1] 1090
[1] 1089
[1] 1088
[1] 1087
[1] 1086
[1] 1085
[1] 1084
[1] 1083
[1] 1082
[1] 1081
[1] 1080
[1] 1079
[1] 1078
[1] 1077
[1] 1076
[1] 1075
[1] 1074
[1] 1073
[1] 1072
[1] 1071
[1] 1070
[1] 1069
[1] 1068
[1] 1067
[1] 1066
[1] 1065
[1] 1064
[1] 1063
[1] 1062
[1] 1061
[1] 1060
[1] 1059
[1] 1058
[1] 1057
[1] 1056
[1] 1055
[1] 1054
[1] 1053
[1] 1052
[1] 1051
[1] 1050
[1] 1049
[1] 1048
[1] 1047
[1] 1046
[1] 1045
[1] 1044
[1] 1043
[1] 1042
[1] 1041
[1] 1040
[1] 1039
[1] 1038
[1] 1037
[1] 1036
[1] 1035
[1] 1034
[1] 1033
[1] 1032
[1] 1031
[1] 1030
[1] 1029
[1] 1028
[1] 1027
[1] 1026
[1] 1025
[1] 1024
[1] 1023
[1] 1022
[1] 1021
[1] 1020
[1] 1019
[1] 1018
[1] 1017
[1] 1016
[1] 1015
[1] 1014
[1] 1013
[1] 1012
[1] 1011
[1] 1010
[1] 1009
[1] 1008
[1] 1007
[1] 1006
[1] 1005
[1] 1004
[1] 1003
[1] 1002
[1] 1001
[1] 1000
[1] 999
[1] 998
[1] 997
[1] 996
[1] 995
[1] 994
[1] 993
[1] 992
[1] 991
[1] 990
[1] 989
[1] 988
[1] 987
[1] 986
[1] 985
[1] 984
[1] 983
[1] 982
[1] 981
[1] 980
[1] 979
[1] 978
[1] 977
[1] 976
[1] 975
[1] 974
[1] 973
[1] 972
[1] 971
[1] 970
[1] 969
[1] 968
[1] 967
[1] 966
[1] 965
[1] 964
[1] 963
[1] 962
[1] 961
[1] 960
[1] 959
[1] 958
[1] 957
[1] 956
[1] 955
[1] 954
[1] 953
[1] 952
[1] 951
[1] 950
[1] 949
[1] 948
[1] 947
[1] 946
[1] 945
[1] 944
[1] 943
[1] 942
[1] 941
[1] 940
[1] 939
[1] 938
[1] 937
[1] 936
[1] 935
[1] 934
[1] 933
[1] 932
[1] 931
[1] 930
[1] 929
[1] 928
[1] 927
[1] 926
[1] 925
[1] 924
[1] 923
[1] 922
[1] 921
[1] 920
[1] 919
[1] 918
[1] 917
[1] 916
[1] 915
[1] 914
[1] 913
[1] 912
[1] 911
[1] 910
[1] 909
[1] 908
[1] 907
[1] 906
[1] 905
[1] 904
[1] 903
[1] 902
[1] 901
[1] 900
[1] 899
[1] 898
[1] 897
[1] 896
[1] 895
[1] 894
[1] 893
[1] 892
[1] 891
[1] 890
[1] 889
[1] 888
[1] 887
[1] 886
[1] 885
[1] 884
[1] 883
[1] 882
[1] 881
[1] 880
[1] 879
[1] 878
[1] 877
[1] 876
[1] 875
[1] 874
[1] 873
[1] 872
[1] 871
[1] 870
[1] 869
[1] 868
[1] 867
[1] 866
[1] 865
[1] 864
[1] 863
[1] 862
[1] 861
[1] 860
[1] 859
[1] 858
[1] 857
[1] 856
[1] 855
[1] 854
[1] 853
[1] 852
[1] 851
[1] 850
[1] 849
[1] 848
[1] 847
[1] 846
[1] 845
[1] 844
[1] 843
[1] 842
[1] 841
[1] 840
[1] 839
[1] 838
[1] 837
[1] 836
[1] 835
[1] 834
[1] 833
[1] 832
[1] 831
[1] 830
[1] 829
[1] 828
[1] 827
[1] 826
[1] 825
[1] 824
[1] 823
[1] 822
[1] 821
[1] 820
[1] 819
[1] 818
[1] 817
[1] 816
[1] 815
[1] 814
[1] 813
[1] 812
[1] 811
[1] 810
[1] 809
[1] 808
[1] 807
[1] 806
[1] 805
[1] 804
[1] 803
[1] 802
[1] 801
[1] 800
[1] 799
[1] 798
[1] 797
[1] 796
[1] 795
[1] 794
[1] 793
[1] 792
[1] 791
[1] 790
[1] 789
[1] 788
[1] 787
[1] 786
[1] 785
[1] 784
[1] 783
[1] 782
[1] 781
[1] 780
[1] 779
[1] 778
[1] 777
[1] 776
[1] 775
[1] 774
[1] 773
[1] 772
[1] 771
[1] 770
[1] 769
[1] 768
[1] 767
[1] 766
[1] 765
[1] 764
[1] 763
[1] 762
[1] 761
[1] 760
[1] 759
[1] 758
[1] 757
[1] 756
[1] 755
[1] 754
[1] 753
[1] 752
[1] 751
[1] 750
[1] 749
[1] 748
[1] 747
[1] 746
[1] 745
[1] 744
[1] 743
[1] 742
[1] 741
[1] 740
[1] 739
[1] 738
[1] 737
[1] 736
[1] 735
[1] 734
[1] 733
[1] 732
[1] 731
[1] 730
[1] 729
[1] 728
[1] 727
[1] 726
[1] 725
[1] 724
[1] 723
[1] 722
[1] 721
[1] 720
[1] 719
[1] 718
[1] 717
[1] 716
[1] 715
[1] 714
[1] 713
[1] 712
[1] 711
[1] 710
[1] 709
[1] 708
[1] 707
[1] 706
[1] 705
[1] 704
[1] 703
[1] 702
[1] 701
[1] 700
[1] 699
[1] 698
[1] 697
[1] 696
[1] 695
[1] 694
[1] 693
[1] 692
[1] 691
[1] 690
[1] 689
[1] 688
[1] 687
[1] 686
[1] 685
[1] 684
[1] 683
[1] 682
[1] 681
[1] 680
[1] 679
[1] 678
[1] 677
[1] 676
[1] 675
[1] 674
[1] 673
[1] 672
[1] 671
[1] 670
[1] 669
[1] 668
[1] 667
[1] 666
[1] 665
[1] 664
[1] 663
[1] 662
[1] 661
[1] 660
[1] 659
[1] 658
[1] 657
[1] 656
[1] 655
[1] 654
[1] 653
[1] 652
[1] 651
[1] 650
[1] 649
[1] 648
[1] 647
[1] 646
[1] 645
[1] 644
[1] 643
[1] 642
[1] 641
[1] 640
[1] 639
[1] 638
[1] 637
[1] 636
[1] 635
[1] 634
[1] 633
[1] 632
[1] 631
[1] 630
[1] 629
[1] 628
[1] 627
[1] 626
[1] 625
[1] 624
[1] 623
[1] 622
[1] 621
[1] 620
[1] 619
[1] 618
[1] 617
[1] 616
[1] 615
[1] 614
[1] 613
[1] 612
[1] 611
[1] 610
[1] 609
[1] 608
[1] 607
[1] 606
[1] 605
[1] 604
[1] 603
[1] 602
[1] 601
[1] 600
[1] 599
[1] 598
[1] 597
[1] 596
[1] 595
[1] 594
[1] 593
[1] 592
[1] 591
[1] 590
[1] 589
[1] 588
[1] 587
[1] 586
[1] 585
[1] 584
[1] 583
[1] 582
[1] 581
[1] 580
[1] 579
[1] 578
[1] 577
[1] 576
[1] 575
[1] 574
[1] 573
[1] 572
[1] 571
[1] 570
[1] 569
[1] 568
[1] 567
[1] 566
[1] 565
[1] 564
[1] 563
[1] 562
[1] 561
[1] 560
[1] 559
[1] 558
[1] 557
[1] 556
[1] 555
[1] 554
[1] 553
[1] 552
[1] 551
[1] 550
[1] 549
[1] 548
[1] 547
[1] 546
[1] 545
[1] 544
[1] 543
[1] 542
[1] 541
[1] 540
[1] 539
[1] 538
[1] 537
[1] 536
[1] 535
[1] 534
[1] 533
[1] 532
[1] 531
[1] 530
[1] 529
[1] 528
[1] 527
[1] 526
[1] 525
[1] 524
[1] 523
[1] 522
[1] 521
[1] 520
[1] 519
[1] 518
[1] 517
[1] 516
[1] 515
[1] 514
[1] 513
[1] 512
[1] 511
[1] 510
[1] 509
[1] 508
[1] 507
[1] 506
[1] 505
[1] 504
[1] 503
[1] 502
[1] 501
[1] 500
[1] 499
[1] 498
[1] 497
[1] 496
[1] 495
[1] 494
[1] 493
[1] 492
[1] 491
[1] 490
[1] 489
[1] 488
[1] 487
[1] 486
[1] 485
[1] 484
[1] 483
[1] 482
[1] 481
[1] 480
[1] 479
[1] 478
[1] 477
[1] 476
[1] 475
[1] 474
[1] 473
[1] 472
[1] 471
[1] 470
[1] 469
[1] 468
[1] 467
[1] 466
[1] 465
[1] 464
[1] 463
[1] 462
[1] 461
[1] 460
[1] 459
[1] 458
[1] 457
[1] 456
[1] 455
[1] 454
[1] 453
[1] 452
[1] 451
[1] 450
[1] 449
[1] 448
[1] 447
[1] 446
[1] 445
[1] 444
[1] 443
[1] 442
[1] 441
[1] 440
[1] 439
[1] 438
[1] 437
[1] 436
[1] 435
[1] 434
[1] 433
[1] 432
[1] 431
[1] 430
[1] 429
[1] 428
[1] 427
[1] 426
[1] 425
[1] 424
[1] 423
[1] 422
[1] 421
[1] 420
[1] 419
[1] 418
[1] 417
[1] 416
[1] 415
[1] 414
[1] 413
[1] 412
[1] 411
[1] 410
[1] 409
[1] 408
[1] 407
[1] 406
[1] 405
[1] 404
[1] 403
[1] 402
[1] 401
[1] 400
[1] 399
[1] 398
[1] 397
[1] 396
[1] 395
[1] 394
[1] 393
[1] 392
[1] 391
[1] 390
[1] 389
[1] 388
[1] 387
[1] 386
[1] 385
[1] 384
[1] 383
[1] 382
[1] 381
[1] 380
[1] 379
[1] 378
[1] 377
[1] 376
[1] 375
[1] 374
[1] 373
[1] 372
[1] 371
[1] 370
[1] 369
[1] 368
[1] 367
[1] 366
[1] 365
[1] 364
[1] 363
[1] 362
[1] 361
[1] 360
[1] 359
[1] 358
[1] 357
[1] 356
[1] 355
[1] 354
[1] 353
[1] 352
[1] 351
[1] 350
[1] 349
[1] 348
[1] 347
[1] 346
[1] 345
[1] 344
[1] 343
[1] 342
[1] 341
[1] 340
[1] 339
[1] 338
[1] 337
[1] 336
[1] 335
[1] 334
[1] 333
[1] 332
[1] 331
[1] 330
[1] 329
[1] 328
[1] 327
[1] 326
[1] 325
[1] 324
[1] 323
[1] 322
[1] 321
[1] 320
[1] 319
[1] 318
[1] 317
[1] 316
[1] 315
[1] 314
[1] 313
[1] 312
[1] 311
[1] 310
[1] 309
[1] 308
[1] 307
[1] 306
[1] 305
[1] 304
[1] 303
[1] 302
[1] 301
[1] 300
[1] 299
[1] 298
[1] 297
[1] 296
[1] 295
[1] 294
[1] 293
[1] 292
[1] 291
[1] 290
[1] 289
[1] 288
[1] 287
[1] 286
[1] 285
[1] 284
[1] 283
[1] 282
[1] 281
[1] 280
[1] 279
[1] 278
[1] 277
[1] 276
[1] 275
[1] 274
[1] 273
[1] 272
[1] 271
[1] 270
[1] 269
[1] 268
[1] 267
[1] 266
[1] 265
[1] 264
[1] 263
[1] 262
[1] 261
[1] 260
[1] 259
[1] 258
[1] 257
[1] 256
[1] 255
[1] 254
[1] 253
[1] 252
[1] 251
[1] 250
[1] 249
[1] 248
[1] 247
[1] 246
[1] 245
[1] 244
[1] 243
[1] 242
[1] 241
[1] 240
[1] 239
[1] 238
[1] 237
[1] 236
[1] 235
[1] 234
[1] 233
[1] 232
[1] 231
[1] 230
[1] 229
[1] 228
[1] 227
[1] 226
[1] 225
[1] 224
[1] 223
[1] 222
[1] 221
[1] 220
[1] 219
[1] 218
[1] 217
[1] 216
[1] 215
[1] 214
[1] 213
[1] 212
[1] 211
[1] 210
[1] 209
[1] 208
[1] 207
[1] 206
[1] 205
[1] 204
[1] 203
[1] 202
[1] 201
[1] 200
[1] 199
[1] 198
[1] 197
[1] 196
[1] 195
[1] 194
[1] 193
[1] 192
[1] 191
[1] 190
[1] 189
[1] 188
[1] 187
[1] 186
[1] 185
[1] 184
[1] 183
[1] 182
[1] 181
[1] 180
[1] 179
[1] 178
[1] 177
[1] 176
[1] 175
[1] 174
[1] 173
[1] 172
[1] 171
[1] 170
[1] 169
[1] 168
[1] 167
[1] 166
[1] 165
[1] 164
[1] 163
[1] 162
[1] 161
[1] 160
[1] 159
[1] 158
[1] 157
[1] 156
[1] 155
[1] 154
[1] 153
[1] 152
[1] 151
[1] 150
[1] 149
[1] 148
[1] 147
[1] 146
[1] 145
[1] 144
[1] 143
[1] 142
[1] 141
[1] 140
[1] 139
[1] 138
[1] 137
[1] 136
[1] 135
[1] 134
[1] 133
[1] 132
[1] 131
[1] 130
[1] 129
[1] 128
[1] 127
[1] 126
[1] 125
[1] 124
[1] 123
[1] 122
[1] 121
[1] 120
[1] 119
[1] 118
[1] 117
[1] 116
[1] 115
[1] 114
[1] 113
[1] 112
[1] 111
[1] 110
[1] 109
[1] 108
[1] 107
[1] 106
[1] 105
[1] 104
[1] 103
[1] 102
[1] 101
[1] 100
[1] 99
[1] 98
[1] 97
[1] 96
[1] 95
[1] 94
[1] 93
[1] 92
[1] 91
[1] 90
[1] 89
[1] 88
[1] 87
[1] 86
[1] 85
[1] 84
[1] 83
[1] 82
[1] 81
[1] 80
[1] 79
[1] 78
[1] 77
[1] 76
[1] 75
[1] 74
[1] 73
[1] 72
[1] 71
[1] 70
[1] 69
[1] 68
[1] 67
[1] 66
[1] 65
[1] 64
[1] 63
[1] 62
[1] 61
[1] 60
[1] 59
[1] 58
[1] 57
[1] 56
[1] 55
[1] 54
[1] 53
[1] 52
[1] 51
[1] 50
[1] 49
[1] 48
[1] 47
[1] 46
[1] 45
[1] 44
[1] 43
[1] 42
[1] 41
[1] 40
[1] 39
[1] 38
[1] 37
[1] 36
[1] 35
[1] 34
[1] 33
[1] 32
[1] 31
[1] 30
[1] 29
[1] 28
[1] 27
[1] 26
[1] 25
[1] 24
[1] 23
[1] 22
[1] 21
[1] 20
[1] 19
[1] 18
[1] 17
[1] 16
[1] 15
[1] 14
[1] 13
[1] 12
[1] 11
[1] 10
[1] 9
[1] 8
[1] 7
[1] 6
[1] 5
[1] 4
[1] 3
[1] 2
[1] 1
One-observation-ahead residuals. Done
iter: 1  value: 14443938324 mgc: 1616539071 ustep: 3.420548e-09 
iter: 2  value: 345860.4 mgc: 795550017 ustep: 6.186147e-07 
iter: 3  value: 24175.07 mgc: 4591653 ustep: 0.000886442 
iter: 4  value: 19201.98 mgc: 25566.22 ustep: 0.01504682 
iter: 5  value: 16138.31 mgc: 187727.2 ustep: 0.008164776 
iter: 6  value: 15132.08 mgc: 59149.68 ustep: 0.01177717 
iter: 7  value: 10355.63 mgc: 257110.6 ustep: 0.1086118 
iter: 8  value: 611.3211 mgc: 884613.5 ustep: 0.3296301 
iter: 9  value: -62.01832 mgc: 109210.1 ustep: 0.5741768 
iter: 10  value: -65.9051 mgc: 96865.05 ustep: 0.1623596 
iter: 11  value: -123.7682 mgc: 173106.8 ustep: 0.4029984 
iter: 12  value: -332.7815 mgc: 125821.6 ustep: 0.3956907 
iter: 13  value: -506.3817 mgc: 88834.07 ustep: 0.2195462 
iter: 14  value: -530.7027 mgc: 50508.86 ustep: 0.2710083 
iter: 15  value: -588.5163 mgc: 93304.67 ustep: 0.1678808 
iter: 16  value: -601.4329 mgc: 35242.79 ustep: 0.01633393 
iter: 17  value: -607.673 mgc: 25643.32 ustep: 0.1278915 
iter: 18  value: -608.4577 mgc: 16177.27 ustep: 0.02727655 
iter: 19  value: -611.4577 mgc: 22510.31 ustep: 0.1652396 
iter: 20  value: -614.7645 mgc: 22233.7 ustep: 0.06312501 
iter: 21  value: -620.1593 mgc: 25309.22 ustep: 0.1347246 
iter: 22  value: -621.8493 mgc: 14594.02 ustep: 0.3671118 
iter: 23  value: -631.1899 mgc: 36511.57 ustep: 0.10985 
iter: 24  value: -637.4297 mgc: 13856.21 ustep: 0.3315031 
iter: 25  value: -638.1988 mgc: 8585.31 ustep: 0.1016169 
iter: 26  value: -643.4559 mgc: 13362.97 ustep: 0.3188423 
iter: 27  value: -644.039 mgc: 1914.61 ustep: 0.05063329 
iter: 28  value: -646.2852 mgc: 5185.602 ustep: 0.2250959 
iter: 29  value: -646.9088 mgc: 2710.346 ustep: 0.1485484 
iter: 30  value: -650.7782 mgc: 11036.43 ustep: 0.3854812 
iter: 31  value: -651.0907 mgc: 3504.396 ustep: 0.05879694 
iter: 32  value: -652.8658 mgc: 7488.971 ustep: 0.2425566 
iter: 33  value: -652.9648 mgc: 2896.521 ustep: 0.08127342 
iter: 34  value: -655.0004 mgc: 9425.033 ustep: 0.2851564 
iter: 35  value: -655.2644 mgc: 2569.081 ustep: 0.04658828 
iter: 36  value: -656.3668 mgc: 5120.775 ustep: 0.2159216 
iter: 37  value: -656.5707 mgc: 1818.397 ustep: 0.07512491 
iter: 38  value: -657.8909 mgc: 6591.419 ustep: 0.2741618 
iter: 39  value: -658.1041 mgc: 1879.456 ustep: 0.04527329 
iter: 40  value: -658.9159 mgc: 4216.924 ustep: 0.2128539 
iter: 41  value: -658.935 mgc: 1717.799 ustep: 0.1433001 
iter: 42  value: -660.6022 mgc: 9537.633 ustep: 0.3786121 
iter: 43  value: -660.6742 mgc: 2303.574 ustep: 0.05794107 
iter: 44  value: -661.3867 mgc: 6484.791 ustep: 0.2407855 
iter: 45  value: -661.4583 mgc: 4641.68 ustep: 0.08086657 
iter: 46  value: -661.811 mgc: 7656.48 ustep: 0.154078 
iter: 47  value: -662.2276 mgc: 7894.952 ustep: 0.06039758 
iter: 48  value: -662.4297 mgc: 5718.862 ustep: 0.1315599 
iter: 49  value: -662.4835 mgc: 6924.059 ustep: 0.1065222 
iter: 50  value: -662.9997 mgc: 9279.89 ustep: 0.1792779 
iter: 51  value: -663.34 mgc: 7653.203 ustep: 0.06650394 
iter: 52  value: -663.4112 mgc: 6235.045 ustep: 0.2579578 
iter: 53  value: -663.8859 mgc: 9275.06 ustep: 0.08480298 
iter: 54  value: -664.2013 mgc: 7600.183 ustep: 0.2912804 
iter: 55  value: -664.3334 mgc: 8002.522 ustep: 0.09241264 
iter: 56  value: -664.9501 mgc: 9389.206 ustep: 0.3040641 
iter: 57  value: -665.2801 mgc: 6656.266 ustep: 0.04885466 
iter: 58  value: -665.5618 mgc: 4405.024 ustep: 0.2211088 
iter: 59  value: -665.5779 mgc: 3238.422 ustep: 0.07632819 
iter: 60  value: -665.9424 mgc: 5387.26 ustep: 0.2763479 
iter: 61  value: -666.0485 mgc: 3370.277 ustep: 0.04553466 
iter: 62  value: -666.2477 mgc: 2981.904 ustep: 0.2134672 
iter: 63  value: -666.2905 mgc: 2156.617 ustep: 0.07455437 
iter: 64  value: -666.5355 mgc: 3574.538 ustep: 0.2731192 
iter: 65  value: -666.6037 mgc: 2326.149 ustep: 0.04514864 
iter: 66  value: -666.7531 mgc: 2143.285 ustep: 0.2125609 
iter: 67  value: -666.7705 mgc: 1599.088 ustep: 0.1431738 
iter: 68  value: -667.0689 mgc: 4194.818 ustep: 0.3784453 
iter: 69  value: -667.1192 mgc: 2367.894 ustep: 0.05792034 
iter: 70  value: -667.2578 mgc: 2660.213 ustep: 0.2407424 
iter: 71  value: -667.2829 mgc: 1656.296 ustep: 0.08085667 
iter: 72  value: -667.4337 mgc: 2764.162 ustep: 0.2844246 
iter: 73  value: -667.4509 mgc: 1587.008 ustep: 0.09084797 
iter: 74  value: -667.5977 mgc: 2861.272 ustep: 0.3014798 
iter: 75  value: -667.6147 mgc: 1537.196 ustep: 0.09474144 
iter: 76  value: -667.7439 mgc: 2652.284 ustep: 0.3078702 
iter: 77  value: -667.7644 mgc: 1418.761 ustep: 0.09620175 
iter: 78  value: -667.8709 mgc: 2224.371 ustep: 0.3102331 
iter: 79  value: -667.8934 mgc: 1233.141 ustep: 0.09674204 
iter: 80  value: -667.9797 mgc: 1756.867 ustep: 0.3111027 
iter: 81  value: -667.9922 mgc: 1020.918 ustep: 0.1845018 
iter: 82  value: -668.116 mgc: 2495.65 ustep: 0.4295938 
iter: 83  value: -668.1346 mgc: 1177.964 ustep: 0.1246655 
iter: 84  value: -668.2042 mgc: 1638.945 ustep: 0.3531447 
iter: 85  value: -668.2112 mgc: 929.8321 ustep: 0.3630181 
iter: 86  value: -668.3594 mgc: 3006.983 ustep: 0.6025496 
iter: 87  value: -668.3687 mgc: 1257.36 ustep: 0.3121744 
iter: 88  value: -668.4511 mgc: 2344.418 ustep: 0.5587698 
iter: 89  value: -668.4878 mgc: 1357.256 ustep: 0.7475343 
iter: 90  value: -668.6026 mgc: 3206.593 ustep: 0.8646142 
iter: 91  value: -668.649 mgc: 2024.972 ustep: 0.9298534 
iter: 92  value: -668.6608 mgc: 2292.668 ustep: 0.9642926 
iter: 93  value: -668.6885 mgc: 2008.698 ustep: 0.9819858 
iter: 94  value: -668.6982 mgc: 1396.867 ustep: 0.9909529 
iter: 95  value: -668.7016 mgc: 762.2749 ustep: 0.9954666 
iter: 96  value: -668.7036 mgc: 542.7505 ustep: 0.997731 
iter: 97  value: -668.7039 mgc: 197.1213 ustep: 0.9988649 
iter: 98  value: -668.7041 mgc: 135.9468 ustep: 0.9994324 
iter: 99  value: -668.7041 mgc: 33.18947 ustep: 0.9997162 
iter: 100  value: -668.7041 mgc: 19.72314 ustep: 0.9998581 
iter: 101  value: -668.7041 mgc: 1.47097 ustep: 0.999929 
iter: 102  value: -668.7041 mgc: 0.1741191 ustep: 0.9999645 
iter: 103  value: -668.7041 mgc: 0.000154865 ustep: 0.9999823 
iter: 104  value: -668.7041 mgc: 3.496361e-07 ustep: 0.9999911 
mgc: 3.857625e-07 
Matching hessian patterns... Done
outer mgc:  1.131224e-07 
iter: 1  value: 14443938325 mgc: 1616539071 ustep: 3.420548e-09 
iter: 2  value: 345860.5 mgc: 795550017 ustep: 6.186147e-07 
iter: 3  value: 24175.16 mgc: 4591653 ustep: 0.000886442 
iter: 4  value: 19202.04 mgc: 25566.22 ustep: 0.01504682 
iter: 5  value: 16138.34 mgc: 187727.2 ustep: 0.008164776 
iter: 6  value: 15132.09 mgc: 59149.68 ustep: 0.01177717 
iter: 7  value: 10355.59 mgc: 257110.6 ustep: 0.1086118 
iter: 8  value: 611.2934 mgc: 884613.4 ustep: 0.3296301 
iter: 9  value: -62.14277 mgc: 109212 ustep: 0.5741768 
iter: 10  value: -65.92635 mgc: 96864.53 ustep: 0.1623596 
iter: 11  value: -123.804 mgc: 173105.2 ustep: 0.4029984 
iter: 12  value: -332.8281 mgc: 125821 ustep: 0.3956907 
iter: 13  value: -506.408 mgc: 88826.93 ustep: 0.2195462 
iter: 14  value: -530.6849 mgc: 50503.16 ustep: 0.2710083 
iter: 15  value: -588.5152 mgc: 93321.52 ustep: 0.1678808 
iter: 16  value: -601.4354 mgc: 35242.94 ustep: 0.01633393 
iter: 17  value: -607.674 mgc: 25639.35 ustep: 0.1278915 
iter: 18  value: -608.4596 mgc: 16177.26 ustep: 0.02727655 
iter: 19  value: -611.4583 mgc: 22506.95 ustep: 0.1652396 
iter: 20  value: -614.7663 mgc: 22233.7 ustep: 0.06312501 
iter: 21  value: -620.1599 mgc: 25305.98 ustep: 0.1347246 
iter: 22  value: -621.8516 mgc: 14594.03 ustep: 0.3671118 
iter: 23  value: -631.1903 mgc: 36508.04 ustep: 0.10985 
iter: 24  value: -637.4302 mgc: 13856.24 ustep: 0.3315031 
iter: 25  value: -638.1991 mgc: 8584.353 ustep: 0.1016169 
iter: 26  value: -643.4562 mgc: 13363 ustep: 0.3188423 
iter: 27  value: -644.0392 mgc: 1914.14 ustep: 0.05063329 
iter: 28  value: -646.2855 mgc: 5185.57 ustep: 0.2250959 
iter: 29  value: -646.9091 mgc: 2710.367 ustep: 0.1485484 
iter: 30  value: -650.7784 mgc: 11036.35 ustep: 0.3854812 
iter: 31  value: -651.0909 mgc: 3504.602 ustep: 0.05879694 
iter: 32  value: -652.8659 mgc: 7488.925 ustep: 0.2425566 
iter: 33  value: -652.9649 mgc: 2896.827 ustep: 0.08127342 
iter: 34  value: -655.0005 mgc: 9424.981 ustep: 0.2851564 
iter: 35  value: -655.2646 mgc: 2569.354 ustep: 0.04658828 
iter: 36  value: -656.3669 mgc: 5120.764 ustep: 0.2159216 
iter: 37  value: -656.5708 mgc: 1818.531 ustep: 0.07512491 
iter: 38  value: -657.8911 mgc: 6591.417 ustep: 0.2741618 
iter: 39  value: -658.1043 mgc: 1879.568 ustep: 0.04527329 
iter: 40  value: -658.916 mgc: 4216.932 ustep: 0.2128539 
iter: 41  value: -658.9351 mgc: 1717.688 ustep: 0.1433001 
iter: 42  value: -660.6023 mgc: 9537.734 ustep: 0.3786121 
iter: 43  value: -660.6743 mgc: 2303.585 ustep: 0.05794107 
iter: 44  value: -661.3869 mgc: 6484.815 ustep: 0.2407855 
iter: 45  value: -661.4584 mgc: 4640.496 ustep: 0.08086657 
iter: 46  value: -661.8112 mgc: 7656.423 ustep: 0.154078 
iter: 47  value: -662.2277 mgc: 7893.714 ustep: 0.06039758 
iter: 48  value: -662.4298 mgc: 5718.575 ustep: 0.1315599 
iter: 49  value: -662.4837 mgc: 6924.648 ustep: 0.1065222 
iter: 50  value: -662.9997 mgc: 9279.322 ustep: 0.1792779 
iter: 51  value: -663.3401 mgc: 7653.956 ustep: 0.06650394 
iter: 52  value: -663.4112 mgc: 6234.937 ustep: 0.2579578 
iter: 53  value: -663.8859 mgc: 9275.588 ustep: 0.08480298 
iter: 54  value: -664.2014 mgc: 7600.143 ustep: 0.2912804 
iter: 55  value: -664.3335 mgc: 8002.703 ustep: 0.09241264 
iter: 56  value: -664.9502 mgc: 9389.261 ustep: 0.3040641 
iter: 57  value: -665.2801 mgc: 6656.34 ustep: 0.04885466 
iter: 58  value: -665.5619 mgc: 4405.067 ustep: 0.2211088 
iter: 59  value: -665.578 mgc: 3238.453 ustep: 0.07632819 
iter: 60  value: -665.9425 mgc: 5387.311 ustep: 0.2763479 
iter: 61  value: -666.0486 mgc: 3370.309 ustep: 0.04553466 
iter: 62  value: -666.2478 mgc: 2981.922 ustep: 0.2134672 
iter: 63  value: -666.2906 mgc: 2156.634 ustep: 0.07455437 
iter: 64  value: -666.5356 mgc: 3574.554 ustep: 0.2731192 
iter: 65  value: -666.6037 mgc: 2326.164 ustep: 0.04514864 
iter: 66  value: -666.7531 mgc: 2143.288 ustep: 0.2125609 
iter: 67  value: -666.7706 mgc: 1599.095 ustep: 0.1431738 
iter: 68  value: -667.069 mgc: 4194.812 ustep: 0.3784453 
iter: 69  value: -667.1193 mgc: 2367.897 ustep: 0.05792034 
iter: 70  value: -667.2579 mgc: 2660.201 ustep: 0.2407424 
iter: 71  value: -667.283 mgc: 1656.293 ustep: 0.08085667 
iter: 72  value: -667.4338 mgc: 2764.139 ustep: 0.2844246 
iter: 73  value: -667.451 mgc: 1587.001 ustep: 0.09084797 
iter: 74  value: -667.5978 mgc: 2861.239 ustep: 0.3014798 
iter: 75  value: -667.6148 mgc: 1537.184 ustep: 0.09474144 
iter: 76  value: -667.744 mgc: 2652.247 ustep: 0.3078702 
iter: 77  value: -667.7645 mgc: 1418.746 ustep: 0.09620175 
iter: 78  value: -667.871 mgc: 2224.335 ustep: 0.3102331 
iter: 79  value: -667.8935 mgc: 1233.124 ustep: 0.09674204 
iter: 80  value: -667.9798 mgc: 1756.834 ustep: 0.3111027 
iter: 81  value: -667.9923 mgc: 1020.902 ustep: 0.1845018 
iter: 82  value: -668.1161 mgc: 2495.587 ustep: 0.4295938 
iter: 83  value: -668.1347 mgc: 1177.939 ustep: 0.1246655 
iter: 84  value: -668.2043 mgc: 1638.909 ustep: 0.3531447 
iter: 85  value: -668.2113 mgc: 929.8109 ustep: 0.3630181 
iter: 86  value: -668.3595 mgc: 3006.899 ustep: 0.6025496 
iter: 87  value: -668.3688 mgc: 1257.322 ustep: 0.3121744 
iter: 88  value: -668.4512 mgc: 2344.365 ustep: 0.5587698 
iter: 89  value: -668.4879 mgc: 1357.215 ustep: 0.7475343 
iter: 90  value: -668.6027 mgc: 3206.51 ustep: 0.8646142 
iter: 91  value: -668.6492 mgc: 2024.915 ustep: 0.9298534 
iter: 92  value: -668.6609 mgc: 2292.601 ustep: 0.9642926 
iter: 93  value: -668.6887 mgc: 2008.666 ustep: 0.9819858 
iter: 94  value: -668.6983 mgc: 1396.831 ustep: 0.9909529 
iter: 95  value: -668.7017 mgc: 762.2592 ustep: 0.9954666 
iter: 96  value: -668.7037 mgc: 542.7356 ustep: 0.997731 
iter: 97  value: -668.7041 mgc: 197.1149 ustep: 0.9988649 
iter: 98  value: -668.7042 mgc: 135.9412 ustep: 0.9994324 
iter: 99  value: -668.7043 mgc: 33.18764 ustep: 0.9997162 
iter: 100  value: -668.7043 mgc: 19.7214 ustep: 0.9998581 
iter: 101  value: -668.7043 mgc: 1.470763 ustep: 0.999929 
iter: 102  value: -668.7043 mgc: 0.1740675 ustep: 0.9999645 
iter: 103  value: -668.7043 mgc: 0.000154865 ustep: 0.9999823 
iter: 104  value: -668.7043 mgc: 4.003742e-07 ustep: 0.9999911 
mgc: 3.500804e-07 
outer mgc:  0.1089591 
iter: 1  value: 14443938324 mgc: 1616539071 ustep: 3.420548e-09 
iter: 2  value: 345860.3 mgc: 795550017 ustep: 6.186147e-07 
iter: 3  value: 24174.99 mgc: 4591653 ustep: 0.000886442 
iter: 4  value: 19201.93 mgc: 25566.22 ustep: 0.01504682 
iter: 5  value: 16138.28 mgc: 187727.2 ustep: 0.008164776 
iter: 6  value: 15132.07 mgc: 59149.68 ustep: 0.01177717 
iter: 7  value: 10355.67 mgc: 257110.6 ustep: 0.1086118 
iter: 8  value: 611.3489 mgc: 884613.5 ustep: 0.3296301 
iter: 9  value: -61.89376 mgc: 109208.2 ustep: 0.5741768 
iter: 10  value: -65.88375 mgc: 96865.58 ustep: 0.1623596 
iter: 11  value: -123.7323 mgc: 173108.4 ustep: 0.4029984 
iter: 12  value: -332.7348 mgc: 125822.3 ustep: 0.3956907 
iter: 13  value: -506.3553 mgc: 88841.21 ustep: 0.2195462 
iter: 14  value: -530.7204 mgc: 50514.55 ustep: 0.2710083 
iter: 15  value: -588.5173 mgc: 93287.83 ustep: 0.1678808 
iter: 16  value: -601.4303 mgc: 35242.64 ustep: 0.01633393 
iter: 17  value: -607.6718 mgc: 25647.29 ustep: 0.1278915 
iter: 18  value: -608.4556 mgc: 16177.27 ustep: 0.02727655 
iter: 19  value: -611.4571 mgc: 22513.66 ustep: 0.1652396 
iter: 20  value: -614.7625 mgc: 22233.69 ustep: 0.06312501 
iter: 21  value: -620.1585 mgc: 25312.46 ustep: 0.1347246 
iter: 22  value: -621.847 mgc: 14594.02 ustep: 0.3671118 
iter: 23  value: -631.1894 mgc: 36515.11 ustep: 0.10985 
iter: 24  value: -637.4291 mgc: 13856.18 ustep: 0.3315031 
iter: 25  value: -638.1984 mgc: 8586.267 ustep: 0.1016169 
iter: 26  value: -643.4555 mgc: 13362.93 ustep: 0.3188423 
iter: 27  value: -644.0386 mgc: 1915.079 ustep: 0.05063329 
iter: 28  value: -646.2849 mgc: 5185.635 ustep: 0.2250959 
iter: 29  value: -646.9085 mgc: 2710.325 ustep: 0.1485484 
iter: 30  value: -650.7779 mgc: 11036.52 ustep: 0.3854812 
iter: 31  value: -651.0904 mgc: 3504.19 ustep: 0.05879694 
iter: 32  value: -652.8655 mgc: 7489.017 ustep: 0.2425566 
iter: 33  value: -652.9645 mgc: 2896.215 ustep: 0.08127342 
iter: 34  value: -655.0001 mgc: 9425.086 ustep: 0.2851564 
iter: 35  value: -655.2641 mgc: 2568.809 ustep: 0.04658828 
iter: 36  value: -656.3665 mgc: 5120.786 ustep: 0.2159216 
iter: 37  value: -656.5704 mgc: 1818.263 ustep: 0.07512491 
iter: 38  value: -657.8907 mgc: 6591.422 ustep: 0.2741618 
iter: 39  value: -658.1039 mgc: 1879.344 ustep: 0.04527329 
iter: 40  value: -658.9156 mgc: 4216.916 ustep: 0.2128539 
iter: 41  value: -658.9348 mgc: 1717.909 ustep: 0.1433001 
iter: 42  value: -660.602 mgc: 9537.532 ustep: 0.3786121 
iter: 43  value: -660.674 mgc: 2303.564 ustep: 0.05794107 
iter: 44  value: -661.3865 mgc: 6484.766 ustep: 0.2407855 
iter: 45  value: -661.4581 mgc: 4642.865 ustep: 0.08086657 
iter: 46  value: -661.8106 mgc: 7656.537 ustep: 0.154078 
iter: 47  value: -662.2274 mgc: 7896.189 ustep: 0.06039758 
iter: 48  value: -662.4296 mgc: 5719.15 ustep: 0.1315599 
iter: 49  value: -662.4833 mgc: 6923.469 ustep: 0.1065222 
iter: 50  value: -662.9996 mgc: 9280.459 ustep: 0.1792779 
iter: 51  value: -663.3398 mgc: 7652.45 ustep: 0.06650394 
iter: 52  value: -663.4111 mgc: 6235.153 ustep: 0.2579578 
iter: 53  value: -663.8857 mgc: 9274.531 ustep: 0.08480298 
iter: 54  value: -664.2011 mgc: 7600.224 ustep: 0.2912804 
iter: 55  value: -664.3332 mgc: 8002.341 ustep: 0.09241264 
iter: 56  value: -664.9499 mgc: 9389.151 ustep: 0.3040641 
iter: 57  value: -665.2799 mgc: 6656.192 ustep: 0.04885466 
iter: 58  value: -665.5616 mgc: 4404.981 ustep: 0.2211088 
iter: 59  value: -665.5777 mgc: 3238.391 ustep: 0.07632819 
iter: 60  value: -665.9422 mgc: 5387.21 ustep: 0.2763479 
iter: 61  value: -666.0483 mgc: 3370.245 ustep: 0.04553466 
iter: 62  value: -666.2475 mgc: 2981.886 ustep: 0.2134672 
iter: 63  value: -666.2903 mgc: 2156.6 ustep: 0.07455437 
iter: 64  value: -666.5353 mgc: 3574.521 ustep: 0.2731192 
iter: 65  value: -666.6035 mgc: 2326.135 ustep: 0.04514864 
iter: 66  value: -666.7529 mgc: 2143.282 ustep: 0.2125609 
iter: 67  value: -666.7703 mgc: 1599.082 ustep: 0.1431738 
iter: 68  value: -667.0687 mgc: 4194.824 ustep: 0.3784453 
iter: 69  value: -667.119 mgc: 2367.892 ustep: 0.05792034 
iter: 70  value: -667.2576 mgc: 2660.225 ustep: 0.2407424 
iter: 71  value: -667.2827 mgc: 1656.299 ustep: 0.08085667 
iter: 72  value: -667.4335 mgc: 2764.186 ustep: 0.2844246 
iter: 73  value: -667.4507 mgc: 1587.015 ustep: 0.09084797 
iter: 74  value: -667.5975 mgc: 2861.306 ustep: 0.3014798 
iter: 75  value: -667.6145 mgc: 1537.208 ustep: 0.09474144 
iter: 76  value: -667.7437 mgc: 2652.321 ustep: 0.3078702 
iter: 77  value: -667.7642 mgc: 1418.777 ustep: 0.09620175 
iter: 78  value: -667.8707 mgc: 2224.406 ustep: 0.3102331 
iter: 79  value: -667.8932 mgc: 1233.157 ustep: 0.09674204 
iter: 80  value: -667.9795 mgc: 1756.901 ustep: 0.3111027 
iter: 81  value: -667.992 mgc: 1020.933 ustep: 0.1845018 
iter: 82  value: -668.1158 mgc: 2495.713 ustep: 0.4295938 
iter: 83  value: -668.1344 mgc: 1177.988 ustep: 0.1246655 
iter: 84  value: -668.204 mgc: 1638.981 ustep: 0.3531447 
iter: 85  value: -668.211 mgc: 929.8533 ustep: 0.3630181 
iter: 86  value: -668.3591 mgc: 3007.067 ustep: 0.6025496 
iter: 87  value: -668.3685 mgc: 1257.399 ustep: 0.3121744 
iter: 88  value: -668.4509 mgc: 2344.471 ustep: 0.5587698 
iter: 89  value: -668.4876 mgc: 1357.298 ustep: 0.7475343 
iter: 90  value: -668.6023 mgc: 3206.677 ustep: 0.8646142 
iter: 91  value: -668.6488 mgc: 2025.03 ustep: 0.9298534 
iter: 92  value: -668.6605 mgc: 2292.735 ustep: 0.9642926 
iter: 93  value: -668.6883 mgc: 2008.73 ustep: 0.9819858 
iter: 94  value: -668.698 mgc: 1396.904 ustep: 0.9909529 
iter: 95  value: -668.7014 mgc: 762.2906 ustep: 0.9954666 
iter: 96  value: -668.7034 mgc: 542.7653 ustep: 0.997731 
iter: 97  value: -668.7037 mgc: 197.1277 ustep: 0.9988649 
iter: 98  value: -668.7039 mgc: 135.9525 ustep: 0.9994324 
iter: 99  value: -668.7039 mgc: 33.19131 ustep: 0.9997162 
iter: 100  value: -668.7039 mgc: 19.72487 ustep: 0.9998581 
iter: 101  value: -668.7039 mgc: 1.471177 ustep: 0.999929 
iter: 102  value: -668.7039 mgc: 0.174171 ustep: 0.9999645 
iter: 103  value: -668.7039 mgc: 0.000154865 ustep: 0.9999823 
iter: 104  value: -668.7039 mgc: 3.602941e-07 ustep: 0.9999911 
mgc: 3.83508e-07 
outer mgc:  0.1089591 
iter: 1  value: 14443938324 mgc: 1616539071 ustep: 3.420548e-09 
iter: 2  value: 345860.5 mgc: 795550017 ustep: 6.186147e-07 
iter: 3  value: 24175.11 mgc: 4591653 ustep: 0.000886442 
iter: 4  value: 19202 mgc: 25566.22 ustep: 0.01504682 
iter: 5  value: 16138.31 mgc: 187727.3 ustep: 0.008164776 
iter: 6  value: 15132.08 mgc: 59149.68 ustep: 0.01177717 
iter: 7  value: 10355.61 mgc: 257110.6 ustep: 0.1086118 
iter: 8  value: 611.3122 mgc: 884613.5 ustep: 0.3296301 
iter: 9  value: -62.10256 mgc: 109212.1 ustep: 0.5741768 
iter: 10  value: -65.91609 mgc: 96864.48 ustep: 0.1623596 
iter: 11  value: -123.7916 mgc: 173105.5 ustep: 0.4029984 
iter: 12  value: -332.798 mgc: 125820.8 ustep: 0.3956907 
iter: 13  value: -506.4015 mgc: 88830.49 ustep: 0.2195462 
iter: 14  value: -530.6461 mgc: 50504.5 ustep: 0.2710083 
iter: 15  value: -588.5152 mgc: 93350.68 ustep: 0.1678808 
iter: 16  value: -601.4361 mgc: 35242.49 ustep: 0.01633393 
iter: 17  value: -607.6734 mgc: 25635.6 ustep: 0.1278915 
iter: 18  value: -608.46 mgc: 16177.26 ustep: 0.02727655 
iter: 19  value: -611.4579 mgc: 22503.81 ustep: 0.1652396 
iter: 20  value: -614.7668 mgc: 22233.7 ustep: 0.06312501 
iter: 21  value: -620.1594 mgc: 25302.99 ustep: 0.1347246 
iter: 22  value: -621.8531 mgc: 14594.03 ustep: 0.3671118 
iter: 23  value: -631.19 mgc: 36504.31 ustep: 0.10985 
iter: 24  value: -637.43 mgc: 13856.27 ustep: 0.3315031 
iter: 25  value: -638.1988 mgc: 8583.827 ustep: 0.1016169 
iter: 26  value: -643.456 mgc: 13363.02 ustep: 0.3188423 
iter: 27  value: -644.039 mgc: 1914.211 ustep: 0.05063329 
iter: 28  value: -646.2853 mgc: 5185.575 ustep: 0.2250959 
iter: 29  value: -646.9089 mgc: 2710.368 ustep: 0.1485484 
iter: 30  value: -650.7782 mgc: 11036.34 ustep: 0.3854812 
iter: 31  value: -651.0907 mgc: 3504.574 ustep: 0.05879694 
iter: 32  value: -652.8658 mgc: 7488.922 ustep: 0.2425566 
iter: 33  value: -652.9648 mgc: 2896.772 ustep: 0.08127342 
iter: 34  value: -655.0004 mgc: 9424.967 ustep: 0.2851564 
iter: 35  value: -655.2644 mgc: 2569.306 ustep: 0.04658828 
iter: 36  value: -656.3668 mgc: 5120.758 ustep: 0.2159216 
iter: 37  value: -656.5707 mgc: 1818.509 ustep: 0.07512491 
iter: 38  value: -657.8909 mgc: 6591.392 ustep: 0.2741618 
iter: 39  value: -658.1042 mgc: 1879.556 ustep: 0.04527329 
iter: 40  value: -658.9159 mgc: 4216.916 ustep: 0.2128539 
iter: 41  value: -658.935 mgc: 1717.772 ustep: 0.1433001 
iter: 42  value: -660.6022 mgc: 9537.612 ustep: 0.3786121 
iter: 43  value: -660.6743 mgc: 2303.651 ustep: 0.05794107 
iter: 44  value: -661.3868 mgc: 6484.784 ustep: 0.2407855 
iter: 45  value: -661.4583 mgc: 4641.387 ustep: 0.08086657 
iter: 46  value: -661.811 mgc: 7656.448 ustep: 0.154078 
iter: 47  value: -662.2276 mgc: 7894.716 ustep: 0.06039758 
iter: 48  value: -662.4297 mgc: 5718.784 ustep: 0.1315599 
iter: 49  value: -662.4836 mgc: 6924.301 ustep: 0.1065222 
iter: 50  value: -662.9997 mgc: 9279.735 ustep: 0.1792779 
iter: 51  value: -663.34 mgc: 7653.48 ustep: 0.06650394 
iter: 52  value: -663.4112 mgc: 6235.028 ustep: 0.2579578 
iter: 53  value: -663.8859 mgc: 9275.258 ustep: 0.08480298 
iter: 54  value: -664.2013 mgc: 7600.185 ustep: 0.2912804 
iter: 55  value: -664.3334 mgc: 8002.601 ustep: 0.09241264 
iter: 56  value: -664.9501 mgc: 9389.228 ustep: 0.3040641 
iter: 57  value: -665.2801 mgc: 6656.303 ustep: 0.04885466 
iter: 58  value: -665.5618 mgc: 4405.035 ustep: 0.2211088 
iter: 59  value: -665.5779 mgc: 3238.437 ustep: 0.07632819 
iter: 60  value: -665.9424 mgc: 5387.266 ustep: 0.2763479 
iter: 61  value: -666.0485 mgc: 3370.29 ustep: 0.04553466 
iter: 62  value: -666.2477 mgc: 2981.903 ustep: 0.2134672 
iter: 63  value: -666.2905 mgc: 2156.623 ustep: 0.07455437 
iter: 64  value: -666.5355 mgc: 3574.528 ustep: 0.2731192 
iter: 65  value: -666.6037 mgc: 2326.152 ustep: 0.04514864 
iter: 66  value: -666.7531 mgc: 2143.276 ustep: 0.2125609 
iter: 67  value: -666.7705 mgc: 1599.088 ustep: 0.1431738 
iter: 68  value: -667.0689 mgc: 4194.779 ustep: 0.3784453 
iter: 69  value: -667.1193 mgc: 2367.889 ustep: 0.05792034 
iter: 70  value: -667.2579 mgc: 2660.192 ustep: 0.2407424 
iter: 71  value: -667.2829 mgc: 1656.288 ustep: 0.08085667 
iter: 72  value: -667.4337 mgc: 2764.134 ustep: 0.2844246 
iter: 73  value: -667.4509 mgc: 1586.998 ustep: 0.09084797 
iter: 74  value: -667.5978 mgc: 2861.237 ustep: 0.3014798 
iter: 75  value: -667.6147 mgc: 1537.183 ustep: 0.09474144 
iter: 76  value: -667.7439 mgc: 2652.249 ustep: 0.3078702 
iter: 77  value: -667.7645 mgc: 1418.747 ustep: 0.09620175 
iter: 78  value: -667.8709 mgc: 2224.339 ustep: 0.3102331 
iter: 79  value: -667.8934 mgc: 1233.126 ustep: 0.09674204 
iter: 80  value: -667.9798 mgc: 1756.839 ustep: 0.3111027 
iter: 81  value: -667.9923 mgc: 1020.905 ustep: 0.1845018 
iter: 82  value: -668.1161 mgc: 2495.597 ustep: 0.4295938 
iter: 83  value: -668.1346 mgc: 1177.944 ustep: 0.1246655 
iter: 84  value: -668.2042 mgc: 1638.915 ustep: 0.3531447 
iter: 85  value: -668.2112 mgc: 929.8154 ustep: 0.3630181 
iter: 86  value: -668.3594 mgc: 3006.915 ustep: 0.6025496 
iter: 87  value: -668.3688 mgc: 1257.331 ustep: 0.3121744 
iter: 88  value: -668.4512 mgc: 2344.377 ustep: 0.5587698 
iter: 89  value: -668.4879 mgc: 1357.225 ustep: 0.7475343 
iter: 90  value: -668.6026 mgc: 3206.528 ustep: 0.8646142 
iter: 91  value: -668.6491 mgc: 2024.93 ustep: 0.9298534 
iter: 92  value: -668.6608 mgc: 2292.617 ustep: 0.9642926 
iter: 93  value: -668.6886 mgc: 2008.675 ustep: 0.9819858 
iter: 94  value: -668.6983 mgc: 1396.84 ustep: 0.9909529 
iter: 95  value: -668.7017 mgc: 762.2627 ustep: 0.9954666 
iter: 96  value: -668.7036 mgc: 542.7391 ustep: 0.997731 
iter: 97  value: -668.704 mgc: 197.1163 ustep: 0.9988649 
iter: 98  value: -668.7042 mgc: 135.9424 ustep: 0.9994324 
iter: 99  value: -668.7042 mgc: 33.18805 ustep: 0.9997162 
iter: 100  value: -668.7042 mgc: 19.72178 ustep: 0.9998581 
iter: 101  value: -668.7042 mgc: 1.470809 ustep: 0.999929 
iter: 102  value: -668.7042 mgc: 0.1740791 ustep: 0.9999645 
iter: 103  value: -668.7042 mgc: 0.000154865 ustep: 0.9999823 
iter: 104  value: -668.7042 mgc: 4.216233e-07 ustep: 0.9999911 
mgc: 3.71452e-07 
outer mgc:  0.08290697 
iter: 1  value: 14443938324 mgc: 1616539071 ustep: 3.420548e-09 
iter: 2  value: 345860.4 mgc: 795550017 ustep: 6.186147e-07 
iter: 3  value: 24175.03 mgc: 4591653 ustep: 0.000886442 
iter: 4  value: 19201.97 mgc: 25566.22 ustep: 0.01504682 
iter: 5  value: 16138.3 mgc: 187727.1 ustep: 0.008164776 
iter: 6  value: 15132.08 mgc: 59149.68 ustep: 0.01177717 
iter: 7  value: 10355.65 mgc: 257110.5 ustep: 0.1086118 
iter: 8  value: 611.3301 mgc: 884613.5 ustep: 0.3296301 
iter: 9  value: -61.93401 mgc: 109208 ustep: 0.5741768 
iter: 10  value: -65.89403 mgc: 96865.63 ustep: 0.1623596 
iter: 11  value: -123.7447 mgc: 173108.2 ustep: 0.4029984 
iter: 12  value: -332.765 mgc: 125822.5 ustep: 0.3956907 
iter: 13  value: -506.3618 mgc: 88837.65 ustep: 0.2195462 
iter: 14  value: -530.7592 mgc: 50513.21 ustep: 0.2710083 
iter: 15  value: -588.5172 mgc: 93258.66 ustep: 0.1678808 
iter: 16  value: -601.4297 mgc: 35243.09 ustep: 0.01633393 
iter: 17  value: -607.6724 mgc: 25651.04 ustep: 0.1278915 
iter: 18  value: -608.4553 mgc: 16177.28 ustep: 0.02727655 
iter: 19  value: -611.4575 mgc: 22516.81 ustep: 0.1652396 
iter: 20  value: -614.762 mgc: 22233.69 ustep: 0.06312501 
iter: 21  value: -620.159 mgc: 25315.45 ustep: 0.1347246 
iter: 22  value: -621.8455 mgc: 14594.01 ustep: 0.3671118 
iter: 23  value: -631.1897 mgc: 36518.84 ustep: 0.10985 
iter: 24  value: -637.4293 mgc: 13856.16 ustep: 0.3315031 
iter: 25  value: -638.1987 mgc: 8586.794 ustep: 0.1016169 
iter: 26  value: -643.4558 mgc: 13362.91 ustep: 0.3188423 
iter: 27  value: -644.0388 mgc: 1915.008 ustep: 0.05063329 
iter: 28  value: -646.2851 mgc: 5185.63 ustep: 0.2250959 
iter: 29  value: -646.9087 mgc: 2710.323 ustep: 0.1485484 
iter: 30  value: -650.7781 mgc: 11036.52 ustep: 0.3854812 
iter: 31  value: -651.0906 mgc: 3504.218 ustep: 0.05879694 
iter: 32  value: -652.8657 mgc: 7489.019 ustep: 0.2425566 
iter: 33  value: -652.9646 mgc: 2896.27 ustep: 0.08127342 
iter: 34  value: -655.0003 mgc: 9425.099 ustep: 0.2851564 
iter: 35  value: -655.2643 mgc: 2568.857 ustep: 0.04658828 
iter: 36  value: -656.3667 mgc: 5120.793 ustep: 0.2159216 
iter: 37  value: -656.5706 mgc: 1818.284 ustep: 0.07512491 
iter: 38  value: -657.8908 mgc: 6591.446 ustep: 0.2741618 
iter: 39  value: -658.104 mgc: 1879.355 ustep: 0.04527329 
iter: 40  value: -658.9158 mgc: 4216.932 ustep: 0.2128539 
iter: 41  value: -658.9349 mgc: 1717.825 ustep: 0.1433001 
iter: 42  value: -660.6021 mgc: 9537.655 ustep: 0.3786121 
iter: 43  value: -660.6741 mgc: 2303.497 ustep: 0.05794107 
iter: 44  value: -661.3866 mgc: 6484.797 ustep: 0.2407855 
iter: 45  value: -661.4582 mgc: 4641.974 ustep: 0.08086657 
iter: 46  value: -661.8108 mgc: 7656.513 ustep: 0.154078 
iter: 47  value: -662.2275 mgc: 7895.188 ustep: 0.06039758 
iter: 48  value: -662.4297 mgc: 5718.941 ustep: 0.1315599 
iter: 49  value: -662.4834 mgc: 6923.816 ustep: 0.1065222 
iter: 50  value: -662.9996 mgc: 9280.045 ustep: 0.1792779 
iter: 51  value: -663.3399 mgc: 7652.926 ustep: 0.06650394 
iter: 52  value: -663.4111 mgc: 6235.062 ustep: 0.2579578 
iter: 53  value: -663.8858 mgc: 9274.861 ustep: 0.08480298 
iter: 54  value: -664.2012 mgc: 7600.182 ustep: 0.2912804 
iter: 55  value: -664.3333 mgc: 8002.443 ustep: 0.09241264 
iter: 56  value: -664.95 mgc: 9389.184 ustep: 0.3040641 
iter: 57  value: -665.28 mgc: 6656.229 ustep: 0.04885466 
iter: 58  value: -665.5617 mgc: 4405.013 ustep: 0.2211088 
iter: 59  value: -665.5778 mgc: 3238.407 ustep: 0.07632819 
iter: 60  value: -665.9423 mgc: 5387.254 ustep: 0.2763479 
iter: 61  value: -666.0484 mgc: 3370.264 ustep: 0.04553466 
iter: 62  value: -666.2476 mgc: 2981.906 ustep: 0.2134672 
iter: 63  value: -666.2904 mgc: 2156.611 ustep: 0.07455437 
iter: 64  value: -666.5354 mgc: 3574.548 ustep: 0.2731192 
iter: 65  value: -666.6035 mgc: 2326.146 ustep: 0.04514864 
iter: 66  value: -666.753 mgc: 2143.294 ustep: 0.2125609 
iter: 67  value: -666.7704 mgc: 1599.088 ustep: 0.1431738 
iter: 68  value: -667.0688 mgc: 4194.857 ustep: 0.3784453 
iter: 69  value: -667.1191 mgc: 2367.9 ustep: 0.05792034 
iter: 70  value: -667.2577 mgc: 2660.233 ustep: 0.2407424 
iter: 71  value: -667.2828 mgc: 1656.305 ustep: 0.08085667 
iter: 72  value: -667.4336 mgc: 2764.191 ustep: 0.2844246 
iter: 73  value: -667.4508 mgc: 1587.019 ustep: 0.09084797 
iter: 74  value: -667.5976 mgc: 2861.307 ustep: 0.3014798 
iter: 75  value: -667.6145 mgc: 1537.209 ustep: 0.09474144 
iter: 76  value: -667.7437 mgc: 2652.319 ustep: 0.3078702 
iter: 77  value: -667.7643 mgc: 1418.776 ustep: 0.09620175 
iter: 78  value: -667.8708 mgc: 2224.403 ustep: 0.3102331 
iter: 79  value: -667.8932 mgc: 1233.155 ustep: 0.09674204 
iter: 80  value: -667.9796 mgc: 1756.896 ustep: 0.3111027 
iter: 81  value: -667.9921 mgc: 1020.931 ustep: 0.1845018 
iter: 82  value: -668.1159 mgc: 2495.704 ustep: 0.4295938 
iter: 83  value: -668.1345 mgc: 1177.984 ustep: 0.1246655 
iter: 84  value: -668.2041 mgc: 1638.974 ustep: 0.3531447 
iter: 85  value: -668.2111 mgc: 929.8488 ustep: 0.3630181 
iter: 86  value: -668.3592 mgc: 3007.051 ustep: 0.6025496 
iter: 87  value: -668.3686 mgc: 1257.39 ustep: 0.3121744 
iter: 88  value: -668.451 mgc: 2344.46 ustep: 0.5587698 
iter: 89  value: -668.4877 mgc: 1357.288 ustep: 0.7475343 
iter: 90  value: -668.6024 mgc: 3206.658 ustep: 0.8646142 
iter: 91  value: -668.6489 mgc: 2025.015 ustep: 0.9298534 
iter: 92  value: -668.6606 mgc: 2292.718 ustep: 0.9642926 
iter: 93  value: -668.6884 mgc: 2008.722 ustep: 0.9819858 
iter: 94  value: -668.6981 mgc: 1396.894 ustep: 0.9909529 
iter: 95  value: -668.7015 mgc: 762.2871 ustep: 0.9954666 
iter: 96  value: -668.7034 mgc: 542.7619 ustep: 0.997731 
iter: 97  value: -668.7038 mgc: 197.1262 ustep: 0.9988649 
iter: 98  value: -668.704 mgc: 135.9513 ustep: 0.9994324 
iter: 99  value: -668.704 mgc: 33.1909 ustep: 0.9997162 
iter: 100  value: -668.704 mgc: 19.7245 ustep: 0.9998581 
iter: 101  value: -668.704 mgc: 1.47113 ustep: 0.999929 
iter: 102  value: -668.704 mgc: 0.1741598 ustep: 0.9999645 
iter: 103  value: -668.704 mgc: 0.000154865 ustep: 0.9999823 
iter: 104  value: -668.704 mgc: 3.692616e-07 ustep: 0.9999911 
mgc: 3.732504e-07 
outer mgc:  0.08290686 
iter: 1  value: 14443938324 mgc: 1616539071 ustep: 3.420548e-09 
iter: 2  value: 345860.4 mgc: 795550017 ustep: 6.186147e-07 
iter: 3  value: 24175.1 mgc: 4591653 ustep: 0.000886442 
iter: 4  value: 19202.01 mgc: 25566.22 ustep: 0.01504682 
iter: 5  value: 16138.32 mgc: 187727.9 ustep: 0.008164776 
iter: 6  value: 15132.09 mgc: 59149.68 ustep: 0.01177717 
iter: 7  value: 10355.62 mgc: 257110.7 ustep: 0.1086118 
iter: 8  value: 611.3184 mgc: 884613.5 ustep: 0.3296301 
iter: 9  value: -62.14829 mgc: 109213 ustep: 0.5741768 
iter: 10  value: -65.91126 mgc: 96863.84 ustep: 0.1623596 
iter: 11  value: -123.8022 mgc: 173106.7 ustep: 0.4029984 
iter: 12  value: -332.795 mgc: 125820.1 ustep: 0.3956907 
iter: 13  value: -506.4251 mgc: 88829.56 ustep: 0.2195462 
iter: 14  value: -530.7717 mgc: 50499.45 ustep: 0.2710083 
iter: 15  value: -588.5113 mgc: 93250.84 ustep: 0.1678808 
iter: 16  value: -601.4309 mgc: 35243.32 ustep: 0.01633393 
iter: 17  value: -607.6728 mgc: 25649.6 ustep: 0.1278915 
iter: 18  value: -608.4561 mgc: 16177.35 ustep: 0.02727655 
iter: 19  value: -611.4572 mgc: 22515.65 ustep: 0.1652396 
iter: 20  value: -614.7627 mgc: 22233.73 ustep: 0.06312501 
iter: 21  value: -620.1591 mgc: 25314.49 ustep: 0.1347246 
iter: 22  value: -621.8459 mgc: 14593.98 ustep: 0.3671118 
iter: 23  value: -631.1898 mgc: 36518.4 ustep: 0.10985 
iter: 24  value: -637.4295 mgc: 13856.13 ustep: 0.3315031 
iter: 25  value: -638.1987 mgc: 8586.199 ustep: 0.1016169 
iter: 26  value: -643.4559 mgc: 13362.87 ustep: 0.3188423 
iter: 27  value: -644.0389 mgc: 1914.464 ustep: 0.05063329 
iter: 28  value: -646.2852 mgc: 5185.509 ustep: 0.2250959 
iter: 29  value: -646.9088 mgc: 2710.412 ustep: 0.1485484 
iter: 30  value: -650.7781 mgc: 11036.14 ustep: 0.3854812 
iter: 31  value: -651.0907 mgc: 3504.795 ustep: 0.05879694 
iter: 32  value: -652.8657 mgc: 7488.841 ustep: 0.2425566 
iter: 33  value: -652.9647 mgc: 2897.051 ustep: 0.08127342 
iter: 34  value: -655.0003 mgc: 9424.871 ustep: 0.2851564 
iter: 35  value: -655.2644 mgc: 2569.554 ustep: 0.04658828 
iter: 36  value: -656.3667 mgc: 5120.74 ustep: 0.2159216 
iter: 37  value: -656.5707 mgc: 1818.634 ustep: 0.07512491 
iter: 38  value: -657.8909 mgc: 6591.368 ustep: 0.2741618 
iter: 39  value: -658.1041 mgc: 1879.674 ustep: 0.04527329 
iter: 40  value: -658.9158 mgc: 4216.914 ustep: 0.2128539 
iter: 41  value: -658.935 mgc: 1717.769 ustep: 0.1433001 
iter: 42  value: -660.6022 mgc: 9537.605 ustep: 0.3786121 
iter: 43  value: -660.6742 mgc: 2303.772 ustep: 0.05794107 
iter: 44  value: -661.3868 mgc: 6484.795 ustep: 0.2407855 
iter: 45  value: -661.4583 mgc: 4641.33 ustep: 0.08086657 
iter: 46  value: -661.811 mgc: 7656.454 ustep: 0.154078 
iter: 47  value: -662.2276 mgc: 7894.804 ustep: 0.06039758 
iter: 48  value: -662.4297 mgc: 5718.784 ustep: 0.1315599 
iter: 49  value: -662.4836 mgc: 6924.54 ustep: 0.1065222 
iter: 50  value: -662.9996 mgc: 9279.745 ustep: 0.1792779 
iter: 51  value: -663.34 mgc: 7653.736 ustep: 0.06650394 
iter: 52  value: -663.4111 mgc: 6235.08 ustep: 0.2579578 
iter: 53  value: -663.8859 mgc: 9275.484 ustep: 0.08480298 
iter: 54  value: -664.2013 mgc: 7600.269 ustep: 0.2912804 
iter: 55  value: -664.3334 mgc: 8002.753 ustep: 0.09241264 
iter: 56  value: -664.9501 mgc: 9389.338 ustep: 0.3040641 
iter: 57  value: -665.2801 mgc: 6656.423 ustep: 0.04885466 
iter: 58  value: -665.5619 mgc: 4405.083 ustep: 0.2211088 
iter: 59  value: -665.578 mgc: 3238.492 ustep: 0.07632819 
iter: 60  value: -665.9425 mgc: 5387.332 ustep: 0.2763479 
iter: 61  value: -666.0485 mgc: 3370.353 ustep: 0.04553466 
iter: 62  value: -666.2478 mgc: 2981.935 ustep: 0.2134672 
iter: 63  value: -666.2905 mgc: 2156.659 ustep: 0.07455437 
iter: 64  value: -666.5356 mgc: 3574.575 ustep: 0.2731192 
iter: 65  value: -666.6037 mgc: 2326.194 ustep: 0.04514864 
iter: 66  value: -666.7531 mgc: 2143.3 ustep: 0.2125609 
iter: 67  value: -666.7706 mgc: 1599.113 ustep: 0.1431738 
iter: 68  value: -667.069 mgc: 4194.849 ustep: 0.3784453 
iter: 69  value: -667.1193 mgc: 2367.935 ustep: 0.05792034 
iter: 70  value: -667.2579 mgc: 2660.217 ustep: 0.2407424 
iter: 71  value: -667.283 mgc: 1656.315 ustep: 0.08085667 
iter: 72  value: -667.4338 mgc: 2764.157 ustep: 0.2844246 
iter: 73  value: -667.4509 mgc: 1587.023 ustep: 0.09084797 
iter: 74  value: -667.5978 mgc: 2861.256 ustep: 0.3014798 
iter: 75  value: -667.6147 mgc: 1537.207 ustep: 0.09474144 
iter: 76  value: -667.7439 mgc: 2652.262 ustep: 0.3078702 
iter: 77  value: -667.7645 mgc: 1418.766 ustep: 0.09620175 
iter: 78  value: -667.871 mgc: 2224.347 ustep: 0.3102331 
iter: 79  value: -667.8934 mgc: 1233.141 ustep: 0.09674204 
iter: 80  value: -667.9798 mgc: 1756.843 ustep: 0.3111027 
iter: 81  value: -667.9923 mgc: 1020.915 ustep: 0.1845018 
iter: 82  value: -668.1161 mgc: 2495.601 ustep: 0.4295938 
iter: 83  value: -668.1347 mgc: 1177.958 ustep: 0.1246655 
iter: 84  value: -668.2043 mgc: 1638.916 ustep: 0.3531447 
iter: 85  value: -668.2113 mgc: 929.8239 ustep: 0.3630181 
iter: 86  value: -668.3594 mgc: 3006.909 ustep: 0.6025496 
iter: 87  value: -668.3688 mgc: 1257.348 ustep: 0.3121744 
iter: 88  value: -668.4512 mgc: 2344.373 ustep: 0.5587698 
iter: 89  value: -668.4879 mgc: 1357.238 ustep: 0.7475343 
iter: 90  value: -668.6027 mgc: 3206.519 ustep: 0.8646142 
iter: 91  value: -668.6491 mgc: 2024.949 ustep: 0.9298534 
iter: 92  value: -668.6609 mgc: 2292.616 ustep: 0.9642926 
iter: 93  value: -668.6886 mgc: 2008.678 ustep: 0.9819858 
iter: 94  value: -668.6983 mgc: 1396.836 ustep: 0.9909529 
iter: 95  value: -668.7017 mgc: 762.2561 ustep: 0.9954666 
iter: 96  value: -668.7037 mgc: 542.7314 ustep: 0.997731 
iter: 97  value: -668.704 mgc: 197.1139 ustep: 0.9988649 
iter: 98  value: -668.7042 mgc: 135.9389 ustep: 0.9994324 
iter: 99  value: -668.7042 mgc: 33.18747 ustep: 0.9997162 
iter: 100  value: -668.7042 mgc: 19.72084 ustep: 0.9998581 
iter: 101  value: -668.7042 mgc: 1.470748 ustep: 0.999929 
iter: 102  value: -668.7042 mgc: 0.1740568 ustep: 0.9999645 
iter: 103  value: -668.7042 mgc: 0.0001545904 ustep: 0.9999823 
iter: 104  value: -668.7042 mgc: 3.463301e-07 ustep: 0.9999911 
mgc: 3.31545e-07 
outer mgc:  0.08576826 
iter: 1  value: 14443938324 mgc: 1616539071 ustep: 3.420548e-09 
iter: 2  value: 345860.4 mgc: 795550017 ustep: 6.186147e-07 
iter: 3  value: 24175.05 mgc: 4591653 ustep: 0.000886442 
iter: 4  value: 19201.96 mgc: 25566.22 ustep: 0.01504682 
iter: 5  value: 16138.3 mgc: 187726.5 ustep: 0.008164776 
iter: 6  value: 15132.07 mgc: 59149.68 ustep: 0.01177717 
iter: 7  value: 10355.64 mgc: 257110.5 ustep: 0.1086118 
iter: 8  value: 611.3238 mgc: 884613.5 ustep: 0.3296301 
iter: 9  value: -61.88835 mgc: 109207.1 ustep: 0.5741768 
iter: 10  value: -65.89886 mgc: 96866.27 ustep: 0.1623596 
iter: 11  value: -123.7341 mgc: 173107 ustep: 0.4029984 
iter: 12  value: -332.768 mgc: 125823.2 ustep: 0.3956907 
iter: 13  value: -506.3383 mgc: 88838.58 ustep: 0.2195462 
iter: 14  value: -530.6335 mgc: 50518.25 ustep: 0.2710083 
iter: 15  value: -588.5212 mgc: 93358.5 ustep: 0.1678808 
iter: 16  value: -601.4349 mgc: 35242.27 ustep: 0.01633393 
iter: 17  value: -607.673 mgc: 25637.04 ustep: 0.1278915 
iter: 18  value: -608.4592 mgc: 16177.18 ustep: 0.02727655 
iter: 19  value: -611.4581 mgc: 22504.97 ustep: 0.1652396 
iter: 20  value: -614.7661 mgc: 22233.66 ustep: 0.06312501 
iter: 21  value: -620.1593 mgc: 25303.95 ustep: 0.1347246 
iter: 22  value: -621.8527 mgc: 14594.06 ustep: 0.3671118 
iter: 23  value: -631.1899 mgc: 36504.75 ustep: 0.10985 
iter: 24  value: -637.4298 mgc: 13856.29 ustep: 0.3315031 
iter: 25  value: -638.1988 mgc: 8584.422 ustep: 0.1016169 
iter: 26  value: -643.4559 mgc: 13363.06 ustep: 0.3188423 
iter: 27  value: -644.0389 mgc: 1914.756 ustep: 0.05063329 
iter: 28  value: -646.2852 mgc: 5185.696 ustep: 0.2250959 
iter: 29  value: -646.9088 mgc: 2710.279 ustep: 0.1485484 
iter: 30  value: -650.7782 mgc: 11036.72 ustep: 0.3854812 
iter: 31  value: -651.0907 mgc: 3503.997 ustep: 0.05879694 
iter: 32  value: -652.8657 mgc: 7489.101 ustep: 0.2425566 
iter: 33  value: -652.9647 mgc: 2895.991 ustep: 0.08127342 
iter: 34  value: -655.0003 mgc: 9425.196 ustep: 0.2851564 
iter: 35  value: -655.2643 mgc: 2568.608 ustep: 0.04658828 
iter: 36  value: -656.3667 mgc: 5120.811 ustep: 0.2159216 
iter: 37  value: -656.5706 mgc: 1818.159 ustep: 0.07512491 
iter: 38  value: -657.8909 mgc: 6591.47 ustep: 0.2741618 
iter: 39  value: -658.1041 mgc: 1879.237 ustep: 0.04527329 
iter: 40  value: -658.9158 mgc: 4216.934 ustep: 0.2128539 
iter: 41  value: -658.9349 mgc: 1717.829 ustep: 0.1433001 
iter: 42  value: -660.6021 mgc: 9537.661 ustep: 0.3786121 
iter: 43  value: -660.6742 mgc: 2303.377 ustep: 0.05794107 
iter: 44  value: -661.3866 mgc: 6484.786 ustep: 0.2407855 
iter: 45  value: -661.4582 mgc: 4642.032 ustep: 0.08086657 
iter: 46  value: -661.8109 mgc: 7656.507 ustep: 0.154078 
iter: 47  value: -662.2275 mgc: 7895.101 ustep: 0.06039758 
iter: 48  value: -662.4297 mgc: 5718.941 ustep: 0.1315599 
iter: 49  value: -662.4834 mgc: 6923.576 ustep: 0.1065222 
iter: 50  value: -662.9996 mgc: 9280.036 ustep: 0.1792779 
iter: 51  value: -663.3399 mgc: 7652.67 ustep: 0.06650394 
iter: 52  value: -663.4112 mgc: 6235.01 ustep: 0.2579578 
iter: 53  value: -663.8857 mgc: 9274.635 ustep: 0.08480298 
iter: 54  value: -664.2012 mgc: 7600.098 ustep: 0.2912804 
iter: 55  value: -664.3333 mgc: 8002.291 ustep: 0.09241264 
iter: 56  value: -664.95 mgc: 9389.074 ustep: 0.3040641 
iter: 57  value: -665.2799 mgc: 6656.109 ustep: 0.04885466 
iter: 58  value: -665.5617 mgc: 4404.965 ustep: 0.2211088 
iter: 59  value: -665.5778 mgc: 3238.353 ustep: 0.07632819 
iter: 60  value: -665.9423 mgc: 5387.188 ustep: 0.2763479 
iter: 61  value: -666.0483 mgc: 3370.2 ustep: 0.04553466 
iter: 62  value: -666.2476 mgc: 2981.873 ustep: 0.2134672 
iter: 63  value: -666.2903 mgc: 2156.575 ustep: 0.07455437 
iter: 64  value: -666.5354 mgc: 3574.501 ustep: 0.2731192 
iter: 65  value: -666.6035 mgc: 2326.104 ustep: 0.04514864 
iter: 66  value: -666.7529 mgc: 2143.269 ustep: 0.2125609 
iter: 67  value: -666.7704 mgc: 1599.063 ustep: 0.1431738 
iter: 68  value: -667.0688 mgc: 4194.787 ustep: 0.3784453 
iter: 69  value: -667.1191 mgc: 2367.854 ustep: 0.05792034 
iter: 70  value: -667.2577 mgc: 2660.208 ustep: 0.2407424 
iter: 71  value: -667.2828 mgc: 1656.278 ustep: 0.08085667 
iter: 72  value: -667.4335 mgc: 2764.168 ustep: 0.2844246 
iter: 73  value: -667.4507 mgc: 1586.993 ustep: 0.09084797 
iter: 74  value: -667.5976 mgc: 2861.288 ustep: 0.3014798 
iter: 75  value: -667.6145 mgc: 1537.185 ustep: 0.09474144 
iter: 76  value: -667.7437 mgc: 2652.306 ustep: 0.3078702 
iter: 77  value: -667.7643 mgc: 1418.756 ustep: 0.09620175 
iter: 78  value: -667.8707 mgc: 2224.395 ustep: 0.3102331 
iter: 79  value: -667.8932 mgc: 1233.141 ustep: 0.09674204 
iter: 80  value: -667.9796 mgc: 1756.892 ustep: 0.3111027 
iter: 81  value: -667.9921 mgc: 1020.92 ustep: 0.1845018 
iter: 82  value: -668.1159 mgc: 2495.7 ustep: 0.4295938 
iter: 83  value: -668.1344 mgc: 1177.969 ustep: 0.1246655 
iter: 84  value: -668.204 mgc: 1638.974 ustep: 0.3531447 
iter: 85  value: -668.211 mgc: 929.8403 ustep: 0.3630181 
iter: 86  value: -668.3592 mgc: 3007.057 ustep: 0.6025496 
iter: 87  value: -668.3686 mgc: 1257.373 ustep: 0.3121744 
iter: 88  value: -668.4509 mgc: 2344.463 ustep: 0.5587698 
iter: 89  value: -668.4876 mgc: 1357.275 ustep: 0.7475343 
iter: 90  value: -668.6024 mgc: 3206.668 ustep: 0.8646142 
iter: 91  value: -668.6489 mgc: 2024.996 ustep: 0.9298534 
iter: 92  value: -668.6606 mgc: 2292.72 ustep: 0.9642926 
iter: 93  value: -668.6884 mgc: 2008.719 ustep: 0.9819858 
iter: 94  value: -668.698 mgc: 1396.898 ustep: 0.9909529 
iter: 95  value: -668.7014 mgc: 762.2937 ustep: 0.9954666 
iter: 96  value: -668.7034 mgc: 542.7695 ustep: 0.997731 
iter: 97  value: -668.7038 mgc: 197.1286 ustep: 0.9988649 
iter: 98  value: -668.7039 mgc: 135.9547 ustep: 0.9994324 
iter: 99  value: -668.704 mgc: 33.19148 ustep: 0.9997162 
iter: 100  value: -668.704 mgc: 19.72544 ustep: 0.9998581 
iter: 101  value: -668.704 mgc: 1.471191 ustep: 0.999929 
iter: 102  value: -668.704 mgc: 0.1741815 ustep: 0.9999645 
iter: 103  value: -668.704 mgc: 0.0001551396 ustep: 0.9999823 
iter: 104  value: -668.704 mgc: 3.608572e-07 ustep: 0.9999911 
mgc: 3.702092e-07 
outer mgc:  0.08576843 
iter: 1  value: 14443938325 mgc: 1616539071 ustep: 3.420548e-09 
iter: 2  value: 345860.5 mgc: 795550017 ustep: 6.186147e-07 
iter: 3  value: 24175.15 mgc: 4591653 ustep: 0.000886442 
iter: 4  value: 19202.21 mgc: 25566.22 ustep: 0.01504682 
iter: 5  value: 16138.34 mgc: 187743.3 ustep: 0.008164776 
iter: 6  value: 15132.28 mgc: 59149.71 ustep: 0.01177717 
iter: 7  value: 10355.61 mgc: 257111.6 ustep: 0.1086118 
iter: 8  value: 611.359 mgc: 884614.1 ustep: 0.3296301 
iter: 9  value: -61.82757 mgc: 109237.8 ustep: 0.5741768 
iter: 10  value: -65.95979 mgc: 96863.26 ustep: 0.1623596 
iter: 11  value: -123.5265 mgc: 173091.7 ustep: 0.4029984 
iter: 12  value: -332.9859 mgc: 125828.9 ustep: 0.3956907 
iter: 13  value: -506.8481 mgc: 88804.96 ustep: 0.2195462 
iter: 14  value: -531.1224 mgc: 50440.02 ustep: 0.2710083 
iter: 15  value: -588.4514 mgc: 92981.59 ustep: 0.1678808 
iter: 16  value: -601.4182 mgc: 35237.18 ustep: 0.01633393 
iter: 17  value: -607.672 mgc: 25684.73 ustep: 0.1278915 
iter: 18  value: -608.4469 mgc: 16177.96 ustep: 0.02727655 
iter: 19  value: -611.4553 mgc: 22544.7 ustep: 0.1652396 
iter: 20  value: -614.7534 mgc: 22235.01 ustep: 0.06312501 
iter: 21  value: -620.1583 mgc: 25341.62 ustep: 0.1347246 
iter: 22  value: -621.829 mgc: 14594.76 ustep: 0.3671118 
iter: 23  value: -631.1894 mgc: 36551.8 ustep: 0.10985 
iter: 24  value: -637.4287 mgc: 13856.61 ustep: 0.3315031 
iter: 25  value: -638.1984 mgc: 8589.822 ustep: 0.1016169 
iter: 26  value: -643.4558 mgc: 13363.27 ustep: 0.3188423 
iter: 27  value: -644.0389 mgc: 1914.275 ustep: 0.05063329 
iter: 28  value: -646.2852 mgc: 5185.565 ustep: 0.2250959 
iter: 29  value: -646.9087 mgc: 2710.31 ustep: 0.1485484 
iter: 30  value: -650.7781 mgc: 11036.72 ustep: 0.3854812 
iter: 31  value: -651.0907 mgc: 3505.675 ustep: 0.05879694 
iter: 32  value: -652.8657 mgc: 7489.02 ustep: 0.2425566 
iter: 33  value: -652.9647 mgc: 2899.051 ustep: 0.08127342 
iter: 34  value: -655.0004 mgc: 9425.248 ustep: 0.2851564 
iter: 35  value: -655.2645 mgc: 2571.461 ustep: 0.04658828 
iter: 36  value: -656.3668 mgc: 5120.917 ustep: 0.2159216 
iter: 37  value: -656.5707 mgc: 1819.63 ustep: 0.07512491 
iter: 38  value: -657.891 mgc: 6591.978 ustep: 0.2741618 
iter: 39  value: -658.1043 mgc: 1880.443 ustep: 0.04527329 
iter: 40  value: -658.916 mgc: 4217.339 ustep: 0.2128539 
iter: 41  value: -658.9348 mgc: 1715.646 ustep: 0.1433001 
iter: 42  value: -660.6025 mgc: 9540.704 ustep: 0.3786121 
iter: 43  value: -660.6743 mgc: 2302.741 ustep: 0.05794107 
iter: 44  value: -661.3882 mgc: 6485.654 ustep: 0.2407855 
iter: 45  value: -661.4583 mgc: 4618.821 ustep: 0.08086657 
iter: 46  value: -661.8135 mgc: 7655.961 ustep: 0.154078 
iter: 47  value: -662.2278 mgc: 7869.916 ustep: 0.06039758 
iter: 48  value: -662.4288 mgc: 5713.651 ustep: 0.1315599 
iter: 49  value: -662.4847 mgc: 6934.189 ustep: 0.1065222 
iter: 50  value: -662.9983 mgc: 9269.586 ustep: 0.1792779 
iter: 51  value: -663.3401 mgc: 7666.905 ustep: 0.06650394 
iter: 52  value: -663.4098 mgc: 6233.146 ustep: 0.2579578 
iter: 53  value: -663.886 mgc: 9285.149 ustep: 0.08480298 
iter: 54  value: -664.2008 mgc: 7599.811 ustep: 0.2912804 
iter: 55  value: -664.3333 mgc: 8006.449 ustep: 0.09241264 
iter: 56  value: -664.95 mgc: 9391.043 ustep: 0.3040641 
iter: 57  value: -665.2802 mgc: 6658.351 ustep: 0.04885466 
iter: 58  value: -665.562 mgc: 4406.321 ustep: 0.2211088 
iter: 59  value: -665.578 mgc: 3239.365 ustep: 0.07632819 
iter: 60  value: -665.9426 mgc: 5389.113 ustep: 0.2763479 
iter: 61  value: -666.0487 mgc: 3371.44 ustep: 0.04553466 
iter: 62  value: -666.2479 mgc: 2982.79 ustep: 0.2134672 
iter: 63  value: -666.2907 mgc: 2157.314 ustep: 0.07455437 
iter: 64  value: -666.5358 mgc: 3575.819 ustep: 0.2731192 
iter: 65  value: -666.6039 mgc: 2326.957 ustep: 0.04514864 
iter: 66  value: -666.7533 mgc: 2143.952 ustep: 0.2125609 
iter: 67  value: -666.7707 mgc: 1599.569 ustep: 0.1431738 
iter: 68  value: -667.0692 mgc: 4196.711 ustep: 0.3784453 
iter: 69  value: -667.1195 mgc: 2368.782 ustep: 0.05792034 
iter: 70  value: -667.2581 mgc: 2660.892 ustep: 0.2407424 
iter: 71  value: -667.2832 mgc: 1656.85 ustep: 0.08085667 
iter: 72  value: -667.434 mgc: 2764.808 ustep: 0.2844246 
iter: 73  value: -667.4512 mgc: 1587.517 ustep: 0.09084797 
iter: 74  value: -667.5981 mgc: 2861.838 ustep: 0.3014798 
iter: 75  value: -667.615 mgc: 1537.66 ustep: 0.09474144 
iter: 76  value: -667.7442 mgc: 2652.689 ustep: 0.3078702 
iter: 77  value: -667.7648 mgc: 1419.141 ustep: 0.09620175 
iter: 78  value: -667.8713 mgc: 2224.644 ustep: 0.3102331 
iter: 79  value: -667.8937 mgc: 1233.422 ustep: 0.09674204 
iter: 80  value: -667.9801 mgc: 1757.057 ustep: 0.3111027 
iter: 81  value: -667.9926 mgc: 1021.116 ustep: 0.1845018 
iter: 82  value: -668.1164 mgc: 2495.904 ustep: 0.4295938 
iter: 83  value: -668.135 mgc: 1178.229 ustep: 0.1246655 
iter: 84  value: -668.2046 mgc: 1639.05 ustep: 0.3531447 
iter: 85  value: -668.2116 mgc: 929.9939 ustep: 0.3630181 
iter: 86  value: -668.3597 mgc: 3007.109 ustep: 0.6025496 
iter: 87  value: -668.3691 mgc: 1257.657 ustep: 0.3121744 
iter: 88  value: -668.4515 mgc: 2344.482 ustep: 0.5587698 
iter: 89  value: -668.4882 mgc: 1357.488 ustep: 0.7475343 
iter: 90  value: -668.603 mgc: 3206.647 ustep: 0.8646142 
iter: 91  value: -668.6495 mgc: 2025.286 ustep: 0.9298534 
iter: 92  value: -668.6612 mgc: 2292.754 ustep: 0.9642926 
iter: 93  value: -668.689 mgc: 2008.761 ustep: 0.9819858 
iter: 94  value: -668.6986 mgc: 1396.835 ustep: 0.9909529 
iter: 95  value: -668.702 mgc: 762.2259 ustep: 0.9954666 
iter: 96  value: -668.704 mgc: 542.6697 ustep: 0.997731 
iter: 97  value: -668.7043 mgc: 197.1013 ustep: 0.9988649 
iter: 98  value: -668.7045 mgc: 135.9106 ustep: 0.9994324 
iter: 99  value: -668.7045 mgc: 33.18445 ustep: 0.9997162 
iter: 100  value: -668.7046 mgc: 19.71335 ustep: 0.9998581 
iter: 101  value: -668.7046 mgc: 1.470423 ustep: 0.999929 
iter: 102  value: -668.7046 mgc: 0.1738959 ustep: 0.9999645 
iter: 103  value: -668.7046 mgc: 0.0001545904 ustep: 0.9999823 
iter: 104  value: -668.7046 mgc: 3.426521e-07 ustep: 0.9999911 
mgc: 3.693165e-07 
outer mgc:  0.1917747 
iter: 1  value: 14443938324 mgc: 1616539071 ustep: 3.420548e-09 
iter: 2  value: 345860.3 mgc: 795550017 ustep: 6.186147e-07 
iter: 3  value: 24174.99 mgc: 4591653 ustep: 0.000886442 
iter: 4  value: 19201.76 mgc: 25566.22 ustep: 0.01504682 
iter: 5  value: 16138.28 mgc: 187711.1 ustep: 0.008164775 
iter: 6  value: 15131.88 mgc: 59149.65 ustep: 0.01177717 
iter: 7  value: 10355.65 mgc: 257109.6 ustep: 0.1086118 
iter: 8  value: 611.2835 mgc: 884612.8 ustep: 0.3296301 
iter: 9  value: -62.21332 mgc: 109182.4 ustep: 0.5741768 
iter: 10  value: -65.85049 mgc: 96866.84 ustep: 0.1623596 
iter: 11  value: -124.0099 mgc: 173121.9 ustep: 0.4029984 
iter: 12  value: -332.5764 mgc: 125814.4 ustep: 0.3956907 
iter: 13  value: -505.9119 mgc: 88863.01 ustep: 0.2195462 
iter: 14  value: -530.2808 mgc: 50575.48 ustep: 0.2710083 
iter: 15  value: -588.5797 mgc: 93628.08 ustep: 0.1678808 
iter: 16  value: -601.4475 mgc: 35248.4 ustep: 0.01633393 
iter: 17  value: -607.6737 mgc: 25601.9 ustep: 0.1278915 
iter: 18  value: -608.4682 mgc: 16176.58 ustep: 0.02727655 
iter: 19  value: -611.46 mgc: 22475.93 ustep: 0.1652396 
iter: 20  value: -614.7753 mgc: 22232.38 ustep: 0.06312501 
iter: 21  value: -620.16 mgc: 25276.83 ustep: 0.1347246 
iter: 22  value: -621.8695 mgc: 14593.29 ustep: 0.3671118 
iter: 23  value: -631.1902 mgc: 36471.35 ustep: 0.10985 
iter: 24  value: -637.4305 mgc: 13855.81 ustep: 0.3315031 
iter: 25  value: -638.199 mgc: 8580.837 ustep: 0.1016169 
iter: 26  value: -643.4558 mgc: 13362.66 ustep: 0.3188423 
iter: 27  value: -644.0389 mgc: 1914.963 ustep: 0.05063329 
iter: 28  value: -646.2851 mgc: 5185.638 ustep: 0.2250959 
iter: 29  value: -646.9088 mgc: 2710.378 ustep: 0.1485484 
iter: 30  value: -650.7781 mgc: 11036.14 ustep: 0.3854812 
iter: 31  value: -651.0906 mgc: 3503.114 ustep: 0.05879694 
iter: 32  value: -652.8656 mgc: 7488.92 ustep: 0.2425566 
iter: 33  value: -652.9646 mgc: 2893.994 ustep: 0.08127342 
iter: 34  value: -655.0002 mgc: 9424.816 ustep: 0.2851564 
iter: 35  value: -655.2642 mgc: 2566.705 ustep: 0.04658828 
iter: 36  value: -656.3665 mgc: 5120.633 ustep: 0.2159216 
iter: 37  value: -656.5705 mgc: 1817.166 ustep: 0.07512491 
iter: 38  value: -657.8906 mgc: 6590.859 ustep: 0.2741618 
iter: 39  value: -658.1038 mgc: 1878.47 ustep: 0.04527329 
iter: 40  value: -658.9155 mgc: 4216.508 ustep: 0.2128539 
iter: 41  value: -658.935 mgc: 1719.957 ustep: 0.1433001 
iter: 42  value: -660.6017 mgc: 9534.559 ustep: 0.3786121 
iter: 43  value: -660.6739 mgc: 2304.415 ustep: 0.05794107 
iter: 44  value: -661.3851 mgc: 6483.931 ustep: 0.2407855 
iter: 45  value: -661.458 mgc: 4664.648 ustep: 0.08086657 
iter: 46  value: -661.8082 mgc: 7657.023 ustep: 0.154078 
iter: 47  value: -662.2272 mgc: 7919.782 ustep: 0.06039758 
iter: 48  value: -662.4305 mgc: 5724.076 ustep: 0.1315599 
iter: 49  value: -662.4822 mgc: 6913.847 ustep: 0.1065222 
iter: 50  value: -663.0009 mgc: 9290.181 ustep: 0.1792779 
iter: 51  value: -663.3396 mgc: 7639.536 ustep: 0.06650394 
iter: 52  value: -663.4123 mgc: 6236.924 ustep: 0.2579578 
iter: 53  value: -663.8855 mgc: 9265.022 ustep: 0.08480298 
iter: 54  value: -664.2016 mgc: 7600.535 ustep: 0.2912804 
iter: 55  value: -664.3333 mgc: 7998.615 ustep: 0.09241264 
iter: 56  value: -664.95 mgc: 9387.361 ustep: 0.3040641 
iter: 57  value: -665.2798 mgc: 6654.186 ustep: 0.04885466 
iter: 58  value: -665.5615 mgc: 4403.73 ustep: 0.2211088 
iter: 59  value: -665.5776 mgc: 3237.481 ustep: 0.07632819 
iter: 60  value: -665.9421 mgc: 5385.412 ustep: 0.2763479 
iter: 61  value: -666.0481 mgc: 3369.115 ustep: 0.04553466 
iter: 62  value: -666.2473 mgc: 2981.021 ustep: 0.2134672 
iter: 63  value: -666.2901 mgc: 2155.922 ustep: 0.07455437 
iter: 64  value: -666.5351 mgc: 3573.26 ustep: 0.2731192 
iter: 65  value: -666.6032 mgc: 2325.343 ustep: 0.04514864 
iter: 66  value: -666.7526 mgc: 2142.62 ustep: 0.2125609 
iter: 67  value: -666.7701 mgc: 1598.608 ustep: 0.1431738 
iter: 68  value: -667.0684 mgc: 4192.929 ustep: 0.3784453 
iter: 69  value: -667.1187 mgc: 2367.009 ustep: 0.05792034 
iter: 70  value: -667.2573 mgc: 2659.535 ustep: 0.2407424 
iter: 71  value: -667.2824 mgc: 1655.743 ustep: 0.08085667 
iter: 72  value: -667.4332 mgc: 2763.518 ustep: 0.2844246 
iter: 73  value: -667.4504 mgc: 1586.5 ustep: 0.09084797 
iter: 74  value: -667.5972 mgc: 2860.708 ustep: 0.3014798 
iter: 75  value: -667.6141 mgc: 1536.733 ustep: 0.09474144 
iter: 76  value: -667.7433 mgc: 2651.881 ustep: 0.3078702 
iter: 77  value: -667.7639 mgc: 1418.382 ustep: 0.09620175 
iter: 78  value: -667.8703 mgc: 2224.099 ustep: 0.3102331 
iter: 79  value: -667.8928 mgc: 1232.86 ustep: 0.09674204 
iter: 80  value: -667.9792 mgc: 1756.679 ustep: 0.3111027 
iter: 81  value: -667.9917 mgc: 1020.72 ustep: 0.1845018 
iter: 82  value: -668.1154 mgc: 2495.398 ustep: 0.4295938 
iter: 83  value: -668.134 mgc: 1177.698 ustep: 0.1246655 
iter: 84  value: -668.2036 mgc: 1638.84 ustep: 0.3531447 
iter: 85  value: -668.2106 mgc: 929.6706 ustep: 0.3630181 
iter: 86  value: -668.3588 mgc: 3006.858 ustep: 0.6025496 
iter: 87  value: -668.3681 mgc: 1257.064 ustep: 0.3121744 
iter: 88  value: -668.4505 mgc: 2344.355 ustep: 0.5587698 
iter: 89  value: -668.4872 mgc: 1357.025 ustep: 0.7475343 
iter: 90  value: -668.602 mgc: 3206.541 ustep: 0.8646142 
iter: 91  value: -668.6484 mgc: 2024.659 ustep: 0.9298534 
iter: 92  value: -668.6602 mgc: 2292.583 ustep: 0.9642926 
iter: 93  value: -668.6879 mgc: 2008.636 ustep: 0.9819858 
iter: 94  value: -668.6976 mgc: 1396.9 ustep: 0.9909529 
iter: 95  value: -668.701 mgc: 762.3241 ustep: 0.9954666 
iter: 96  value: -668.703 mgc: 542.8314 ustep: 0.997731 
iter: 97  value: -668.7033 mgc: 197.1413 ustep: 0.9988649 
iter: 98  value: -668.7035 mgc: 135.983 ustep: 0.9994324 
iter: 99  value: -668.7035 mgc: 33.1945 ustep: 0.9997162 
iter: 100  value: -668.7035 mgc: 19.73294 ustep: 0.9998581 
iter: 101  value: -668.7035 mgc: 1.471517 ustep: 0.999929 
iter: 102  value: -668.7035 mgc: 0.1743427 ustep: 0.9999645 
iter: 103  value: -668.7035 mgc: 0.0001554142 ustep: 0.9999823 
iter: 104  value: -668.7035 mgc: 3.768181e-07 ustep: 0.9999911 
mgc: 3.774935e-07 
outer mgc:  0.1917737 
iter: 1  value: 14443938325 mgc: 1616539071 ustep: 3.420548e-09 
iter: 2  value: 345860.5 mgc: 795550017 ustep: 6.186147e-07 
iter: 3  value: 24175.14 mgc: 4591653 ustep: 0.000886442 
iter: 4  value: 19202.17 mgc: 25566.21 ustep: 0.01504682 
iter: 5  value: 16138.34 mgc: 187725 ustep: 0.008164777 
iter: 6  value: 15132.37 mgc: 59150.18 ustep: 0.01177718 
iter: 7  value: 10355.77 mgc: 257095.2 ustep: 0.1086118 
iter: 8  value: 611.6411 mgc: 884627.6 ustep: 0.3296302 
iter: 9  value: -60.10677 mgc: 109370.4 ustep: 0.5741769 
iter: 10  value: -65.74478 mgc: 96866.98 ustep: 0.1623596 
iter: 11  value: -123.2298 mgc: 173121.1 ustep: 0.4029984 
iter: 12  value: -333.1917 mgc: 125898.1 ustep: 0.3956907 
iter: 13  value: -507.9017 mgc: 88803.94 ustep: 0.2195462 
iter: 14  value: -529.8924 mgc: 50234.33 ustep: 0.2710083 
iter: 15  value: -588.302 mgc: 93946.89 ustep: 0.1678808 
iter: 16  value: -601.4656 mgc: 35160.76 ustep: 0.01633393 
iter: 17  value: -607.6779 mgc: 25554.44 ustep: 0.1278915 
iter: 18  value: -608.4823 mgc: 16187.73 ustep: 0.02727655 
iter: 19  value: -611.4542 mgc: 22432.44 ustep: 0.1652396 
iter: 20  value: -614.7917 mgc: 22248.21 ustep: 0.06312501 
iter: 21  value: -620.1591 mgc: 25231.13 ustep: 0.1347246 
iter: 22  value: -621.8922 mgc: 14601.32 ustep: 0.3671118 
iter: 23  value: -631.1891 mgc: 36425.21 ustep: 0.10985 
iter: 24  value: -637.435 mgc: 13863.25 ustep: 0.3315031 
iter: 25  value: -638.1979 mgc: 8555.412 ustep: 0.1016169 
iter: 26  value: -643.4566 mgc: 13368.36 ustep: 0.3188423 
iter: 27  value: -644.0392 mgc: 1907.61 ustep: 0.05063329 
iter: 28  value: -646.2856 mgc: 5187.081 ustep: 0.2250959 
iter: 29  value: -646.9081 mgc: 2709.71 ustep: 0.1485484 
iter: 30  value: -650.7786 mgc: 11042.98 ustep: 0.3854812 
iter: 31  value: -651.0907 mgc: 3503.247 ustep: 0.05879694 
iter: 32  value: -652.8662 mgc: 7491.86 ustep: 0.2425566 
iter: 33  value: -652.9643 mgc: 2896.607 ustep: 0.08127342 
iter: 34  value: -655.0008 mgc: 9429.914 ustep: 0.2851564 
iter: 35  value: -655.2647 mgc: 2569.161 ustep: 0.04658828 
iter: 36  value: -656.3672 mgc: 5122.561 ustep: 0.2159216 
iter: 37  value: -656.5707 mgc: 1818.262 ustep: 0.07512491 
iter: 38  value: -657.8915 mgc: 6596.32 ustep: 0.2741618 
iter: 39  value: -658.1045 mgc: 1878.116 ustep: 0.04527329 
iter: 40  value: -658.9165 mgc: 4219.901 ustep: 0.2128539 
iter: 41  value: -658.933 mgc: 1704.287 ustep: 0.1433001 
iter: 42  value: -660.6039 mgc: 9558.59 ustep: 0.3786121 
iter: 43  value: -660.6742 mgc: 2290.028 ustep: 0.05794107 
iter: 44  value: -661.3951 mgc: 6490.43 ustep: 0.2407855 
iter: 45  value: -661.4578 mgc: 4498.574 ustep: 0.08086657 
iter: 46  value: -661.8272 mgc: 7653.824 ustep: 0.154078 
iter: 47  value: -662.2281 mgc: 7726.917 ustep: 0.06039758 
iter: 48  value: -662.4238 mgc: 5685.666 ustep: 0.1315599 
iter: 49  value: -662.4898 mgc: 6978.236 ustep: 0.1065222 
iter: 50  value: -662.9905 mgc: 9213.667 ustep: 0.1792779 
iter: 51  value: -663.34 mgc: 7731.953 ustep: 0.06650394 
iter: 52  value: -663.4027 mgc: 6220.756 ustep: 0.2579578 
iter: 53  value: -663.8857 mgc: 9332.397 ustep: 0.08480298 
iter: 54  value: -664.198 mgc: 7594.669 ustep: 0.2912804 
iter: 55  value: -664.3319 mgc: 8022.875 ustep: 0.09241264 
iter: 56  value: -664.9486 mgc: 9397.347 ustep: 0.3040641 
iter: 57  value: -665.2793 mgc: 6665.929 ustep: 0.04885466 
iter: 58  value: -665.5613 mgc: 4411.956 ustep: 0.2211088 
iter: 59  value: -665.577 mgc: 3242.887 ustep: 0.07632819 
iter: 60  value: -665.9419 mgc: 5397.421 ustep: 0.2763479 
iter: 61  value: -666.0482 mgc: 3375.959 ustep: 0.04553466 
iter: 62  value: -666.2475 mgc: 2986.835 ustep: 0.2134672 
iter: 63  value: -666.2901 mgc: 2160.168 ustep: 0.07455437 
iter: 64  value: -666.5354 mgc: 3581.808 ustep: 0.2731192 
iter: 65  value: -666.6036 mgc: 2330.312 ustep: 0.04514864 
iter: 66  value: -666.7531 mgc: 2147.142 ustep: 0.2125609 
iter: 67  value: -666.7701 mgc: 1601.63 ustep: 0.1431738 
iter: 68  value: -667.069 mgc: 4206.003 ustep: 0.3784453 
iter: 69  value: -667.1193 mgc: 2372.532 ustep: 0.05792034 
iter: 70  value: -667.258 mgc: 2664.366 ustep: 0.2407424 
iter: 71  value: -667.2831 mgc: 1659.398 ustep: 0.08085667 
iter: 72  value: -667.434 mgc: 2768.305 ustep: 0.2844246 
iter: 73  value: -667.4511 mgc: 1589.907 ustep: 0.09084797 
iter: 74  value: -667.5981 mgc: 2865.133 ustep: 0.3014798 
iter: 75  value: -667.615 mgc: 1539.886 ustep: 0.09474144 
iter: 76  value: -667.7442 mgc: 2655.283 ustep: 0.3078702 
iter: 77  value: -667.7648 mgc: 1421.04 ustep: 0.09620175 
iter: 78  value: -667.8713 mgc: 2226.591 ustep: 0.3102331 
iter: 79  value: -667.8938 mgc: 1234.904 ustep: 0.09674204 
iter: 80  value: -667.9802 mgc: 1758.565 ustep: 0.3111027 
iter: 81  value: -667.9927 mgc: 1022.223 ustep: 0.1845018 
iter: 82  value: -668.1165 mgc: 2498.294 ustep: 0.4295938 
iter: 83  value: -668.1351 mgc: 1179.708 ustep: 0.1246655 
iter: 84  value: -668.2047 mgc: 1640.219 ustep: 0.3531447 
iter: 85  value: -668.2117 mgc: 931.0215 ustep: 0.3630181 
iter: 86  value: -668.3599 mgc: 3009.354 ustep: 0.6025496 
iter: 87  value: -668.3693 mgc: 1259.384 ustep: 0.3121744 
iter: 88  value: -668.4516 mgc: 2345.748 ustep: 0.5587698 
iter: 89  value: -668.4883 mgc: 1359.061 ustep: 0.7475343 
iter: 90  value: -668.6031 mgc: 3208.416 ustep: 0.8646142 
iter: 91  value: -668.6496 mgc: 2027.3 ustep: 0.9298534 
iter: 92  value: -668.6613 mgc: 2294.16 ustep: 0.9642926 
iter: 93  value: -668.6891 mgc: 2009.854 ustep: 0.9819858 
iter: 94  value: -668.6988 mgc: 1397.47 ustep: 0.9909529 
iter: 95  value: -668.7022 mgc: 762.5737 ustep: 0.9954666 
iter: 96  value: -668.7042 mgc: 542.8079 ustep: 0.997731 
iter: 97  value: -668.7045 mgc: 197.219 ustep: 0.9988649 
iter: 98  value: -668.7047 mgc: 135.9404 ustep: 0.9994324 
iter: 99  value: -668.7047 mgc: 33.21558 ustep: 0.9997162 
iter: 100  value: -668.7047 mgc: 19.72294 ustep: 0.9998581 
iter: 101  value: -668.7047 mgc: 1.473471 ustep: 0.999929 
iter: 102  value: -668.7047 mgc: 0.1743385 ustep: 0.9999645 
iter: 103  value: -668.7047 mgc: 0.0001554142 ustep: 0.9999823 
iter: 104  value: -668.7047 mgc: 4.108721e-07 ustep: 0.9999911 
mgc: 3.562722e-07 
outer mgc:  0.1972407 
iter: 1  value: 14443938324 mgc: 1616539071 ustep: 3.420548e-09 
iter: 2  value: 345860.3 mgc: 795550017 ustep: 6.186147e-07 
iter: 3  value: 24175 mgc: 4591653 ustep: 0.000886442 
iter: 4  value: 19201.8 mgc: 25566.24 ustep: 0.01504682 
iter: 5  value: 16138.27 mgc: 187729.4 ustep: 0.008164774 
iter: 6  value: 15131.79 mgc: 59149.18 ustep: 0.01177717 
iter: 7  value: 10355.49 mgc: 257125.9 ustep: 0.1086118 
iter: 8  value: 611.0025 mgc: 884599.3 ustep: 0.3296301 
iter: 9  value: -63.89765 mgc: 109049.9 ustep: 0.5741768 
iter: 10  value: -66.0632 mgc: 96863.09 ustep: 0.1623596 
iter: 11  value: -124.3154 mgc: 173092 ustep: 0.4029984 
iter: 12  value: -332.3787 mgc: 125745 ustep: 0.3956907 
iter: 13  value: -504.8289 mgc: 88863.58 ustep: 0.2195462 
iter: 14  value: -531.5262 mgc: 50755.67 ustep: 0.2710083 
iter: 15  value: -588.7137 mgc: 92646.8 ustep: 0.1678808 
iter: 16  value: -601.3991 mgc: 35322.78 ustep: 0.01633393 
iter: 17  value: -607.6685 mgc: 25734.39 ustep: 0.1278915 
iter: 18  value: -608.4319 mgc: 16166.86 ustep: 0.02727655 
iter: 19  value: -611.4607 mgc: 22590.07 ustep: 0.1652396 
iter: 20  value: -614.7363 mgc: 22219.65 ustep: 0.06312501 
iter: 21  value: -620.1591 mgc: 25389.07 ustep: 0.1347246 
iter: 22  value: -621.8052 mgc: 14586.93 ustep: 0.3671118 
iter: 23  value: -631.1904 mgc: 36599.64 ustep: 0.10985 
iter: 24  value: -637.424 mgc: 13849.34 ustep: 0.3315031 
iter: 25  value: -638.1994 mgc: 8616.019 ustep: 0.1016169 
iter: 26  value: -643.455 mgc: 13357.64 ustep: 0.3188423 
iter: 27  value: -644.0385 mgc: 1921.884 ustep: 0.05063329 
iter: 28  value: -646.2847 mgc: 5184.126 ustep: 0.2250959 
iter: 29  value: -646.9094 mgc: 2710.985 ustep: 0.1485484 
iter: 30  value: -650.7776 mgc: 11029.89 ustep: 0.3854812 
iter: 31  value: -651.0905 mgc: 3505.549 ustep: 0.05879694 
iter: 32  value: -652.8652 mgc: 7486.081 ustep: 0.2425566 
iter: 33  value: -652.965 mgc: 2896.436 ustep: 0.08127342 
iter: 34  value: -654.9997 mgc: 9420.148 ustep: 0.2851564 
iter: 35  value: -655.2639 mgc: 2569.004 ustep: 0.04658828 
iter: 36  value: -656.3661 mgc: 5118.987 ustep: 0.2159216 
iter: 37  value: -656.5705 mgc: 1818.537 ustep: 0.07512491 
iter: 38  value: -657.8902 mgc: 6586.507 ustep: 0.2741618 
iter: 39  value: -658.1036 mgc: 1880.812 ustep: 0.04527329 
iter: 40  value: -658.915 mgc: 4213.939 ustep: 0.2128539 
iter: 41  value: -658.9368 mgc: 1731.49 ustep: 0.1433001 
iter: 42  value: -660.6003 mgc: 9516.647 ustep: 0.3786121 
iter: 43  value: -660.674 mgc: 2317.379 ustep: 0.05794107 
iter: 44  value: -661.3777 mgc: 6479.326 ustep: 0.2407855 
iter: 45  value: -661.4585 mgc: 4788.664 ustep: 0.08086657 
iter: 46  value: -661.795 mgc: 7659.999 ustep: 0.154078 
iter: 47  value: -662.2269 mgc: 8054.851 ustep: 0.06039758 
iter: 48  value: -662.4357 mgc: 5752.037 ustep: 0.1315599 
iter: 49  value: -662.477 mgc: 6866.595 ustep: 0.1065222 
iter: 50  value: -663.0084 mgc: 9345.443 ustep: 0.1792779 
iter: 51  value: -663.3398 mgc: 7575.841 ustep: 0.06650394 
iter: 52  value: -663.4192 mgc: 6248.476 ustep: 0.2579578 
iter: 53  value: -663.8859 mgc: 9219.843 ustep: 0.08480298 
iter: 54  value: -664.2042 mgc: 7604.868 ustep: 0.2912804 
iter: 55  value: -664.3347 mgc: 7982.995 ustep: 0.09241264 
iter: 56  value: -664.9514 mgc: 9380.77 ustep: 0.3040641 
iter: 57  value: -665.2806 mgc: 6646.788 ustep: 0.04885466 
iter: 58  value: -665.5621 mgc: 4398.208 ustep: 0.2211088 
iter: 59  value: -665.5786 mgc: 3233.997 ustep: 0.07632819 
iter: 60  value: -665.9427 mgc: 5377.296 ustep: 0.2763479 
iter: 61  value: -666.0486 mgc: 3364.662 ustep: 0.04553466 
iter: 62  value: -666.2477 mgc: 2977.07 ustep: 0.2134672 
iter: 63  value: -666.2906 mgc: 2153.118 ustep: 0.07455437 
iter: 64  value: -666.5354 mgc: 3567.409 ustep: 0.2731192 
iter: 65  value: -666.6035 mgc: 2322.05 ustep: 0.04514864 
iter: 66  value: -666.7528 mgc: 2139.5 ustep: 0.2125609 
iter: 67  value: -666.7707 mgc: 1596.587 ustep: 0.1431738 
iter: 68  value: -667.0686 mgc: 4183.84 ustep: 0.3784453 
iter: 69  value: -667.1189 mgc: 2363.331 ustep: 0.05792034 
iter: 70  value: -667.2574 mgc: 2656.129 ustep: 0.2407424 
iter: 71  value: -667.2825 mgc: 1653.244 ustep: 0.08085667 
iter: 72  value: -667.4332 mgc: 2760.089 ustep: 0.2844246 
iter: 73  value: -667.4504 mgc: 1584.154 ustep: 0.09084797 
iter: 74  value: -667.5972 mgc: 2857.479 ustep: 0.3014798 
iter: 75  value: -667.6141 mgc: 1534.545 ustep: 0.09474144 
iter: 76  value: -667.7433 mgc: 2649.341 ustep: 0.3078702 
iter: 77  value: -667.7639 mgc: 1416.515 ustep: 0.09620175 
iter: 78  value: -667.8703 mgc: 2222.194 ustep: 0.3102331 
iter: 79  value: -667.8927 mgc: 1231.402 ustep: 0.09674204 
iter: 80  value: -667.979 mgc: 1755.204 ustep: 0.3111027 
iter: 81  value: -667.9916 mgc: 1019.63 ustep: 0.1845018 
iter: 82  value: -668.1153 mgc: 2493.06 ustep: 0.4295938 
iter: 83  value: -668.1339 mgc: 1176.243 ustep: 0.1246655 
iter: 84  value: -668.2035 mgc: 1637.696 ustep: 0.3531447 
iter: 85  value: -668.2105 mgc: 928.6594 ustep: 0.3630181 
iter: 86  value: -668.3586 mgc: 3004.662 ustep: 0.6025496 
iter: 87  value: -668.368 mgc: 1255.364 ustep: 0.3121744 
iter: 88  value: -668.4504 mgc: 2343.117 ustep: 0.5587698 
iter: 89  value: -668.4871 mgc: 1355.475 ustep: 0.7475343 
iter: 90  value: -668.6019 mgc: 3204.809 ustep: 0.8646142 
iter: 91  value: -668.6483 mgc: 2022.672 ustep: 0.9298534 
iter: 92  value: -668.66 mgc: 2291.202 ustep: 0.9642926 
iter: 93  value: -668.6877 mgc: 2007.558 ustep: 0.9819858 
iter: 94  value: -668.6974 mgc: 1396.278 ustep: 0.9909529 
iter: 95  value: -668.7008 mgc: 761.9811 ustep: 0.9954666 
iter: 96  value: -668.7028 mgc: 542.6968 ustep: 0.997731 
iter: 97  value: -668.7031 mgc: 197.0251 ustep: 0.9988649 
iter: 98  value: -668.7033 mgc: 135.9543 ustep: 0.9994324 
iter: 99  value: -668.7033 mgc: 33.16372 ustep: 0.9997162 
iter: 100  value: -668.7033 mgc: 19.72356 ustep: 0.9998581 
iter: 101  value: -668.7033 mgc: 1.468503 ustep: 0.999929 
iter: 102  value: -668.7033 mgc: 0.1739063 ustep: 0.9999645 
iter: 103  value: -668.7033 mgc: 0.0001545904 ustep: 0.9999823 
iter: 104  value: -668.7033 mgc: 3.544158e-07 ustep: 0.9999911 
mgc: 4.039299e-07 
outer mgc:  0.1972391 
iter: 1  value: 14443938325 mgc: 1616539071 ustep: 3.420548e-09 
iter: 2  value: 345860.5 mgc: 795550017 ustep: 6.186147e-07 
iter: 3  value: 24175.15 mgc: 4591653 ustep: 0.000886442 
iter: 4  value: 19202.1 mgc: 25563.85 ustep: 0.01504682 
iter: 5  value: 16138.36 mgc: 187727.2 ustep: 0.008164785 
iter: 6  value: 15132.77 mgc: 59167.52 ustep: 0.01177718 
iter: 7  value: 10363.94 mgc: 257105.4 ustep: 0.1086119 
iter: 8  value: 611.5122 mgc: 885314.7 ustep: 0.3296302 
iter: 9  value: -59.53334 mgc: 109249.7 ustep: 0.5741769 
iter: 10  value: -65.63602 mgc: 96863.91 ustep: 0.1623596 
iter: 11  value: -127.7367 mgc: 173021.2 ustep: 0.4029984 
iter: 12  value: -333.3274 mgc: 125857.1 ustep: 0.3956907 
iter: 13  value: -510.6944 mgc: 88574.76 ustep: 0.2195462 
iter: 14  value: -518.6276 mgc: 49162.68 ustep: 0.4686107 
iter: 15  value: -542.1935 mgc: 98250.47 ustep: 0.2505326 
iter: 16  value: -572.5278 mgc: 78225.24 ustep: 0.04244837 
iter: 17  value: -600.2184 mgc: 83616.39 ustep: 0.2061094 
iter: 18  value: -614.0843 mgc: 45553.35 ustep: 0.07283897 
iter: 19  value: -624.21 mgc: 42678.8 ustep: 0.1455616 
iter: 20  value: -625.9253 mgc: 22331.42 ustep: 0.2135864 
iter: 21  value: -630.5095 mgc: 32441.04 ustep: 0.1436155 
iter: 22  value: -640.6091 mgc: 23638.4 ustep: 0.3790285 
iter: 23  value: -642.0037 mgc: 10103.5 ustep: 0.05799284 
iter: 24  value: -644.7717 mgc: 6486.028 ustep: 0.240893 
iter: 25  value: -644.7902 mgc: 1773.158 ustep: 0.155254 
iter: 26  value: -649.8974 mgc: 14883.11 ustep: 0.3940835 
iter: 27  value: -650.1312 mgc: 2116.681 ustep: 0.05987455 
iter: 28  value: -652.0973 mgc: 7855.177 ustep: 0.2447683 
iter: 29  value: -652.1654 mgc: 2953.923 ustep: 0.08178117 
iter: 30  value: -654.3585 mgc: 9642.249 ustep: 0.2860455 
iter: 31  value: -654.6611 mgc: 3169.089 ustep: 0.04669468 
iter: 32  value: -655.8127 mgc: 4985.109 ustep: 0.2161679 
iter: 33  value: -656.0566 mgc: 2289.584 ustep: 0.07518213 
iter: 34  value: -657.4218 mgc: 6366.879 ustep: 0.2742662 
iter: 35  value: -657.6572 mgc: 2207.537 ustep: 0.04528577 
iter: 36  value: -658.505 mgc: 4102.47 ustep: 0.2128832 
iter: 37  value: -658.5686 mgc: 1689.083 ustep: 0.1433127 
iter: 38  value: -660.2857 mgc: 9335.823 ustep: 0.3786288 
iter: 39  value: -660.3482 mgc: 2207.187 ustep: 0.05794315 
iter: 40  value: -661.187 mgc: 6565.956 ustep: 0.2407898 
iter: 41  value: -661.3519 mgc: 2209.769 ustep: 0.04128192 
iter: 42  value: -661.7083 mgc: 3427.862 ustep: 0.2032592 
iter: 43  value: -661.7995 mgc: 5683.341 ustep: 0.4508977 
iter: 44  value: -662.5252 mgc: 13827.91 ustep: 0.242894 
iter: 45  value: -662.9463 mgc: 11891.01 ustep: 0.08135091 
iter: 46  value: -663.4183 mgc: 11143.26 ustep: 0.1545807 
iter: 47  value: -663.9366 mgc: 9538.825 ustep: 0.06052129 
iter: 48  value: -664.2357 mgc: 6493.166 ustep: 0.1317047 
iter: 49  value: -664.4289 mgc: 5249.945 ustep: 0.05479197 
iter: 50  value: -664.4993 mgc: 4556.862 ustep: 0.2341534 
iter: 51  value: -664.8211 mgc: 7261.064 ustep: 0.07934093 
iter: 52  value: -664.9909 mgc: 6025.487 ustep: 0.2817471 
iter: 53  value: -665.1075 mgc: 7171.566 ustep: 0.0902369 
iter: 54  value: -665.5679 mgc: 8398.951 ustep: 0.3004645 
iter: 55  value: -665.8509 mgc: 6227.314 ustep: 0.04842253 
iter: 56  value: -666.086 mgc: 4274.87 ustep: 0.2201292 
iter: 57  value: -666.0873 mgc: 3089.066 ustep: 0.0761012 
iter: 58  value: -666.3992 mgc: 5269.9 ustep: 0.2759369 
iter: 59  value: -666.4924 mgc: 3226.097 ustep: 0.04548551 
iter: 60  value: -666.6579 mgc: 2882.25 ustep: 0.213352 
iter: 61  value: -666.6918 mgc: 2056.046 ustep: 0.07452757 
iter: 62  value: -666.8957 mgc: 3421.201 ustep: 0.2730701 
iter: 63  value: -666.9552 mgc: 2197.573 ustep: 0.04514278 
iter: 64  value: -667.0781 mgc: 2009.483 ustep: 0.2125471 
iter: 65  value: -667.0939 mgc: 1496.347 ustep: 0.1431678 
iter: 66  value: -667.3371 mgc: 3825.204 ustep: 0.3784374 
iter: 67  value: -667.3816 mgc: 2174.227 ustep: 0.05791936 
iter: 68  value: -667.4949 mgc: 2385.61 ustep: 0.2407404 
iter: 69  value: -667.5193 mgc: 1494.549 ustep: 0.08085621 
iter: 70  value: -667.6408 mgc: 2409.294 ustep: 0.2844238 
iter: 71  value: -667.6599 mgc: 1407.917 ustep: 0.09084778 
iter: 72  value: -667.7769 mgc: 2437.625 ustep: 0.3014795 
iter: 73  value: -667.7952 mgc: 1335.442 ustep: 0.09474137 
iter: 74  value: -667.8981 mgc: 2231.714 ustep: 0.3078701 
iter: 75  value: -667.918 mgc: 1209.087 ustep: 0.09620173 
iter: 76  value: -668.0033 mgc: 1849.453 ustep: 0.310233 
iter: 77  value: -668.0092 mgc: 1037.344 ustep: 0.1841425 
iter: 78  value: -668.135 mgc: 2686.82 ustep: 0.4291754 
iter: 79  value: -668.152 mgc: 1220.843 ustep: 0.1245642 
iter: 80  value: -668.2211 mgc: 1738.871 ustep: 0.3530012 
iter: 81  value: -668.2355 mgc: 981.4345 ustep: 0.201809 
iter: 82  value: -668.3169 mgc: 1909.207 ustep: 0.4492867 
iter: 83  value: -668.322 mgc: 967.4072 ustep: 0.425781 
iter: 84  value: -668.4542 mgc: 2962.697 ustep: 0.6525537 
iter: 85  value: -668.482 mgc: 1308.597 ustep: 0.8078272 
iter: 86  value: -668.6084 mgc: 3808.768 ustep: 0.8988022 
iter: 87  value: -668.6534 mgc: 2328.263 ustep: 0.948057 
iter: 88  value: -668.6645 mgc: 2350.189 ustep: 0.8376966 
iter: 89  value: -668.6902 mgc: 1967.469 ustep: 0.9152662 
iter: 90  value: -668.6979 mgc: 1282.375 ustep: 0.9566998 
iter: 91  value: -668.7019 mgc: 809.4203 ustep: 0.9781125 
iter: 92  value: -668.7041 mgc: 570.7123 ustep: 0.9889968 
iter: 93  value: -668.7045 mgc: 229.331 ustep: 0.9944837 
iter: 94  value: -668.7048 mgc: 161.6152 ustep: 0.9972383 
iter: 95  value: -668.7048 mgc: 42.88728 ustep: 0.9986183 
iter: 96  value: -668.7048 mgc: 27.29785 ustep: 0.999309 
iter: 97  value: -668.7048 mgc: 2.597912 ustep: 0.9996545 
iter: 98  value: -668.7048 mgc: 0.4846806 ustep: 0.9998272 
iter: 99  value: -668.7048 mgc: 0.00114721 ustep: 0.9999136 
iter: 100  value: -668.7048 mgc: 4.023896e-07 ustep: 0.9999568 
mgc: 3.786044e-07 
outer mgc:  0.1883345 
iter: 1  value: 14443938324 mgc: 1616539071 ustep: 3.420548e-09 
iter: 2  value: 345860.3 mgc: 795550017 ustep: 6.186147e-07 
iter: 3  value: 24174.99 mgc: 4591653 ustep: 0.000886442 
iter: 4  value: 19201.87 mgc: 25568.6 ustep: 0.01504682 
iter: 5  value: 16138.26 mgc: 187727.2 ustep: 0.008164767 
iter: 6  value: 15131.39 mgc: 59131.84 ustep: 0.01177717 
iter: 7  value: 10347.33 mgc: 257115.8 ustep: 0.1086118 
iter: 8  value: 611.1329 mgc: 883912.7 ustep: 0.3296301 
iter: 9  value: -64.35068 mgc: 109170.4 ustep: 0.5741768 
iter: 10  value: -66.16191 mgc: 96866.18 ustep: 0.1623596 
iter: 11  value: -119.8844 mgc: 173190.9 ustep: 0.4029984 
iter: 12  value: -332.2588 mgc: 125786.2 ustep: 0.3956907 
iter: 13  value: -501.8495 mgc: 89098.72 ustep: 0.2195462 
iter: 14  value: -517.6182 mgc: 51399.89 ustep: 0.2710083 
iter: 15  value: -589.5846 mgc: 103151 ustep: 0.1678808 
iter: 16  value: -601.9101 mgc: 35262.81 ustep: 0.01633393 
iter: 17  value: -607.7162 mgc: 24315.88 ustep: 0.1278915 
iter: 18  value: -608.8034 mgc: 16150.72 ustep: 0.02727655 
iter: 19  value: -611.4985 mgc: 21396.65 ustep: 0.1652396 
iter: 20  value: -615.1237 mgc: 22207.52 ustep: 0.06312501 
iter: 21  value: -620.1742 mgc: 24237.46 ustep: 0.1347246 
iter: 22  value: -622.4831 mgc: 14586.27 ustep: 0.3671118 
iter: 23  value: -631.1946 mgc: 35222.62 ustep: 0.10985 
iter: 24  value: -637.4681 mgc: 13857.25 ustep: 0.3315031 
iter: 25  value: -638.199 mgc: 8359.79 ustep: 0.1016169 
iter: 26  value: -643.4571 mgc: 13367.44 ustep: 0.3188423 
iter: 27  value: -644.0388 mgc: 1882.222 ustep: 0.05063329 
iter: 28  value: -646.2849 mgc: 5185.847 ustep: 0.2250959 
iter: 29  value: -646.909 mgc: 2709.991 ustep: 0.1485484 
iter: 30  value: -650.7776 mgc: 11033.14 ustep: 0.3854812 
iter: 31  value: -651.0904 mgc: 3503.851 ustep: 0.05879694 
iter: 32  value: -652.8651 mgc: 7486.509 ustep: 0.2425566 
iter: 33  value: -652.9647 mgc: 2896.135 ustep: 0.08127342 
iter: 34  value: -654.9996 mgc: 9420.308 ustep: 0.2851564 
iter: 35  value: -655.2638 mgc: 2568.975 ustep: 0.04658828 
iter: 36  value: -656.366 mgc: 5118.444 ustep: 0.2159216 
iter: 37  value: -656.5704 mgc: 1818.603 ustep: 0.07512491 
iter: 38  value: -657.8901 mgc: 6585.84 ustep: 0.2741618 
iter: 39  value: -658.1035 mgc: 1880.202 ustep: 0.04527329 
iter: 40  value: -658.915 mgc: 4213.484 ustep: 0.2128539 
iter: 41  value: -658.9363 mgc: 1723.457 ustep: 0.1433001 
iter: 42  value: -660.6008 mgc: 9519.488 ustep: 0.3786121 
iter: 43  value: -660.6738 mgc: 2309.648 ustep: 0.05794107 
iter: 44  value: -661.3824 mgc: 6479.233 ustep: 0.2407855 
iter: 45  value: -661.4582 mgc: 4703.576 ustep: 0.08086657 
iter: 46  value: -661.8035 mgc: 7653.971 ustep: 0.154078 
iter: 47  value: -662.2269 mgc: 7964.049 ustep: 0.06039758 
iter: 48  value: -662.4316 mgc: 5730.664 ustep: 0.1315599 
iter: 49  value: -662.4808 mgc: 6900.262 ustep: 0.1065222 
iter: 50  value: -663.0028 mgc: 9303.087 ustep: 0.1792779 
iter: 51  value: -663.3395 mgc: 7620.289 ustep: 0.06650394 
iter: 52  value: -663.414 mgc: 6238.796 ustep: 0.2579578 
iter: 53  value: -663.8856 mgc: 9251.667 ustep: 0.08480298 
iter: 54  value: -664.202 mgc: 7599.147 ustep: 0.2912804 
iter: 55  value: -664.3338 mgc: 7994.333 ustep: 0.09241264 
iter: 56  value: -664.95 mgc: 9381.912 ustep: 0.3040641 
iter: 57  value: -665.2798 mgc: 6652.327 ustep: 0.04885466 
iter: 58  value: -665.5614 mgc: 4400.719 ustep: 0.2211088 
iter: 59  value: -665.5778 mgc: 3236.76 ustep: 0.07632819 
iter: 60  value: -665.9419 mgc: 5380.436 ustep: 0.2763479 
iter: 61  value: -666.048 mgc: 3368.133 ustep: 0.04553466 
iter: 62  value: -666.2471 mgc: 2978.581 ustep: 0.2134672 
iter: 63  value: -666.2901 mgc: 2155.334 ustep: 0.07455437 
iter: 64  value: -666.5349 mgc: 3569.131 ustep: 0.2731192 
iter: 65  value: -666.6031 mgc: 2324.64 ustep: 0.04514864 
iter: 66  value: -666.7524 mgc: 2140.397 ustep: 0.2125609 
iter: 67  value: -666.7703 mgc: 1598.195 ustep: 0.1431738 
iter: 68  value: -667.0682 mgc: 4185.426 ustep: 0.3784453 
iter: 69  value: -667.1186 mgc: 2366.166 ustep: 0.05792034 
iter: 70  value: -667.2571 mgc: 2656.951 ustep: 0.2407424 
iter: 71  value: -667.2823 mgc: 1654.79 ustep: 0.08085667 
iter: 72  value: -667.4329 mgc: 2760.772 ustep: 0.2844246 
iter: 73  value: -667.4502 mgc: 1585.661 ustep: 0.09084797 
iter: 74  value: -667.5969 mgc: 2858.025 ustep: 0.3014798 
iter: 75  value: -667.6139 mgc: 1536.003 ustep: 0.09474144 
iter: 76  value: -667.7431 mgc: 2649.753 ustep: 0.3078702 
iter: 77  value: -667.7637 mgc: 1417.807 ustep: 0.09620175 
iter: 78  value: -667.8701 mgc: 2222.481 ustep: 0.3102331 
iter: 79  value: -667.8926 mgc: 1232.469 ustep: 0.09674204 
iter: 80  value: -667.9789 mgc: 1755.372 ustep: 0.3111027 
iter: 81  value: -667.9915 mgc: 1020.485 ustep: 0.1845018 
iter: 82  value: -668.1152 mgc: 2493.042 ustep: 0.4295938 
iter: 83  value: -668.1338 mgc: 1177.375 ustep: 0.1246655 
iter: 84  value: -668.2033 mgc: 1637.796 ustep: 0.3531447 
iter: 85  value: -668.2104 mgc: 929.4016 ustep: 0.3630181 
iter: 86  value: -668.3585 mgc: 3004.474 ustep: 0.6025496 
iter: 87  value: -668.3679 mgc: 1256.628 ustep: 0.3121744 
iter: 88  value: -668.4502 mgc: 2343.299 ustep: 0.5587698 
iter: 89  value: -668.487 mgc: 1356.572 ustep: 0.7475343 
iter: 90  value: -668.6017 mgc: 3204.947 ustep: 0.8646142 
iter: 91  value: -668.6482 mgc: 2024.157 ustep: 0.9298534 
iter: 92  value: -668.6599 mgc: 2291.451 ustep: 0.9642926 
iter: 93  value: -668.6877 mgc: 2008.355 ustep: 0.9819858 
iter: 94  value: -668.6973 mgc: 1396.185 ustep: 0.9909529 
iter: 95  value: -668.7007 mgc: 762.1861 ustep: 0.9954666 
iter: 96  value: -668.7027 mgc: 542.5208 ustep: 0.997731 
iter: 97  value: -668.703 mgc: 197.0924 ustep: 0.9988649 
iter: 98  value: -668.7032 mgc: 135.8802 ustep: 0.9994324 
iter: 99  value: -668.7032 mgc: 33.18401 ustep: 0.9997162 
iter: 100  value: -668.7032 mgc: 19.70537 ustep: 0.9998581 
iter: 101  value: -668.7032 mgc: 1.470202 ustep: 0.999929 
iter: 102  value: -668.7032 mgc: 0.1736831 ustep: 0.9999645 
iter: 103  value: -668.7032 mgc: 0.0001543158 ustep: 0.9999823 
iter: 104  value: -668.7032 mgc: 3.966122e-07 ustep: 0.9999911 
mgc: 3.991798e-07 
outer mgc:  0.1883299 
iter: 1  value: 14443938325 mgc: 1616539071 ustep: 3.420548e-09 
iter: 2  value: 345860.5 mgc: 795550017 ustep: 6.186147e-07 
iter: 3  value: 24175.19 mgc: 4591653 ustep: 0.000886442 
iter: 4  value: 19202.05 mgc: 25566.2 ustep: 0.01504682 
iter: 5  value: 16138.32 mgc: 187727.2 ustep: 0.008164771 
iter: 6  value: 15132.21 mgc: 59149.68 ustep: 0.01177717 
iter: 7  value: 10356.26 mgc: 257109.7 ustep: 0.1086118 
iter: 8  value: 611.3296 mgc: 884663.2 ustep: 0.3296301 
iter: 9  value: -61.18767 mgc: 109212.3 ustep: 0.5741768 
iter: 10  value: -65.7331 mgc: 96864.19 ustep: 0.1623596 
iter: 11  value: -125.2414 mgc: 173122.8 ustep: 0.4029984 
iter: 12  value: -332.425 mgc: 125826.1 ustep: 0.3956907 
iter: 13  value: -508.0186 mgc: 89019.74 ustep: 0.2195462 
iter: 14  value: -519.8898 mgc: 50056.89 ustep: 0.2710083 
iter: 15  value: -588.1434 mgc: 101543.7 ustep: 0.1678808 
iter: 16  value: -601.8367 mgc: 35145.1 ustep: 0.01633393 
iter: 17  value: -607.7133 mgc: 24501.99 ustep: 0.1278915 
iter: 18  value: -608.7536 mgc: 16179.64 ustep: 0.02727655 
iter: 19  value: -611.4744 mgc: 21549.43 ustep: 0.1652396 
iter: 20  value: -615.0769 mgc: 22243.95 ustep: 0.06312501 
iter: 21  value: -620.1706 mgc: 24382.06 ustep: 0.1347246 
iter: 22  value: -622.3989 mgc: 14603.81 ustep: 0.3671118 
iter: 23  value: -631.1928 mgc: 35398.67 ustep: 0.10985 
iter: 24  value: -637.4655 mgc: 13872.73 ustep: 0.3315031 
iter: 25  value: -638.1985 mgc: 8386.599 ustep: 0.1016169 
iter: 26  value: -643.4588 mgc: 13378.63 ustep: 0.3188423 
iter: 27  value: -644.0404 mgc: 1886.814 ustep: 0.05063329 
iter: 28  value: -646.2868 mgc: 5189.626 ustep: 0.2250959 
iter: 29  value: -646.9084 mgc: 2709.647 ustep: 0.1485484 
iter: 30  value: -650.7797 mgc: 11049.63 ustep: 0.3854812 
iter: 31  value: -651.0916 mgc: 3502.779 ustep: 0.05879694 
iter: 32  value: -652.8671 mgc: 7494.484 ustep: 0.2425566 
iter: 33  value: -652.9651 mgc: 2895.709 ustep: 0.08127342 
iter: 34  value: -655.0017 mgc: 9432.308 ustep: 0.2851564 
iter: 35  value: -655.2656 mgc: 2568.572 ustep: 0.04658828 
iter: 36  value: -656.3681 mgc: 5123.291 ustep: 0.2159216 
iter: 37  value: -656.5715 mgc: 1818.218 ustep: 0.07512491 
iter: 38  value: -657.8922 mgc: 6596.536 ustep: 0.2741618 
iter: 39  value: -658.1053 mgc: 1878.78 ustep: 0.04527329 
iter: 40  value: -658.9172 mgc: 4219.76 ustep: 0.2128539 
iter: 41  value: -658.9344 mgc: 1711.668 ustep: 0.1433001 
iter: 42  value: -660.604 mgc: 9552.8 ustep: 0.3786121 
iter: 43  value: -660.6751 mgc: 2297.343 ustep: 0.05794107 
iter: 44  value: -661.3916 mgc: 6489.062 ustep: 0.2407855 
iter: 45  value: -661.4589 mgc: 4575.43 ustep: 0.08086657 
iter: 46  value: -661.8194 mgc: 7657.019 ustep: 0.154078 
iter: 47  value: -662.2287 mgc: 7817.363 ustep: 0.06039758 
iter: 48  value: -662.4281 mgc: 5704.573 ustep: 0.1315599 
iter: 49  value: -662.4871 mgc: 6947.609 ustep: 0.1065222 
iter: 50  value: -662.9966 mgc: 9251.356 ustep: 0.1792779 
iter: 51  value: -663.3408 mgc: 7687.285 ustep: 0.06650394 
iter: 52  value: -663.4084 mgc: 6229.078 ustep: 0.2579578 
iter: 53  value: -663.8865 mgc: 9299.166 ustep: 0.08480298 
iter: 54  value: -664.2008 mgc: 7598.408 ustep: 0.2912804 
iter: 55  value: -664.3334 mgc: 8010.299 ustep: 0.09241264 
iter: 56  value: -664.9503 mgc: 9393.637 ustep: 0.3040641 
iter: 57  value: -665.2805 mgc: 6659.404 ustep: 0.04885466 
iter: 58  value: -665.5623 mgc: 4408.367 ustep: 0.2211088 
iter: 59  value: -665.5782 mgc: 3239.756 ustep: 0.07632819 
iter: 60  value: -665.943 mgc: 5392.337 ustep: 0.2763479 
iter: 61  value: -666.0491 mgc: 3372.001 ustep: 0.04553466 
iter: 62  value: -666.2483 mgc: 2984.333 ustep: 0.2134672 
iter: 63  value: -666.291 mgc: 2157.691 ustep: 0.07455437 
iter: 64  value: -666.5362 mgc: 3578.274 ustep: 0.2731192 
iter: 65  value: -666.6043 mgc: 2327.373 ustep: 0.04514864 
iter: 66  value: -666.7538 mgc: 2145.24 ustep: 0.2125609 
iter: 67  value: -666.7709 mgc: 1599.815 ustep: 0.1431738 
iter: 68  value: -667.0696 mgc: 4200.826 ustep: 0.3784453 
iter: 69  value: -667.1199 mgc: 2369.193 ustep: 0.05792034 
iter: 70  value: -667.2586 mgc: 2662.285 ustep: 0.2407424 
iter: 71  value: -667.2836 mgc: 1657.332 ustep: 0.08085667 
iter: 72  value: -667.4345 mgc: 2766.228 ustep: 0.2844246 
iter: 73  value: -667.4516 mgc: 1587.911 ustep: 0.09084797 
iter: 74  value: -667.5985 mgc: 2863.177 ustep: 0.3014798 
iter: 75  value: -667.6154 mgc: 1537.967 ustep: 0.09474144 
iter: 76  value: -667.7447 mgc: 2653.718 ustep: 0.3078702 
iter: 77  value: -667.7652 mgc: 1419.351 ustep: 0.09620175 
iter: 78  value: -667.8717 mgc: 2225.399 ustep: 0.3102331 
iter: 79  value: -667.8942 mgc: 1233.536 ustep: 0.09674204 
iter: 80  value: -667.9805 mgc: 1757.646 ustep: 0.3111027 
iter: 81  value: -667.993 mgc: 1021.159 ustep: 0.1845018 
iter: 82  value: -668.1168 mgc: 2496.934 ustep: 0.4295938 
iter: 83  value: -668.1354 mgc: 1178.259 ustep: 0.1246655 
iter: 84  value: -668.205 mgc: 1639.487 ustep: 0.3531447 
iter: 85  value: -668.212 mgc: 930.029 ustep: 0.3630181 
iter: 86  value: -668.3602 mgc: 3008.081 ustep: 0.6025496 
iter: 87  value: -668.3696 mgc: 1257.659 ustep: 0.3121744 
iter: 88  value: -668.4519 mgc: 2344.861 ustep: 0.5587698 
iter: 89  value: -668.4886 mgc: 1357.498 ustep: 0.7475343 
iter: 90  value: -668.6034 mgc: 3207.183 ustep: 0.8646142 
iter: 91  value: -668.6499 mgc: 2025.199 ustep: 0.9298534 
iter: 92  value: -668.6616 mgc: 2293.079 ustep: 0.9642926 
iter: 93  value: -668.6894 mgc: 2008.72 ustep: 0.9819858 
iter: 94  value: -668.699 mgc: 1397.077 ustep: 0.9909529 
iter: 95  value: -668.7024 mgc: 762.2577 ustep: 0.9954666 
iter: 96  value: -668.7044 mgc: 542.8119 ustep: 0.997731 
iter: 97  value: -668.7048 mgc: 197.1123 ustep: 0.9988649 
iter: 98  value: -668.705 mgc: 135.9628 ustep: 0.9994324 
iter: 99  value: -668.705 mgc: 33.18547 ustep: 0.9997162 
iter: 100  value: -668.705 mgc: 19.72662 ustep: 0.9998581 
iter: 101  value: -668.705 mgc: 1.470583 ustep: 0.999929 
iter: 102  value: -668.705 mgc: 0.1741587 ustep: 0.9999645 
iter: 103  value: -668.705 mgc: 0.000154865 ustep: 0.9999823 
iter: 104  value: -668.705 mgc: 3.440915e-07 ustep: 0.9999911 
mgc: 3.677262e-07 
outer mgc:  0.1860672 
iter: 1  value: 14443938324 mgc: 1616539071 ustep: 3.420548e-09 
iter: 2  value: 345860.3 mgc: 795550017 ustep: 6.186147e-07 
iter: 3  value: 24174.96 mgc: 4591653 ustep: 0.000886442 
iter: 4  value: 19201.92 mgc: 25566.25 ustep: 0.01504682 
iter: 5  value: 16138.3 mgc: 187727.2 ustep: 0.00816478 
iter: 6  value: 15131.95 mgc: 59149.67 ustep: 0.01177718 
iter: 7  value: 10355 mgc: 257111.5 ustep: 0.1086119 
iter: 8  value: 611.3129 mgc: 884563.7 ustep: 0.3296302 
iter: 9  value: -62.8297 mgc: 109207.8 ustep: 0.5741769 
iter: 10  value: -66.07425 mgc: 96865.92 ustep: 0.1623596 
iter: 11  value: -122.3033 mgc: 173091.1 ustep: 0.4029984 
iter: 12  value: -333.1316 mgc: 125817.2 ustep: 0.3956907 
iter: 13  value: -504.717 mgc: 88653.57 ustep: 0.2195462 
iter: 14  value: -516.0004 mgc: 50895.32 ustep: 0.4686107 
iter: 15  value: -545.0949 mgc: 100113.9 ustep: 0.2505326 
iter: 16  value: -573.189 mgc: 78235.61 ustep: 0.04244837 
iter: 17  value: -600.133 mgc: 83012.68 ustep: 0.2061094 
iter: 18  value: -614.2636 mgc: 45620.42 ustep: 0.07283897 
iter: 19  value: -624.1827 mgc: 42372.91 ustep: 0.1455616 
iter: 20  value: -626.0324 mgc: 22417.64 ustep: 0.2135864 
iter: 21  value: -630.5241 mgc: 32212.35 ustep: 0.1436155 
iter: 22  value: -640.6151 mgc: 23594.01 ustep: 0.3790285 
iter: 23  value: -642.0044 mgc: 10063.41 ustep: 0.05799284 
iter: 24  value: -644.7713 mgc: 6471.079 ustep: 0.240893 
iter: 25  value: -644.7994 mgc: 1773.771 ustep: 0.155254 
iter: 26  value: -649.8964 mgc: 14831.86 ustep: 0.3940835 
iter: 27  value: -650.1316 mgc: 2117.839 ustep: 0.05987455 
iter: 28  value: -652.0961 mgc: 7841.191 ustep: 0.2447683 
iter: 29  value: -652.1663 mgc: 2955.608 ustep: 0.08178117 
iter: 30  value: -654.3572 mgc: 9626.778 ustep: 0.2860455 
iter: 31  value: -654.6602 mgc: 3170.78 ustep: 0.04669468 
iter: 32  value: -655.8114 mgc: 4979.225 ustep: 0.2161679 
iter: 33  value: -656.0562 mgc: 2290.255 ustep: 0.07518213 
iter: 34  value: -657.4204 mgc: 6355.422 ustep: 0.2742662 
iter: 35  value: -657.6561 mgc: 2208.565 ustep: 0.04528577 
iter: 36  value: -658.5035 mgc: 4095.808 ustep: 0.2128832 
iter: 37  value: -658.5708 mgc: 1690.289 ustep: 0.1433127 
iter: 38  value: -660.2838 mgc: 9304.73 ustep: 0.3786288 
iter: 39  value: -660.3475 mgc: 2212.783 ustep: 0.05794315 
iter: 40  value: -661.1844 mgc: 6554.011 ustep: 0.2407898 
iter: 41  value: -661.3505 mgc: 2249.915 ustep: 0.04128192 
iter: 42  value: -661.698 mgc: 3424.358 ustep: 0.2032592 
iter: 43  value: -661.8145 mgc: 5807.513 ustep: 0.4508977 
iter: 44  value: -662.4942 mgc: 13738.57 ustep: 0.242894 
iter: 45  value: -662.9384 mgc: 12075.11 ustep: 0.08135091 
iter: 46  value: -663.43 mgc: 11199.43 ustep: 0.1545807 
iter: 47  value: -663.9337 mgc: 9439.178 ustep: 0.06052129 
iter: 48  value: -664.2383 mgc: 6522.242 ustep: 0.1317047 
iter: 49  value: -664.4275 mgc: 5200.413 ustep: 0.05479197 
iter: 50  value: -664.5034 mgc: 4569.024 ustep: 0.2341534 
iter: 51  value: -664.8191 mgc: 7211.585 ustep: 0.07934093 
iter: 52  value: -664.9921 mgc: 6037.523 ustep: 0.2817471 
iter: 53  value: -665.1062 mgc: 7151.64 ustep: 0.0902369 
iter: 54  value: -665.5674 mgc: 8400.439 ustep: 0.3004645 
iter: 55  value: -665.85 mgc: 6221.994 ustep: 0.04842253 
iter: 56  value: -666.0849 mgc: 4268.779 ustep: 0.2201292 
iter: 57  value: -666.0867 mgc: 3087.49 ustep: 0.0761012 
iter: 58  value: -666.398 mgc: 5259.327 ustep: 0.2759369 
iter: 59  value: -666.4913 mgc: 3223.392 ustep: 0.04548551 
iter: 60  value: -666.6566 mgc: 2877.053 ustep: 0.213352 
iter: 61  value: -666.6907 mgc: 2054.133 ustep: 0.07452757 
iter: 62  value: -666.8943 mgc: 3412.963 ustep: 0.2730701 
iter: 63  value: -666.9539 mgc: 2195.27 ustep: 0.04514278 
iter: 64  value: -667.0766 mgc: 2005.192 ustep: 0.2125471 
iter: 65  value: -667.093 mgc: 1494.977 ustep: 0.1431678 
iter: 66  value: -667.3357 mgc: 3811.761 ustep: 0.3784374 
iter: 67  value: -667.3802 mgc: 2171.702 ustep: 0.05791936 
iter: 68  value: -667.4933 mgc: 2380.877 ustep: 0.2407404 
iter: 69  value: -667.5178 mgc: 1492.434 ustep: 0.08085621 
iter: 70  value: -667.6392 mgc: 2404.417 ustep: 0.2844238 
iter: 71  value: -667.6584 mgc: 1406.077 ustep: 0.09084778 
iter: 72  value: -667.7753 mgc: 2432.943 ustep: 0.3014795 
iter: 73  value: -667.7937 mgc: 1333.841 ustep: 0.09474137 
iter: 74  value: -667.8965 mgc: 2228.063 ustep: 0.3078701 
iter: 75  value: -667.9164 mgc: 1207.812 ustep: 0.09620173 
iter: 76  value: -668.0017 mgc: 1846.807 ustep: 0.310233 
iter: 77  value: -668.0077 mgc: 1036.455 ustep: 0.1841425 
iter: 78  value: -668.1333 mgc: 2682.561 ustep: 0.4291754 
iter: 79  value: -668.1504 mgc: 1219.691 ustep: 0.1245642 
iter: 80  value: -668.2194 mgc: 1737.232 ustep: 0.3530012 
iter: 81  value: -668.2338 mgc: 980.6932 ustep: 0.201809 
iter: 82  value: -668.3152 mgc: 1907.276 ustep: 0.4492867 
iter: 83  value: -668.3204 mgc: 966.759 ustep: 0.425781 
iter: 84  value: -668.4525 mgc: 2959.844 ustep: 0.6525537 
iter: 85  value: -668.4804 mgc: 1307.629 ustep: 0.8078272 
iter: 86  value: -668.6067 mgc: 3806.339 ustep: 0.8988022 
iter: 87  value: -668.6517 mgc: 2326.707 ustep: 0.948057 
iter: 88  value: -668.6627 mgc: 2348.54 ustep: 0.8376966 
iter: 89  value: -668.6885 mgc: 1967.242 ustep: 0.9152662 
iter: 90  value: -668.6962 mgc: 1281.557 ustep: 0.9566998 
iter: 91  value: -668.7002 mgc: 809.4027 ustep: 0.9781125 
iter: 92  value: -668.7024 mgc: 570.4177 ustep: 0.9889968 
iter: 93  value: -668.7028 mgc: 229.3199 ustep: 0.9944837 
iter: 94  value: -668.7031 mgc: 161.5268 ustep: 0.9972383 
iter: 95  value: -668.7031 mgc: 42.88835 ustep: 0.9986183 
iter: 96  value: -668.7031 mgc: 27.27303 ustep: 0.999309 
iter: 97  value: -668.7031 mgc: 2.597907 ustep: 0.9996545 
iter: 98  value: -668.7031 mgc: 0.4836586 ustep: 0.9998272 
iter: 99  value: -668.7031 mgc: 0.001145288 ustep: 0.9999136 
iter: 100  value: -668.7031 mgc: 3.742975e-07 ustep: 0.9999568 
mgc: 4.248746e-07 
outer mgc:  0.1860624 
iter: 1  value: 14443938325 mgc: 1616539071 ustep: 3.420548e-09 
iter: 2  value: 345860.5 mgc: 795550017 ustep: 6.186147e-07 
iter: 3  value: 24175.18 mgc: 4591653 ustep: 0.000886442 
iter: 4  value: 19202 mgc: 25566.22 ustep: 0.01504682 
iter: 5  value: 16138.29 mgc: 187727.2 ustep: 0.008164774 
iter: 6  value: 15132.06 mgc: 59149.71 ustep: 0.01177717 
iter: 7  value: 10356.2 mgc: 257110.5 ustep: 0.1086118 
iter: 8  value: 611.3101 mgc: 884668.1 ustep: 0.3296301 
iter: 9  value: -61.88048 mgc: 109220.6 ustep: 0.5741768 
iter: 10  value: -65.9608 mgc: 96864.95 ustep: 0.1623596 
iter: 11  value: -124.0515 mgc: 173116.1 ustep: 0.4029984 
iter: 12  value: -332.668 mgc: 125820.6 ustep: 0.3956907 
iter: 13  value: -506.7907 mgc: 88883.4 ustep: 0.2195462 
iter: 14  value: -528.0642 mgc: 50400.45 ustep: 0.2710083 
iter: 15  value: -588.4294 mgc: 95381.73 ustep: 0.1678808 
iter: 16  value: -601.5408 mgc: 35221.05 ustep: 0.01633393 
iter: 17  value: -607.6851 mgc: 25347.39 ustep: 0.1278915 
iter: 18  value: -608.5372 mgc: 16176.96 ustep: 0.02727655 
iter: 19  value: -611.464 mgc: 22260.85 ustep: 0.1652396 
iter: 20  value: -614.8481 mgc: 22235.02 ustep: 0.06312501 
iter: 21  value: -620.1639 mgc: 25068.83 ustep: 0.1347246 
iter: 22  value: -621.9953 mgc: 14595.82 ustep: 0.3671118 
iter: 23  value: -631.1924 mgc: 36222.63 ustep: 0.10985 
iter: 24  value: -637.4406 mgc: 13859.73 ustep: 0.3315031 
iter: 25  value: -638.2004 mgc: 8534.104 ustep: 0.1016169 
iter: 26  value: -643.4582 mgc: 13366.35 ustep: 0.3188423 
iter: 27  value: -644.0409 mgc: 1907.779 ustep: 0.05063329 
iter: 28  value: -646.2872 mgc: 5186.42 ustep: 0.2250959 
iter: 29  value: -646.9104 mgc: 2710.198 ustep: 0.1485484 
iter: 30  value: -650.78 mgc: 11038.89 ustep: 0.3854812 
iter: 31  value: -651.0924 mgc: 3504.052 ustep: 0.05879694 
iter: 32  value: -652.8675 mgc: 7489.92 ustep: 0.2425566 
iter: 33  value: -652.9664 mgc: 2896.335 ustep: 0.08127342 
iter: 34  value: -655.0021 mgc: 9426.173 ustep: 0.2851564 
iter: 35  value: -655.2661 mgc: 2568.971 ustep: 0.04658828 
iter: 36  value: -656.3684 mgc: 5121.109 ustep: 0.2159216 
iter: 37  value: -656.5723 mgc: 1818.372 ustep: 0.07512491 
iter: 38  value: -657.8925 mgc: 6592.051 ustep: 0.2741618 
iter: 39  value: -658.1057 mgc: 1879.363 ustep: 0.04527329 
iter: 40  value: -658.9174 mgc: 4217.227 ustep: 0.2128539 
iter: 41  value: -658.9363 mgc: 1716.894 ustep: 0.1433001 
iter: 42  value: -660.6038 mgc: 9539.346 ustep: 0.3786121 
iter: 43  value: -660.6757 mgc: 2302.674 ustep: 0.05794107 
iter: 44  value: -661.3887 mgc: 6485.102 ustep: 0.2407855 
iter: 45  value: -661.4596 mgc: 4631.957 ustep: 0.08086657 
iter: 46  value: -661.8134 mgc: 7656.08 ustep: 0.154078 
iter: 47  value: -662.229 mgc: 7883.626 ustep: 0.06039758 
iter: 48  value: -662.4307 mgc: 5716.445 ustep: 0.1315599 
iter: 49  value: -662.4853 mgc: 6927.328 ustep: 0.1065222 
iter: 50  value: -663.0004 mgc: 9275.035 ustep: 0.1792779 
iter: 51  value: -663.3412 mgc: 7657.842 ustep: 0.06650394 
iter: 52  value: -663.4119 mgc: 6233.765 ustep: 0.2579578 
iter: 53  value: -663.8871 mgc: 9278.158 ustep: 0.08480298 
iter: 54  value: -664.2023 mgc: 7599.259 ustep: 0.2912804 
iter: 55  value: -664.3345 mgc: 8003.252 ustep: 0.09241264 
iter: 56  value: -664.9511 mgc: 9388.905 ustep: 0.3040641 
iter: 57  value: -665.2811 mgc: 6656.298 ustep: 0.04885466 
iter: 58  value: -665.5628 mgc: 4405.059 ustep: 0.2211088 
iter: 59  value: -665.5789 mgc: 3238.394 ustep: 0.07632819 
iter: 60  value: -665.9434 mgc: 5387.24 ustep: 0.2763479 
iter: 61  value: -666.0495 mgc: 3370.237 ustep: 0.04553466 
iter: 62  value: -666.2487 mgc: 2981.827 ustep: 0.2134672 
iter: 63  value: -666.2914 mgc: 2156.584 ustep: 0.07455437 
iter: 64  value: -666.5365 mgc: 3574.343 ustep: 0.2731192 
iter: 65  value: -666.6046 mgc: 2326.08 ustep: 0.04514864 
iter: 66  value: -666.754 mgc: 2143.123 ustep: 0.2125609 
iter: 67  value: -666.7715 mgc: 1599.024 ustep: 0.1431738 
iter: 68  value: -667.0698 mgc: 4194.227 ustep: 0.3784453 
iter: 69  value: -667.1201 mgc: 2367.73 ustep: 0.05792034 
iter: 70  value: -667.2587 mgc: 2659.877 ustep: 0.2407424 
iter: 71  value: -667.2838 mgc: 1656.133 ustep: 0.08085667 
iter: 72  value: -667.4346 mgc: 2763.723 ustep: 0.2844246 
iter: 73  value: -667.4517 mgc: 1586.821 ustep: 0.09084797 
iter: 74  value: -667.5986 mgc: 2860.753 ustep: 0.3014798 
iter: 75  value: -667.6155 mgc: 1536.979 ustep: 0.09474144 
iter: 76  value: -667.7447 mgc: 2651.783 ustep: 0.3078702 
iter: 77  value: -667.7653 mgc: 1418.533 ustep: 0.09620175 
iter: 78  value: -667.8717 mgc: 2223.927 ustep: 0.3102331 
iter: 79  value: -667.8942 mgc: 1232.929 ustep: 0.09674204 
iter: 80  value: -667.9805 mgc: 1756.479 ustep: 0.3111027 
iter: 81  value: -667.9931 mgc: 1020.738 ustep: 0.1845018 
iter: 82  value: -668.1168 mgc: 2494.956 ustep: 0.4295938 
iter: 83  value: -668.1354 mgc: 1177.698 ustep: 0.1246655 
iter: 84  value: -668.205 mgc: 1638.566 ustep: 0.3531447 
iter: 85  value: -668.212 mgc: 929.6182 ustep: 0.3630181 
iter: 86  value: -668.3602 mgc: 3006.141 ustep: 0.6025496 
iter: 87  value: -668.3695 mgc: 1256.977 ustep: 0.3121744 
iter: 88  value: -668.4519 mgc: 2343.917 ustep: 0.5587698 
iter: 89  value: -668.4886 mgc: 1356.859 ustep: 0.7475343 
iter: 90  value: -668.6034 mgc: 3205.85 ustep: 0.8646142 
iter: 91  value: -668.6499 mgc: 2024.409 ustep: 0.9298534 
iter: 92  value: -668.6616 mgc: 2292.118 ustep: 0.9642926 
iter: 93  value: -668.6893 mgc: 2008.368 ustep: 0.9819858 
iter: 94  value: -668.699 mgc: 1396.573 ustep: 0.9909529 
iter: 95  value: -668.7024 mgc: 762.1791 ustep: 0.9954666 
iter: 96  value: -668.7044 mgc: 542.6661 ustep: 0.997731 
iter: 97  value: -668.7047 mgc: 197.0903 ustep: 0.9988649 
iter: 98  value: -668.7049 mgc: 135.9252 ustep: 0.9994324 
iter: 99  value: -668.7049 mgc: 33.18189 ustep: 0.9997162 
iter: 100  value: -668.7049 mgc: 19.71737 ustep: 0.9998581 
iter: 101  value: -668.7049 mgc: 1.470194 ustep: 0.999929 
iter: 102  value: -668.7049 mgc: 0.1739426 ustep: 0.9999645 
iter: 103  value: -668.7049 mgc: 0.0001545904 ustep: 0.9999823 
iter: 104  value: -668.7049 mgc: 3.469313e-07 ustep: 0.9999911 
mgc: 3.966814e-07 
outer mgc:  0.1920645 
iter: 1  value: 14443938324 mgc: 1616539071 ustep: 3.420548e-09 
iter: 2  value: 345860.3 mgc: 795550017 ustep: 6.186147e-07 
iter: 3  value: 24174.97 mgc: 4591653 ustep: 0.000886442 
iter: 4  value: 19201.97 mgc: 25566.22 ustep: 0.01504682 
iter: 5  value: 16138.33 mgc: 187727.2 ustep: 0.008164777 
iter: 6  value: 15132.1 mgc: 59149.65 ustep: 0.01177717 
iter: 7  value: 10355.06 mgc: 257110.6 ustep: 0.1086118 
iter: 8  value: 611.3323 mgc: 884558.9 ustep: 0.3296301 
iter: 9  value: -62.15537 mgc: 109199.6 ustep: 0.5741768 
iter: 10  value: -65.84908 mgc: 96865.16 ustep: 0.1623596 
iter: 11  value: -123.4846 mgc: 173097.6 ustep: 0.4029984 
iter: 12  value: -332.8945 mgc: 125822.7 ustep: 0.3956907 
iter: 13  value: -505.971 mgc: 88785.08 ustep: 0.2195462 
iter: 14  value: -533.2462 mgc: 50613.13 ustep: 0.2710083 
iter: 15  value: -588.5998 mgc: 91258.17 ustep: 0.1678808 
iter: 16  value: -601.3238 mgc: 35264.43 ustep: 0.01633393 
iter: 17  value: -607.6607 mgc: 25939.17 ustep: 0.1278915 
iter: 18  value: -608.377 mgc: 16177.56 ustep: 0.02727655 
iter: 19  value: -611.4513 mgc: 22760.02 ustep: 0.1652396 
iter: 20  value: -614.6798 mgc: 22232.38 ustep: 0.06312501 
iter: 21  value: -620.1544 mgc: 25549.65 ustep: 0.1347246 
iter: 22  value: -621.7017 mgc: 14592.24 ustep: 0.3671118 
iter: 23  value: -631.1872 mgc: 36801.12 ustep: 0.10985 
iter: 24  value: -637.4185 mgc: 13852.71 ustep: 0.3315031 
iter: 25  value: -638.197 mgc: 8636.573 ustep: 0.1016169 
iter: 26  value: -643.4535 mgc: 13359.59 ustep: 0.3188423 
iter: 27  value: -644.0368 mgc: 1921.253 ustep: 0.05063329 
iter: 28  value: -646.2831 mgc: 5184.789 ustep: 0.2250959 
iter: 29  value: -646.9071 mgc: 2710.491 ustep: 0.1485484 
iter: 30  value: -650.7762 mgc: 11033.98 ustep: 0.3854812 
iter: 31  value: -651.0888 mgc: 3504.737 ustep: 0.05879694 
iter: 32  value: -652.8638 mgc: 7488.027 ustep: 0.2425566 
iter: 33  value: -652.9629 mgc: 2896.705 ustep: 0.08127342 
iter: 34  value: -654.9985 mgc: 9423.899 ustep: 0.2851564 
iter: 35  value: -655.2625 mgc: 2569.19 ustep: 0.04658828 
iter: 36  value: -656.3649 mgc: 5120.444 ustep: 0.2159216 
iter: 37  value: -656.5689 mgc: 1818.421 ustep: 0.07512491 
iter: 38  value: -657.8891 mgc: 6590.791 ustep: 0.2741618 
iter: 39  value: -658.1024 mgc: 1879.548 ustep: 0.04527329 
iter: 40  value: -658.9141 mgc: 4216.623 ustep: 0.2128539 
iter: 41  value: -658.9335 mgc: 1718.701 ustep: 0.1433001 
iter: 42  value: -660.6005 mgc: 9535.928 ustep: 0.3786121 
iter: 43  value: -660.6726 mgc: 2304.472 ustep: 0.05794107 
iter: 44  value: -661.3846 mgc: 6484.482 ustep: 0.2407855 
iter: 45  value: -661.4567 mgc: 4651.384 ustep: 0.08086657 
iter: 46  value: -661.8083 mgc: 7656.885 ustep: 0.154078 
iter: 47  value: -662.226 mgc: 7906.201 ustep: 0.06039758 
iter: 48  value: -662.4286 mgc: 5721.271 ustep: 0.1315599 
iter: 49  value: -662.4816 mgc: 6920.788 ustep: 0.1065222 
iter: 50  value: -662.9988 mgc: 9284.727 ustep: 0.1792779 
iter: 51  value: -663.3385 mgc: 7648.589 ustep: 0.06650394 
iter: 52  value: -663.4103 mgc: 6236.318 ustep: 0.2579578 
iter: 53  value: -663.8844 mgc: 9271.985 ustep: 0.08480298 
iter: 54  value: -664.2001 mgc: 7601.103 ustep: 0.2912804 
iter: 55  value: -664.3321 mgc: 8001.8 ustep: 0.09241264 
iter: 56  value: -664.9489 mgc: 9389.508 ustep: 0.3040641 
iter: 57  value: -665.2788 mgc: 6656.237 ustep: 0.04885466 
iter: 58  value: -665.5606 mgc: 4404.991 ustep: 0.2211088 
iter: 59  value: -665.5767 mgc: 3238.451 ustep: 0.07632819 
iter: 60  value: -665.9412 mgc: 5387.284 ustep: 0.2763479 
iter: 61  value: -666.0473 mgc: 3370.318 ustep: 0.04553466 
iter: 62  value: -666.2465 mgc: 2981.984 ustep: 0.2134672 
iter: 63  value: -666.2893 mgc: 2156.651 ustep: 0.07455437 
iter: 64  value: -666.5344 mgc: 3574.735 ustep: 0.2731192 
iter: 65  value: -666.6025 mgc: 2326.22 ustep: 0.04514864 
iter: 66  value: -666.7519 mgc: 2143.448 ustep: 0.2125609 
iter: 67  value: -666.7694 mgc: 1599.153 ustep: 0.1431738 
iter: 68  value: -667.0678 mgc: 4195.413 ustep: 0.3784453 
iter: 69  value: -667.1181 mgc: 2368.061 ustep: 0.05792034 
iter: 70  value: -667.2567 mgc: 2660.55 ustep: 0.2407424 
iter: 71  value: -667.2818 mgc: 1656.46 ustep: 0.08085667 
iter: 72  value: -667.4326 mgc: 2764.603 ustep: 0.2844246 
iter: 73  value: -667.4498 mgc: 1587.196 ustep: 0.09084797 
iter: 74  value: -667.5967 mgc: 2861.793 ustep: 0.3014798 
iter: 75  value: -667.6136 mgc: 1537.414 ustep: 0.09474144 
iter: 76  value: -667.7428 mgc: 2652.787 ustep: 0.3078702 
iter: 77  value: -667.7634 mgc: 1418.99 ustep: 0.09620175 
iter: 78  value: -667.8699 mgc: 2224.815 ustep: 0.3102331 
iter: 79  value: -667.8923 mgc: 1233.353 ustep: 0.09674204 
iter: 80  value: -667.9787 mgc: 1757.256 ustep: 0.3111027 
iter: 81  value: -667.9912 mgc: 1021.098 ustep: 0.1845018 
iter: 82  value: -668.115 mgc: 2496.345 ustep: 0.4295938 
iter: 83  value: -668.1336 mgc: 1178.229 ustep: 0.1246655 
iter: 84  value: -668.2032 mgc: 1639.323 ustep: 0.3531447 
iter: 85  value: -668.2102 mgc: 930.0463 ustep: 0.3630181 
iter: 86  value: -668.3584 mgc: 3007.826 ustep: 0.6025496 
iter: 87  value: -668.3677 mgc: 1257.744 ustep: 0.3121744 
iter: 88  value: -668.4501 mgc: 2344.92 ustep: 0.5587698 
iter: 89  value: -668.4868 mgc: 1357.654 ustep: 0.7475343 
iter: 90  value: -668.6016 mgc: 3207.338 ustep: 0.8646142 
iter: 91  value: -668.648 mgc: 2025.536 ustep: 0.9298534 
iter: 92  value: -668.6598 mgc: 2293.218 ustep: 0.9642926 
iter: 93  value: -668.6876 mgc: 2009.029 ustep: 0.9819858 
iter: 94  value: -668.6972 mgc: 1397.162 ustep: 0.9909529 
iter: 95  value: -668.7006 mgc: 762.3708 ustep: 0.9954666 
iter: 96  value: -668.7026 mgc: 542.8348 ustep: 0.997731 
iter: 97  value: -668.7029 mgc: 197.1523 ustep: 0.9988649 
iter: 98  value: -668.7031 mgc: 135.9685 ustep: 0.9994324 
iter: 99  value: -668.7031 mgc: 33.19706 ustep: 0.9997162 
iter: 100  value: -668.7032 mgc: 19.72891 ustep: 0.9998581 
iter: 101  value: -668.7032 mgc: 1.471746 ustep: 0.999929 
iter: 102  value: -668.7032 mgc: 0.1742957 ustep: 0.9999645 
iter: 103  value: -668.7032 mgc: 0.0001551396 ustep: 0.9999823 
iter: 104  value: -668.7032 mgc: 3.200693e-07 ustep: 0.9999911 
mgc: 3.94005e-07 
outer mgc:  0.1920671 
iter: 1  value: 14443938325 mgc: 1616539071 ustep: 3.420548e-09 
iter: 2  value: 345860.5 mgc: 795550017 ustep: 6.186147e-07 
iter: 3  value: 24175.17 mgc: 4591653 ustep: 0.000886442 
iter: 4  value: 19201.99 mgc: 25566.22 ustep: 0.01504682 
iter: 5  value: 16138.41 mgc: 187727.2 ustep: 0.008164186 
iter: 6  value: 15132.08 mgc: 59148.39 ustep: 0.01177673 
iter: 7  value: 10355.71 mgc: 257104.8 ustep: 0.1086098 
iter: 8  value: 611.3574 mgc: 884614.9 ustep: 0.329627 
iter: 9  value: -61.93528 mgc: 109221.8 ustep: 0.5741741 
iter: 10  value: -65.88043 mgc: 96864.6 ustep: 0.1623588 
iter: 11  value: -123.7761 mgc: 173121.7 ustep: 0.4029975 
iter: 12  value: -332.5711 mgc: 125819 ustep: 0.3956901 
iter: 13  value: -506.6359 mgc: 88926.35 ustep: 0.2195459 
iter: 14  value: -526.0406 mgc: 50456.07 ustep: 0.2710082 
iter: 15  value: -588.4897 mgc: 96938.51 ustep: 0.1678807 
iter: 16  value: -601.6147 mgc: 35215.45 ustep: 0.01633393 
iter: 17  value: -607.6898 mgc: 25137.71 ustep: 0.1278915 
iter: 18  value: -608.5908 mgc: 16174.53 ustep: 0.02727654 
iter: 19  value: -611.4678 mgc: 22084.64 ustep: 0.1652396 
iter: 20  value: -614.9042 mgc: 22233.2 ustep: 0.063125 
iter: 21  value: -620.1649 mgc: 24899.31 ustep: 0.1347246 
iter: 22  value: -622.0954 mgc: 14595.8 ustep: 0.3671118 
iter: 23  value: -631.192 mgc: 36018.63 ustep: 0.10985 
iter: 24  value: -637.446 mgc: 13861.06 ustep: 0.3315031 
iter: 25  value: -638.1995 mgc: 8498.048 ustep: 0.1016169 
iter: 26  value: -643.4577 mgc: 13368 ustep: 0.3188423 
iter: 27  value: -644.0402 mgc: 1902.758 ustep: 0.05063329 
iter: 28  value: -646.2865 mgc: 5186.779 ustep: 0.2250959 
iter: 29  value: -646.9096 mgc: 2710.114 ustep: 0.1485484 
iter: 30  value: -650.7794 mgc: 11039.68 ustep: 0.3854812 
iter: 31  value: -651.0918 mgc: 3503.863 ustep: 0.05879694 
iter: 32  value: -652.8669 mgc: 7490.198 ustep: 0.2425566 
iter: 33  value: -652.9657 mgc: 2896.232 ustep: 0.08127342 
iter: 34  value: -655.0015 mgc: 9426.459 ustep: 0.2851564 
iter: 35  value: -655.2655 mgc: 2568.915 ustep: 0.04658828 
iter: 36  value: -656.3679 mgc: 5121.179 ustep: 0.2159216 
iter: 37  value: -656.5718 mgc: 1818.371 ustep: 0.07512491 
iter: 38  value: -657.892 mgc: 6592.128 ustep: 0.2741618 
iter: 39  value: -658.1052 mgc: 1879.344 ustep: 0.04527329 
iter: 40  value: -658.917 mgc: 4217.268 ustep: 0.2128539 
iter: 41  value: -658.9358 mgc: 1716.608 ustep: 0.1433001 
iter: 42  value: -660.6033 mgc: 9539.592 ustep: 0.3786121 
iter: 43  value: -660.6752 mgc: 2302.404 ustep: 0.05794107 
iter: 44  value: -661.3885 mgc: 6485.219 ustep: 0.2407855 
iter: 45  value: -661.4592 mgc: 4628.837 ustep: 0.08086657 
iter: 46  value: -661.8133 mgc: 7656.034 ustep: 0.154078 
iter: 47  value: -662.2286 mgc: 7880.058 ustep: 0.06039758 
iter: 48  value: -662.4302 mgc: 5715.759 ustep: 0.1315599 
iter: 49  value: -662.485 mgc: 6928.572 ustep: 0.1065222 
iter: 50  value: -662.9998 mgc: 9273.65 ustep: 0.1792779 
iter: 51  value: -663.3409 mgc: 7659.606 ustep: 0.06650394 
iter: 52  value: -663.4114 mgc: 6233.527 ustep: 0.2579578 
iter: 53  value: -663.8867 mgc: 9279.504 ustep: 0.08480298 
iter: 54  value: -664.2019 mgc: 7599.238 ustep: 0.2912804 
iter: 55  value: -664.3341 mgc: 8003.818 ustep: 0.09241264 
iter: 56  value: -664.9508 mgc: 9389.235 ustep: 0.3040641 
iter: 57  value: -665.2808 mgc: 6656.64 ustep: 0.04885466 
iter: 58  value: -665.5625 mgc: 4405.294 ustep: 0.2211088 
iter: 59  value: -665.5786 mgc: 3238.568 ustep: 0.07632819 
iter: 60  value: -665.9431 mgc: 5387.577 ustep: 0.2763479 
iter: 61  value: -666.0492 mgc: 3370.451 ustep: 0.04553466 
iter: 62  value: -666.2484 mgc: 2982.007 ustep: 0.2134672 
iter: 63  value: -666.2911 mgc: 2156.722 ustep: 0.07455437 
iter: 64  value: -666.5362 mgc: 3574.608 ustep: 0.2731192 
iter: 65  value: -666.6043 mgc: 2326.243 ustep: 0.04514864 
iter: 66  value: -666.7537 mgc: 2143.277 ustep: 0.2125609 
iter: 67  value: -666.7712 mgc: 1599.13 ustep: 0.1431738 
iter: 68  value: -667.0695 mgc: 4194.657 ustep: 0.3784453 
iter: 69  value: -667.1199 mgc: 2367.918 ustep: 0.05792034 
iter: 70  value: -667.2584 mgc: 2660.071 ustep: 0.2407424 
iter: 71  value: -667.2835 mgc: 1656.265 ustep: 0.08085667 
iter: 72  value: -667.4343 mgc: 2763.931 ustep: 0.2844246 
iter: 73  value: -667.4515 mgc: 1586.949 ustep: 0.09084797 
iter: 74  value: -667.5983 mgc: 2860.966 ustep: 0.3014798 
iter: 75  value: -667.6153 mgc: 1537.104 ustep: 0.09474144 
iter: 76  value: -667.7444 mgc: 2651.965 ustep: 0.3078702 
iter: 77  value: -667.765 mgc: 1418.646 ustep: 0.09620175 
iter: 78  value: -667.8715 mgc: 2224.072 ustep: 0.3102331 
iter: 79  value: -667.8939 mgc: 1233.022 ustep: 0.09674204 
iter: 80  value: -667.9803 mgc: 1756.593 ustep: 0.3111027 
iter: 81  value: -667.9928 mgc: 1020.809 ustep: 0.1845018 
iter: 82  value: -668.1166 mgc: 2495.138 ustep: 0.4295938 
iter: 83  value: -668.1351 mgc: 1177.791 ustep: 0.1246655 
iter: 84  value: -668.2047 mgc: 1638.656 ustep: 0.3531447 
iter: 85  value: -668.2118 mgc: 929.6836 ustep: 0.3630181 
iter: 86  value: -668.3599 mgc: 3006.31 ustep: 0.6025496 
iter: 87  value: -668.3693 mgc: 1257.081 ustep: 0.3121744 
iter: 88  value: -668.4516 mgc: 2343.997 ustep: 0.5587698 
iter: 89  value: -668.4884 mgc: 1356.948 ustep: 0.7475343 
iter: 90  value: -668.6031 mgc: 3205.925 ustep: 0.8646142 
iter: 91  value: -668.6496 mgc: 2024.506 ustep: 0.9298534 
iter: 92  value: -668.6613 mgc: 2292.157 ustep: 0.9642926 
iter: 93  value: -668.6891 mgc: 2008.387 ustep: 0.9819858 
iter: 94  value: -668.6987 mgc: 1396.583 ustep: 0.9909529 
iter: 95  value: -668.7021 mgc: 762.1773 ustep: 0.9954666 
iter: 96  value: -668.7041 mgc: 542.6627 ustep: 0.997731 
iter: 97  value: -668.7045 mgc: 197.0904 ustep: 0.9988649 
iter: 98  value: -668.7046 mgc: 135.9239 ustep: 0.9994324 
iter: 99  value: -668.7047 mgc: 33.1821 ustep: 0.9997162 
iter: 100  value: -668.7047 mgc: 19.71718 ustep: 0.9998581 
iter: 101  value: -668.7047 mgc: 1.470223 ustep: 0.999929 
iter: 102  value: -668.7047 mgc: 0.1739434 ustep: 0.9999645 
iter: 103  value: -668.7047 mgc: 0.0001545904 ustep: 0.9999823 
iter: 104  value: -668.7047 mgc: 3.631455e-07 ustep: 0.9999911 
mgc: 3.21848e-07 
outer mgc:  0.1949954 
iter: 1  value: 14443938324 mgc: 1616539071 ustep: 3.420548e-09 
iter: 2  value: 345860.3 mgc: 795550017 ustep: 6.186147e-07 
iter: 3  value: 24174.97 mgc: 4591653 ustep: 0.000886442 
iter: 4  value: 19201.98 mgc: 25566.22 ustep: 0.01504682 
iter: 5  value: 16138.2 mgc: 187727.2 ustep: 0.008165365 
iter: 6  value: 15132.08 mgc: 59150.97 ustep: 0.01177762 
iter: 7  value: 10355.55 mgc: 257116.3 ustep: 0.1086139 
iter: 8  value: 611.285 mgc: 884612 ustep: 0.3296332 
iter: 9  value: -62.10101 mgc: 109198.4 ustep: 0.5741795 
iter: 10  value: -65.92928 mgc: 96865.51 ustep: 0.1623604 
iter: 11  value: -123.7601 mgc: 173092.1 ustep: 0.4029994 
iter: 12  value: -332.9893 mgc: 125824.3 ustep: 0.3956913 
iter: 13  value: -506.1269 mgc: 88742.89 ustep: 0.2195464 
iter: 14  value: -508.5058 mgc: 50560.4 ustep: 0.468611 
iter: 15  value: -544.582 mgc: 105314.9 ustep: 0.2505327 
iter: 16  value: -575.3164 mgc: 78191.85 ustep: 0.04244838 
iter: 17  value: -600.1881 mgc: 81026.34 ustep: 0.2061094 
iter: 18  value: -614.8088 mgc: 45579.07 ustep: 0.07283898 
iter: 19  value: -624.2025 mgc: 41392.85 ustep: 0.1455617 
iter: 20  value: -626.3187 mgc: 22380.9 ustep: 0.2135864 
iter: 21  value: -630.5179 mgc: 31570.83 ustep: 0.1436155 
iter: 22  value: -640.6388 mgc: 23622.53 ustep: 0.3790285 
iter: 23  value: -642.0043 mgc: 9918.132 ustep: 0.05799284 
iter: 24  value: -644.7716 mgc: 6480.237 ustep: 0.240893 
iter: 25  value: -644.7941 mgc: 1773.438 ustep: 0.155254 
iter: 26  value: -649.8966 mgc: 14861.31 ustep: 0.3940835 
iter: 27  value: -650.131 mgc: 2117.26 ustep: 0.05987455 
iter: 28  value: -652.0962 mgc: 7848.989 ustep: 0.2447683 
iter: 29  value: -652.1654 mgc: 2954.661 ustep: 0.08178117 
iter: 30  value: -654.3573 mgc: 9634.659 ustep: 0.2860455 
iter: 31  value: -654.6601 mgc: 3169.786 ustep: 0.04669468 
iter: 32  value: -655.8114 mgc: 4981.993 ustep: 0.2161679 
iter: 33  value: -656.0558 mgc: 2289.873 ustep: 0.07518213 
iter: 34  value: -657.4204 mgc: 6360.478 ustep: 0.2742662 
iter: 35  value: -657.656 mgc: 2208.101 ustep: 0.04528577 
iter: 36  value: -658.5035 mgc: 4098.607 ustep: 0.2128832 
iter: 37  value: -658.5693 mgc: 1689.829 ustep: 0.1433127 
iter: 38  value: -660.284 mgc: 9317.318 ustep: 0.3786288 
iter: 39  value: -660.3472 mgc: 2210.614 ustep: 0.05794315 
iter: 40  value: -661.1849 mgc: 6558.672 ustep: 0.2407898 
iter: 41  value: -661.3505 mgc: 2234.127 ustep: 0.04128192 
iter: 42  value: -661.7015 mgc: 3425.652 ustep: 0.2032592 
iter: 43  value: -661.8083 mgc: 5758.728 ustep: 0.4508977 
iter: 44  value: -662.5058 mgc: 13772.52 ustep: 0.242894 
iter: 45  value: -662.941 mgc: 12003.69 ustep: 0.08135091 
iter: 46  value: -663.425 mgc: 11177.4 ustep: 0.1545807 
iter: 47  value: -663.9343 mgc: 9477.597 ustep: 0.06052129 
iter: 48  value: -664.2368 mgc: 6510.832 ustep: 0.1317047 
iter: 49  value: -664.4275 mgc: 5219.36 ustep: 0.05479197 
iter: 50  value: -664.5013 mgc: 4564.193 ustep: 0.2341534 
iter: 51  value: -664.8194 mgc: 7230.462 ustep: 0.07934093 
iter: 52  value: -664.9911 mgc: 6032.626 ustep: 0.2817471 
iter: 53  value: -665.1063 mgc: 7159.145 ustep: 0.0902369 
iter: 54  value: -665.5671 mgc: 8399.556 ustep: 0.3004645 
iter: 55  value: -665.8499 mgc: 6223.873 ustep: 0.04842253 
iter: 56  value: -666.0849 mgc: 4271.064 ustep: 0.2201292 
iter: 57  value: -666.0865 mgc: 3088.033 ustep: 0.0761012 
iter: 58  value: -666.398 mgc: 5263.307 ustep: 0.2759369 
iter: 59  value: -666.4913 mgc: 3224.37 ustep: 0.04548551 
iter: 60  value: -666.6567 mgc: 2879.034 ustep: 0.213352 
iter: 61  value: -666.6907 mgc: 2054.85 ustep: 0.07452757 
iter: 62  value: -666.8944 mgc: 3416.093 ustep: 0.2730701 
iter: 63  value: -666.9539 mgc: 2196.141 ustep: 0.04514278 
iter: 64  value: -667.0768 mgc: 2006.839 ustep: 0.2125471 
iter: 65  value: -667.0929 mgc: 1495.506 ustep: 0.1431678 
iter: 66  value: -667.3358 mgc: 3816.886 ustep: 0.3784374 
iter: 67  value: -667.3804 mgc: 2172.679 ustep: 0.05791936 
iter: 68  value: -667.4935 mgc: 2382.734 ustep: 0.2407404 
iter: 69  value: -667.518 mgc: 1493.26 ustep: 0.08085621 
iter: 70  value: -667.6394 mgc: 2406.352 ustep: 0.2844238 
iter: 71  value: -667.6586 mgc: 1406.807 ustep: 0.09084778 
iter: 72  value: -667.7755 mgc: 2434.827 ustep: 0.3014795 
iter: 73  value: -667.7939 mgc: 1334.49 ustep: 0.09474137 
iter: 74  value: -667.8967 mgc: 2229.564 ustep: 0.3078701 
iter: 75  value: -667.9167 mgc: 1208.344 ustep: 0.09620173 
iter: 76  value: -668.0019 mgc: 1847.92 ustep: 0.310233 
iter: 77  value: -668.0079 mgc: 1036.842 ustep: 0.1841425 
iter: 78  value: -668.1336 mgc: 2684.366 ustep: 0.4291754 
iter: 79  value: -668.1506 mgc: 1220.203 ustep: 0.1245642 
iter: 80  value: -668.2197 mgc: 1737.973 ustep: 0.3530012 
iter: 81  value: -668.2341 mgc: 981.0404 ustep: 0.201809 
iter: 82  value: -668.3155 mgc: 1908.158 ustep: 0.4492867 
iter: 83  value: -668.3207 mgc: 967.0801 ustep: 0.425781 
iter: 84  value: -668.4528 mgc: 2961.175 ustep: 0.6525537 
iter: 85  value: -668.4806 mgc: 1308.126 ustep: 0.8078272 
iter: 86  value: -668.607 mgc: 3807.586 ustep: 0.8988022 
iter: 87  value: -668.652 mgc: 2327.56 ustep: 0.948057 
iter: 88  value: -668.663 mgc: 2349.391 ustep: 0.8376966 
iter: 89  value: -668.6888 mgc: 1967.452 ustep: 0.9152662 
iter: 90  value: -668.6965 mgc: 1281.966 ustep: 0.9566998 
iter: 91  value: -668.7005 mgc: 809.4477 ustep: 0.9781125 
iter: 92  value: -668.7027 mgc: 570.5572 ustep: 0.9889968 
iter: 93  value: -668.7031 mgc: 229.3348 ustep: 0.9944837 
iter: 94  value: -668.7034 mgc: 161.5656 ustep: 0.9972383 
iter: 95  value: -668.7034 mgc: 42.89 ustep: 0.9986183 
iter: 96  value: -668.7034 mgc: 27.2832 ustep: 0.999309 
iter: 97  value: -668.7034 mgc: 2.598079 ustep: 0.9996545 
iter: 98  value: -668.7034 mgc: 0.4840743 ustep: 0.9998272 
iter: 99  value: -668.7034 mgc: 0.001146112 ustep: 0.9999136 
iter: 100  value: -668.7034 mgc: 3.75981e-07 ustep: 0.9999568 
mgc: 3.785864e-07 
outer mgc:  0.1949992 
iter: 1  value: 14443938325 mgc: 1616539071 ustep: 3.420548e-09 
iter: 2  value: 345860.5 mgc: 795550017 ustep: 6.186147e-07 
iter: 3  value: 24175.17 mgc: 4591653 ustep: 0.000886442 
iter: 4  value: 19202 mgc: 25566.22 ustep: 0.01504682 
iter: 5  value: 16138.45 mgc: 187727.2 ustep: 0.008164074 
iter: 6  value: 15132.09 mgc: 59148.13 ustep: 0.01177665 
iter: 7  value: 10355.47 mgc: 257103.8 ustep: 0.1086094 
iter: 8  value: 611.3658 mgc: 884590.4 ustep: 0.3296265 
iter: 9  value: -61.91155 mgc: 109218.1 ustep: 0.5741736 
iter: 10  value: -65.82373 mgc: 96864.58 ustep: 0.1623587 
iter: 11  value: -123.7839 mgc: 173121.3 ustep: 0.4029973 
iter: 12  value: -332.5605 mgc: 125819 ustep: 0.3956899 
iter: 13  value: -506.5932 mgc: 88933.74 ustep: 0.2195459 
iter: 14  value: -525.6673 mgc: 50466.23 ustep: 0.2710081 
iter: 15  value: -588.5036 mgc: 97222.17 ustep: 0.1678807 
iter: 16  value: -601.6269 mgc: 35213.66 ustep: 0.01633393 
iter: 17  value: -607.69 mgc: 25100.92 ustep: 0.1278915 
iter: 18  value: -608.5995 mgc: 16174.25 ustep: 0.02727654 
iter: 19  value: -611.4678 mgc: 22053.73 ustep: 0.1652396 
iter: 20  value: -614.9134 mgc: 22233.08 ustep: 0.063125 
iter: 21  value: -620.1645 mgc: 24869.58 ustep: 0.1347246 
iter: 22  value: -622.1123 mgc: 14595.89 ustep: 0.3671118 
iter: 23  value: -631.1913 mgc: 35982.7 ustep: 0.10985 
iter: 24  value: -637.4464 mgc: 13861.39 ustep: 0.3315031 
iter: 25  value: -638.1987 mgc: 8491.543 ustep: 0.1016169 
iter: 26  value: -643.4571 mgc: 13368.37 ustep: 0.3188423 
iter: 27  value: -644.0395 mgc: 1901.802 ustep: 0.05063329 
iter: 28  value: -646.2858 mgc: 5186.867 ustep: 0.2250959 
iter: 29  value: -646.9089 mgc: 2710.093 ustep: 0.1485484 
iter: 30  value: -650.7788 mgc: 11039.94 ustep: 0.3854812 
iter: 31  value: -651.0912 mgc: 3503.818 ustep: 0.05879694 
iter: 32  value: -652.8664 mgc: 7490.315 ustep: 0.2425566 
iter: 33  value: -652.9652 mgc: 2896.209 ustep: 0.08127342 
iter: 34  value: -655.001 mgc: 9426.628 ustep: 0.2851564 
iter: 35  value: -655.265 mgc: 2568.9 ustep: 0.04658828 
iter: 36  value: -656.3674 mgc: 5121.253 ustep: 0.2159216 
iter: 37  value: -656.5713 mgc: 1818.367 ustep: 0.07512491 
iter: 38  value: -657.8916 mgc: 6592.277 ustep: 0.2741618 
iter: 39  value: -658.1048 mgc: 1879.328 ustep: 0.04527329 
iter: 40  value: -658.9166 mgc: 4217.37 ustep: 0.2128539 
iter: 41  value: -658.9354 mgc: 1716.453 ustep: 0.1433001 
iter: 42  value: -660.603 mgc: 9540.09 ustep: 0.3786121 
iter: 43  value: -660.6749 mgc: 2302.246 ustep: 0.05794107 
iter: 44  value: -661.3883 mgc: 6485.451 ustep: 0.2407855 
iter: 45  value: -661.4589 mgc: 4627.106 ustep: 0.08086657 
iter: 46  value: -661.8132 mgc: 7656.241 ustep: 0.154078 
iter: 47  value: -662.2283 mgc: 7878.11 ustep: 0.06039758 
iter: 48  value: -662.4298 mgc: 5715.534 ustep: 0.1315599 
iter: 49  value: -662.4848 mgc: 6929.331 ustep: 0.1065222 
iter: 50  value: -662.9995 mgc: 9273.21 ustep: 0.1792779 
iter: 51  value: -663.3406 mgc: 7660.693 ustep: 0.06650394 
iter: 52  value: -663.411 mgc: 6233.572 ustep: 0.2579578 
iter: 53  value: -663.8865 mgc: 9280.385 ustep: 0.08480298 
iter: 54  value: -664.2016 mgc: 7599.507 ustep: 0.2912804 
iter: 55  value: -664.3339 mgc: 8004.268 ustep: 0.09241264 
iter: 56  value: -664.9506 mgc: 9389.797 ustep: 0.3040641 
iter: 57  value: -665.2806 mgc: 6656.974 ustep: 0.04885466 
iter: 58  value: -665.5623 mgc: 4405.595 ustep: 0.2211088 
iter: 59  value: -665.5784 mgc: 3238.735 ustep: 0.07632819 
iter: 60  value: -665.9429 mgc: 5388.056 ustep: 0.2763479 
iter: 61  value: -666.049 mgc: 3370.662 ustep: 0.04553466 
iter: 62  value: -666.2482 mgc: 2982.266 ustep: 0.2134672 
iter: 63  value: -666.291 mgc: 2156.856 ustep: 0.07455437 
iter: 64  value: -666.536 mgc: 3575.027 ustep: 0.2731192 
iter: 65  value: -666.6042 mgc: 2326.409 ustep: 0.04514864 
iter: 66  value: -666.7536 mgc: 2143.519 ustep: 0.2125609 
iter: 67  value: -666.771 mgc: 1599.238 ustep: 0.1431738 
iter: 68  value: -667.0694 mgc: 4195.418 ustep: 0.3784453 
iter: 69  value: -667.1197 mgc: 2368.129 ustep: 0.05792034 
iter: 70  value: -667.2583 mgc: 2660.38 ustep: 0.2407424 
iter: 71  value: -667.2834 mgc: 1656.432 ustep: 0.08085667 
iter: 72  value: -667.4342 mgc: 2764.27 ustep: 0.2844246 
iter: 73  value: -667.4514 mgc: 1587.111 ustep: 0.09084797 
iter: 74  value: -667.5982 mgc: 2861.308 ustep: 0.3014798 
iter: 75  value: -667.6152 mgc: 1537.262 ustep: 0.09474144 
iter: 76  value: -667.7444 mgc: 2652.248 ustep: 0.3078702 
iter: 77  value: -667.7649 mgc: 1418.785 ustep: 0.09620175 
iter: 78  value: -667.8714 mgc: 2224.29 ustep: 0.3102331 
iter: 79  value: -667.8939 mgc: 1233.131 ustep: 0.09674204 
iter: 80  value: -667.9802 mgc: 1756.764 ustep: 0.3111027 
iter: 81  value: -667.9927 mgc: 1020.889 ustep: 0.1845018 
iter: 82  value: -668.1165 mgc: 2495.419 ustep: 0.4295938 
iter: 83  value: -668.1351 mgc: 1177.897 ustep: 0.1246655 
iter: 84  value: -668.2047 mgc: 1638.778 ustep: 0.3531447 
iter: 85  value: -668.2117 mgc: 929.756 ustep: 0.3630181 
iter: 86  value: -668.3598 mgc: 3006.539 ustep: 0.6025496 
iter: 87  value: -668.3692 mgc: 1257.197 ustep: 0.3121744 
iter: 88  value: -668.4516 mgc: 2344.069 ustep: 0.5587698 
iter: 89  value: -668.4883 mgc: 1357.036 ustep: 0.7475343 
iter: 90  value: -668.603 mgc: 3205.948 ustep: 0.8646142 
iter: 91  value: -668.6495 mgc: 2024.573 ustep: 0.9298534 
iter: 92  value: -668.6612 mgc: 2292.137 ustep: 0.9642926 
iter: 93  value: -668.689 mgc: 2008.336 ustep: 0.9819858 
iter: 94  value: -668.6987 mgc: 1396.552 ustep: 0.9909529 
iter: 95  value: -668.702 mgc: 762.1391 ustep: 0.9954666 
iter: 96  value: -668.704 mgc: 542.6378 ustep: 0.997731 
iter: 97  value: -668.7044 mgc: 197.0782 ustep: 0.9988649 
iter: 98  value: -668.7046 mgc: 135.9157 ustep: 0.9994324 
iter: 99  value: -668.7046 mgc: 33.17906 ustep: 0.9997162 
iter: 100  value: -668.7046 mgc: 19.71521 ustep: 0.9998581 
iter: 101  value: -668.7046 mgc: 1.46994 ustep: 0.999929 
iter: 102  value: -668.7046 mgc: 0.1738882 ustep: 0.9999645 
iter: 103  value: -668.7046 mgc: 0.0001545904 ustep: 0.9999823 
iter: 104  value: -668.7046 mgc: 4.155988e-07 ustep: 0.9999911 
mgc: 3.932352e-07 
outer mgc:  0.2018046 
iter: 1  value: 14443938324 mgc: 1616539071 ustep: 3.420548e-09 
iter: 2  value: 345860.3 mgc: 795550017 ustep: 6.186147e-07 
iter: 3  value: 24174.98 mgc: 4591653 ustep: 0.000886442 
iter: 4  value: 19201.97 mgc: 25566.22 ustep: 0.01504682 
iter: 5  value: 16138.17 mgc: 187727.2 ustep: 0.008165477 
iter: 6  value: 15132.07 mgc: 59151.23 ustep: 0.0117777 
iter: 7  value: 10355.79 mgc: 257117.4 ustep: 0.1086143 
iter: 8  value: 611.2766 mgc: 884636.5 ustep: 0.3296338 
iter: 9  value: -62.12471 mgc: 109202.1 ustep: 0.57418 
iter: 10  value: -65.98591 mgc: 96865.53 ustep: 0.1623605 
iter: 11  value: -123.7523 mgc: 173092.5 ustep: 0.4029995 
iter: 12  value: -332.9994 mgc: 125824.3 ustep: 0.3956914 
iter: 13  value: -506.1698 mgc: 88735.67 ustep: 0.2195465 
iter: 14  value: -508.9931 mgc: 50550.59 ustep: 0.468611 
iter: 15  value: -544.5595 mgc: 104986.1 ustep: 0.2505327 
iter: 16  value: -575.1957 mgc: 78194.34 ustep: 0.04244838 
iter: 17  value: -600.1878 mgc: 81140.96 ustep: 0.2061094 
iter: 18  value: -614.7783 mgc: 45580.11 ustep: 0.07283898 
iter: 19  value: -624.2026 mgc: 41449.39 ustep: 0.1455617 
iter: 20  value: -626.3027 mgc: 22381.34 ustep: 0.2135864 
iter: 21  value: -630.5187 mgc: 31608.53 ustep: 0.1436155 
iter: 22  value: -640.6381 mgc: 23621.84 ustep: 0.3790285 
iter: 23  value: -642.005 mgc: 9926.645 ustep: 0.05799284 
iter: 24  value: -644.7722 mgc: 6480.017 ustep: 0.240893 
iter: 25  value: -644.7948 mgc: 1773.447 ustep: 0.155254 
iter: 26  value: -649.8971 mgc: 14860.63 ustep: 0.3940835 
iter: 27  value: -650.1316 mgc: 2117.275 ustep: 0.05987455 
iter: 28  value: -652.0968 mgc: 7848.79 ustep: 0.2447683 
iter: 29  value: -652.1659 mgc: 2954.686 ustep: 0.08178117 
iter: 30  value: -654.3578 mgc: 9634.455 ustep: 0.2860455 
iter: 31  value: -654.6606 mgc: 3169.812 ustep: 0.04669468 
iter: 32  value: -655.8119 mgc: 4981.91 ustep: 0.2161679 
iter: 33  value: -656.0563 mgc: 2289.881 ustep: 0.07518213 
iter: 34  value: -657.4208 mgc: 6360.329 ustep: 0.2742662 
iter: 35  value: -657.6564 mgc: 2208.112 ustep: 0.04528577 
iter: 36  value: -658.5039 mgc: 4098.509 ustep: 0.2128832 
iter: 37  value: -658.5698 mgc: 1689.84 ustep: 0.1433127 
iter: 38  value: -660.2843 mgc: 9316.889 ustep: 0.3786288 
iter: 39  value: -660.3476 mgc: 2210.677 ustep: 0.05794315 
iter: 40  value: -661.1852 mgc: 6558.433 ustep: 0.2407898 
iter: 41  value: -661.3508 mgc: 2234.621 ustep: 0.04128192 
iter: 42  value: -661.7017 mgc: 3425.543 ustep: 0.2032592 
iter: 43  value: -661.8088 mgc: 5760.261 ustep: 0.4508977 
iter: 44  value: -662.5056 mgc: 13770.84 ustep: 0.242894 
iter: 45  value: -662.9412 mgc: 12005.86 ustep: 0.08135091 
iter: 46  value: -663.4254 mgc: 11177.76 ustep: 0.1545807 
iter: 47  value: -663.9345 mgc: 9476.092 ustep: 0.06052129 
iter: 48  value: -664.2371 mgc: 6511.011 ustep: 0.1317047 
iter: 49  value: -664.4277 mgc: 5218.584 ustep: 0.05479197 
iter: 50  value: -664.5016 mgc: 4564.191 ustep: 0.2341534 
iter: 51  value: -664.8196 mgc: 7229.616 ustep: 0.07934093 
iter: 52  value: -664.9913 mgc: 6032.494 ustep: 0.2817471 
iter: 53  value: -665.1065 mgc: 7158.654 ustep: 0.0902369 
iter: 54  value: -665.5673 mgc: 8399.125 ustep: 0.3004645 
iter: 55  value: -665.85 mgc: 6223.549 ustep: 0.04842253 
iter: 56  value: -666.085 mgc: 4270.78 ustep: 0.2201292 
iter: 57  value: -666.0866 mgc: 3087.881 ustep: 0.0761012 
iter: 58  value: -666.3981 mgc: 5262.846 ustep: 0.2759369 
iter: 59  value: -666.4914 mgc: 3224.173 ustep: 0.04548551 
iter: 60  value: -666.6568 mgc: 2878.792 ustep: 0.213352 
iter: 61  value: -666.6908 mgc: 2054.726 ustep: 0.07452757 
iter: 62  value: -666.8945 mgc: 3415.704 ustep: 0.2730701 
iter: 63  value: -666.954 mgc: 2195.989 ustep: 0.04514278 
iter: 64  value: -667.0769 mgc: 2006.621 ustep: 0.2125471 
iter: 65  value: -667.0931 mgc: 1495.41 ustep: 0.1431678 
iter: 66  value: -667.3359 mgc: 3816.211 ustep: 0.3784374 
iter: 67  value: -667.3804 mgc: 2172.496 ustep: 0.05791936 
iter: 68  value: -667.4936 mgc: 2382.463 ustep: 0.2407404 
iter: 69  value: -667.5181 mgc: 1493.119 ustep: 0.08085621 
iter: 70  value: -667.6395 mgc: 2406.06 ustep: 0.2844238 
iter: 71  value: -667.6587 mgc: 1406.673 ustep: 0.09084778 
iter: 72  value: -667.7756 mgc: 2434.534 ustep: 0.3014795 
iter: 73  value: -667.794 mgc: 1334.364 ustep: 0.09474137 
iter: 74  value: -667.8968 mgc: 2229.323 ustep: 0.3078701 
iter: 75  value: -667.9167 mgc: 1208.234 ustep: 0.09620173 
iter: 76  value: -668.002 mgc: 1847.74 ustep: 0.310233 
iter: 77  value: -668.008 mgc: 1036.756 ustep: 0.1841425 
iter: 78  value: -668.1337 mgc: 2684.082 ustep: 0.4291754 
iter: 79  value: -668.1507 mgc: 1220.088 ustep: 0.1245642 
iter: 80  value: -668.2198 mgc: 1737.862 ustep: 0.3530012 
iter: 81  value: -668.2342 mgc: 980.9658 ustep: 0.201809 
iter: 82  value: -668.3156 mgc: 1908.039 ustep: 0.4492867 
iter: 83  value: -668.3207 mgc: 967.0131 ustep: 0.425781 
iter: 84  value: -668.4529 mgc: 2961.037 ustep: 0.6525537 
iter: 85  value: -668.4807 mgc: 1308.032 ustep: 0.8078272 
iter: 86  value: -668.6071 mgc: 3807.598 ustep: 0.8988022 
iter: 87  value: -668.6521 mgc: 2327.442 ustep: 0.948057 
iter: 88  value: -668.6631 mgc: 2349.398 ustep: 0.8376966 
iter: 89  value: -668.6888 mgc: 1967.525 ustep: 0.9152662 
iter: 90  value: -668.6966 mgc: 1281.995 ustep: 0.9566998 
iter: 91  value: -668.7006 mgc: 809.4926 ustep: 0.9781125 
iter: 92  value: -668.7027 mgc: 570.5865 ustep: 0.9889968 
iter: 93  value: -668.7032 mgc: 229.3498 ustep: 0.9944837 
iter: 94  value: -668.7034 mgc: 161.5765 ustep: 0.9972383 
iter: 95  value: -668.7035 mgc: 42.89405 ustep: 0.9986183 
iter: 96  value: -668.7035 mgc: 27.28601 ustep: 0.999309 
iter: 97  value: -668.7035 mgc: 2.598566 ustep: 0.9996545 
iter: 98  value: -668.7035 mgc: 0.4842185 ustep: 0.9998272 
iter: 99  value: -668.7035 mgc: 0.001146661 ustep: 0.9999136 
iter: 100  value: -668.7035 mgc: 4.056799e-07 ustep: 0.9999568 
mgc: 4.062594e-07 
outer mgc:  0.2018049 
iter: 1  value: 14443938325 mgc: 1616539071 ustep: 3.420548e-09 
iter: 2  value: 345860.5 mgc: 795550017 ustep: 6.186147e-07 
iter: 3  value: 24175.16 mgc: 4591653 ustep: 0.000886442 
iter: 4  value: 19202 mgc: 25566.22 ustep: 0.01504682 
iter: 5  value: 16138.46 mgc: 187727.2 ustep: 0.008164063 
iter: 6  value: 15132.1 mgc: 59148.1 ustep: 0.01177664 
iter: 7  value: 10355.4 mgc: 257103.7 ustep: 0.1086094 
iter: 8  value: 611.3684 mgc: 884583.7 ustep: 0.3296264 
iter: 9  value: -61.923 mgc: 109217.1 ustep: 0.5741736 
iter: 10  value: -65.81707 mgc: 96864.59 ustep: 0.1623587 
iter: 11  value: -123.7574 mgc: 173119.9 ustep: 0.4029973 
iter: 12  value: -332.5767 mgc: 125819.2 ustep: 0.3956899 
iter: 13  value: -506.5658 mgc: 88926.21 ustep: 0.2195459 
iter: 14  value: -526.0654 mgc: 50472.72 ustep: 0.2710081 
iter: 15  value: -588.5082 mgc: 96917.74 ustep: 0.1678807 
iter: 16  value: -601.6116 mgc: 35216.35 ustep: 0.01633393 
iter: 17  value: -607.6883 mgc: 25143.38 ustep: 0.1278915 
iter: 18  value: -608.5883 mgc: 16174.43 ustep: 0.02727654 
iter: 19  value: -611.4668 mgc: 22089.45 ustep: 0.1652396 
iter: 20  value: -614.9016 mgc: 22233.07 ustep: 0.063125 
iter: 21  value: -620.1638 mgc: 24904.03 ustep: 0.1347246 
iter: 22  value: -622.0917 mgc: 14595.73 ustep: 0.3671118 
iter: 23  value: -631.191 mgc: 36024.01 ustep: 0.10985 
iter: 24  value: -637.4449 mgc: 13860.97 ustep: 0.3315031 
iter: 25  value: -638.1985 mgc: 8498.885 ustep: 0.1016169 
iter: 26  value: -643.4568 mgc: 13367.95 ustep: 0.3188423 
iter: 27  value: -644.0393 mgc: 1902.828 ustep: 0.05063329 
iter: 28  value: -646.2856 mgc: 5186.772 ustep: 0.2250959 
iter: 29  value: -646.9087 mgc: 2710.113 ustep: 0.1485484 
iter: 30  value: -650.7786 mgc: 11039.68 ustep: 0.3854812 
iter: 31  value: -651.091 mgc: 3503.863 ustep: 0.05879694 
iter: 32  value: -652.8662 mgc: 7490.226 ustep: 0.2425566 
iter: 33  value: -652.965 mgc: 2896.232 ustep: 0.08127342 
iter: 34  value: -655.0009 mgc: 9426.536 ustep: 0.2851564 
iter: 35  value: -655.2649 mgc: 2568.913 ustep: 0.04658828 
iter: 36  value: -656.3673 mgc: 5121.236 ustep: 0.2159216 
iter: 37  value: -656.5711 mgc: 1818.368 ustep: 0.07512491 
iter: 38  value: -657.8915 mgc: 6592.251 ustep: 0.2741618 
iter: 39  value: -658.1047 mgc: 1879.336 ustep: 0.04527329 
iter: 40  value: -658.9164 mgc: 4217.365 ustep: 0.2128539 
iter: 41  value: -658.9353 mgc: 1716.541 ustep: 0.1433001 
iter: 42  value: -660.6029 mgc: 9540.028 ustep: 0.3786121 
iter: 43  value: -660.6747 mgc: 2302.331 ustep: 0.05794107 
iter: 44  value: -661.3881 mgc: 6485.466 ustep: 0.2407855 
iter: 45  value: -661.4588 mgc: 4628.029 ustep: 0.08086657 
iter: 46  value: -661.813 mgc: 7656.337 ustep: 0.154078 
iter: 47  value: -662.2282 mgc: 7879.2 ustep: 0.06039758 
iter: 48  value: -662.4297 mgc: 5715.801 ustep: 0.1315599 
iter: 49  value: -662.4846 mgc: 6929.043 ustep: 0.1065222 
iter: 50  value: -662.9994 mgc: 9273.747 ustep: 0.1792779 
iter: 51  value: -663.3405 mgc: 7660.282 ustep: 0.06650394 
iter: 52  value: -663.411 mgc: 6233.734 ustep: 0.2579578 
iter: 53  value: -663.8864 mgc: 9280.125 ustep: 0.08480298 
iter: 54  value: -664.2015 mgc: 7599.656 ustep: 0.2912804 
iter: 55  value: -664.3338 mgc: 8004.23 ustep: 0.09241264 
iter: 56  value: -664.9505 mgc: 9389.901 ustep: 0.3040641 
iter: 57  value: -665.2805 mgc: 6657.001 ustep: 0.04885466 
iter: 58  value: -665.5623 mgc: 4405.623 ustep: 0.2211088 
iter: 59  value: -665.5783 mgc: 3238.75 ustep: 0.07632819 
iter: 60  value: -665.9429 mgc: 5388.109 ustep: 0.2763479 
iter: 61  value: -666.0489 mgc: 3370.682 ustep: 0.04553466 
iter: 62  value: -666.2482 mgc: 2982.298 ustep: 0.2134672 
iter: 63  value: -666.2909 mgc: 2156.867 ustep: 0.07455437 
iter: 64  value: -666.536 mgc: 3575.088 ustep: 0.2731192 
iter: 65  value: -666.6041 mgc: 2326.425 ustep: 0.04514864 
iter: 66  value: -666.7535 mgc: 2143.556 ustep: 0.2125609 
iter: 67  value: -666.7709 mgc: 1599.249 ustep: 0.1431738 
iter: 68  value: -667.0693 mgc: 4195.549 ustep: 0.3784453 
iter: 69  value: -667.1197 mgc: 2368.155 ustep: 0.05792034 
iter: 70  value: -667.2583 mgc: 2660.433 ustep: 0.2407424 
iter: 71  value: -667.2834 mgc: 1656.457 ustep: 0.08085667 
iter: 72  value: -667.4341 mgc: 2764.331 ustep: 0.2844246 
iter: 73  value: -667.4513 mgc: 1587.136 ustep: 0.09084797 
iter: 74  value: -667.5982 mgc: 2861.372 ustep: 0.3014798 
iter: 75  value: -667.6151 mgc: 1537.287 ustep: 0.09474144 
iter: 76  value: -667.7443 mgc: 2652.301 ustep: 0.3078702 
iter: 77  value: -667.7649 mgc: 1418.808 ustep: 0.09620175 
iter: 78  value: -667.8713 mgc: 2224.331 ustep: 0.3102331 
iter: 79  value: -667.8938 mgc: 1233.149 ustep: 0.09674204 
iter: 80  value: -667.9801 mgc: 1756.796 ustep: 0.3111027 
iter: 81  value: -667.9927 mgc: 1020.901 ustep: 0.1845018 
iter: 82  value: -668.1164 mgc: 2495.472 ustep: 0.4295938 
iter: 83  value: -668.135 mgc: 1177.914 ustep: 0.1246655 
iter: 84  value: -668.2046 mgc: 1638.799 ustep: 0.3531447 
iter: 85  value: -668.2116 mgc: 929.7674 ustep: 0.3630181 
iter: 86  value: -668.3597 mgc: 3006.578 ustep: 0.6025496 
iter: 87  value: -668.3691 mgc: 1257.216 ustep: 0.3121744 
iter: 88  value: -668.4515 mgc: 2344.075 ustep: 0.5587698 
iter: 89  value: -668.4882 mgc: 1357.047 ustep: 0.7475343 
iter: 90  value: -668.603 mgc: 3205.936 ustep: 0.8646142 
iter: 91  value: -668.6494 mgc: 2024.575 ustep: 0.9298534 
iter: 92  value: -668.6612 mgc: 2292.118 ustep: 0.9642926 
iter: 93  value: -668.6889 mgc: 2008.313 ustep: 0.9819858 
iter: 94  value: -668.6986 mgc: 1396.537 ustep: 0.9909529 
iter: 95  value: -668.702 mgc: 762.1265 ustep: 0.9954666 
iter: 96  value: -668.704 mgc: 542.6297 ustep: 0.997731 
iter: 97  value: -668.7043 mgc: 197.0742 ustep: 0.9988649 
iter: 98  value: -668.7045 mgc: 135.9132 ustep: 0.9994324 
iter: 99  value: -668.7045 mgc: 33.17807 ustep: 0.9997162 
iter: 100  value: -668.7045 mgc: 19.71462 ustep: 0.9998581 
iter: 101  value: -668.7045 mgc: 1.46985 ustep: 0.999929 
iter: 102  value: -668.7045 mgc: 0.173872 ustep: 0.9999645 
iter: 103  value: -668.7045 mgc: 0.000154865 ustep: 0.9999823 
iter: 104  value: -668.7045 mgc: 3.991476e-07 ustep: 0.9999911 
mgc: 3.766096e-07 
outer mgc:  0.2020722 
iter: 1  value: 14443938324 mgc: 1616539071 ustep: 3.420548e-09 
iter: 2  value: 345860.3 mgc: 795550017 ustep: 6.186147e-07 
iter: 3  value: 24174.98 mgc: 4591653 ustep: 0.000886442 
iter: 4  value: 19201.97 mgc: 25566.22 ustep: 0.01504682 
iter: 5  value: 16138.16 mgc: 187727.2 ustep: 0.008165488 
iter: 6  value: 15132.06 mgc: 59151.25 ustep: 0.01177771 
iter: 7  value: 10355.86 mgc: 257117.5 ustep: 0.1086143 
iter: 8  value: 611.274 mgc: 884643.2 ustep: 0.3296339 
iter: 9  value: -62.1133 mgc: 109203.1 ustep: 0.5741801 
iter: 10  value: -65.99262 mgc: 96865.52 ustep: 0.1623605 
iter: 11  value: -123.7788 mgc: 173093.8 ustep: 0.4029996 
iter: 12  value: -332.9836 mgc: 125824.1 ustep: 0.3956914 
iter: 13  value: -506.1974 mgc: 88743.01 ustep: 0.2195465 
iter: 14  value: -508.4716 mgc: 50544.32 ustep: 0.468611 
iter: 15  value: -544.5518 mgc: 105339.9 ustep: 0.2505327 
iter: 16  value: -575.336 mgc: 78191.44 ustep: 0.04244838 
iter: 17  value: -600.1904 mgc: 81008.71 ustep: 0.2061094 
iter: 18  value: -614.8144 mgc: 45578.49 ustep: 0.07283898 
iter: 19  value: -624.2037 mgc: 41384.39 ustep: 0.1455617 
iter: 20  value: -626.322 mgc: 22380.3 ustep: 0.2135864 
iter: 21  value: -630.5188 mgc: 31565.48 ustep: 0.1436155 
iter: 22  value: -640.6399 mgc: 23622.82 ustep: 0.3790285 
iter: 23  value: -642.0052 mgc: 9917.11 ustep: 0.05799284 
iter: 24  value: -644.7725 mgc: 6480.329 ustep: 0.240893 
iter: 25  value: -644.7949 mgc: 1773.438 ustep: 0.155254 
iter: 26  value: -649.8973 mgc: 14861.55 ustep: 0.3940835 
iter: 27  value: -650.1318 mgc: 2117.262 ustep: 0.05987455 
iter: 28  value: -652.097 mgc: 7849.014 ustep: 0.2447683 
iter: 29  value: -652.1661 mgc: 2954.658 ustep: 0.08178117 
iter: 30  value: -654.358 mgc: 9634.633 ustep: 0.2860455 
iter: 31  value: -654.6608 mgc: 3169.779 ustep: 0.04669468 
iter: 32  value: -655.8121 mgc: 4981.956 ustep: 0.2161679 
iter: 33  value: -656.0564 mgc: 2289.869 ustep: 0.07518213 
iter: 34  value: -657.421 mgc: 6360.394 ustep: 0.2742662 
iter: 35  value: -657.6566 mgc: 2208.102 ustep: 0.04528577 
iter: 36  value: -658.5041 mgc: 4098.531 ustep: 0.2128832 
iter: 37  value: -658.5699 mgc: 1689.833 ustep: 0.1433127 
iter: 38  value: -660.2845 mgc: 9316.977 ustep: 0.3786288 
iter: 39  value: -660.3477 mgc: 2210.645 ustep: 0.05794315 
iter: 40  value: -661.1853 mgc: 6558.436 ustep: 0.2407898 
iter: 41  value: -661.3509 mgc: 2234.382 ustep: 0.04128192 
iter: 42  value: -661.7019 mgc: 3425.523 ustep: 0.2032592 
iter: 43  value: -661.8089 mgc: 5759.526 ustep: 0.4508977 
iter: 44  value: -662.5059 mgc: 13770.95 ustep: 0.242894 
iter: 45  value: -662.9413 mgc: 12004.74 ustep: 0.08135091 
iter: 46  value: -663.4254 mgc: 11177.27 ustep: 0.1545807 
iter: 47  value: -663.9346 mgc: 9476.561 ustep: 0.06052129 
iter: 48  value: -664.2372 mgc: 6510.765 ustep: 0.1317047 
iter: 49  value: -664.4278 mgc: 5218.813 ustep: 0.05479197 
iter: 50  value: -664.5017 mgc: 4564.054 ustep: 0.2341534 
iter: 51  value: -664.8197 mgc: 7229.828 ustep: 0.07934093 
iter: 52  value: -664.9914 mgc: 6032.294 ustep: 0.2817471 
iter: 53  value: -665.1066 mgc: 7158.692 ustep: 0.0902369 
iter: 54  value: -665.5674 mgc: 8398.916 ustep: 0.3004645 
iter: 55  value: -665.8501 mgc: 6223.495 ustep: 0.04842253 
iter: 56  value: -666.0851 mgc: 4270.732 ustep: 0.2201292 
iter: 57  value: -666.0867 mgc: 3087.849 ustep: 0.0761012 
iter: 58  value: -666.3982 mgc: 5262.773 ustep: 0.2759369 
iter: 59  value: -666.4915 mgc: 3224.139 ustep: 0.04548551 
iter: 60  value: -666.6569 mgc: 2878.753 ustep: 0.213352 
iter: 61  value: -666.6909 mgc: 2054.708 ustep: 0.07452757 
iter: 62  value: -666.8946 mgc: 3415.635 ustep: 0.2730701 
iter: 63  value: -666.9541 mgc: 2195.967 ustep: 0.04514278 
iter: 64  value: -667.0769 mgc: 2006.581 ustep: 0.2125471 
iter: 65  value: -667.0931 mgc: 1495.397 ustep: 0.1431678 
iter: 66  value: -667.336 mgc: 3816.079 ustep: 0.3784374 
iter: 67  value: -667.3805 mgc: 2172.467 ustep: 0.05791936 
iter: 68  value: -667.4937 mgc: 2382.41 ustep: 0.2407404 
iter: 69  value: -667.5181 mgc: 1493.094 ustep: 0.08085621 
iter: 70  value: -667.6396 mgc: 2406 ustep: 0.2844238 
iter: 71  value: -667.6587 mgc: 1406.65 ustep: 0.09084778 
iter: 72  value: -667.7757 mgc: 2434.473 ustep: 0.3014795 
iter: 73  value: -667.794 mgc: 1334.341 ustep: 0.09474137 
iter: 74  value: -667.8969 mgc: 2229.273 ustep: 0.3078701 
iter: 75  value: -667.9168 mgc: 1208.214 ustep: 0.09620173 
iter: 76  value: -668.0021 mgc: 1847.703 ustep: 0.310233 
iter: 77  value: -668.0081 mgc: 1036.741 ustep: 0.1841425 
iter: 78  value: -668.1338 mgc: 2684.023 ustep: 0.4291754 
iter: 79  value: -668.1508 mgc: 1220.067 ustep: 0.1245642 
iter: 80  value: -668.2198 mgc: 1737.841 ustep: 0.3530012 
iter: 81  value: -668.2342 mgc: 980.9523 ustep: 0.201809 
iter: 82  value: -668.3157 mgc: 1908.017 ustep: 0.4492867 
iter: 83  value: -668.3208 mgc: 967.0014 ustep: 0.425781 
iter: 84  value: -668.4529 mgc: 2961.013 ustep: 0.6525537 
iter: 85  value: -668.4807 mgc: 1308.016 ustep: 0.8078272 
iter: 86  value: -668.6072 mgc: 3807.614 ustep: 0.8988022 
iter: 87  value: -668.6522 mgc: 2327.425 ustep: 0.948057 
iter: 88  value: -668.6632 mgc: 2349.409 ustep: 0.8376966 
iter: 89  value: -668.6889 mgc: 1967.55 ustep: 0.9152662 
iter: 90  value: -668.6966 mgc: 1282.006 ustep: 0.9566998 
iter: 91  value: -668.7007 mgc: 809.5061 ustep: 0.9781125 
iter: 92  value: -668.7028 mgc: 570.595 ustep: 0.9889968 
iter: 93  value: -668.7033 mgc: 229.3542 ustep: 0.9944837 
iter: 94  value: -668.7035 mgc: 161.5795 ustep: 0.9972383 
iter: 95  value: -668.7035 mgc: 42.89525 ustep: 0.9986183 
iter: 96  value: -668.7036 mgc: 27.28676 ustep: 0.999309 
iter: 97  value: -668.7036 mgc: 2.598707 ustep: 0.9996545 
iter: 98  value: -668.7036 mgc: 0.484258 ustep: 0.9998272 
iter: 99  value: -668.7036 mgc: 0.00114721 ustep: 0.9999136 
iter: 100  value: -668.7036 mgc: 3.904553e-07 ustep: 0.9999568 
mgc: 3.852095e-07 
outer mgc:  0.2020722 
iter: 1  value: 14443938325 mgc: 1616539071 ustep: 3.420548e-09 
iter: 2  value: 345860.8 mgc: 795550017 ustep: 6.186147e-07 
iter: 3  value: 24175.39 mgc: 4591653 ustep: 0.000886442 
iter: 4  value: 19202.06 mgc: 25566.22 ustep: 0.01504682 
iter: 5  value: 16138.98 mgc: 187727.2 ustep: 0.008161759 
iter: 6  value: 15132.23 mgc: 59143.01 ustep: 0.01177491 
iter: 7  value: 10354.6 mgc: 257081.3 ustep: 0.1086014 
iter: 8  value: 611.5428 mgc: 884476.7 ustep: 0.3296143 
iter: 9  value: -61.62689 mgc: 109235.3 ustep: 0.574163 
iter: 10  value: -65.43522 mgc: 96862.85 ustep: 0.1623557 
iter: 11  value: -123.6965 mgc: 173166.3 ustep: 0.4029935 
iter: 12  value: -331.8158 mgc: 125811.7 ustep: 0.3956875 
iter: 13  value: -507.1263 mgc: 89268.94 ustep: 0.2195448 
iter: 14  value: -535.836 mgc: 50359.18 ustep: 0.1461747 
iter: 15  value: -572.5792 mgc: 89981.97 ustep: 0.2140968 
iter: 16  value: -578.4812 mgc: 47968.44 ustep: 0.03807146 
iter: 17  value: -598.4963 mgc: 63176.98 ustep: 0.1951996 
iter: 18  value: -603.1962 mgc: 34607.12 ustep: 0.07027971 
iter: 19  value: -615.4759 mgc: 40906.67 ustep: 0.1427674 
iter: 20  value: -618.2577 mgc: 16666.47 ustep: 0.1118732 
iter: 21  value: -619.0085 mgc: 20883.31 ustep: 0.1842249 
iter: 22  value: -630.1897 mgc: 25136.91 ustep: 0.4292714 
iter: 23  value: -633.7404 mgc: 24827.2 ustep: 0.1245874 
iter: 24  value: -642.115 mgc: 19945.53 ustep: 0.3530341 
iter: 25  value: -642.7512 mgc: 2350.245 ustep: 0.0547864 
iter: 26  value: -645.3099 mgc: 5629.426 ustep: 0.2341415 
iter: 27  value: -645.7111 mgc: 1886.079 ustep: 0.1523964 
iter: 28  value: -650.2368 mgc: 12777.87 ustep: 0.3904408 
iter: 29  value: -650.4931 mgc: 2381.097 ustep: 0.05941743 
iter: 30  value: -652.3865 mgc: 7587.062 ustep: 0.2438325 
iter: 31  value: -652.4919 mgc: 2898.412 ustep: 0.08156638 
iter: 32  value: -654.6103 mgc: 9320.69 ustep: 0.2856697 
iter: 33  value: -654.8962 mgc: 2883.277 ustep: 0.04664971 
iter: 34  value: -656.0306 mgc: 4923.065 ustep: 0.2160638 
iter: 35  value: -656.2663 mgc: 2032.786 ustep: 0.07515795 
iter: 36  value: -657.6119 mgc: 6283.445 ustep: 0.2742221 
iter: 37  value: -657.8369 mgc: 2009.245 ustep: 0.0452805 
iter: 38  value: -658.671 mgc: 4041.77 ustep: 0.2128709 
iter: 39  value: -658.7558 mgc: 1605.405 ustep: 0.1433074 
iter: 40  value: -660.4246 mgc: 9061.673 ustep: 0.3786217 
iter: 41  value: -660.4989 mgc: 2214.233 ustep: 0.05794227 
iter: 42  value: -661.2817 mgc: 6367.561 ustep: 0.2407879 
iter: 43  value: -661.2993 mgc: 3347.314 ustep: 0.08086714 
iter: 44  value: -661.7613 mgc: 7534.387 ustep: 0.284443 
iter: 45  value: -662.0503 mgc: 8980.803 ustep: 0.09085217 
iter: 46  value: -662.3297 mgc: 9495.913 ustep: 0.1642126 
iter: 47  value: -662.9271 mgc: 10006.68 ustep: 0.06287567 
iter: 48  value: -663.2617 mgc: 6545.419 ustep: 0.1344377 
iter: 49  value: -663.4932 mgc: 5563.999 ustep: 0.05548824 
iter: 50  value: -663.6426 mgc: 4631.711 ustep: 0.2356359 
iter: 51  value: -663.9956 mgc: 7399.139 ustep: 0.07968227 
iter: 52  value: -664.2604 mgc: 6085.261 ustep: 0.2823522 
iter: 53  value: -664.3837 mgc: 7185.535 ustep: 0.09037502 
iter: 54  value: -664.936 mgc: 8566.791 ustep: 0.3006943 
iter: 55  value: -665.2284 mgc: 6301.243 ustep: 0.0484501 
iter: 56  value: -665.5164 mgc: 4474.048 ustep: 0.2201918 
iter: 57  value: -665.5211 mgc: 3210.065 ustep: 0.07611572 
iter: 58  value: -665.9001 mgc: 5578.314 ustep: 0.2759632 
iter: 59  value: -666.0049 mgc: 3395.746 ustep: 0.04548866 
iter: 60  value: -666.2094 mgc: 3105.596 ustep: 0.2133594 
iter: 61  value: -666.2475 mgc: 2206.938 ustep: 0.07452929 
iter: 62  value: -666.5015 mgc: 3762.455 ustep: 0.2730732 
iter: 63  value: -666.5709 mgc: 2394.521 ustep: 0.04514315 
iter: 64  value: -666.7238 mgc: 2245.749 ustep: 0.2125479 
iter: 65  value: -666.7289 mgc: 1649.023 ustep: 0.1431682 
iter: 66  value: -667.0435 mgc: 4489.521 ustep: 0.3784379 
iter: 67  value: -667.0946 mgc: 2457.492 ustep: 0.05791942 
iter: 68  value: -667.2371 mgc: 2772.089 ustep: 0.2407405 
iter: 69  value: -667.261 mgc: 1725.235 ustep: 0.08085624 
iter: 70  value: -667.4161 mgc: 2878.264 ustep: 0.2844239 
iter: 71  value: -667.4319 mgc: 1651.56 ustep: 0.0908478 
iter: 72  value: -667.5831 mgc: 2971.709 ustep: 0.3014795 
iter: 73  value: -667.5992 mgc: 1597.085 ustep: 0.09474138 
iter: 74  value: -667.7319 mgc: 2742.777 ustep: 0.3078701 
iter: 75  value: -667.7523 mgc: 1469.995 ustep: 0.09620173 
iter: 76  value: -667.8613 mgc: 2294.799 ustep: 0.310233 
iter: 77  value: -667.8838 mgc: 1273.421 ustep: 0.09674203 
iter: 78  value: -667.972 mgc: 1812.669 ustep: 0.3111027 
iter: 79  value: -667.9828 mgc: 1051.183 ustep: 0.1845018 
iter: 80  value: -668.1101 mgc: 2585.809 ustep: 0.4295938 
iter: 81  value: -668.1288 mgc: 1217.752 ustep: 0.1246655 
iter: 82  value: -668.1998 mgc: 1684.753 ustep: 0.3531447 
iter: 83  value: -668.2044 mgc: 958.7332 ustep: 0.3630181 
iter: 84  value: -668.3565 mgc: 3098.844 ustep: 0.6025496 
iter: 85  value: -668.3656 mgc: 1304.859 ustep: 0.3121744 
iter: 86  value: -668.4494 mgc: 2397.754 ustep: 0.5587698 
iter: 87  value: -668.4848 mgc: 1402.316 ustep: 0.7475343 
iter: 88  value: -668.6015 mgc: 3281.958 ustep: 0.8646142 
iter: 89  value: -668.6489 mgc: 2085.261 ustep: 0.9298534 
iter: 90  value: -668.6611 mgc: 2350.331 ustep: 0.9642926 
iter: 91  value: -668.6898 mgc: 2045.001 ustep: 0.9819858 
iter: 92  value: -668.6999 mgc: 1427.309 ustep: 0.9909529 
iter: 93  value: -668.7033 mgc: 773.445 ustep: 0.9954666 
iter: 94  value: -668.7054 mgc: 551.6401 ustep: 0.997731 
iter: 95  value: -668.7058 mgc: 200.6152 ustep: 0.9988649 
iter: 96  value: -668.7059 mgc: 138.1503 ustep: 0.9994324 
iter: 97  value: -668.706 mgc: 33.99853 ustep: 0.9997162 
iter: 98  value: -668.706 mgc: 20.2498 ustep: 0.9998581 
iter: 99  value: -668.706 mgc: 1.546334 ustep: 0.999929 
iter: 100  value: -668.706 mgc: 0.1896765 ustep: 0.9999645 
iter: 101  value: -668.706 mgc: 0.0001839708 ustep: 0.9999823 
iter: 102  value: -668.706 mgc: 3.43681e-07 ustep: 0.9999911 
mgc: 4.250319e-07 
outer mgc:  0.3897438 
iter: 1  value: 14443938324 mgc: 1616539071 ustep: 3.420548e-09 
iter: 2  value: 345860.1 mgc: 795550017 ustep: 6.186147e-07 
iter: 3  value: 24174.75 mgc: 4591653 ustep: 0.000886442 
iter: 4  value: 19201.91 mgc: 25566.22 ustep: 0.01504682 
iter: 5  value: 16137.64 mgc: 187727.2 ustep: 0.008167794 
iter: 6  value: 15131.93 mgc: 59156.34 ustep: 0.01177944 
iter: 7  value: 10356.65 mgc: 257139.8 ustep: 0.1086223 
iter: 8  value: 611.1 mgc: 884750 ustep: 0.329646 
iter: 9  value: -62.40647 mgc: 109184.9 ustep: 0.5741906 
iter: 10  value: -66.36768 mgc: 96867.25 ustep: 0.1623635 
iter: 11  value: -123.8397 mgc: 173049.1 ustep: 0.4030033 
iter: 12  value: -333.6926 mgc: 125831.6 ustep: 0.3956939 
iter: 13  value: -505.6352 mgc: 88422.59 ustep: 0.2195475 
iter: 14  value: -528.8051 mgc: 50647.18 ustep: 0.4686121 
iter: 15  value: -544.5585 mgc: 90609.15 ustep: 0.2505332 
iter: 16  value: -569.2004 mgc: 78307.1 ustep: 0.04244844 
iter: 17  value: -600.111 mgc: 86616.8 ustep: 0.2061096 
iter: 18  value: -613.2197 mgc: 45634.02 ustep: 0.07283901 
iter: 19  value: -624.1745 mgc: 44191.2 ustep: 0.1455617 
iter: 20  value: -625.4805 mgc: 22409.75 ustep: 0.2135864 
iter: 21  value: -630.5251 mgc: 33417.32 ustep: 0.1436155 
iter: 22  value: -640.5739 mgc: 23585.56 ustep: 0.3790285 
iter: 23  value: -642.0055 mgc: 10325.19 ustep: 0.05799285 
iter: 24  value: -644.7721 mgc: 6468.581 ustep: 0.240893 
iter: 25  value: -644.8011 mgc: 1773.738 ustep: 0.155254 
iter: 26  value: -649.897 mgc: 14826.61 ustep: 0.3940835 
iter: 27  value: -650.1323 mgc: 2117.754 ustep: 0.05987455 
iter: 28  value: -652.0965 mgc: 7839.875 ustep: 0.2447683 
iter: 29  value: -652.1666 mgc: 2955.757 ustep: 0.08178117 
iter: 30  value: -654.3572 mgc: 9626.492 ustep: 0.2860455 
iter: 31  value: -654.6602 mgc: 3171.072 ustep: 0.04669468 
iter: 32  value: -655.8113 mgc: 4979.34 ustep: 0.2161679 
iter: 33  value: -656.0559 mgc: 2290.361 ustep: 0.07518213 
iter: 34  value: -657.42 mgc: 6356.206 ustep: 0.2742662 
iter: 35  value: -657.6557 mgc: 2208.558 ustep: 0.04528577 
iter: 36  value: -658.503 mgc: 4096.359 ustep: 0.2128832 
iter: 37  value: -658.5698 mgc: 1690.157 ustep: 0.1433127 
iter: 38  value: -660.283 mgc: 9307.996 ustep: 0.3786288 
iter: 39  value: -660.3466 mgc: 2212.347 ustep: 0.05794315 
iter: 40  value: -661.1836 mgc: 6554.948 ustep: 0.2407898 
iter: 41  value: -661.3495 mgc: 2247.466 ustep: 0.04128192 
iter: 42  value: -661.6975 mgc: 3424.591 ustep: 0.2032592 
iter: 43  value: -661.812 mgc: 5799.871 ustep: 0.4508977 
iter: 44  value: -662.4949 mgc: 13745.77 ustep: 0.242894 
iter: 45  value: -662.9376 mgc: 12063.37 ustep: 0.08135091 
iter: 46  value: -663.428 mgc: 11195.84 ustep: 0.1545807 
iter: 47  value: -663.9325 mgc: 9443.919 ustep: 0.06052129 
iter: 48  value: -664.2368 mgc: 6520.068 ustep: 0.1317047 
iter: 49  value: -664.4261 mgc: 5202.524 ustep: 0.05479197 
iter: 50  value: -664.5018 mgc: 4567.989 ustep: 0.2341534 
iter: 51  value: -664.8177 mgc: 7213.202 ustep: 0.07934093 
iter: 52  value: -664.9906 mgc: 6036.475 ustep: 0.2817471 
iter: 53  value: -665.1048 mgc: 7151.51 ustep: 0.0902369 
iter: 54  value: -665.5659 mgc: 8399.835 ustep: 0.3004645 
iter: 55  value: -665.8485 mgc: 6221.159 ustep: 0.04842253 
iter: 56  value: -666.0834 mgc: 4268.799 ustep: 0.2201292 
iter: 57  value: -666.0851 mgc: 3086.993 ustep: 0.0761012 
iter: 58  value: -666.3965 mgc: 5259.587 ustep: 0.2759369 
iter: 59  value: -666.4898 mgc: 3222.868 ustep: 0.04548551 
iter: 60  value: -666.6551 mgc: 2877.168 ustep: 0.213352 
iter: 61  value: -666.6892 mgc: 2053.834 ustep: 0.07452757 
iter: 62  value: -666.8928 mgc: 3413.297 ustep: 0.2730701 
iter: 63  value: -666.9523 mgc: 2194.939 ustep: 0.04514278 
iter: 64  value: -667.0751 mgc: 2005.379 ustep: 0.2125471 
iter: 65  value: -667.0915 mgc: 1494.777 ustep: 0.1431678 
iter: 66  value: -667.3343 mgc: 3812.654 ustep: 0.3784374 
iter: 67  value: -667.3788 mgc: 2171.396 ustep: 0.05791936 
iter: 68  value: -667.4919 mgc: 2381.228 ustep: 0.2407404 
iter: 69  value: -667.5164 mgc: 1492.372 ustep: 0.08085621 
iter: 70  value: -667.6378 mgc: 2404.895 ustep: 0.2844238 
iter: 71  value: -667.657 mgc: 1406.033 ustep: 0.09084778 
iter: 72  value: -667.7739 mgc: 2433.538 ustep: 0.3014795 
iter: 73  value: -667.7923 mgc: 1333.833 ustep: 0.09474137 
iter: 74  value: -667.8951 mgc: 2228.677 ustep: 0.3078701 
iter: 75  value: -667.9151 mgc: 1207.849 ustep: 0.09620173 
iter: 76  value: -668.0003 mgc: 1847.401 ustep: 0.310233 
iter: 77  value: -668.0063 mgc: 1036.527 ustep: 0.1841425 
iter: 78  value: -668.132 mgc: 2683.766 ustep: 0.4291754 
iter: 79  value: -668.1491 mgc: 1219.866 ustep: 0.1245642 
iter: 80  value: -668.2181 mgc: 1737.966 ustep: 0.3530012 
iter: 81  value: -668.2325 mgc: 980.9311 ustep: 0.201809 
iter: 82  value: -668.314 mgc: 1908.354 ustep: 0.4492867 
iter: 83  value: -668.3191 mgc: 967.0888 ustep: 0.425781 
iter: 84  value: -668.4513 mgc: 2961.997 ustep: 0.6525537 
iter: 85  value: -668.479 mgc: 1308.318 ustep: 0.8078272 
iter: 86  value: -668.6055 mgc: 3809.932 ustep: 0.8988022 
iter: 87  value: -668.6505 mgc: 2328.466 ustep: 0.948057 
iter: 88  value: -668.6615 mgc: 2351.059 ustep: 0.8376966 
iter: 89  value: -668.6873 mgc: 1968.86 ustep: 0.9152662 
iter: 90  value: -668.695 mgc: 1282.977 ustep: 0.9566998 
iter: 91  value: -668.699 mgc: 810.0949 ustep: 0.9781125 
iter: 92  value: -668.7012 mgc: 571.0737 ustep: 0.9889968 
iter: 93  value: -668.7016 mgc: 229.5574 ustep: 0.9944837 
iter: 94  value: -668.7019 mgc: 161.7333 ustep: 0.9972383 
iter: 95  value: -668.7019 mgc: 42.94909 ustep: 0.9986183 
iter: 96  value: -668.7019 mgc: 27.32781 ustep: 0.999309 
iter: 97  value: -668.7019 mgc: 2.605366 ustep: 0.9996545 
iter: 98  value: -668.7019 mgc: 0.4864615 ustep: 0.9998272 
iter: 99  value: -668.7019 mgc: 0.001156546 ustep: 0.9999136 
iter: 100  value: -668.7019 mgc: 3.642487e-07 ustep: 0.9999568 
mgc: 3.791929e-07 
outer mgc:  0.3897404 
iter: 1  value: 14443938324 mgc: 1616539071 ustep: 3.420548e-09 
iter: 2  value: 345860.5 mgc: 795550017 ustep: 6.186147e-07 
iter: 3  value: 24175.12 mgc: 4591653 ustep: 0.000886442 
iter: 4  value: 19202.03 mgc: 25566.22 ustep: 0.01504682 
iter: 5  value: 16138.35 mgc: 187727.2 ustep: 0.008164776 
iter: 6  value: 15132.12 mgc: 59149.68 ustep: 0.01177717 
iter: 7  value: 10355.66 mgc: 257110.6 ustep: 0.1086118 
iter: 8  value: 611.3429 mgc: 884613.5 ustep: 0.3296301 
iter: 9  value: -62.02134 mgc: 109210.3 ustep: 0.5741768 
iter: 10  value: -65.90074 mgc: 96864.98 ustep: 0.1623596 
iter: 11  value: -123.7683 mgc: 173106.8 ustep: 0.4029984 
iter: 12  value: -332.7832 mgc: 125821.6 ustep: 0.3956907 
iter: 13  value: -506.3829 mgc: 88833.45 ustep: 0.2195462 
iter: 14  value: -530.698 mgc: 50508.32 ustep: 0.2710083 
iter: 15  value: -588.5155 mgc: 93307.91 ustep: 0.1678808 
iter: 16  value: -601.4326 mgc: 35242.79 ustep: 0.01633393 
iter: 17  value: -607.6725 mgc: 25642.73 ustep: 0.1278915 
iter: 18  value: -608.4574 mgc: 16177.28 ustep: 0.02727655 
iter: 19  value: -611.4574 mgc: 22509.82 ustep: 0.1652396 
iter: 20  value: -614.7643 mgc: 22233.71 ustep: 0.06312501 
iter: 21  value: -620.159 mgc: 25308.76 ustep: 0.1347246 
iter: 22  value: -621.8495 mgc: 14594.03 ustep: 0.3671118 
iter: 23  value: -631.1898 mgc: 36511.04 ustep: 0.10985 
iter: 24  value: -637.4297 mgc: 13856.22 ustep: 0.3315031 
iter: 25  value: -638.1987 mgc: 8585.213 ustep: 0.1016169 
iter: 26  value: -643.4559 mgc: 13362.98 ustep: 0.3188423 
iter: 27  value: -644.0389 mgc: 1914.585 ustep: 0.05063329 
iter: 28  value: -646.2852 mgc: 5185.6 ustep: 0.2250959 
iter: 29  value: -646.9088 mgc: 2710.344 ustep: 0.1485484 
iter: 30  value: -650.7782 mgc: 11036.43 ustep: 0.3854812 
iter: 31  value: -651.0907 mgc: 3504.408 ustep: 0.05879694 
iter: 32  value: -652.8658 mgc: 7488.968 ustep: 0.2425566 
iter: 33  value: -652.9647 mgc: 2896.546 ustep: 0.08127342 
iter: 34  value: -655.0004 mgc: 9425.031 ustep: 0.2851564 
iter: 35  value: -655.2644 mgc: 2569.104 ustep: 0.04658828 
iter: 36  value: -656.3668 mgc: 5120.775 ustep: 0.2159216 
iter: 37  value: -656.5707 mgc: 1818.408 ustep: 0.07512491 
iter: 38  value: -657.8909 mgc: 6591.421 ustep: 0.2741618 
iter: 39  value: -658.1041 mgc: 1879.464 ustep: 0.04527329 
iter: 40  value: -658.9159 mgc: 4216.926 ustep: 0.2128539 
iter: 41  value: -658.935 mgc: 1717.781 ustep: 0.1433001 
iter: 42  value: -660.6022 mgc: 9537.653 ustep: 0.3786121 
iter: 43  value: -660.6742 mgc: 2303.567 ustep: 0.05794107 
iter: 44  value: -661.3868 mgc: 6484.795 ustep: 0.2407855 
iter: 45  value: -661.4583 mgc: 4641.493 ustep: 0.08086657 
iter: 46  value: -661.811 mgc: 7656.473 ustep: 0.154078 
iter: 47  value: -662.2276 mgc: 7894.747 ustep: 0.06039758 
iter: 48  value: -662.4297 mgc: 5718.818 ustep: 0.1315599 
iter: 49  value: -662.4835 mgc: 6924.139 ustep: 0.1065222 
iter: 50  value: -662.9997 mgc: 9279.801 ustep: 0.1792779 
iter: 51  value: -663.34 mgc: 7653.31 ustep: 0.06650394 
iter: 52  value: -663.4112 mgc: 6235.027 ustep: 0.2579578 
iter: 53  value: -663.8859 mgc: 9275.135 ustep: 0.08480298 
iter: 54  value: -664.2013 mgc: 7600.175 ustep: 0.2912804 
iter: 55  value: -664.3334 mgc: 8002.547 ustep: 0.09241264 
iter: 56  value: -664.9501 mgc: 9389.213 ustep: 0.3040641 
iter: 57  value: -665.2801 mgc: 6656.276 ustep: 0.04885466 
iter: 58  value: -665.5618 mgc: 4405.031 ustep: 0.2211088 
iter: 59  value: -665.5779 mgc: 3238.426 ustep: 0.07632819 
iter: 60  value: -665.9424 mgc: 5387.269 ustep: 0.2763479 
iter: 61  value: -666.0485 mgc: 3370.282 ustep: 0.04553466 
iter: 62  value: -666.2477 mgc: 2981.908 ustep: 0.2134672 
iter: 63  value: -666.2905 mgc: 2156.62 ustep: 0.07455437 
iter: 64  value: -666.5355 mgc: 3574.542 ustep: 0.2731192 
iter: 65  value: -666.6037 mgc: 2326.152 ustep: 0.04514864 
iter: 66  value: -666.7531 mgc: 2143.287 ustep: 0.2125609 
iter: 67  value: -666.7705 mgc: 1599.09 ustep: 0.1431738 
iter: 68  value: -667.0689 mgc: 4194.822 ustep: 0.3784453 
iter: 69  value: -667.1192 mgc: 2367.897 ustep: 0.05792034 
iter: 70  value: -667.2578 mgc: 2660.213 ustep: 0.2407424 
iter: 71  value: -667.2829 mgc: 1656.297 ustep: 0.08085667 
iter: 72  value: -667.4337 mgc: 2764.162 ustep: 0.2844246 
iter: 73  value: -667.4509 mgc: 1587.009 ustep: 0.09084797 
iter: 74  value: -667.5977 mgc: 2861.271 ustep: 0.3014798 
iter: 75  value: -667.6147 mgc: 1537.196 ustep: 0.09474144 
iter: 76  value: -667.7439 mgc: 2652.282 ustep: 0.3078702 
iter: 77  value: -667.7644 mgc: 1418.761 ustep: 0.09620175 
iter: 78  value: -667.8709 mgc: 2224.369 ustep: 0.3102331 
iter: 79  value: -667.8934 mgc: 1233.14 ustep: 0.09674204 
iter: 80  value: -667.9797 mgc: 1756.865 ustep: 0.3111027 
iter: 81  value: -667.9922 mgc: 1020.917 ustep: 0.1845018 
iter: 82  value: -668.116 mgc: 2495.646 ustep: 0.4295938 
iter: 83  value: -668.1346 mgc: 1177.962 ustep: 0.1246655 
iter: 84  value: -668.2042 mgc: 1638.942 ustep: 0.3531447 
iter: 85  value: -668.2112 mgc: 929.8306 ustep: 0.3630181 
iter: 86  value: -668.3594 mgc: 3006.976 ustep: 0.6025496 
iter: 87  value: -668.3687 mgc: 1257.358 ustep: 0.3121744 
iter: 88  value: -668.4511 mgc: 2344.414 ustep: 0.5587698 
iter: 89  value: -668.4878 mgc: 1357.253 ustep: 0.7475343 
iter: 90  value: -668.6026 mgc: 3206.586 ustep: 0.8646142 
iter: 91  value: -668.649 mgc: 2024.968 ustep: 0.9298534 
iter: 92  value: -668.6608 mgc: 2292.662 ustep: 0.9642926 
iter: 93  value: -668.6885 mgc: 2008.695 ustep: 0.9819858 
iter: 94  value: -668.6982 mgc: 1396.864 ustep: 0.9909529 
iter: 95  value: -668.7016 mgc: 762.2732 ustep: 0.9954666 
iter: 96  value: -668.7036 mgc: 542.7488 ustep: 0.997731 
iter: 97  value: -668.7039 mgc: 197.1206 ustep: 0.9988649 
iter: 98  value: -668.7041 mgc: 135.9462 ustep: 0.9994324 
iter: 99  value: -668.7041 mgc: 33.18928 ustep: 0.9997162 
iter: 100  value: -668.7041 mgc: 19.72296 ustep: 0.9998581 
iter: 101  value: -668.7041 mgc: 1.470948 ustep: 0.999929 
iter: 102  value: -668.7041 mgc: 0.1741142 ustep: 0.9999645 
iter: 103  value: -668.7041 mgc: 0.000154865 ustep: 0.9999823 
iter: 104  value: -668.7041 mgc: 3.560527e-07 ustep: 0.9999911 
mgc: 3.652535e-07 
outer mgc:  0.01168901 
iter: 1  value: 14443938324 mgc: 1616539071 ustep: 3.420548e-09 
iter: 2  value: 345860.4 mgc: 795550017 ustep: 6.186147e-07 
iter: 3  value: 24175.02 mgc: 4591653 ustep: 0.000886442 
iter: 4  value: 19201.94 mgc: 25566.22 ustep: 0.01504682 
iter: 5  value: 16138.26 mgc: 187727.2 ustep: 0.008164776 
iter: 6  value: 15132.04 mgc: 59149.68 ustep: 0.01177717 
iter: 7  value: 10355.59 mgc: 257110.6 ustep: 0.1086118 
iter: 8  value: 611.2993 mgc: 884613.5 ustep: 0.3296301 
iter: 9  value: -62.01529 mgc: 109209.9 ustep: 0.5741768 
iter: 10  value: -65.90944 mgc: 96865.12 ustep: 0.1623596 
iter: 11  value: -123.7681 mgc: 173106.9 ustep: 0.4029984 
iter: 12  value: -332.7799 mgc: 125821.7 ustep: 0.3956907 
iter: 13  value: -506.3805 mgc: 88834.69 ustep: 0.2195462 
iter: 14  value: -530.7074 mgc: 50509.4 ustep: 0.2710083 
iter: 15  value: -588.5171 mgc: 93301.45 ustep: 0.1678808 
iter: 16  value: -601.4332 mgc: 35242.79 ustep: 0.01633393 
iter: 17  value: -607.6734 mgc: 25643.91 ustep: 0.1278915 
iter: 18  value: -608.4579 mgc: 16177.26 ustep: 0.02727655 
iter: 19  value: -611.4581 mgc: 22510.8 ustep: 0.1652396 
iter: 20  value: -614.7646 mgc: 22233.68 ustep: 0.06312501 
iter: 21  value: -620.1595 mgc: 25309.68 ustep: 0.1347246 
iter: 22  value: -621.8492 mgc: 14594.02 ustep: 0.3671118 
iter: 23  value: -631.19 mgc: 36512.11 ustep: 0.10985 
iter: 24  value: -637.4297 mgc: 13856.2 ustep: 0.3315031 
iter: 25  value: -638.1988 mgc: 8585.407 ustep: 0.1016169 
iter: 26  value: -643.4559 mgc: 13362.96 ustep: 0.3188423 
iter: 27  value: -644.039 mgc: 1914.635 ustep: 0.05063329 
iter: 28  value: -646.2852 mgc: 5185.605 ustep: 0.2250959 
iter: 29  value: -646.9088 mgc: 2710.347 ustep: 0.1485484 
iter: 30  value: -650.7782 mgc: 11036.44 ustep: 0.3854812 
iter: 31  value: -651.0907 mgc: 3504.384 ustep: 0.05879694 
iter: 32  value: -652.8658 mgc: 7488.973 ustep: 0.2425566 
iter: 33  value: -652.9647 mgc: 2896.496 ustep: 0.08127342 
iter: 34  value: -655.0004 mgc: 9425.035 ustep: 0.2851564 
iter: 35  value: -655.2644 mgc: 2569.058 ustep: 0.04658828 
iter: 36  value: -656.3668 mgc: 5120.776 ustep: 0.2159216 
iter: 37  value: -656.5707 mgc: 1818.385 ustep: 0.07512491 
iter: 38  value: -657.8909 mgc: 6591.417 ustep: 0.2741618 
iter: 39  value: -658.1041 mgc: 1879.447 ustep: 0.04527329 
iter: 40  value: -658.9158 mgc: 4216.922 ustep: 0.2128539 
iter: 41  value: -658.935 mgc: 1717.816 ustep: 0.1433001 
iter: 42  value: -660.6022 mgc: 9537.614 ustep: 0.3786121 
iter: 43  value: -660.6742 mgc: 2303.581 ustep: 0.05794107 
iter: 44  value: -661.3867 mgc: 6484.786 ustep: 0.2407855 
iter: 45  value: -661.4583 mgc: 4641.867 ustep: 0.08086657 
iter: 46  value: -661.8109 mgc: 7656.488 ustep: 0.154078 
iter: 47  value: -662.2276 mgc: 7895.157 ustep: 0.06039758 
iter: 48  value: -662.4297 mgc: 5718.907 ustep: 0.1315599 
iter: 49  value: -662.4835 mgc: 6923.978 ustep: 0.1065222 
iter: 50  value: -662.9997 mgc: 9279.979 ustep: 0.1792779 
iter: 51  value: -663.34 mgc: 7653.096 ustep: 0.06650394 
iter: 52  value: -663.4112 mgc: 6235.064 ustep: 0.2579578 
iter: 53  value: -663.8858 mgc: 9274.984 ustep: 0.08480298 
iter: 54  value: -664.2013 mgc: 7600.192 ustep: 0.2912804 
iter: 55  value: -664.3334 mgc: 8002.497 ustep: 0.09241264 
iter: 56  value: -664.9501 mgc: 9389.199 ustep: 0.3040641 
iter: 57  value: -665.2801 mgc: 6656.256 ustep: 0.04885466 
iter: 58  value: -665.5618 mgc: 4405.017 ustep: 0.2211088 
iter: 59  value: -665.5779 mgc: 3238.418 ustep: 0.07632819 
iter: 60  value: -665.9424 mgc: 5387.252 ustep: 0.2763479 
iter: 61  value: -666.0485 mgc: 3370.272 ustep: 0.04553466 
iter: 62  value: -666.2477 mgc: 2981.901 ustep: 0.2134672 
iter: 63  value: -666.2905 mgc: 2156.614 ustep: 0.07455437 
iter: 64  value: -666.5355 mgc: 3574.533 ustep: 0.2731192 
iter: 65  value: -666.6036 mgc: 2326.146 ustep: 0.04514864 
iter: 66  value: -666.7531 mgc: 2143.283 ustep: 0.2125609 
iter: 67  value: -666.7705 mgc: 1599.086 ustep: 0.1431738 
iter: 68  value: -667.0689 mgc: 4194.814 ustep: 0.3784453 
iter: 69  value: -667.1192 mgc: 2367.892 ustep: 0.05792034 
iter: 70  value: -667.2578 mgc: 2660.212 ustep: 0.2407424 
iter: 71  value: -667.2829 mgc: 1656.295 ustep: 0.08085667 
iter: 72  value: -667.4337 mgc: 2764.163 ustep: 0.2844246 
iter: 73  value: -667.4509 mgc: 1587.008 ustep: 0.09084797 
iter: 74  value: -667.5977 mgc: 2861.274 ustep: 0.3014798 
iter: 75  value: -667.6146 mgc: 1537.196 ustep: 0.09474144 
iter: 76  value: -667.7438 mgc: 2652.286 ustep: 0.3078702 
iter: 77  value: -667.7644 mgc: 1418.762 ustep: 0.09620175 
iter: 78  value: -667.8709 mgc: 2224.373 ustep: 0.3102331 
iter: 79  value: -667.8934 mgc: 1233.142 ustep: 0.09674204 
iter: 80  value: -667.9797 mgc: 1756.87 ustep: 0.3111027 
iter: 81  value: -667.9922 mgc: 1020.919 ustep: 0.1845018 
iter: 82  value: -668.116 mgc: 2495.655 ustep: 0.4295938 
iter: 83  value: -668.1346 mgc: 1177.965 ustep: 0.1246655 
iter: 84  value: -668.2042 mgc: 1638.947 ustep: 0.3531447 
iter: 85  value: -668.2112 mgc: 929.8336 ustep: 0.3630181 
iter: 86  value: -668.3593 mgc: 3006.99 ustep: 0.6025496 
iter: 87  value: -668.3687 mgc: 1257.363 ustep: 0.3121744 
iter: 88  value: -668.4511 mgc: 2344.423 ustep: 0.5587698 
iter: 89  value: -668.4878 mgc: 1357.26 ustep: 0.7475343 
iter: 90  value: -668.6026 mgc: 3206.6 ustep: 0.8646142 
iter: 91  value: -668.649 mgc: 2024.977 ustep: 0.9298534 
iter: 92  value: -668.6608 mgc: 2292.673 ustep: 0.9642926 
iter: 93  value: -668.6885 mgc: 2008.702 ustep: 0.9819858 
iter: 94  value: -668.6982 mgc: 1396.871 ustep: 0.9909529 
iter: 95  value: -668.7016 mgc: 762.2767 ustep: 0.9954666 
iter: 96  value: -668.7036 mgc: 542.7521 ustep: 0.997731 
iter: 97  value: -668.7039 mgc: 197.1219 ustep: 0.9988649 
iter: 98  value: -668.7041 mgc: 135.9474 ustep: 0.9994324 
iter: 99  value: -668.7041 mgc: 33.18966 ustep: 0.9997162 
iter: 100  value: -668.7041 mgc: 19.72332 ustep: 0.9998581 
iter: 101  value: -668.7041 mgc: 1.47099 ustep: 0.999929 
iter: 102  value: -668.7041 mgc: 0.1741244 ustep: 0.9999645 
iter: 103  value: -668.7041 mgc: 0.000154865 ustep: 0.9999823 
iter: 104  value: -668.7041 mgc: 3.164411e-07 ustep: 0.9999911 
mgc: 4.245814e-07 
outer mgc:  0.01168898 
iter: 1  value: 14443938325 mgc: 1616539071 ustep: 3.420548e-09 
iter: 2  value: 345860.8 mgc: 795550017 ustep: 6.186147e-07 
iter: 3  value: 24175.42 mgc: 4591653 ustep: 0.000886442 
iter: 4  value: 19202.26 mgc: 25566.22 ustep: 0.01504682 
iter: 5  value: 16138.55 mgc: 187727.3 ustep: 0.008164776 
iter: 6  value: 15132.29 mgc: 59149.68 ustep: 0.01177717 
iter: 7  value: 10355.71 mgc: 257110.6 ustep: 0.1086118 
iter: 8  value: 611.3289 mgc: 884613.4 ustep: 0.3296301 
iter: 9  value: -62.08041 mgc: 109211 ustep: 0.5741768 
iter: 10  value: -65.9102 mgc: 96864.32 ustep: 0.1623596 
iter: 11  value: -123.7847 mgc: 173106.7 ustep: 0.4029984 
iter: 12  value: -332.8026 mgc: 125820.7 ustep: 0.3956907 
iter: 13  value: -506.4163 mgc: 88830.1 ustep: 0.2195462 
iter: 14  value: -530.7767 mgc: 50501.27 ustep: 0.2710083 
iter: 15  value: -588.5116 mgc: 93247 ustep: 0.1678808 
iter: 16  value: -601.4306 mgc: 35243.31 ustep: 0.01633393 
iter: 17  value: -607.673 mgc: 25650.76 ustep: 0.1278915 
iter: 18  value: -608.4559 mgc: 16177.28 ustep: 0.02727655 
iter: 19  value: -611.4576 mgc: 22516.61 ustep: 0.1652396 
iter: 20  value: -614.7626 mgc: 22233.68 ustep: 0.06312501 
iter: 21  value: -620.1593 mgc: 25315.33 ustep: 0.1347246 
iter: 22  value: -621.8456 mgc: 14593.97 ustep: 0.3671118 
iter: 23  value: -631.19 mgc: 36519.24 ustep: 0.10985 
iter: 24  value: -637.4296 mgc: 13856.11 ustep: 0.3315031 
iter: 25  value: -638.1989 mgc: 8586.457 ustep: 0.1016169 
iter: 26  value: -643.456 mgc: 13362.86 ustep: 0.3188423 
iter: 27  value: -644.039 mgc: 1914.587 ustep: 0.05063329 
iter: 28  value: -646.2853 mgc: 5185.539 ustep: 0.2250959 
iter: 29  value: -646.9089 mgc: 2710.388 ustep: 0.1485484 
iter: 30  value: -650.7782 mgc: 11036.23 ustep: 0.3854812 
iter: 31  value: -651.0907 mgc: 3504.634 ustep: 0.05879694 
iter: 32  value: -652.8658 mgc: 7488.882 ustep: 0.2425566 
iter: 33  value: -652.9648 mgc: 2896.828 ustep: 0.08127342 
iter: 34  value: -655.0004 mgc: 9424.919 ustep: 0.2851564 
iter: 35  value: -655.2644 mgc: 2569.353 ustep: 0.04658828 
iter: 36  value: -656.3668 mgc: 5120.748 ustep: 0.2159216 
iter: 37  value: -656.5707 mgc: 1818.532 ustep: 0.07512491 
iter: 38  value: -657.8909 mgc: 6591.373 ustep: 0.2741618 
iter: 39  value: -658.1042 mgc: 1879.582 ustep: 0.04527329 
iter: 40  value: -658.9159 mgc: 4216.908 ustep: 0.2128539 
iter: 41  value: -658.935 mgc: 1717.814 ustep: 0.1433001 
iter: 42  value: -660.6022 mgc: 9537.555 ustep: 0.3786121 
iter: 43  value: -660.6742 mgc: 2303.715 ustep: 0.05794107 
iter: 44  value: -661.3867 mgc: 6484.775 ustep: 0.2407855 
iter: 45  value: -661.4583 mgc: 4641.827 ustep: 0.08086657 
iter: 46  value: -661.8109 mgc: 7656.467 ustep: 0.154078 
iter: 47  value: -662.2276 mgc: 7895.256 ustep: 0.06039758 
iter: 48  value: -662.4297 mgc: 5718.893 ustep: 0.1315599 
iter: 49  value: -662.4835 mgc: 6924.194 ustep: 0.1065222 
iter: 50  value: -662.9997 mgc: 9279.955 ustep: 0.1792779 
iter: 51  value: -663.34 mgc: 7653.311 ustep: 0.06650394 
iter: 52  value: -663.4112 mgc: 6235.092 ustep: 0.2579578 
iter: 53  value: -663.8859 mgc: 9275.153 ustep: 0.08480298 
iter: 54  value: -664.2013 mgc: 7600.233 ustep: 0.2912804 
iter: 55  value: -664.3334 mgc: 8002.591 ustep: 0.09241264 
iter: 56  value: -664.9501 mgc: 9389.245 ustep: 0.3040641 
iter: 57  value: -665.2801 mgc: 6656.317 ustep: 0.04885466 
iter: 58  value: -665.5618 mgc: 4405.033 ustep: 0.2211088 
iter: 59  value: -665.5779 mgc: 3238.444 ustep: 0.07632819 
iter: 60  value: -665.9424 mgc: 5387.264 ustep: 0.2763479 
iter: 61  value: -666.0485 mgc: 3370.297 ustep: 0.04553466 
iter: 62  value: -666.2477 mgc: 2981.902 ustep: 0.2134672 
iter: 63  value: -666.2905 mgc: 2156.626 ustep: 0.07455437 
iter: 64  value: -666.5355 mgc: 3574.528 ustep: 0.2731192 
iter: 65  value: -666.6037 mgc: 2326.157 ustep: 0.04514864 
iter: 66  value: -666.7531 mgc: 2143.277 ustep: 0.2125609 
iter: 67  value: -666.7705 mgc: 1599.091 ustep: 0.1431738 
iter: 68  value: -667.0689 mgc: 4194.783 ustep: 0.3784453 
iter: 69  value: -667.1192 mgc: 2367.895 ustep: 0.05792034 
iter: 70  value: -667.2578 mgc: 2660.194 ustep: 0.2407424 
iter: 71  value: -667.2829 mgc: 1656.291 ustep: 0.08085667 
iter: 72  value: -667.4337 mgc: 2764.136 ustep: 0.2844246 
iter: 73  value: -667.4509 mgc: 1587.002 ustep: 0.09084797 
iter: 74  value: -667.5977 mgc: 2861.24 ustep: 0.3014798 
iter: 75  value: -667.6147 mgc: 1537.187 ustep: 0.09474144 
iter: 76  value: -667.7439 mgc: 2652.252 ustep: 0.3078702 
iter: 77  value: -667.7645 mgc: 1418.751 ustep: 0.09620175 
iter: 78  value: -667.8709 mgc: 2224.342 ustep: 0.3102331 
iter: 79  value: -667.8934 mgc: 1233.13 ustep: 0.09674204 
iter: 80  value: -667.9797 mgc: 1756.841 ustep: 0.3111027 
iter: 81  value: -667.9923 mgc: 1020.908 ustep: 0.1845018 
iter: 82  value: -668.116 mgc: 2495.601 ustep: 0.4295938 
iter: 83  value: -668.1346 mgc: 1177.948 ustep: 0.1246655 
iter: 84  value: -668.2042 mgc: 1638.917 ustep: 0.3531447 
iter: 85  value: -668.2112 mgc: 929.8183 ustep: 0.3630181 
iter: 86  value: -668.3594 mgc: 3006.917 ustep: 0.6025496 
iter: 87  value: -668.3688 mgc: 1257.337 ustep: 0.3121744 
iter: 88  value: -668.4511 mgc: 2344.378 ustep: 0.5587698 
iter: 89  value: -668.4878 mgc: 1357.23 ustep: 0.7475343 
iter: 90  value: -668.6026 mgc: 3206.53 ustep: 0.8646142 
iter: 91  value: -668.6491 mgc: 2024.937 ustep: 0.9298534 
iter: 92  value: -668.6608 mgc: 2292.62 ustep: 0.9642926 
iter: 93  value: -668.6886 mgc: 2008.676 ustep: 0.9819858 
iter: 94  value: -668.6982 mgc: 1396.841 ustep: 0.9909529 
iter: 95  value: -668.7016 mgc: 762.2616 ustep: 0.9954666 
iter: 96  value: -668.7036 mgc: 542.7378 ustep: 0.997731 
iter: 97  value: -668.704 mgc: 197.1161 ustep: 0.9988649 
iter: 98  value: -668.7041 mgc: 135.9419 ustep: 0.9994324 
iter: 99  value: -668.7042 mgc: 33.18803 ustep: 0.9997162 
iter: 100  value: -668.7042 mgc: 19.72167 ustep: 0.9998581 
iter: 101  value: -668.7042 mgc: 1.470811 ustep: 0.999929 
iter: 102  value: -668.7042 mgc: 0.1740777 ustep: 0.9999645 
iter: 103  value: -668.7042 mgc: 0.000154865 ustep: 0.9999823 
iter: 104  value: -668.7042 mgc: 3.934452e-07 ustep: 0.9999911 
mgc: 3.991294e-07 
outer mgc:  0.05837977 
iter: 1  value: 14443938324 mgc: 1616539071 ustep: 3.420548e-09 
iter: 2  value: 345860.1 mgc: 795550017 ustep: 6.186147e-07 
iter: 3  value: 24174.73 mgc: 4591653 ustep: 0.000886442 
iter: 4  value: 19201.71 mgc: 25566.22 ustep: 0.01504682 
iter: 5  value: 16138.06 mgc: 187727.1 ustep: 0.008164776 
iter: 6  value: 15131.87 mgc: 59149.68 ustep: 0.01177717 
iter: 7  value: 10355.55 mgc: 257110.5 ustep: 0.1086118 
iter: 8  value: 611.3134 mgc: 884613.5 ustep: 0.3296301 
iter: 9  value: -61.95625 mgc: 109209.1 ustep: 0.5741768 
iter: 10  value: -65.89994 mgc: 96865.79 ustep: 0.1623596 
iter: 11  value: -123.7517 mgc: 173106.9 ustep: 0.4029984 
iter: 12  value: -332.7604 mgc: 125822.6 ustep: 0.3956907 
iter: 13  value: -506.347 mgc: 88838.04 ustep: 0.2195462 
iter: 14  value: -530.6285 mgc: 50516.43 ustep: 0.2710083 
iter: 15  value: -588.5209 mgc: 93362.34 ustep: 0.1678808 
iter: 16  value: -601.4352 mgc: 35242.27 ustep: 0.01633393 
iter: 17  value: -607.6728 mgc: 25635.87 ustep: 0.1278915 
iter: 18  value: -608.4593 mgc: 16177.25 ustep: 0.02727655 
iter: 19  value: -611.4578 mgc: 22504.01 ustep: 0.1652396 
iter: 20  value: -614.7663 mgc: 22233.72 ustep: 0.06312501 
iter: 21  value: -620.1591 mgc: 25303.11 ustep: 0.1347246 
iter: 22  value: -621.853 mgc: 14594.08 ustep: 0.3671118 
iter: 23  value: -631.1898 mgc: 36503.91 ustep: 0.10985 
iter: 24  value: -637.4298 mgc: 13856.31 ustep: 0.3315031 
iter: 25  value: -638.1987 mgc: 8584.164 ustep: 0.1016169 
iter: 26  value: -643.4558 mgc: 13363.07 ustep: 0.3188423 
iter: 27  value: -644.0389 mgc: 1914.633 ustep: 0.05063329 
iter: 28  value: -646.2851 mgc: 5185.666 ustep: 0.2250959 
iter: 29  value: -646.9087 mgc: 2710.303 ustep: 0.1485484 
iter: 30  value: -650.7781 mgc: 11036.63 ustep: 0.3854812 
iter: 31  value: -651.0906 mgc: 3504.158 ustep: 0.05879694 
iter: 32  value: -652.8657 mgc: 7489.06 ustep: 0.2425566 
iter: 33  value: -652.9647 mgc: 2896.214 ustep: 0.08127342 
iter: 34  value: -655.0003 mgc: 9425.147 ustep: 0.2851564 
iter: 35  value: -655.2643 mgc: 2568.81 ustep: 0.04658828 
iter: 36  value: -656.3667 mgc: 5120.803 ustep: 0.2159216 
iter: 37  value: -656.5706 mgc: 1818.261 ustep: 0.07512491 
iter: 38  value: -657.8909 mgc: 6591.465 ustep: 0.2741618 
iter: 39  value: -658.1041 mgc: 1879.329 ustep: 0.04527329 
iter: 40  value: -658.9158 mgc: 4216.94 ustep: 0.2128539 
iter: 41  value: -658.9349 mgc: 1717.783 ustep: 0.1433001 
iter: 42  value: -660.6022 mgc: 9537.711 ustep: 0.3786121 
iter: 43  value: -660.6742 mgc: 2303.433 ustep: 0.05794107 
iter: 44  value: -661.3867 mgc: 6484.806 ustep: 0.2407855 
iter: 45  value: -661.4582 mgc: 4641.533 ustep: 0.08086657 
iter: 46  value: -661.8109 mgc: 7656.494 ustep: 0.154078 
iter: 47  value: -662.2275 mgc: 7894.647 ustep: 0.06039758 
iter: 48  value: -662.4297 mgc: 5718.832 ustep: 0.1315599 
iter: 49  value: -662.4835 mgc: 6923.924 ustep: 0.1065222 
iter: 50  value: -662.9996 mgc: 9279.825 ustep: 0.1792779 
iter: 51  value: -663.3399 mgc: 7653.095 ustep: 0.06650394 
iter: 52  value: -663.4111 mgc: 6234.999 ustep: 0.2579578 
iter: 53  value: -663.8858 mgc: 9274.966 ustep: 0.08480298 
iter: 54  value: -664.2012 mgc: 7600.134 ustep: 0.2912804 
iter: 55  value: -664.3333 mgc: 8002.453 ustep: 0.09241264 
iter: 56  value: -664.95 mgc: 9389.167 ustep: 0.3040641 
iter: 57  value: -665.28 mgc: 6656.215 ustep: 0.04885466 
iter: 58  value: -665.5617 mgc: 4405.015 ustep: 0.2211088 
iter: 59  value: -665.5778 mgc: 3238.4 ustep: 0.07632819 
iter: 60  value: -665.9423 mgc: 5387.257 ustep: 0.2763479 
iter: 61  value: -666.0484 mgc: 3370.257 ustep: 0.04553466 
iter: 62  value: -666.2476 mgc: 2981.906 ustep: 0.2134672 
iter: 63  value: -666.2904 mgc: 2156.608 ustep: 0.07455437 
iter: 64  value: -666.5354 mgc: 3574.547 ustep: 0.2731192 
iter: 65  value: -666.6036 mgc: 2326.142 ustep: 0.04514864 
iter: 66  value: -666.753 mgc: 2143.293 ustep: 0.2125609 
iter: 67  value: -666.7704 mgc: 1599.085 ustep: 0.1431738 
iter: 68  value: -667.0688 mgc: 4194.852 ustep: 0.3784453 
iter: 69  value: -667.1192 mgc: 2367.894 ustep: 0.05792034 
iter: 70  value: -667.2577 mgc: 2660.231 ustep: 0.2407424 
iter: 71  value: -667.2828 mgc: 1656.301 ustep: 0.08085667 
iter: 72  value: -667.4336 mgc: 2764.188 ustep: 0.2844246 
iter: 73  value: -667.4508 mgc: 1587.015 ustep: 0.09084797 
iter: 74  value: -667.5977 mgc: 2861.304 ustep: 0.3014798 
iter: 75  value: -667.6146 mgc: 1537.205 ustep: 0.09474144 
iter: 76  value: -667.7438 mgc: 2652.316 ustep: 0.3078702 
iter: 77  value: -667.7644 mgc: 1418.772 ustep: 0.09620175 
iter: 78  value: -667.8708 mgc: 2224.4 ustep: 0.3102331 
iter: 79  value: -667.8933 mgc: 1233.152 ustep: 0.09674204 
iter: 80  value: -667.9796 mgc: 1756.894 ustep: 0.3111027 
iter: 81  value: -667.9922 mgc: 1020.928 ustep: 0.1845018 
iter: 82  value: -668.1159 mgc: 2495.7 ustep: 0.4295938 
iter: 83  value: -668.1345 mgc: 1177.979 ustep: 0.1246655 
iter: 84  value: -668.2041 mgc: 1638.972 ustep: 0.3531447 
iter: 85  value: -668.2111 mgc: 929.8459 ustep: 0.3630181 
iter: 86  value: -668.3593 mgc: 3007.048 ustep: 0.6025496 
iter: 87  value: -668.3687 mgc: 1257.384 ustep: 0.3121744 
iter: 88  value: -668.451 mgc: 2344.458 ustep: 0.5587698 
iter: 89  value: -668.4877 mgc: 1357.283 ustep: 0.7475343 
iter: 90  value: -668.6025 mgc: 3206.657 ustep: 0.8646142 
iter: 91  value: -668.649 mgc: 2025.008 ustep: 0.9298534 
iter: 92  value: -668.6607 mgc: 2292.716 ustep: 0.9642926 
iter: 93  value: -668.6884 mgc: 2008.72 ustep: 0.9819858 
iter: 94  value: -668.6981 mgc: 1396.894 ustep: 0.9909529 
iter: 95  value: -668.7015 mgc: 762.2882 ustep: 0.9954666 
iter: 96  value: -668.7035 mgc: 542.7631 ustep: 0.997731 
iter: 97  value: -668.7038 mgc: 197.1265 ustep: 0.9988649 
iter: 98  value: -668.704 mgc: 135.9518 ustep: 0.9994324 
iter: 99  value: -668.704 mgc: 33.19091 ustep: 0.9997162 
iter: 100  value: -668.704 mgc: 19.72461 ustep: 0.9998581 
iter: 101  value: -668.704 mgc: 1.471129 ustep: 0.999929 
iter: 102  value: -668.704 mgc: 0.1741609 ustep: 0.9999645 
iter: 103  value: -668.704 mgc: 0.0001551396 ustep: 0.9999823 
iter: 104  value: -668.704 mgc: 4.014146e-07 ustep: 0.9999911 
mgc: 3.132121e-07 
outer mgc:  0.05837972 
iter: 1  value: 14443938325 mgc: 1616539071 ustep: 3.420548e-09 
iter: 2  value: 345860.8 mgc: 795550017 ustep: 6.186147e-07 
iter: 3  value: 24175.41 mgc: 4591653 ustep: 0.000886442 
iter: 4  value: 19202.29 mgc: 25566.22 ustep: 0.01504682 
iter: 5  value: 16138.57 mgc: 187728.5 ustep: 0.008164776 
iter: 6  value: 15132.32 mgc: 59149.68 ustep: 0.01177717 
iter: 7  value: 10355.72 mgc: 257110.8 ustep: 0.1086118 
iter: 8  value: 611.3381 mgc: 884613.5 ustep: 0.3296301 
iter: 9  value: -62.10054 mgc: 109219.6 ustep: 0.5741768 
iter: 10  value: -65.92861 mgc: 96864.26 ustep: 0.1623596 
iter: 11  value: -123.8068 mgc: 173100.7 ustep: 0.4029984 
iter: 12  value: -332.7951 mgc: 125821 ustep: 0.3956907 
iter: 13  value: -506.3935 mgc: 88832.07 ustep: 0.2195462 
iter: 14  value: -530.4287 mgc: 50503.88 ustep: 0.2710083 
iter: 15  value: -588.5182 mgc: 93522.96 ustep: 0.1678808 
iter: 16  value: -601.4451 mgc: 35241.41 ustep: 0.01633393 
iter: 17  value: -607.674 mgc: 25610.44 ustep: 0.1278915 
iter: 18  value: -608.4665 mgc: 16177.27 ustep: 0.02727655 
iter: 19  value: -611.4581 mgc: 22482.61 ustep: 0.1652396 
iter: 20  value: -614.7737 mgc: 22233.88 ustep: 0.06312501 
iter: 21  value: -620.1595 mgc: 25282.61 ustep: 0.1347246 
iter: 22  value: -621.8653 mgc: 14594.24 ustep: 0.3671118 
iter: 23  value: -631.1899 mgc: 36479.62 ustep: 0.10985 
iter: 24  value: -637.4307 mgc: 13856.64 ustep: 0.3315031 
iter: 25  value: -638.1987 mgc: 8579.552 ustep: 0.1016169 
iter: 26  value: -643.456 mgc: 13363.4 ustep: 0.3188423 
iter: 27  value: -644.039 mgc: 1913.669 ustep: 0.05063329 
iter: 28  value: -646.2852 mgc: 5185.665 ustep: 0.2250959 
iter: 29  value: -646.9088 mgc: 2710.341 ustep: 0.1485484 
iter: 30  value: -650.7782 mgc: 11036.67 ustep: 0.3854812 
iter: 31  value: -651.0907 mgc: 3504.556 ustep: 0.05879694 
iter: 32  value: -652.8657 mgc: 7489.058 ustep: 0.2425566 
iter: 33  value: -652.9647 mgc: 2896.829 ustep: 0.08127342 
iter: 34  value: -655.0003 mgc: 9425.171 ustep: 0.2851564 
iter: 35  value: -655.2644 mgc: 2569.368 ustep: 0.04658828 
iter: 36  value: -656.3668 mgc: 5120.832 ustep: 0.2159216 
iter: 37  value: -656.5707 mgc: 1818.543 ustep: 0.07512491 
iter: 38  value: -657.8909 mgc: 6591.571 ustep: 0.2741618 
iter: 39  value: -658.1041 mgc: 1879.559 ustep: 0.04527329 
iter: 40  value: -658.9159 mgc: 4217.023 ustep: 0.2128539 
iter: 41  value: -658.9349 mgc: 1717.394 ustep: 0.1433001 
iter: 42  value: -660.6022 mgc: 9538.285 ustep: 0.3786121 
iter: 43  value: -660.6742 mgc: 2303.321 ustep: 0.05794107 
iter: 44  value: -661.387 mgc: 6484.973 ustep: 0.2407855 
iter: 45  value: -661.4583 mgc: 4637.343 ustep: 0.08086657 
iter: 46  value: -661.8114 mgc: 7656.402 ustep: 0.154078 
iter: 47  value: -662.2276 mgc: 7890.158 ustep: 0.06039758 
iter: 48  value: -662.4295 mgc: 5717.883 ustep: 0.1315599 
iter: 49  value: -662.4837 mgc: 6925.896 ustep: 0.1065222 
iter: 50  value: -662.9994 mgc: 9277.951 ustep: 0.1792779 
iter: 51  value: -663.34 mgc: 7655.702 ustep: 0.06650394 
iter: 52  value: -663.4109 mgc: 6234.676 ustep: 0.2579578 
iter: 53  value: -663.8858 mgc: 9276.88 ustep: 0.08480298 
iter: 54  value: -664.2012 mgc: 7600.097 ustep: 0.2912804 
iter: 55  value: -664.3333 mgc: 8003.208 ustep: 0.09241264 
iter: 56  value: -664.95 mgc: 9389.532 ustep: 0.3040641 
iter: 57  value: -665.28 mgc: 6656.619 ustep: 0.04885466 
iter: 58  value: -665.5618 mgc: 4405.26 ustep: 0.2211088 
iter: 59  value: -665.5779 mgc: 3238.582 ustep: 0.07632819 
iter: 60  value: -665.9424 mgc: 5387.601 ustep: 0.2763479 
iter: 61  value: -666.0485 mgc: 3370.476 ustep: 0.04553466 
iter: 62  value: -666.2477 mgc: 2982.068 ustep: 0.2134672 
iter: 63  value: -666.2905 mgc: 2156.738 ustep: 0.07455437 
iter: 64  value: -666.5355 mgc: 3574.777 ustep: 0.2731192 
iter: 65  value: -666.6037 mgc: 2326.289 ustep: 0.04514864 
iter: 66  value: -666.7531 mgc: 2143.41 ustep: 0.2125609 
iter: 67  value: -666.7705 mgc: 1599.172 ustep: 0.1431738 
iter: 68  value: -667.0689 mgc: 4195.179 ustep: 0.3784453 
iter: 69  value: -667.1192 mgc: 2368.047 ustep: 0.05792034 
iter: 70  value: -667.2578 mgc: 2660.343 ustep: 0.2407424 
iter: 71  value: -667.2829 mgc: 1656.395 ustep: 0.08085667 
iter: 72  value: -667.4337 mgc: 2764.289 ustep: 0.2844246 
iter: 73  value: -667.4509 mgc: 1587.1 ustep: 0.09084797 
iter: 74  value: -667.5978 mgc: 2861.387 ustep: 0.3014798 
iter: 75  value: -667.6147 mgc: 1537.28 ustep: 0.09474144 
iter: 76  value: -667.7439 mgc: 2652.369 ustep: 0.3078702 
iter: 77  value: -667.7645 mgc: 1418.83 ustep: 0.09620175 
iter: 78  value: -667.8709 mgc: 2224.431 ustep: 0.3102331 
iter: 79  value: -667.8934 mgc: 1233.193 ustep: 0.09674204 
iter: 80  value: -667.9798 mgc: 1756.911 ustep: 0.3111027 
iter: 81  value: -667.9923 mgc: 1020.955 ustep: 0.1845018 
iter: 82  value: -668.116 mgc: 2495.715 ustep: 0.4295938 
iter: 83  value: -668.1346 mgc: 1178.013 ustep: 0.1246655 
iter: 84  value: -668.2042 mgc: 1638.974 ustep: 0.3531447 
iter: 85  value: -668.2112 mgc: 929.864 ustep: 0.3630181 
iter: 86  value: -668.3594 mgc: 3007.031 ustep: 0.6025496 
iter: 87  value: -668.3688 mgc: 1257.417 ustep: 0.3121744 
iter: 88  value: -668.4511 mgc: 2344.445 ustep: 0.5587698 
iter: 89  value: -668.4878 mgc: 1357.305 ustep: 0.7475343 
iter: 90  value: -668.6026 mgc: 3206.627 ustep: 0.8646142 
iter: 91  value: -668.6491 mgc: 2025.043 ustep: 0.9298534 
iter: 92  value: -668.6608 mgc: 2292.705 ustep: 0.9642926 
iter: 93  value: -668.6886 mgc: 2008.738 ustep: 0.9819858 
iter: 94  value: -668.6983 mgc: 1396.887 ustep: 0.9909529 
iter: 95  value: -668.7016 mgc: 762.2805 ustep: 0.9954666 
iter: 96  value: -668.7036 mgc: 542.7503 ustep: 0.997731 
iter: 97  value: -668.704 mgc: 197.1226 ustep: 0.9988649 
iter: 98  value: -668.7042 mgc: 135.9449 ustep: 0.9994324 
iter: 99  value: -668.7042 mgc: 33.18976 ustep: 0.9997162 
iter: 100  value: -668.7042 mgc: 19.72252 ustep: 0.9998581 
iter: 101  value: -668.7042 mgc: 1.470987 ustep: 0.999929 
iter: 102  value: -668.7042 mgc: 0.174109 ustep: 0.9999645 
iter: 103  value: -668.7042 mgc: 0.000154865 ustep: 0.9999823 
iter: 104  value: -668.7042 mgc: 3.769273e-07 ustep: 0.9999911 
mgc: 3.88678e-07 
outer mgc:  0.06308188 
iter: 1  value: 14443938324 mgc: 1616539071 ustep: 3.420548e-09 
iter: 2  value: 345860.1 mgc: 795550017 ustep: 6.186147e-07 
iter: 3  value: 24174.73 mgc: 4591653 ustep: 0.000886442 
iter: 4  value: 19201.68 mgc: 25566.22 ustep: 0.01504682 
iter: 5  value: 16138.05 mgc: 187725.9 ustep: 0.008164776 
iter: 6  value: 15131.84 mgc: 59149.68 ustep: 0.01177717 
iter: 7  value: 10355.54 mgc: 257110.3 ustep: 0.1086118 
iter: 8  value: 611.3042 mgc: 884613.4 ustep: 0.3296301 
iter: 9  value: -61.93607 mgc: 109200.6 ustep: 0.5741768 
iter: 10  value: -65.88159 mgc: 96865.85 ustep: 0.1623596 
iter: 11  value: -123.7295 mgc: 173113 ustep: 0.4029984 
iter: 12  value: -332.7679 mgc: 125822.3 ustep: 0.3956907 
iter: 13  value: -506.3699 mgc: 88836.07 ustep: 0.2195462 
iter: 14  value: -530.9756 mgc: 50513.84 ustep: 0.2710083 
iter: 15  value: -588.5143 mgc: 93086.71 ustep: 0.1678808 
iter: 16  value: -601.4207 mgc: 35244.16 ustep: 0.01633393 
iter: 17  value: -607.6718 mgc: 25676.19 ustep: 0.1278915 
iter: 18  value: -608.4487 mgc: 16177.26 ustep: 0.02727655 
iter: 19  value: -611.4573 mgc: 22538.01 ustep: 0.1652396 
iter: 20  value: -614.7552 mgc: 22233.51 ustep: 0.06312501 
iter: 21  value: -620.1589 mgc: 25335.83 ustep: 0.1347246 
iter: 22  value: -621.8332 mgc: 14593.8 ustep: 0.3671118 
iter: 23  value: -631.1898 mgc: 36543.53 ustep: 0.10985 
iter: 24  value: -637.4286 mgc: 13855.78 ustep: 0.3315031 
iter: 25  value: -638.1988 mgc: 8591.069 ustep: 0.1016169 
iter: 26  value: -643.4558 mgc: 13362.53 ustep: 0.3188423 
iter: 27  value: -644.0389 mgc: 1915.549 ustep: 0.05063329 
iter: 28  value: -646.2852 mgc: 5185.54 ustep: 0.2250959 
iter: 29  value: -646.9088 mgc: 2710.35 ustep: 0.1485484 
iter: 30  value: -650.7782 mgc: 11036.2 ustep: 0.3854812 
iter: 31  value: -651.0907 mgc: 3504.236 ustep: 0.05879694 
iter: 32  value: -652.8657 mgc: 7488.883 ustep: 0.2425566 
iter: 33  value: -652.9647 mgc: 2896.213 ustep: 0.08127342 
iter: 34  value: -655.0003 mgc: 9424.895 ustep: 0.2851564 
iter: 35  value: -655.2644 mgc: 2568.794 ustep: 0.04658828 
iter: 36  value: -656.3667 mgc: 5120.719 ustep: 0.2159216 
iter: 37  value: -656.5706 mgc: 1818.25 ustep: 0.07512491 
iter: 38  value: -657.8909 mgc: 6591.268 ustep: 0.2741618 
iter: 39  value: -658.1041 mgc: 1879.352 ustep: 0.04527329 
iter: 40  value: -658.9158 mgc: 4216.825 ustep: 0.2128539 
iter: 41  value: -658.935 mgc: 1718.203 ustep: 0.1433001 
iter: 42  value: -660.6021 mgc: 9536.981 ustep: 0.3786121 
iter: 43  value: -660.6742 mgc: 2303.828 ustep: 0.05794107 
iter: 44  value: -661.3864 mgc: 6484.608 ustep: 0.2407855 
iter: 45  value: -661.4583 mgc: 4646.021 ustep: 0.08086657 
iter: 46  value: -661.8104 mgc: 7656.56 ustep: 0.154078 
iter: 47  value: -662.2275 mgc: 7899.738 ustep: 0.06039758 
iter: 48  value: -662.4299 mgc: 5719.842 ustep: 0.1315599 
iter: 49  value: -662.4833 mgc: 6922.218 ustep: 0.1065222 
iter: 50  value: -662.9999 mgc: 9281.829 ustep: 0.1792779 
iter: 51  value: -663.3399 mgc: 7650.705 ustep: 0.06650394 
iter: 52  value: -663.4114 mgc: 6235.413 ustep: 0.2579578 
iter: 53  value: -663.8858 mgc: 9273.241 ustep: 0.08480298 
iter: 54  value: -664.2014 mgc: 7600.269 ustep: 0.2912804 
iter: 55  value: -664.3334 mgc: 8001.837 ustep: 0.09241264 
iter: 56  value: -664.9501 mgc: 9388.88 ustep: 0.3040641 
iter: 57  value: -665.28 mgc: 6655.913 ustep: 0.04885466 
iter: 58  value: -665.5618 mgc: 4404.788 ustep: 0.2211088 
iter: 59  value: -665.5779 mgc: 3238.262 ustep: 0.07632819 
iter: 60  value: -665.9424 mgc: 5386.92 ustep: 0.2763479 
iter: 61  value: -666.0484 mgc: 3370.078 ustep: 0.04553466 
iter: 62  value: -666.2476 mgc: 2981.741 ustep: 0.2134672 
iter: 63  value: -666.2904 mgc: 2156.496 ustep: 0.07455437 
iter: 64  value: -666.5355 mgc: 3574.298 ustep: 0.2731192 
iter: 65  value: -666.6036 mgc: 2326.009 ustep: 0.04514864 
iter: 66  value: -666.753 mgc: 2143.159 ustep: 0.2125609 
iter: 67  value: -666.7705 mgc: 1599.004 ustep: 0.1431738 
iter: 68  value: -667.0688 mgc: 4194.457 ustep: 0.3784453 
iter: 69  value: -667.1192 mgc: 2367.742 ustep: 0.05792034 
iter: 70  value: -667.2577 mgc: 2660.082 ustep: 0.2407424 
iter: 71  value: -667.2828 mgc: 1656.197 ustep: 0.08085667 
iter: 72  value: -667.4336 mgc: 2764.035 ustep: 0.2844246 
iter: 73  value: -667.4508 mgc: 1586.917 ustep: 0.09084797 
iter: 74  value: -667.5976 mgc: 2861.158 ustep: 0.3014798 
iter: 75  value: -667.6146 mgc: 1537.113 ustep: 0.09474144 
iter: 76  value: -667.7438 mgc: 2652.199 ustep: 0.3078702 
iter: 77  value: -667.7643 mgc: 1418.692 ustep: 0.09620175 
iter: 78  value: -667.8708 mgc: 2224.311 ustep: 0.3102331 
iter: 79  value: -667.8933 mgc: 1233.089 ustep: 0.09674204 
iter: 80  value: -667.9796 mgc: 1756.823 ustep: 0.3111027 
iter: 81  value: -667.9922 mgc: 1020.881 ustep: 0.1845018 
iter: 82  value: -668.1159 mgc: 2495.586 ustep: 0.4295938 
iter: 83  value: -668.1345 mgc: 1177.914 ustep: 0.1246655 
iter: 84  value: -668.2041 mgc: 1638.915 ustep: 0.3531447 
iter: 85  value: -668.2111 mgc: 929.8003 ustep: 0.3630181 
iter: 86  value: -668.3592 mgc: 3006.935 ustep: 0.6025496 
iter: 87  value: -668.3686 mgc: 1257.304 ustep: 0.3121744 
iter: 88  value: -668.451 mgc: 2344.392 ustep: 0.5587698 
iter: 89  value: -668.4877 mgc: 1357.208 ustep: 0.7475343 
iter: 90  value: -668.6025 mgc: 3206.56 ustep: 0.8646142 
iter: 91  value: -668.6489 mgc: 2024.902 ustep: 0.9298534 
iter: 92  value: -668.6607 mgc: 2292.63 ustep: 0.9642926 
iter: 93  value: -668.6884 mgc: 2008.658 ustep: 0.9819858 
iter: 94  value: -668.6981 mgc: 1396.847 ustep: 0.9909529 
iter: 95  value: -668.7015 mgc: 762.2693 ustep: 0.9954666 
iter: 96  value: -668.7035 mgc: 542.7507 ustep: 0.997731 
iter: 97  value: -668.7038 mgc: 197.12 ustep: 0.9988649 
iter: 98  value: -668.704 mgc: 135.9488 ustep: 0.9994324 
iter: 99  value: -668.704 mgc: 33.18919 ustep: 0.9997162 
iter: 100  value: -668.704 mgc: 19.72376 ustep: 0.9998581 
iter: 101  value: -668.704 mgc: 1.470952 ustep: 0.999929 
iter: 102  value: -668.704 mgc: 0.1741296 ustep: 0.9999645 
iter: 103  value: -668.704 mgc: 0.0001551396 ustep: 0.9999823 
iter: 104  value: -668.704 mgc: 3.483207e-07 ustep: 0.9999911 
mgc: 4.034418e-07 
outer mgc:  0.06308188 
iter: 1  value: 14443938325 mgc: 1616539071 ustep: 3.420548e-09 
iter: 2  value: 345860.7 mgc: 795550017 ustep: 6.186147e-07 
iter: 3  value: 24175.39 mgc: 4591653 ustep: 0.000886442 
iter: 4  value: 19202.36 mgc: 25566.22 ustep: 0.01504682 
iter: 5  value: 16138.56 mgc: 187737.8 ustep: 0.008164776 
iter: 6  value: 15132.42 mgc: 59149.69 ustep: 0.01177717 
iter: 7  value: 10355.72 mgc: 257112.1 ustep: 0.1086118 
iter: 8  value: 611.3756 mgc: 884613.8 ustep: 0.3296301 
iter: 9  value: -61.98559 mgc: 109245.6 ustep: 0.5741768 
iter: 10  value: -65.98351 mgc: 96863.95 ustep: 0.1623596 
iter: 11  value: -123.7467 mgc: 173086.8 ustep: 0.4029984 
iter: 12  value: -332.7374 mgc: 125822.7 ustep: 0.3956907 
iter: 13  value: -506.4581 mgc: 88859.11 ustep: 0.2195462 
iter: 14  value: -529.3667 mgc: 50495.99 ustep: 0.2710083 
iter: 15  value: -588.5183 mgc: 94359.77 ustep: 0.1678808 
iter: 16  value: -601.4875 mgc: 35232.95 ustep: 0.01633393 
iter: 17  value: -607.6775 mgc: 25492.62 ustep: 0.1278915 
iter: 18  value: -608.4976 mgc: 16176.98 ustep: 0.02727655 
iter: 19  value: -611.4601 mgc: 22383.18 ustep: 0.1652396 
iter: 20  value: -614.8063 mgc: 22234.29 ustep: 0.06312501 
iter: 21  value: -620.1605 mgc: 25186.66 ustep: 0.1347246 
iter: 22  value: -621.923 mgc: 14594.95 ustep: 0.3671118 
iter: 23  value: -631.19 mgc: 36363.99 ustep: 0.10985 
iter: 24  value: -637.4343 mgc: 13858.05 ustep: 0.3315031 
iter: 25  value: -638.1985 mgc: 8558.493 ustep: 0.1016169 
iter: 26  value: -643.4561 mgc: 13364.8 ustep: 0.3188423 
iter: 27  value: -644.0389 mgc: 1910.827 ustep: 0.05063329 
iter: 28  value: -646.2852 mgc: 5185.997 ustep: 0.2250959 
iter: 29  value: -646.9086 mgc: 2710.26 ustep: 0.1485484 
iter: 30  value: -650.7782 mgc: 11037.72 ustep: 0.3854812 
iter: 31  value: -651.0906 mgc: 3504.522 ustep: 0.05879694 
iter: 32  value: -652.8657 mgc: 7489.46 ustep: 0.2425566 
iter: 33  value: -652.9646 mgc: 2897.019 ustep: 0.08127342 
iter: 34  value: -655.0003 mgc: 9425.697 ustep: 0.2851564 
iter: 35  value: -655.2644 mgc: 2569.581 ustep: 0.04658828 
iter: 36  value: -656.3667 mgc: 5121.004 ustep: 0.2159216 
iter: 37  value: -656.5706 mgc: 1818.669 ustep: 0.07512491 
iter: 38  value: -657.8909 mgc: 6591.95 ustep: 0.2741618 
iter: 39  value: -658.1041 mgc: 1879.618 ustep: 0.04527329 
iter: 40  value: -658.9159 mgc: 4217.241 ustep: 0.2128539 
iter: 41  value: -658.9347 mgc: 1716.603 ustep: 0.1433001 
iter: 42  value: -660.6023 mgc: 9539.647 ustep: 0.3786121 
iter: 43  value: -660.6742 mgc: 2302.693 ustep: 0.05794107 
iter: 44  value: -661.3874 mgc: 6485.345 ustep: 0.2407855 
iter: 45  value: -661.4582 mgc: 4628.884 ustep: 0.08086657 
iter: 46  value: -661.8123 mgc: 7656.272 ustep: 0.154078 
iter: 47  value: -662.2276 mgc: 7880.585 ustep: 0.06039758 
iter: 48  value: -662.4291 mgc: 5715.975 ustep: 0.1315599 
iter: 49  value: -662.484 mgc: 6929.218 ustep: 0.1065222 
iter: 50  value: -662.9988 mgc: 9274.159 ustep: 0.1792779 
iter: 51  value: -663.3399 mgc: 7660.342 ustep: 0.06650394 
iter: 52  value: -663.4104 mgc: 6233.912 ustep: 0.2579578 
iter: 53  value: -663.8858 mgc: 9280.259 ustep: 0.08480298 
iter: 54  value: -664.201 mgc: 7599.869 ustep: 0.2912804 
iter: 55  value: -664.3332 mgc: 8004.45 ustep: 0.09241264 
iter: 56  value: -664.9499 mgc: 9390.113 ustep: 0.3040641 
iter: 57  value: -665.28 mgc: 6657.243 ustep: 0.04885466 
iter: 58  value: -665.5618 mgc: 4405.707 ustep: 0.2211088 
iter: 59  value: -665.5778 mgc: 3238.868 ustep: 0.07632819 
iter: 60  value: -665.9424 mgc: 5388.258 ustep: 0.2763479 
iter: 61  value: -666.0484 mgc: 3370.839 ustep: 0.04553466 
iter: 62  value: -666.2477 mgc: 2982.39 ustep: 0.2134672 
iter: 63  value: -666.2904 mgc: 2156.962 ustep: 0.07455437 
iter: 64  value: -666.5355 mgc: 3575.255 ustep: 0.2731192 
iter: 65  value: -666.6037 mgc: 2326.553 ustep: 0.04514864 
iter: 66  value: -666.7531 mgc: 2143.666 ustep: 0.2125609 
iter: 67  value: -666.7705 mgc: 1599.333 ustep: 0.1431738 
iter: 68  value: -667.0689 mgc: 4195.925 ustep: 0.3784453 
iter: 69  value: -667.1192 mgc: 2368.347 ustep: 0.05792034 
iter: 70  value: -667.2578 mgc: 2660.624 ustep: 0.2407424 
iter: 71  value: -667.2829 mgc: 1656.596 ustep: 0.08085667 
iter: 72  value: -667.4337 mgc: 2764.573 ustep: 0.2844246 
iter: 73  value: -667.4509 mgc: 1587.288 ustep: 0.09084797 
iter: 74  value: -667.5978 mgc: 2861.655 ustep: 0.3014798 
iter: 75  value: -667.6147 mgc: 1537.456 ustep: 0.09474144 
iter: 76  value: -667.7439 mgc: 2652.582 ustep: 0.3078702 
iter: 77  value: -667.7645 mgc: 1418.982 ustep: 0.09620175 
iter: 78  value: -667.8709 mgc: 2224.591 ustep: 0.3102331 
iter: 79  value: -667.8934 mgc: 1233.31 ustep: 0.09674204 
iter: 80  value: -667.9798 mgc: 1757.036 ustep: 0.3111027 
iter: 81  value: -667.9923 mgc: 1021.043 ustep: 0.1845018 
iter: 82  value: -668.1161 mgc: 2495.912 ustep: 0.4295938 
iter: 83  value: -668.1347 mgc: 1178.133 ustep: 0.1246655 
iter: 84  value: -668.2043 mgc: 1639.071 ustep: 0.3531447 
iter: 85  value: -668.2113 mgc: 929.9466 ustep: 0.3630181 
iter: 86  value: -668.3594 mgc: 3007.217 ustep: 0.6025496 
iter: 87  value: -668.3688 mgc: 1257.563 ustep: 0.3121744 
iter: 88  value: -668.4512 mgc: 2344.553 ustep: 0.5587698 
iter: 89  value: -668.4879 mgc: 1357.438 ustep: 0.7475343 
iter: 90  value: -668.6026 mgc: 3206.78 ustep: 0.8646142 
iter: 91  value: -668.6491 mgc: 2025.226 ustep: 0.9298534 
iter: 92  value: -668.6608 mgc: 2292.84 ustep: 0.9642926 
iter: 93  value: -668.6886 mgc: 2008.826 ustep: 0.9819858 
iter: 94  value: -668.6983 mgc: 1396.949 ustep: 0.9909529 
iter: 95  value: -668.7017 mgc: 762.2998 ustep: 0.9954666 
iter: 96  value: -668.7037 mgc: 542.7588 ustep: 0.997731 
iter: 97  value: -668.704 mgc: 197.1295 ustep: 0.9988649 
iter: 98  value: -668.7042 mgc: 135.9456 ustep: 0.9994324 
iter: 99  value: -668.7042 mgc: 33.19173 ustep: 0.9997162 
iter: 100  value: -668.7042 mgc: 19.72287 ustep: 0.9998581 
iter: 101  value: -668.7042 mgc: 1.471196 ustep: 0.999929 
iter: 102  value: -668.7042 mgc: 0.1741353 ustep: 0.9999645 
iter: 103  value: -668.7042 mgc: 0.0001554142 ustep: 0.9999823 
iter: 104  value: -668.7042 mgc: 3.986954e-07 ustep: 0.9999911 
mgc: 3.382255e-07 
outer mgc:  0.06659074 
iter: 1  value: 14443938324 mgc: 1616539071 ustep: 3.420548e-09 
iter: 2  value: 345860.1 mgc: 795550017 ustep: 6.186147e-07 
iter: 3  value: 24174.76 mgc: 4591653 ustep: 0.000886442 
iter: 4  value: 19201.61 mgc: 25566.22 ustep: 0.01504682 
iter: 5  value: 16138.06 mgc: 187716.7 ustep: 0.008164775 
iter: 6  value: 15131.74 mgc: 59149.66 ustep: 0.01177717 
iter: 7  value: 10355.53 mgc: 257109.1 ustep: 0.1086118 
iter: 8  value: 611.2667 mgc: 884613.1 ustep: 0.3296301 
iter: 9  value: -62.05099 mgc: 109174.5 ustep: 0.5741768 
iter: 10  value: -65.82674 mgc: 96866.16 ustep: 0.1623596 
iter: 11  value: -123.7897 mgc: 173126.8 ustep: 0.4029984 
iter: 12  value: -332.8253 mgc: 125820.6 ustep: 0.3956907 
iter: 13  value: -506.3051 mgc: 88809.13 ustep: 0.2195462 
iter: 14  value: -532.0137 mgc: 50521.67 ustep: 0.2710083 
iter: 15  value: -588.5142 mgc: 92257.74 ustep: 0.1678808 
iter: 16  value: -601.3781 mgc: 35252.6 ustep: 0.01633393 
iter: 17  value: -607.6684 mgc: 25793.96 ustep: 0.1278915 
iter: 18  value: -608.4175 mgc: 16177.55 ustep: 0.02727655 
iter: 19  value: -611.4553 mgc: 22637.47 ustep: 0.1652396 
iter: 20  value: -614.7224 mgc: 22233.1 ustep: 0.06312501 
iter: 21  value: -620.158 mgc: 25431.76 ustep: 0.1347246 
iter: 22  value: -621.7752 mgc: 14593.1 ustep: 0.3671118 
iter: 23  value: -631.1897 mgc: 36659.28 ustep: 0.10985 
iter: 24  value: -637.425 mgc: 13854.37 ustep: 0.3315031 
iter: 25  value: -638.199 mgc: 8612.137 ustep: 0.1016169 
iter: 26  value: -643.4557 mgc: 13361.13 ustep: 0.3188423 
iter: 27  value: -644.0389 mgc: 1918.346 ustep: 0.05063329 
iter: 28  value: -646.2852 mgc: 5185.209 ustep: 0.2250959 
iter: 29  value: -646.909 mgc: 2710.43 ustep: 0.1485484 
iter: 30  value: -650.7782 mgc: 11035.15 ustep: 0.3854812 
iter: 31  value: -651.0907 mgc: 3504.269 ustep: 0.05879694 
iter: 32  value: -652.8658 mgc: 7488.483 ustep: 0.2425566 
iter: 33  value: -652.9648 mgc: 2896.022 ustep: 0.08127342 
iter: 34  value: -655.0004 mgc: 9424.371 ustep: 0.2851564 
iter: 35  value: -655.2644 mgc: 2568.581 ustep: 0.04658828 
iter: 36  value: -656.3667 mgc: 5120.547 ustep: 0.2159216 
iter: 37  value: -656.5707 mgc: 1818.124 ustep: 0.07512491 
iter: 38  value: -657.8909 mgc: 6590.889 ustep: 0.2741618 
iter: 39  value: -658.1041 mgc: 1879.293 ustep: 0.04527329 
iter: 40  value: -658.9158 mgc: 4216.607 ustep: 0.2128539 
iter: 41  value: -658.9352 mgc: 1718.995 ustep: 0.1433001 
iter: 42  value: -660.6021 mgc: 9535.621 ustep: 0.3786121 
iter: 43  value: -660.6742 mgc: 2304.456 ustep: 0.05794107 
iter: 44  value: -661.386 mgc: 6484.238 ustep: 0.2407855 
iter: 45  value: -661.4583 mgc: 4654.497 ustep: 0.08086657 
iter: 46  value: -661.8095 mgc: 7656.696 ustep: 0.154078 
iter: 47  value: -662.2275 mgc: 7909.242 ustep: 0.06039758 
iter: 48  value: -662.4303 mgc: 5721.747 ustep: 0.1315599 
iter: 49  value: -662.483 mgc: 6918.878 ustep: 0.1065222 
iter: 50  value: -663.0005 mgc: 9285.611 ustep: 0.1792779 
iter: 51  value: -663.3399 mgc: 7646.081 ustep: 0.06650394 
iter: 52  value: -663.4119 mgc: 6236.17 ustep: 0.2579578 
iter: 53  value: -663.8858 mgc: 9269.881 ustep: 0.08480298 
iter: 54  value: -664.2016 mgc: 7600.491 ustep: 0.2912804 
iter: 55  value: -664.3335 mgc: 8000.601 ustep: 0.09241264 
iter: 56  value: -664.9502 mgc: 9388.298 ustep: 0.3040641 
iter: 57  value: -665.2801 mgc: 6655.291 ustep: 0.04885466 
iter: 58  value: -665.5618 mgc: 4404.342 ustep: 0.2211088 
iter: 59  value: -665.5779 mgc: 3237.977 ustep: 0.07632819 
iter: 60  value: -665.9424 mgc: 5386.265 ustep: 0.2763479 
iter: 61  value: -666.0484 mgc: 3369.716 ustep: 0.04553466 
iter: 62  value: -666.2477 mgc: 2981.42 ustep: 0.2134672 
iter: 63  value: -666.2904 mgc: 2156.273 ustep: 0.07455437 
iter: 64  value: -666.5355 mgc: 3573.822 ustep: 0.2731192 
iter: 65  value: -666.6036 mgc: 2325.746 ustep: 0.04514864 
iter: 66  value: -666.753 mgc: 2142.904 ustep: 0.2125609 
iter: 67  value: -666.7705 mgc: 1598.843 ustep: 0.1431738 
iter: 68  value: -667.0688 mgc: 4193.713 ustep: 0.3784453 
iter: 69  value: -667.1192 mgc: 2367.443 ustep: 0.05792034 
iter: 70  value: -667.2577 mgc: 2659.802 ustep: 0.2407424 
iter: 71  value: -667.2828 mgc: 1655.997 ustep: 0.08085667 
iter: 72  value: -667.4336 mgc: 2763.752 ustep: 0.2844246 
iter: 73  value: -667.4508 mgc: 1586.729 ustep: 0.09084797 
iter: 74  value: -667.5976 mgc: 2860.89 ustep: 0.3014798 
iter: 75  value: -667.6146 mgc: 1536.936 ustep: 0.09474144 
iter: 76  value: -667.7437 mgc: 2651.987 ustep: 0.3078702 
iter: 77  value: -667.7643 mgc: 1418.542 ustep: 0.09620175 
iter: 78  value: -667.8708 mgc: 2224.151 ustep: 0.3102331 
iter: 79  value: -667.8932 mgc: 1232.972 ustep: 0.09674204 
iter: 80  value: -667.9796 mgc: 1756.699 ustep: 0.3111027 
iter: 81  value: -667.9921 mgc: 1020.793 ustep: 0.1845018 
iter: 82  value: -668.1159 mgc: 2495.389 ustep: 0.4295938 
iter: 83  value: -668.1345 mgc: 1177.795 ustep: 0.1246655 
iter: 84  value: -668.2041 mgc: 1638.818 ustep: 0.3531447 
iter: 85  value: -668.2111 mgc: 929.7178 ustep: 0.3630181 
iter: 86  value: -668.3592 mgc: 3006.75 ustep: 0.6025496 
iter: 87  value: -668.3686 mgc: 1257.158 ustep: 0.3121744 
iter: 88  value: -668.451 mgc: 2344.284 ustep: 0.5587698 
iter: 89  value: -668.4877 mgc: 1357.076 ustep: 0.7475343 
iter: 90  value: -668.6024 mgc: 3206.407 ustep: 0.8646142 
iter: 91  value: -668.6489 mgc: 2024.72 ustep: 0.9298534 
iter: 92  value: -668.6606 mgc: 2292.496 ustep: 0.9642926 
iter: 93  value: -668.6884 mgc: 2008.57 ustep: 0.9819858 
iter: 94  value: -668.6981 mgc: 1396.786 ustep: 0.9909529 
iter: 95  value: -668.7014 mgc: 762.2501 ustep: 0.9954666 
iter: 96  value: -668.7034 mgc: 542.7422 ustep: 0.997731 
iter: 97  value: -668.7038 mgc: 197.1131 ustep: 0.9988649 
iter: 98  value: -668.704 mgc: 135.9481 ustep: 0.9994324 
iter: 99  value: -668.704 mgc: 33.18722 ustep: 0.9997162 
iter: 100  value: -668.704 mgc: 19.72341 ustep: 0.9998581 
iter: 101  value: -668.704 mgc: 1.470743 ustep: 0.999929 
iter: 102  value: -668.704 mgc: 0.1741032 ustep: 0.9999645 
iter: 103  value: -668.704 mgc: 0.000154865 ustep: 0.9999823 
iter: 104  value: -668.704 mgc: 3.602918e-07 ustep: 0.9999911 
mgc: 3.847721e-07 
outer mgc:  0.06659074 
iter: 1  value: 14443938327 mgc: 1616539071 ustep: 3.420548e-09 
iter: 2  value: 345863.5 mgc: 795550017 ustep: 6.186147e-07 
iter: 3  value: 24178.05 mgc: 4591653 ustep: 0.000886442 
iter: 4  value: 19204.14 mgc: 25564.81 ustep: 0.01504682 
iter: 5  value: 16141.28 mgc: 187726 ustep: 0.008158953 
iter: 6  value: 15134.43 mgc: 59147.75 ustep: 0.0117728 
iter: 7  value: 10361.76 mgc: 257045.8 ustep: 0.1085917 
iter: 8  value: 612.0393 mgc: 884991.5 ustep: 0.3295996 
iter: 9  value: -60.24164 mgc: 109457.9 ustep: 0.5741502 
iter: 10  value: -65.01036 mgc: 96862.9 ustep: 0.162352 
iter: 11  value: -124.5448 mgc: 173271.2 ustep: 0.402989 
iter: 12  value: -330.4626 mgc: 125852.7 ustep: 0.3956845 
iter: 13  value: -509.6565 mgc: 90011.03 ustep: 0.2195436 
iter: 14  value: -540.6886 mgc: 49670.11 ustep: 0.07596545 
iter: 15  value: -587.8894 mgc: 85363.33 ustep: 0.1489215 
iter: 16  value: -595.4678 mgc: 22152.76 ustep: 0.01511729 
iter: 17  value: -601.3843 mgc: 19114.11 ustep: 0.1230401 
iter: 18  value: -601.9504 mgc: 12681.48 ustep: 0.02663191 
iter: 19  value: -606.3643 mgc: 19697.45 ustep: 0.1632765 
iter: 20  value: -608.7225 mgc: 19244.44 ustep: 0.06264815 
iter: 21  value: -614.7929 mgc: 24446.36 ustep: 0.1341755 
iter: 22  value: -618.1441 mgc: 13275.59 ustep: 0.366363 
iter: 23  value: -619.5353 mgc: 35132.25 ustep: 0.207342 
iter: 24  value: -637.3602 mgc: 34041.21 ustep: 0.4554027 
iter: 25  value: -639.6117 mgc: 13255.41 ustep: 0.06778135 
iter: 26  value: -643.0906 mgc: 9204.28 ustep: 0.2604225 
iter: 27  value: -643.5536 mgc: 2338.633 ustep: 0.0853667 
iter: 28  value: -646.9728 mgc: 9935.28 ustep: 0.2922466 
iter: 29  value: -647.4628 mgc: 2247.83 ustep: 0.04743721 
iter: 30  value: -649.2392 mgc: 4745.322 ustep: 0.2178791 
iter: 31  value: -649.7239 mgc: 3204.78 ustep: 0.2697871 
iter: 32  value: -654.7485 mgc: 15842.69 ustep: 0.5194584 
iter: 33  value: -655.1197 mgc: 4230.333 ustep: 0.03905931 
iter: 34  value: -656.1182 mgc: 5420.387 ustep: 0.1977145 
iter: 35  value: -656.3595 mgc: 2343.312 ustep: 0.0708715 
iter: 36  value: -657.5876 mgc: 6604.451 ustep: 0.2662904 
iter: 37  value: -657.8407 mgc: 2471.603 ustep: 0.0443324 
iter: 38  value: -658.5934 mgc: 4397.494 ustep: 0.2106315 
iter: 39  value: -658.7424 mgc: 3650.264 ustep: 0.1423417 
iter: 40  value: -659.6502 mgc: 9073.138 ustep: 0.3773443 
iter: 41  value: -660.3909 mgc: 9982.693 ustep: 0.05778354 
iter: 42  value: -660.5716 mgc: 7536.098 ustep: 0.1284701 
iter: 43  value: -661.1557 mgc: 9339.716 ustep: 0.05396319 
iter: 44  value: -661.4725 mgc: 6195.99 ustep: 0.1238464 
iter: 45  value: -661.7766 mgc: 6268.495 ustep: 0.05276914 
iter: 46  value: -661.8509 mgc: 5315.065 ustep: 0.2297924 
iter: 47  value: -662.3855 mgc: 9316.146 ustep: 0.07833562 
iter: 48  value: -662.5907 mgc: 7562.897 ustep: 0.279957 
iter: 49  value: -662.7003 mgc: 9570.555 ustep: 0.08982837 
iter: 50  value: -663.5055 mgc: 11737.21 ustep: 0.2997838 
iter: 51  value: -663.9984 mgc: 8668.819 ustep: 0.04834085 
iter: 52  value: -664.4179 mgc: 6403.522 ustep: 0.2199435 
iter: 53  value: -664.6004 mgc: 4536.693 ustep: 0.03877719 
iter: 54  value: -664.8751 mgc: 3746.215 ustep: 0.1969996 
iter: 55  value: -664.9239 mgc: 2989.207 ustep: 0.07070338 
iter: 56  value: -665.2985 mgc: 5107.183 ustep: 0.2659745 
iter: 57  value: -665.4128 mgc: 3549.988 ustep: 0.04429464 
iter: 58  value: -665.6602 mgc: 3639.287 ustep: 0.2105419 
iter: 59  value: -665.6784 mgc: 2588.72 ustep: 0.07387329 
iter: 60  value: -666.0121 mgc: 4893.939 ustep: 0.2718692 
iter: 61  value: -666.0957 mgc: 2972.852 ustep: 0.04499923 
iter: 62  value: -666.2946 mgc: 3131.076 ustep: 0.212209 
iter: 63  value: -666.3223 mgc: 2125.562 ustep: 0.07426158 
iter: 64  value: -666.5754 mgc: 3929.344 ustep: 0.2725825 
iter: 65  value: -666.6402 mgc: 2369.819 ustep: 0.0450845 
iter: 66  value: -666.7908 mgc: 2395.075 ustep: 0.2124099 
iter: 67  value: -666.8317 mgc: 1680.213 ustep: 0.07430834 
iter: 68  value: -667.0121 mgc: 2773.526 ustep: 0.2726683 
iter: 69  value: -667.0293 mgc: 1820.7 ustep: 0.08816457 
iter: 70  value: -667.2287 mgc: 3502.956 ustep: 0.2969955 
iter: 71  value: -667.2759 mgc: 1944.85 ustep: 0.0480064 
iter: 72  value: -667.3802 mgc: 1814.016 ustep: 0.2191817 
iter: 73  value: -667.3997 mgc: 1251.667 ustep: 0.1460191 
iter: 74  value: -667.5976 mgc: 3228.038 ustep: 0.3821863 
iter: 75  value: -667.6331 mgc: 1713.356 ustep: 0.05838591 
iter: 76  value: -667.7197 mgc: 1784.544 ustep: 0.2417076 
iter: 77  value: -667.7294 mgc: 1160.165 ustep: 0.155598 
iter: 78  value: -667.8864 mgc: 2984.738 ustep: 0.3945197 
iter: 79  value: -667.8925 mgc: 1468.905 ustep: 0.1162785 
iter: 80  value: -668.0066 mgc: 2750.293 ustep: 0.3410622 
iter: 81  value: -668.0257 mgc: 1394.574 ustep: 0.1038166 
iter: 82  value: -668.1037 mgc: 1904.425 ustep: 0.3222737 
iter: 83  value: -668.1116 mgc: 1082.565 ustep: 0.1891155 
iter: 84  value: -668.2183 mgc: 2454.438 ustep: 0.4349306 
iter: 85  value: -668.2208 mgc: 1172.196 ustep: 0.2360768 
iter: 86  value: -668.3256 mgc: 2633.125 ustep: 0.4859288 
iter: 87  value: -668.3392 mgc: 1275.935 ustep: 0.2580889 
iter: 88  value: -668.4163 mgc: 2098.952 ustep: 0.5080737 
iter: 89  value: -668.4436 mgc: 1176.086 ustep: 0.7128216 
iter: 90  value: -668.5882 mgc: 3455.113 ustep: 0.8443032 
iter: 91  value: -668.6319 mgc: 1830.453 ustep: 0.9188679 
iter: 92  value: -668.6484 mgc: 2597.249 ustep: 0.9585801 
iter: 93  value: -668.685 mgc: 2299.372 ustep: 0.9790731 
iter: 94  value: -668.6959 mgc: 1618.312 ustep: 0.9894823 
iter: 95  value: -668.7018 mgc: 1016.404 ustep: 0.9947278 
iter: 96  value: -668.7051 mgc: 711.4728 ustep: 0.9973607 
iter: 97  value: -668.7057 mgc: 274.2102 ustep: 0.9986796 
iter: 98  value: -668.706 mgc: 191.2363 ustep: 0.9993396 
iter: 99  value: -668.706 mgc: 52.59797 ustep: 0.9996698 
iter: 100  value: -668.706 mgc: 33.63082 ustep: 0.9998349 
iter: 101  value: -668.706 mgc: 3.73674 ustep: 0.9999175 
iter: 102  value: -668.706 mgc: 0.8675736 ustep: 0.9999587 
iter: 103  value: -668.706 mgc: 0.003529766 ustep: 0.9999794 
iter: 104  value: -668.706 mgc: 1.64751e-06 ustep: 0.9999897 
mgc: 3.800257e-07 
outer mgc:  0.7855016 
iter: 1  value: 14443938321 mgc: 1616539071 ustep: 3.420548e-09 
iter: 2  value: 345857.4 mgc: 795550017 ustep: 6.186147e-07 
iter: 3  value: 24172.1 mgc: 4591653 ustep: 0.000886442 
iter: 4  value: 19199.83 mgc: 25567.64 ustep: 0.01504682 
iter: 5  value: 16135.34 mgc: 187728.4 ustep: 0.008170605 
iter: 6  value: 15129.73 mgc: 59151.6 ustep: 0.01178155 
iter: 7  value: 10349.5 mgc: 257175.4 ustep: 0.108632 
iter: 8  value: 610.6054 mgc: 884234.9 ustep: 0.3296607 
iter: 9  value: -63.74385 mgc: 108962.4 ustep: 0.5742035 
iter: 10  value: -66.75061 mgc: 96867.17 ustep: 0.1623672 
iter: 11  value: -123.0359 mgc: 172954.8 ustep: 0.4030078 
iter: 12  value: -334.7265 mgc: 125790.4 ustep: 0.3956968 
iter: 13  value: -503.0232 mgc: 87824.99 ustep: 0.2195487 
iter: 14  value: -557.7949 mgc: 51123.72 ustep: 0.4686134 
iter: 15  value: -601.3018 mgc: 64501.63 ustep: 0.1342694 
iter: 16  value: -607.0481 mgc: 27701.44 ustep: 0.01415642 
iter: 17  value: -613.2172 mgc: 28028.42 ustep: 0.1190689 
iter: 18  value: -616.0548 mgc: 17286.26 ustep: 0.01313474 
iter: 19  value: -618.5272 mgc: 12673.52 ustep: 0.1146954 
iter: 20  value: -619.9032 mgc: 13891.64 ustep: 0.02550804 
iter: 21  value: -619.9377 mgc: 15648.88 ustep: 0.1597964 
iter: 22  value: -619.9924 mgc: 22838.93 ustep: 0.1197921 
iter: 23  value: -629.2637 mgc: 35592.07 ustep: 0.1007606 
iter: 24  value: -631.7401 mgc: 10457.6 ustep: 0.3174964 
iter: 25  value: -631.8591 mgc: 24395.83 ustep: 0.1871428 
iter: 26  value: -644.0206 mgc: 27241.52 ustep: 0.4326568 
iter: 27  value: -644.9002 mgc: 7860.566 ustep: 0.06479729 
iter: 28  value: -647.6657 mgc: 8622.699 ustep: 0.2546277 
iter: 29  value: -647.8642 mgc: 1535.17 ustep: 0.08404089 
iter: 30  value: -650.6795 mgc: 9704.249 ustep: 0.2899691 
iter: 31  value: -651.0629 mgc: 2376.886 ustep: 0.04716441 
iter: 32  value: -652.5043 mgc: 4733.923 ustep: 0.217252 
iter: 33  value: -652.7914 mgc: 3139.197 ustep: 0.1451914 
iter: 34  value: -655.5012 mgc: 10579.17 ustep: 0.3811017 
iter: 35  value: -655.6878 mgc: 3786.445 ustep: 0.05825082 
iter: 36  value: -657.0184 mgc: 7459.954 ustep: 0.2414279 
iter: 37  value: -657.2675 mgc: 2406.758 ustep: 0.04135838 
iter: 38  value: -658.0984 mgc: 3932.77 ustep: 0.2034473 
iter: 39  value: -658.2466 mgc: 1731.89 ustep: 0.1392308 
iter: 40  value: -659.8958 mgc: 8643.509 ustep: 0.3731992 
iter: 41  value: -659.9712 mgc: 2231.237 ustep: 0.05726938 
iter: 42  value: -660.8374 mgc: 6586.716 ustep: 0.2393863 
iter: 43  value: -661.0014 mgc: 1743.941 ustep: 0.04111373 
iter: 44  value: -661.4712 mgc: 3553.434 ustep: 0.2028449 
iter: 45  value: -661.4977 mgc: 4156.285 ustep: 0.2586497 
iter: 46  value: -661.8707 mgc: 10711.64 ustep: 0.5086253 
iter: 47  value: -662.8965 mgc: 14075.99 ustep: 0.07505953 
iter: 48  value: -663.263 mgc: 10856.36 ustep: 0.1479538 
iter: 49  value: -663.7835 mgc: 10051.25 ustep: 0.05888313 
iter: 50  value: -664.1367 mgc: 7287.804 ustep: 0.1297768 
iter: 51  value: -664.3063 mgc: 5487.215 ustep: 0.05429863 
iter: 52  value: -664.3956 mgc: 5382.934 ustep: 0.2330974 
iter: 53  value: -664.6479 mgc: 7601.013 ustep: 0.07909765 
iter: 54  value: -664.8731 mgc: 7358.179 ustep: 0.2813149 
iter: 55  value: -665.3163 mgc: 7734.787 ustep: 0.04612866 
iter: 56  value: -665.5534 mgc: 4592.753 ustep: 0.2148544 
iter: 57  value: -665.5617 mgc: 3952.036 ustep: 0.07487693 
iter: 58  value: -665.9193 mgc: 6161.211 ustep: 0.2737091 
iter: 59  value: -666.0543 mgc: 4182.406 ustep: 0.04521917 
iter: 60  value: -666.2586 mgc: 3684.659 ustep: 0.2127267 
iter: 61  value: -666.2683 mgc: 2633.676 ustep: 0.07438209 
iter: 62  value: -666.5417 mgc: 4714.491 ustep: 0.2728035 
iter: 63  value: -666.6201 mgc: 2891.069 ustep: 0.04511091 
iter: 64  value: -666.7749 mgc: 2779.071 ustep: 0.2124721 
iter: 65  value: -666.8063 mgc: 1950.463 ustep: 0.07432282 
iter: 66  value: -666.9977 mgc: 3326.797 ustep: 0.2726949 
iter: 67  value: -667.0531 mgc: 2106.976 ustep: 0.04509792 
iter: 68  value: -667.1689 mgc: 1981.179 ustep: 0.2124415 
iter: 69  value: -667.1825 mgc: 1456.331 ustep: 0.1431223 
iter: 70  value: -667.4123 mgc: 3756.418 ustep: 0.3783773 
iter: 71  value: -667.454 mgc: 2106.463 ustep: 0.05791189 
iter: 72  value: -667.561 mgc: 2340.805 ustep: 0.2407248 
iter: 73  value: -667.5842 mgc: 1456.513 ustep: 0.08085264 
iter: 74  value: -667.6986 mgc: 2349.396 ustep: 0.2844176 
iter: 75  value: -667.7171 mgc: 1369.547 ustep: 0.09084635 
iter: 76  value: -667.8269 mgc: 2360.195 ustep: 0.3014771 
iter: 77  value: -667.8449 mgc: 1293.927 ustep: 0.09474083 
iter: 78  value: -667.9412 mgc: 2147.44 ustep: 0.3078692 
iter: 79  value: -667.9605 mgc: 1166.062 ustep: 0.09620153 
iter: 80  value: -668.0403 mgc: 1769.13 ustep: 0.3102327 
iter: 81  value: -668.0479 mgc: 996.2838 ustep: 0.1841424 
iter: 82  value: -668.1644 mgc: 2543.522 ustep: 0.4291752 
iter: 83  value: -668.1808 mgc: 1159.164 ustep: 0.1245641 
iter: 84  value: -668.2454 mgc: 1653.951 ustep: 0.3530011 
iter: 85  value: -668.2477 mgc: 928.7479 ustep: 0.3629233 
iter: 86  value: -668.3864 mgc: 3000.82 ustep: 0.6024709 
iter: 87  value: -668.3947 mgc: 1247.876 ustep: 0.3121355 
iter: 88  value: -668.4704 mgc: 2285.358 ustep: 0.558735 
iter: 89  value: -668.5035 mgc: 1328.638 ustep: 0.747511 
iter: 90  value: -668.6088 mgc: 3080.865 ustep: 0.8646007 
iter: 91  value: -668.6511 mgc: 1937.584 ustep: 0.9298461 
iter: 92  value: -668.6632 mgc: 2187.149 ustep: 0.9642889 
iter: 93  value: -668.6876 mgc: 1886.778 ustep: 0.9819839 
iter: 94  value: -668.6962 mgc: 1311.133 ustep: 0.9909519 
iter: 95  value: -668.6992 mgc: 712.8333 ustep: 0.9954661 
iter: 96  value: -668.701 mgc: 504.2997 ustep: 0.9977307 
iter: 97  value: -668.7013 mgc: 181.6811 ustep: 0.9988648 
iter: 98  value: -668.7014 mgc: 125.2226 ustep: 0.9994323 
iter: 99  value: -668.7014 mgc: 29.53032 ustep: 0.9997161 
iter: 100  value: -668.7014 mgc: 17.1833 ustep: 0.9998581 
iter: 101  value: -668.7014 mgc: 1.14281 ustep: 0.999929 
iter: 102  value: -668.7014 mgc: 0.1112135 ustep: 0.9999645 
iter: 103  value: -668.7014 mgc: 6.425255e-05 ustep: 0.9999823 
iter: 104  value: -668.7014 mgc: 3.754903e-07 ustep: 0.9999911 
mgc: 3.877118e-07 
outer mgc:  0.7855011 
iter: 1  value: 14443938322 mgc: 1616539071 ustep: 3.420548e-09 
iter: 2  value: 345857.3 mgc: 795550017 ustep: 6.186147e-07 
iter: 3  value: 24172.39 mgc: 4591653 ustep: 0.000886442 
iter: 4  value: 19201.27 mgc: 25459.01 ustep: 0.01504682 
iter: 5  value: 16144.25 mgc: 187774.8 ustep: 0.00813566 
iter: 6  value: 15134.51 mgc: 59131.46 ustep: 0.01175528 
iter: 7  value: 10380.35 mgc: 256794.7 ustep: 0.1085109 
iter: 8  value: 614.2423 mgc: 886283.9 ustep: 0.3294771 
iter: 9  value: -56.79326 mgc: 109819.8 ustep: 0.5740435 
iter: 10  value: -62.75546 mgc: 96653.51 ustep: 0.1623216 
iter: 11  value: -126.7543 mgc: 173649.6 ustep: 0.4029513 
iter: 12  value: -324.9808 mgc: 125036.6 ustep: 0.39566 
iter: 13  value: -516.2421 mgc: 91214.81 ustep: 0.2195333 
iter: 14  value: -518.184 mgc: 47831.9 ustep: 0.07596307 
iter: 15  value: -532.1216 mgc: 103336.1 ustep: 0.2756864 
iter: 16  value: -577.3899 mgc: 69934.27 ustep: 0.04545557 
iter: 17  value: -595.6744 mgc: 65319.32 ustep: 0.2132818 
iter: 18  value: -606.5844 mgc: 39996.98 ustep: 0.07451124 
iter: 19  value: -616.7447 mgc: 36688.86 ustep: 0.1473659 
iter: 20  value: -616.972 mgc: 17212.86 ustep: 0.2150863 
iter: 21  value: -625.0888 mgc: 32823.71 ustep: 0.1442609 
iter: 22  value: -634.1039 mgc: 17693.37 ustep: 0.3798789 
iter: 23  value: -635.3736 mgc: 12347.36 ustep: 0.1128327 
iter: 24  value: -641.8714 mgc: 15224.41 ustep: 0.3359723 
iter: 25  value: -642.4745 mgc: 1542.246 ustep: 0.05270626 
iter: 26  value: -644.9476 mgc: 5093.336 ustep: 0.2296555 
iter: 27  value: -645.0114 mgc: 2127.473 ustep: 0.27836 
iter: 28  value: -652.327 mgc: 19603.28 ustep: 0.5276456 
iter: 29  value: -652.6401 mgc: 2295.165 ustep: 0.03967332 
iter: 30  value: -653.816 mgc: 5260.705 ustep: 0.1992617 
iter: 31  value: -654.1487 mgc: 2769.815 ustep: 0.07123499 
iter: 32  value: -655.5564 mgc: 6160.255 ustep: 0.2669722 
iter: 33  value: -655.6573 mgc: 2984.656 ustep: 0.08686367 
iter: 34  value: -657.2685 mgc: 8939.465 ustep: 0.294797 
iter: 35  value: -657.4853 mgc: 2761.123 ustep: 0.04774282 
iter: 36  value: -658.3606 mgc: 5265.877 ustep: 0.2185795 
iter: 37  value: -658.5157 mgc: 2246.404 ustep: 0.07574187 
iter: 38  value: -659.468 mgc: 6521.72 ustep: 0.2752849 
iter: 39  value: -659.5182 mgc: 4620.03 ustep: 0.08876194 
iter: 40  value: -659.6105 mgc: 8796.853 ustep: 0.2979996 
iter: 41  value: -660.3545 mgc: 13187.89 ustep: 0.09394661 
iter: 42  value: -660.86 mgc: 11686.93 ustep: 0.1672627 
iter: 43  value: -661.516 mgc: 10944.61 ustep: 0.06361526 
iter: 44  value: -662.002 mgc: 7888.045 ustep: 0.1352873 
iter: 45  value: -662.2301 mgc: 5758.353 ustep: 0.05570399 
iter: 46  value: -662.4454 mgc: 5451.127 ustep: 0.2360933 
iter: 47  value: -662.7926 mgc: 7843.487 ustep: 0.07978756 
iter: 48  value: -663.1289 mgc: 7220.157 ustep: 0.2825387 
iter: 49  value: -663.2126 mgc: 7985.196 ustep: 0.09041756 
iter: 50  value: -663.9046 mgc: 10009.04 ustep: 0.3007651 
iter: 51  value: -664.2784 mgc: 7231.077 ustep: 0.04845859 
iter: 52  value: -664.6171 mgc: 5082.789 ustep: 0.2202111 
iter: 53  value: -664.7589 mgc: 3707.097 ustep: 0.03880945 
iter: 54  value: -664.9921 mgc: 2896.338 ustep: 0.1970814 
iter: 55  value: -665.0694 mgc: 2426.528 ustep: 0.07072263 
iter: 56  value: -665.3644 mgc: 3645.808 ustep: 0.2660107 
iter: 57  value: -665.368 mgc: 2823.565 ustep: 0.086644 
iter: 58  value: -665.7395 mgc: 5386.565 ustep: 0.2944241 
iter: 59  value: -665.828 mgc: 3196.784 ustep: 0.04769814 
iter: 60  value: -666.0285 mgc: 3198.384 ustep: 0.2184772 
iter: 61  value: -666.053 mgc: 2075.22 ustep: 0.07571815 
iter: 62  value: -666.3004 mgc: 3839.617 ustep: 0.2752418 
iter: 63  value: -666.3611 mgc: 2224.213 ustep: 0.04540241 
iter: 64  value: -666.5025 mgc: 2170.309 ustep: 0.2131571 
iter: 65  value: -666.5082 mgc: 1537.696 ustep: 0.1434306 
iter: 66  value: -666.7974 mgc: 4258.023 ustep: 0.3787845 
iter: 67  value: -666.844 mgc: 2260.983 ustep: 0.05796251 
iter: 68  value: -666.972 mgc: 2537.572 ustep: 0.24083 
iter: 69  value: -666.998 mgc: 1593.297 ustep: 0.0808768 
iter: 70  value: -667.1354 mgc: 2569.456 ustep: 0.28446 
iter: 71  value: -667.1553 mgc: 1509.673 ustep: 0.09085605 
iter: 72  value: -667.2878 mgc: 2617.125 ustep: 0.3014932 
iter: 73  value: -667.3068 mgc: 1439.147 ustep: 0.0947445 
iter: 74  value: -667.4234 mgc: 2414.656 ustep: 0.3078752 
iter: 75  value: -667.4444 mgc: 1309.998 ustep: 0.09620289 
iter: 76  value: -667.5412 mgc: 2021.793 ustep: 0.3102349 
iter: 77  value: -667.5425 mgc: 1130.026 ustep: 0.1841433 
iter: 78  value: -667.6878 mgc: 2997.807 ustep: 0.4291763 
iter: 79  value: -667.706 mgc: 1359.802 ustep: 0.1245644 
iter: 80  value: -667.7843 mgc: 1926.527 ustep: 0.3530015 
iter: 81  value: -667.7976 mgc: 1098.543 ustep: 0.2018091 
iter: 82  value: -667.8907 mgc: 2152.856 ustep: 0.4492868 
iter: 83  value: -667.9044 mgc: 1100.318 ustep: 0.2422035 
iter: 84  value: -667.9878 mgc: 2056.146 ustep: 0.4921925 
iter: 85  value: -668.0082 mgc: 1064.306 ustep: 0.7015942 
iter: 86  value: -668.1856 mgc: 3815.942 ustep: 0.8376284 
iter: 87  value: -668.2276 mgc: 1772.898 ustep: 0.9152289 
iter: 88  value: -668.2444 mgc: 2907.569 ustep: 0.9566803 
iter: 89  value: -668.2928 mgc: 2650.89 ustep: 0.9781025 
iter: 90  value: -668.3043 mgc: 1854.947 ustep: 0.9889918 
iter: 91  value: -668.314 mgc: 1295.054 ustep: 0.9944812 
iter: 92  value: -668.3189 mgc: 898.7451 ustep: 0.9972371 
iter: 93  value: -668.3198 mgc: 358.3422 ustep: 0.9986177 
iter: 94  value: -668.3203 mgc: 253.0646 ustep: 0.9993087 
iter: 95  value: -668.3204 mgc: 75.30265 ustep: 0.9996543 
iter: 96  value: -668.3204 mgc: 49.68471 ustep: 0.9998272 
iter: 97  value: -668.3204 mgc: 7.195357 ustep: 0.9999136 
iter: 98  value: -668.3204 mgc: 2.451329 ustep: 0.9999568 
iter: 99  value: -668.3204 mgc: 0.02719223 ustep: 0.9999784 
iter: 100  value: -668.3204 mgc: 9.418207e-05 ustep: 0.9999892 
iter: 101  value: -668.3204 mgc: 3.654118e-07 ustep: 0.9999946 
mgc: 3.670758e-07 
outer mgc:  0.1706328 
iter: 1  value: 14443938327 mgc: 1616539071 ustep: 3.420548e-09 
iter: 2  value: 345863.5 mgc: 795550017 ustep: 6.186147e-07 
iter: 3  value: 24177.76 mgc: 4591653 ustep: 0.000886442 
iter: 4  value: 19202.7 mgc: 25673.84 ustep: 0.01504682 
iter: 5  value: 16132.32 mgc: 187679.6 ustep: 0.008194143 
iter: 6  value: 15129.64 mgc: 59167.96 ustep: 0.01179922 
iter: 7  value: 10330.69 mgc: 257428.1 ustep: 0.1087133 
iter: 8  value: 608.3967 mgc: 882925.4 ustep: 0.3297841 
iter: 9  value: -66.77429 mgc: 108597.4 ustep: 0.5743109 
iter: 10  value: -68.92975 mgc: 97069.1 ustep: 0.1623978 
iter: 11  value: -120.6369 mgc: 172583.9 ustep: 0.4030458 
iter: 12  value: -128.8305 mgc: 126608.6 ustep: 0.6348954 
iter: 13  value: -271.2467 mgc: 117501.5 ustep: 0.3285463 
iter: 14  value: -590.0811 mgc: 142141.8 ustep: 0.5732323 
iter: 15  value: -595.3313 mgc: 60595.58 ustep: 0.1620905 
iter: 16  value: -622.8742 mgc: 63822.34 ustep: 0.01596509 
iter: 17  value: -627.6724 mgc: 36983.03 ustep: 0.1264404 
iter: 18  value: -629.0641 mgc: 27039.74 ustep: 0.02708436 
iter: 19  value: -636.5372 mgc: 32303.09 ustep: 0.08602028 
iter: 20  value: -637.4396 mgc: 10298.96 ustep: 0.02145971 
iter: 21  value: -639.0926 mgc: 10464.29 ustep: 0.07618325 
iter: 22  value: -639.5226 mgc: 6621.025 ustep: 0.03956843 
iter: 23  value: -640.8452 mgc: 10509.29 ustep: 0.1050025 
iter: 24  value: -641.1063 mgc: 9996.246 ustep: 0.177856 
iter: 25  value: -642.9614 mgc: 20736.95 ustep: 0.1279627 
iter: 26  value: -647.9398 mgc: 16311.18 ustep: 0.357783 
iter: 27  value: -649.3726 mgc: 11885.93 ustep: 0.05536857 
iter: 28  value: -651.292 mgc: 5760.573 ustep: 0.2353817 
iter: 29  value: -651.6878 mgc: 1992.38 ustep: 0.07962377 
iter: 30  value: -653.6994 mgc: 6723.383 ustep: 0.2822486 
iter: 31  value: -653.8035 mgc: 3159.371 ustep: 0.09035137 
iter: 32  value: -655.9053 mgc: 9389.847 ustep: 0.300655 
iter: 33  value: -656.2096 mgc: 3669.334 ustep: 0.04844538 
iter: 34  value: -657.2902 mgc: 4976.027 ustep: 0.2201811 
iter: 35  value: -657.4953 mgc: 2511.221 ustep: 0.07611323 
iter: 36  value: -658.7795 mgc: 6445.912 ustep: 0.2759587 
iter: 37  value: -658.9955 mgc: 2297.386 ustep: 0.04548812 
iter: 38  value: -659.7796 mgc: 4054.969 ustep: 0.2133581 
iter: 39  value: -659.9696 mgc: 1649.584 ustep: 0.074529 
iter: 40  value: -660.9011 mgc: 5191.287 ustep: 0.2730727 
iter: 41  value: -660.9172 mgc: 1832.766 ustep: 0.0882569 
iter: 42  value: -661.9807 mgc: 7566.663 ustep: 0.2971509 
iter: 43  value: -662.1192 mgc: 2020.734 ustep: 0.04802504 
iter: 44  value: -662.5755 mgc: 4250.501 ustep: 0.2192242 
iter: 45  value: -662.7998 mgc: 4784.425 ustep: 0.07589141 
iter: 46  value: -662.9595 mgc: 5132.244 ustep: 0.1488426 
iter: 47  value: -663.0614 mgc: 7226.822 ustep: 0.1147254 
iter: 48  value: -663.4436 mgc: 9147.196 ustep: 0.1868254 
iter: 49  value: -663.8811 mgc: 8801.006 ustep: 0.06830049 
iter: 50  value: -663.8942 mgc: 6583.014 ustep: 0.2614175 
iter: 51  value: -664.4031 mgc: 9901.509 ustep: 0.08559421 
iter: 52  value: -664.7397 mgc: 8014.111 ustep: 0.2926356 
iter: 53  value: -664.8376 mgc: 8096.223 ustep: 0.09272198 
iter: 54  value: -665.478 mgc: 9682.706 ustep: 0.3045724 
iter: 55  value: -665.8019 mgc: 6656.251 ustep: 0.04891572 
iter: 56  value: -666.0765 mgc: 4426.656 ustep: 0.2212469 
iter: 57  value: -666.088 mgc: 3223.201 ustep: 0.07636017 
iter: 58  value: -666.4436 mgc: 5393.049 ustep: 0.2764058 
iter: 59  value: -666.5468 mgc: 3342.845 ustep: 0.04554158 
iter: 60  value: -666.7388 mgc: 2962.466 ustep: 0.2134834 
iter: 61  value: -666.7796 mgc: 2132.95 ustep: 0.07455814 
iter: 62  value: -667.0156 mgc: 3540.66 ustep: 0.2731261 
iter: 63  value: -667.0816 mgc: 2293.762 ustep: 0.04514947 
iter: 64  value: -667.225 mgc: 2113.628 ustep: 0.2125628 
iter: 65  value: -667.2422 mgc: 1574.838 ustep: 0.1431746 
iter: 66  value: -667.5275 mgc: 4110.821 ustep: 0.3784464 
iter: 67  value: -667.5763 mgc: 2320.947 ustep: 0.05792048 
iter: 68  value: -667.7089 mgc: 2603.133 ustep: 0.2407427 
iter: 69  value: -667.7336 mgc: 1620.361 ustep: 0.08085674 
iter: 70  value: -667.8774 mgc: 2691.625 ustep: 0.2844248 
iter: 71  value: -667.8947 mgc: 1547.766 ustep: 0.090848 
iter: 72  value: -668.0344 mgc: 2776.201 ustep: 0.3014799 
iter: 73  value: -668.0513 mgc: 1493.624 ustep: 0.09474145 
iter: 74  value: -668.1741 mgc: 2569.388 ustep: 0.3078702 
iter: 75  value: -668.1943 mgc: 1374.225 ustep: 0.09620176 
iter: 76  value: -668.2954 mgc: 2151.135 ustep: 0.3102331 
iter: 77  value: -668.3172 mgc: 1192.088 ustep: 0.09674204 
iter: 78  value: -668.3992 mgc: 1693.644 ustep: 0.3111027 
iter: 79  value: -668.4125 mgc: 985.8583 ustep: 0.1845018 
iter: 80  value: -668.5291 mgc: 2386.968 ustep: 0.4295938 
iter: 81  value: -668.547 mgc: 1127.944 ustep: 0.1246655 
iter: 82  value: -668.613 mgc: 1576.455 ustep: 0.3531447 
iter: 83  value: -668.6217 mgc: 889.8562 ustep: 0.3630181 
iter: 84  value: -668.7609 mgc: 2871.936 ustep: 0.6025496 
iter: 85  value: -668.7701 mgc: 1186.551 ustep: 0.3121744 
iter: 86  value: -668.8482 mgc: 2255.123 ustep: 0.5587698 
iter: 87  value: -668.8845 mgc: 1280.988 ustep: 0.7475343 
iter: 88  value: -668.9937 mgc: 3068.755 ustep: 0.8646142 
iter: 89  value: -669.037 mgc: 1905.672 ustep: 0.9298534 
iter: 90  value: -669.0483 mgc: 2176.975 ustep: 0.9642926 
iter: 91  value: -669.0736 mgc: 1915.139 ustep: 0.9819858 
iter: 92  value: -669.0823 mgc: 1323.387 ustep: 0.9909529 
iter: 93  value: -669.0855 mgc: 729.9278 ustep: 0.9954666 
iter: 94  value: -669.0873 mgc: 516.8697 ustep: 0.997731 
iter: 95  value: -669.0876 mgc: 186.8696 ustep: 0.9988649 
iter: 96  value: -669.0878 mgc: 129.1719 ustep: 0.9994324 
iter: 97  value: -669.0878 mgc: 30.76484 ustep: 0.9997162 
iter: 98  value: -669.0878 mgc: 18.09316 ustep: 0.9998581 
iter: 99  value: -669.0878 mgc: 1.249431 ustep: 0.999929 
iter: 100  value: -669.0878 mgc: 0.1308465 ustep: 0.9999645 
iter: 101  value: -669.0878 mgc: 8.759212e-05 ustep: 0.9999823 
iter: 102  value: -669.0878 mgc: 3.796261e-07 ustep: 0.9999911 
mgc: 3.674644e-07 
outer mgc:  0.1706023 
iter: 1  value: 14443938324 mgc: 1616539071 ustep: 3.420548e-09 
iter: 2  value: 345860.4 mgc: 795550017 ustep: 6.186147e-07 
iter: 3  value: 24175.09 mgc: 4591653 ustep: 0.000886442 
iter: 4  value: 19202 mgc: 25566.22 ustep: 0.01504682 
iter: 5  value: 16138.31 mgc: 187727.2 ustep: 0.008164776 
iter: 6  value: 15132.08 mgc: 59149.68 ustep: 0.01177717 
iter: 7  value: 10355.64 mgc: 257110.6 ustep: 0.1086118 
iter: 8  value: 611.344 mgc: 884613.5 ustep: 0.3296301 
iter: 9  value: -61.99763 mgc: 109209.4 ustep: 0.5741768 
iter: 10  value: -65.88314 mgc: 96864.61 ustep: 0.1623596 
iter: 11  value: -123.7469 mgc: 173106.6 ustep: 0.4029984 
iter: 12  value: -332.7516 mgc: 125820.7 ustep: 0.3956907 
iter: 13  value: -506.3531 mgc: 88835 ustep: 0.2195462 
iter: 14  value: -530.5825 mgc: 50508.09 ustep: 0.2710083 
iter: 15  value: -588.4983 mgc: 93383.03 ustep: 0.1678808 
iter: 16  value: -601.4156 mgc: 35241.93 ustep: 0.01633393 
iter: 17  value: -607.6518 mgc: 25631.8 ustep: 0.1278915 
iter: 18  value: -608.4392 mgc: 16177.19 ustep: 0.02727655 
iter: 19  value: -611.4364 mgc: 22500.54 ustep: 0.1652396 
iter: 20  value: -614.7462 mgc: 22233.68 ustep: 0.06312501 
iter: 21  value: -620.1379 mgc: 25299.7 ustep: 0.1347246 
iter: 22  value: -621.8336 mgc: 14594.06 ustep: 0.3671118 
iter: 23  value: -631.1684 mgc: 36500.01 ustep: 0.10985 
iter: 24  value: -637.4086 mgc: 13856.32 ustep: 0.3315031 
iter: 25  value: -638.1773 mgc: 8583.25 ustep: 0.1016169 
iter: 26  value: -643.4345 mgc: 13363.06 ustep: 0.3188423 
iter: 27  value: -644.0175 mgc: 1914.258 ustep: 0.05063329 
iter: 28  value: -646.2638 mgc: 5185.625 ustep: 0.2250959 
iter: 29  value: -646.8874 mgc: 2710.337 ustep: 0.1485484 
iter: 30  value: -650.7568 mgc: 11036.47 ustep: 0.3854812 
iter: 31  value: -651.0693 mgc: 3504.39 ustep: 0.05879694 
iter: 32  value: -652.8443 mgc: 7488.978 ustep: 0.2425566 
iter: 33  value: -652.9433 mgc: 2896.518 ustep: 0.08127342 
iter: 34  value: -654.9789 mgc: 9425.025 ustep: 0.2851564 
iter: 35  value: -655.243 mgc: 2569.084 ustep: 0.04658828 
iter: 36  value: -656.3453 mgc: 5120.767 ustep: 0.2159216 
iter: 37  value: -656.5493 mgc: 1818.402 ustep: 0.07512491 
iter: 38  value: -657.8695 mgc: 6591.389 ustep: 0.2741618 
iter: 39  value: -658.0827 mgc: 1879.469 ustep: 0.04527329 
iter: 40  value: -658.8944 mgc: 4216.903 ustep: 0.2128539 
iter: 41  value: -658.9136 mgc: 1717.878 ustep: 0.1433001 
iter: 42  value: -660.5808 mgc: 9537.492 ustep: 0.3786121 
iter: 43  value: -660.6528 mgc: 2303.661 ustep: 0.05794107 
iter: 44  value: -661.3653 mgc: 6484.75 ustep: 0.2407855 
iter: 45  value: -661.4369 mgc: 4642.531 ustep: 0.08086657 
iter: 46  value: -661.7894 mgc: 7656.488 ustep: 0.154078 
iter: 47  value: -662.2062 mgc: 7895.909 ustep: 0.06039758 
iter: 48  value: -662.4084 mgc: 5719.05 ustep: 0.1315599 
iter: 49  value: -662.4621 mgc: 6923.724 ustep: 0.1065222 
iter: 50  value: -662.9783 mgc: 9280.261 ustep: 0.1792779 
iter: 51  value: -663.3185 mgc: 7652.736 ustep: 0.06650394 
iter: 52  value: -663.3898 mgc: 6235.118 ustep: 0.2579578 
iter: 53  value: -663.8644 mgc: 9274.719 ustep: 0.08480298 
iter: 54  value: -664.1799 mgc: 7600.2 ustep: 0.2912804 
iter: 55  value: -664.312 mgc: 8002.395 ustep: 0.09241264 
iter: 56  value: -664.9287 mgc: 9389.14 ustep: 0.3040641 
iter: 57  value: -665.2587 mgc: 6656.2 ustep: 0.04885466 
iter: 58  value: -665.5404 mgc: 4404.976 ustep: 0.2211088 
iter: 59  value: -665.5565 mgc: 3238.392 ustep: 0.07632819 
iter: 60  value: -665.921 mgc: 5387.188 ustep: 0.2763479 
iter: 61  value: -666.0271 mgc: 3370.238 ustep: 0.04553466 
iter: 62  value: -666.2263 mgc: 2981.869 ustep: 0.2134672 
iter: 63  value: -666.2691 mgc: 2156.594 ustep: 0.07455437 
iter: 64  value: -666.5141 mgc: 3574.484 ustep: 0.2731192 
iter: 65  value: -666.5822 mgc: 2326.121 ustep: 0.04514864 
iter: 66  value: -666.7317 mgc: 2143.256 ustep: 0.2125609 
iter: 67  value: -666.7491 mgc: 1599.071 ustep: 0.1431738 
iter: 68  value: -667.0475 mgc: 4194.73 ustep: 0.3784453 
iter: 69  value: -667.0978 mgc: 2367.862 ustep: 0.05792034 
iter: 70  value: -667.2364 mgc: 2660.18 ustep: 0.2407424 
iter: 71  value: -667.2615 mgc: 1656.274 ustep: 0.08085667 
iter: 72  value: -667.4123 mgc: 2764.129 ustep: 0.2844246 
iter: 73  value: -667.4295 mgc: 1586.987 ustep: 0.09084797 
iter: 74  value: -667.5763 mgc: 2861.241 ustep: 0.3014798 
iter: 75  value: -667.5933 mgc: 1537.176 ustep: 0.09474144 
iter: 76  value: -667.7225 mgc: 2652.259 ustep: 0.3078702 
iter: 77  value: -667.743 mgc: 1418.744 ustep: 0.09620175 
iter: 78  value: -667.8495 mgc: 2224.352 ustep: 0.3102331 
iter: 79  value: -667.872 mgc: 1233.128 ustep: 0.09674204 
iter: 80  value: -667.9583 mgc: 1756.853 ustep: 0.3111027 
iter: 81  value: -667.9708 mgc: 1020.908 ustep: 0.1845018 
iter: 82  value: -668.0946 mgc: 2495.626 ustep: 0.4295938 
iter: 83  value: -668.1132 mgc: 1177.95 ustep: 0.1246655 
iter: 84  value: -668.1828 mgc: 1638.933 ustep: 0.3531447 
iter: 85  value: -668.1898 mgc: 929.8229 ustep: 0.3630181 
iter: 86  value: -668.338 mgc: 3006.96 ustep: 0.6025496 
iter: 87  value: -668.3473 mgc: 1257.344 ustep: 0.3121744 
iter: 88  value: -668.4297 mgc: 2344.405 ustep: 0.5587698 
iter: 89  value: -668.4664 mgc: 1357.242 ustep: 0.7475343 
iter: 90  value: -668.5812 mgc: 3206.574 ustep: 0.8646142 
iter: 91  value: -668.6276 mgc: 2024.955 ustep: 0.9298534 
iter: 92  value: -668.6394 mgc: 2292.652 ustep: 0.9642926 
iter: 93  value: -668.6671 mgc: 2008.695 ustep: 0.9819858 
iter: 94  value: -668.6768 mgc: 1396.863 ustep: 0.9909529 
iter: 95  value: -668.6802 mgc: 762.2742 ustep: 0.9954666 
iter: 96  value: -668.6822 mgc: 542.751 ustep: 0.997731 
iter: 97  value: -668.6825 mgc: 197.1208 ustep: 0.9988649 
iter: 98  value: -668.6827 mgc: 135.947 ustep: 0.9994324 
iter: 99  value: -668.6827 mgc: 33.18931 ustep: 0.9997162 
iter: 100  value: -668.6827 mgc: 19.72311 ustep: 0.9998581 
iter: 101  value: -668.6827 mgc: 1.470949 ustep: 0.999929 
iter: 102  value: -668.6827 mgc: 0.1741164 ustep: 0.9999645 
iter: 103  value: -668.6827 mgc: 0.0001545904 ustep: 0.9999823 
iter: 104  value: -668.6827 mgc: 3.54302e-07 ustep: 0.9999911 
mgc: 4.058912e-07 
outer mgc:  0.04373613 
iter: 1  value: 14443938324 mgc: 1616539071 ustep: 3.420548e-09 
iter: 2  value: 345860.4 mgc: 795550017 ustep: 6.186147e-07 
iter: 3  value: 24175.05 mgc: 4591653 ustep: 0.000886442 
iter: 4  value: 19201.97 mgc: 25566.22 ustep: 0.01504682 
iter: 5  value: 16138.3 mgc: 187727.2 ustep: 0.008164776 
iter: 6  value: 15132.08 mgc: 59149.68 ustep: 0.01177717 
iter: 7  value: 10355.62 mgc: 257110.5 ustep: 0.1086118 
iter: 8  value: 611.2982 mgc: 884613.5 ustep: 0.3296301 
iter: 9  value: -62.03901 mgc: 109210.8 ustep: 0.5741768 
iter: 10  value: -65.92703 mgc: 96865.49 ustep: 0.1623596 
iter: 11  value: -123.7895 mgc: 173107.1 ustep: 0.4029984 
iter: 12  value: -332.8115 mgc: 125822.6 ustep: 0.3956907 
iter: 13  value: -506.4103 mgc: 88833.14 ustep: 0.2195462 
iter: 14  value: -530.8228 mgc: 50509.63 ustep: 0.2710083 
iter: 15  value: -588.5343 mgc: 93226.33 ustep: 0.1678808 
iter: 16  value: -601.4503 mgc: 35243.65 ustep: 0.01633393 
iter: 17  value: -607.6941 mgc: 25654.84 ustep: 0.1278915 
iter: 18  value: -608.4761 mgc: 16177.34 ustep: 0.02727655 
iter: 19  value: -611.479 mgc: 22520.08 ustep: 0.1652396 
iter: 20  value: -614.7827 mgc: 22233.71 ustep: 0.06312501 
iter: 21  value: -620.1806 mgc: 25318.74 ustep: 0.1347246 
iter: 22  value: -621.865 mgc: 14593.98 ustep: 0.3671118 
iter: 23  value: -631.2113 mgc: 36523.14 ustep: 0.10985 
iter: 24  value: -637.4508 mgc: 13856.11 ustep: 0.3315031 
iter: 25  value: -638.2203 mgc: 8587.371 ustep: 0.1016169 
iter: 26  value: -643.4774 mgc: 13362.87 ustep: 0.3188423 
iter: 27  value: -644.0604 mgc: 1914.962 ustep: 0.05063329 
iter: 28  value: -646.3067 mgc: 5185.58 ustep: 0.2250959 
iter: 29  value: -646.9303 mgc: 2710.354 ustep: 0.1485484 
iter: 30  value: -650.7996 mgc: 11036.4 ustep: 0.3854812 
iter: 31  value: -651.1121 mgc: 3504.402 ustep: 0.05879694 
iter: 32  value: -652.8872 mgc: 7488.963 ustep: 0.2425566 
iter: 33  value: -652.9862 mgc: 2896.524 ustep: 0.08127342 
iter: 34  value: -655.0218 mgc: 9425.042 ustep: 0.2851564 
iter: 35  value: -655.2858 mgc: 2569.079 ustep: 0.04658828 
iter: 36  value: -656.3882 mgc: 5120.783 ustep: 0.2159216 
iter: 37  value: -656.5921 mgc: 1818.392 ustep: 0.07512491 
iter: 38  value: -657.9123 mgc: 6591.449 ustep: 0.2741618 
iter: 39  value: -658.1256 mgc: 1879.443 ustep: 0.04527329 
iter: 40  value: -658.9373 mgc: 4216.944 ustep: 0.2128539 
iter: 41  value: -658.9564 mgc: 1717.719 ustep: 0.1433001 
iter: 42  value: -660.6236 mgc: 9537.775 ustep: 0.3786121 
iter: 43  value: -660.6956 mgc: 2303.487 ustep: 0.05794107 
iter: 44  value: -661.4082 mgc: 6484.831 ustep: 0.2407855 
iter: 45  value: -661.4797 mgc: 4640.829 ustep: 0.08086657 
iter: 46  value: -661.8324 mgc: 7656.473 ustep: 0.154078 
iter: 47  value: -662.249 mgc: 7893.993 ustep: 0.06039758 
iter: 48  value: -662.4511 mgc: 5718.675 ustep: 0.1315599 
iter: 49  value: -662.505 mgc: 6924.394 ustep: 0.1065222 
iter: 50  value: -663.021 mgc: 9279.519 ustep: 0.1792779 
iter: 51  value: -663.3614 mgc: 7653.671 ustep: 0.06650394 
iter: 52  value: -663.4325 mgc: 6234.972 ustep: 0.2579578 
iter: 53  value: -663.9072 mgc: 9275.4 ustep: 0.08480298 
iter: 54  value: -664.2227 mgc: 7600.167 ustep: 0.2912804 
iter: 55  value: -664.3548 mgc: 8002.649 ustep: 0.09241264 
iter: 56  value: -664.9715 mgc: 9389.272 ustep: 0.3040641 
iter: 57  value: -665.3014 mgc: 6656.332 ustep: 0.04885466 
iter: 58  value: -665.5832 mgc: 4405.072 ustep: 0.2211088 
iter: 59  value: -665.5993 mgc: 3238.452 ustep: 0.07632819 
iter: 60  value: -665.9638 mgc: 5387.332 ustep: 0.2763479 
iter: 61  value: -666.0699 mgc: 3370.316 ustep: 0.04553466 
iter: 62  value: -666.2691 mgc: 2981.94 ustep: 0.2134672 
iter: 63  value: -666.3119 mgc: 2156.641 ustep: 0.07455437 
iter: 64  value: -666.5569 mgc: 3574.592 ustep: 0.2731192 
iter: 65  value: -666.625 mgc: 2326.177 ustep: 0.04514864 
iter: 66  value: -666.7744 mgc: 2143.314 ustep: 0.2125609 
iter: 67  value: -666.7919 mgc: 1599.105 ustep: 0.1431738 
iter: 68  value: -667.0903 mgc: 4194.906 ustep: 0.3784453 
iter: 69  value: -667.1406 mgc: 2367.927 ustep: 0.05792034 
iter: 70  value: -667.2792 mgc: 2660.245 ustep: 0.2407424 
iter: 71  value: -667.3043 mgc: 1656.319 ustep: 0.08085667 
iter: 72  value: -667.4551 mgc: 2764.196 ustep: 0.2844246 
iter: 73  value: -667.4722 mgc: 1587.029 ustep: 0.09084797 
iter: 74  value: -667.6191 mgc: 2861.304 ustep: 0.3014798 
iter: 75  value: -667.636 mgc: 1537.216 ustep: 0.09474144 
iter: 76  value: -667.7652 mgc: 2652.309 ustep: 0.3078702 
iter: 77  value: -667.7858 mgc: 1418.778 ustep: 0.09620175 
iter: 78  value: -667.8923 mgc: 2224.39 ustep: 0.3102331 
iter: 79  value: -667.9147 mgc: 1233.154 ustep: 0.09674204 
iter: 80  value: -668.0011 mgc: 1756.882 ustep: 0.3111027 
iter: 81  value: -668.0136 mgc: 1020.927 ustep: 0.1845018 
iter: 82  value: -668.1374 mgc: 2495.674 ustep: 0.4295938 
iter: 83  value: -668.156 mgc: 1177.977 ustep: 0.1246655 
iter: 84  value: -668.2256 mgc: 1638.956 ustep: 0.3531447 
iter: 85  value: -668.2326 mgc: 929.8414 ustep: 0.3630181 
iter: 86  value: -668.3807 mgc: 3007.006 ustep: 0.6025496 
iter: 87  value: -668.3901 mgc: 1257.377 ustep: 0.3121744 
iter: 88  value: -668.4725 mgc: 2344.431 ustep: 0.5587698 
iter: 89  value: -668.5092 mgc: 1357.271 ustep: 0.7475343 
iter: 90  value: -668.6239 mgc: 3206.613 ustep: 0.8646142 
iter: 91  value: -668.6704 mgc: 2024.99 ustep: 0.9298534 
iter: 92  value: -668.6821 mgc: 2292.683 ustep: 0.9642926 
iter: 93  value: -668.7099 mgc: 2008.702 ustep: 0.9819858 
iter: 94  value: -668.7196 mgc: 1396.871 ustep: 0.9909529 
iter: 95  value: -668.723 mgc: 762.2757 ustep: 0.9954666 
iter: 96  value: -668.725 mgc: 542.7499 ustep: 0.997731 
iter: 97  value: -668.7253 mgc: 197.1217 ustep: 0.9988649 
iter: 98  value: -668.7255 mgc: 135.9467 ustep: 0.9994324 
iter: 99  value: -668.7255 mgc: 33.18964 ustep: 0.9997162 
iter: 100  value: -668.7255 mgc: 19.72317 ustep: 0.9998581 
iter: 101  value: -668.7255 mgc: 1.47099 ustep: 0.999929 
iter: 102  value: -668.7255 mgc: 0.1741224 ustep: 0.9999645 
iter: 103  value: -668.7255 mgc: 0.0001551396 ustep: 0.9999823 
iter: 104  value: -668.7255 mgc: 3.75469e-07 ustep: 0.9999911 
mgc: 3.324591e-07 
outer mgc:  0.04370129 
iter: 1  value: 14443938324 mgc: 1616539071 ustep: 3.420548e-09 
iter: 2  value: 345860 mgc: 795550017 ustep: 6.186147e-07 
iter: 3  value: 24174.67 mgc: 4591653 ustep: 0.000886442 
iter: 4  value: 19201.96 mgc: 25565.67 ustep: 0.01504682 
iter: 5  value: 16140.04 mgc: 187752.2 ustep: 0.008155707 
iter: 6  value: 15133.02 mgc: 59120.86 ustep: 0.01177036 
iter: 7  value: 10363.65 mgc: 257135.6 ustep: 0.1085804 
iter: 8  value: 612.9602 mgc: 885110.4 ustep: 0.3295825 
iter: 9  value: -59.38725 mgc: 109604.5 ustep: 0.5741354 
iter: 10  value: -64.31635 mgc: 96856.73 ustep: 0.1623478 
iter: 11  value: -121.8388 mgc: 173717 ustep: 0.4029837 
iter: 12  value: -327.3567 mgc: 125576.7 ustep: 0.3956811 
iter: 13  value: -509.1281 mgc: 91167.49 ustep: 0.2195422 
iter: 14  value: -517.3742 mgc: 49652.71 ustep: 0.07596512 
iter: 15  value: -535.9832 mgc: 103917.5 ustep: 0.2756902 
iter: 16  value: -577.4401 mgc: 70456.46 ustep: 0.04545601 
iter: 17  value: -595.4308 mgc: 65199.74 ustep: 0.2132828 
iter: 18  value: -606.5506 mgc: 40184.45 ustep: 0.07451148 
iter: 19  value: -616.6786 mgc: 36649.4 ustep: 0.1473661 
iter: 20  value: -616.8972 mgc: 17218.38 ustep: 0.2150865 
iter: 21  value: -625.0171 mgc: 32848.46 ustep: 0.144261 
iter: 22  value: -634.0289 mgc: 17703.5 ustep: 0.3798791 
iter: 23  value: -635.2968 mgc: 12373.9 ustep: 0.1128328 
iter: 24  value: -641.7977 mgc: 15243.67 ustep: 0.3359723 
iter: 25  value: -642.3987 mgc: 1544.84 ustep: 0.05270627 
iter: 26  value: -644.8699 mgc: 5107.392 ustep: 0.2296555 
iter: 27  value: -644.8855 mgc: 2117.999 ustep: 0.27836 
iter: 28  value: -652.2403 mgc: 19757.1 ustep: 0.5276456 
iter: 29  value: -652.551 mgc: 2275.629 ustep: 0.03967332 
iter: 30  value: -653.7256 mgc: 5268.976 ustep: 0.1992617 
iter: 31  value: -654.0552 mgc: 2770.22 ustep: 0.07123499 
iter: 32  value: -655.4626 mgc: 6183.913 ustep: 0.2669722 
iter: 33  value: -655.5557 mgc: 2985.133 ustep: 0.08686367 
iter: 34  value: -657.1718 mgc: 8994.315 ustep: 0.294797 
iter: 35  value: -657.3862 mgc: 2753.155 ustep: 0.04774282 
iter: 36  value: -658.2629 mgc: 5283.445 ustep: 0.2185795 
iter: 37  value: -658.4113 mgc: 2143.54 ustep: 0.07574187 
iter: 38  value: -659.3857 mgc: 6567.074 ustep: 0.2752849 
iter: 39  value: -659.4069 mgc: 4243.969 ustep: 0.08876194 
iter: 40  value: -659.7047 mgc: 8838.22 ustep: 0.2979996 
iter: 41  value: -660.2621 mgc: 12012.79 ustep: 0.09394661 
iter: 42  value: -660.6975 mgc: 11511.21 ustep: 0.1672627 
iter: 43  value: -661.4138 mgc: 11270.23 ustep: 0.06361526 
iter: 44  value: -661.8682 mgc: 7735.191 ustep: 0.1352873 
iter: 45  value: -662.1179 mgc: 5984.627 ustep: 0.05570399 
iter: 46  value: -662.3037 mgc: 5377.189 ustep: 0.2360933 
iter: 47  value: -662.6824 mgc: 8059.817 ustep: 0.07978756 
iter: 48  value: -663.0003 mgc: 7133.885 ustep: 0.2825387 
iter: 49  value: -663.0995 mgc: 8058.755 ustep: 0.09041756 
iter: 50  value: -663.7832 mgc: 9957.19 ustep: 0.3007651 
iter: 51  value: -664.1568 mgc: 7229.924 ustep: 0.04845859 
iter: 52  value: -664.4954 mgc: 5090.086 ustep: 0.2202111 
iter: 53  value: -664.6366 mgc: 3701.164 ustep: 0.03880945 
iter: 54  value: -664.8694 mgc: 2902.785 ustep: 0.1970814 
iter: 55  value: -664.946 mgc: 2424.112 ustep: 0.07072263 
iter: 56  value: -665.2409 mgc: 3657.684 ustep: 0.2660107 
iter: 57  value: -665.243 mgc: 2820.805 ustep: 0.086644 
iter: 58  value: -665.615 mgc: 5403.025 ustep: 0.2944241 
iter: 59  value: -665.7033 mgc: 3195.467 ustep: 0.04769814 
iter: 60  value: -665.9034 mgc: 3198.662 ustep: 0.2184772 
iter: 61  value: -665.9278 mgc: 2074.849 ustep: 0.07571815 
iter: 62  value: -666.1746 mgc: 3836.433 ustep: 0.2752418 
iter: 63  value: -666.2351 mgc: 2221.766 ustep: 0.04540241 
iter: 64  value: -666.3762 mgc: 2166.222 ustep: 0.2131571 
iter: 65  value: -666.3822 mgc: 1534.93 ustep: 0.1434306 
iter: 66  value: -666.6704 mgc: 4244.501 ustep: 0.3787845 
iter: 67  value: -666.7169 mgc: 2253.815 ustep: 0.05796251 
iter: 68  value: -666.8445 mgc: 2528.641 ustep: 0.24083 
iter: 69  value: -666.8706 mgc: 1587.573 ustep: 0.0808768 
iter: 70  value: -667.0074 mgc: 2557.575 ustep: 0.28446 
iter: 71  value: -667.0275 mgc: 1503.04 ustep: 0.09085605 
iter: 72  value: -667.1594 mgc: 2602.639 ustep: 0.3014932 
iter: 73  value: -667.1786 mgc: 1431.559 ustep: 0.0947445 
iter: 74  value: -667.2947 mgc: 2400.087 ustep: 0.3078752 
iter: 75  value: -667.3158 mgc: 1302.136 ustep: 0.09620289 
iter: 76  value: -667.4122 mgc: 2008.715 ustep: 0.3102349 
iter: 77  value: -667.414 mgc: 1122.727 ustep: 0.1841433 
iter: 78  value: -667.5585 mgc: 2974.329 ustep: 0.4291763 
iter: 79  value: -667.5767 mgc: 1348.456 ustep: 0.1245644 
iter: 80  value: -667.6547 mgc: 1913.845 ustep: 0.3530015 
iter: 81  value: -667.6682 mgc: 1089.735 ustep: 0.2018091 
iter: 82  value: -667.7609 mgc: 2136.376 ustep: 0.4492868 
iter: 83  value: -667.7748 mgc: 1090.482 ustep: 0.2422035 
iter: 84  value: -667.8578 mgc: 2040.066 ustep: 0.4921925 
iter: 85  value: -667.8794 mgc: 1054.155 ustep: 0.7015942 
iter: 86  value: -668.0558 mgc: 3785.224 ustep: 0.8376284 
iter: 87  value: -668.0979 mgc: 1750.775 ustep: 0.9152289 
iter: 88  value: -668.1151 mgc: 2885.341 ustep: 0.9566803 
iter: 89  value: -668.1626 mgc: 2625.05 ustep: 0.9781025 
iter: 90  value: -668.1739 mgc: 1837.353 ustep: 0.9889918 
iter: 91  value: -668.1834 mgc: 1289.27 ustep: 0.9944812 
iter: 92  value: -668.1883 mgc: 892.7685 ustep: 0.9972371 
iter: 93  value: -668.1892 mgc: 356.1635 ustep: 0.9986177 
iter: 94  value: -668.1897 mgc: 251.7796 ustep: 0.9993087 
iter: 95  value: -668.1898 mgc: 74.70269 ustep: 0.9996543 
iter: 96  value: -668.1898 mgc: 49.33197 ustep: 0.9998272 
iter: 97  value: -668.1898 mgc: 7.090559 ustep: 0.9999136 
iter: 98  value: -668.1898 mgc: 2.400344 ustep: 0.9999568 
iter: 99  value: -668.1898 mgc: 0.02596265 ustep: 0.9999784 
iter: 100  value: -668.1898 mgc: 8.649374e-05 ustep: 0.9999892 
mgc: 3.269135e-07 
outer mgc:  0.2951111 
iter: 1  value: 14443938324 mgc: 1616539071 ustep: 3.420548e-09 
iter: 2  value: 345860.9 mgc: 795550017 ustep: 6.186147e-07 
iter: 3  value: 24175.48 mgc: 4591653 ustep: 0.000886442 
iter: 4  value: 19202.01 mgc: 25566.78 ustep: 0.01504682 
iter: 5  value: 16136.57 mgc: 187702.2 ustep: 0.00817388 
iter: 6  value: 15131.15 mgc: 59178.57 ustep: 0.01178401 
iter: 7  value: 10347.62 mgc: 257085.5 ustep: 0.1086433 
iter: 8  value: 609.6899 mgc: 884117.5 ustep: 0.3296779 
iter: 9  value: -64.59557 mgc: 108816.7 ustep: 0.5742184 
iter: 10  value: -67.34871 mgc: 96872.92 ustep: 0.1623715 
iter: 11  value: -125.6534 mgc: 172533.9 ustep: 0.4030131 
iter: 12  value: -337.1222 mgc: 126067 ustep: 0.3957003 
iter: 13  value: -503.7603 mgc: 86976.43 ustep: 0.2195502 
iter: 14  value: -574.199 mgc: 51009.16 ustep: 0.468615 
iter: 15  value: -601.4948 mgc: 44483.52 ustep: 0.1342698 
iter: 16  value: -606.3344 mgc: 27726.79 ustep: 0.01415645 
iter: 17  value: -613.6087 mgc: 30895.92 ustep: 0.119069 
iter: 18  value: -616.1999 mgc: 17277.64 ustep: 0.01313475 
iter: 19  value: -618.9396 mgc: 14209.98 ustep: 0.1146955 
iter: 20  value: -619.9149 mgc: 13906.7 ustep: 0.02550804 
iter: 21  value: -620.3847 mgc: 17656.54 ustep: 0.1597964 
iter: 22  value: -623.8432 mgc: 22851.49 ustep: 0.06179989 
iter: 23  value: -627.838 mgc: 24196.62 ustep: 0.1331943 
iter: 24  value: -628.318 mgc: 15784.42 ustep: 0.3650215 
iter: 25  value: -636.8947 mgc: 36449.71 ustep: 0.1093634 
iter: 26  value: -642.6919 mgc: 14986.05 ustep: 0.3307683 
iter: 27  value: -642.7669 mgc: 7208.242 ustep: 0.1014481 
iter: 28  value: -647.6105 mgc: 14224.9 ustep: 0.3185774 
iter: 29  value: -648.0591 mgc: 1533.774 ustep: 0.05060133 
iter: 30  value: -649.9677 mgc: 5249.39 ustep: 0.2250249 
iter: 31  value: -650.169 mgc: 2470.204 ustep: 0.1485181 
iter: 32  value: -653.7592 mgc: 12152.96 ustep: 0.3854419 
iter: 33  value: -653.9471 mgc: 3224.92 ustep: 0.05879204 
iter: 34  value: -655.5331 mgc: 7616.617 ustep: 0.2425464 
iter: 35  value: -655.8422 mgc: 2937.637 ustep: 0.04149238 
iter: 36  value: -656.8249 mgc: 3852.299 ustep: 0.2037764 
iter: 37  value: -656.9458 mgc: 2150.346 ustep: 0.2593465 
iter: 38  value: -660.025 mgc: 13032.98 ustep: 0.5093098 
iter: 39  value: -660.2128 mgc: 2717.119 ustep: 0.0383082 
iter: 40  value: -660.8707 mgc: 4856.046 ustep: 0.1958052 
iter: 41  value: -660.9627 mgc: 1618.027 ustep: 0.07042233 
iter: 42  value: -661.8165 mgc: 6313.927 ustep: 0.2654455 
iter: 43  value: -661.9604 mgc: 1810.255 ustep: 0.04423142 
iter: 44  value: -662.4738 mgc: 4162.393 ustep: 0.2103916 
iter: 45  value: -662.6125 mgc: 2959.691 ustep: 0.07383828 
iter: 46  value: -662.8962 mgc: 5291.563 ustep: 0.2718048 
iter: 47  value: -663.2369 mgc: 7991.895 ustep: 0.08796742 
iter: 48  value: -663.3096 mgc: 7732.423 ustep: 0.1613322 
iter: 49  value: -663.8601 mgc: 9789.275 ustep: 0.06217469 
iter: 50  value: -664.1703 mgc: 6726.842 ustep: 0.1336285 
iter: 51  value: -664.3874 mgc: 5783.395 ustep: 0.05528246 
iter: 52  value: -664.479 mgc: 5127.256 ustep: 0.2351987 
iter: 53  value: -664.804 mgc: 7821.431 ustep: 0.07958163 
iter: 54  value: -665.0375 mgc: 6956.601 ustep: 0.282174 
iter: 55  value: -665.0895 mgc: 7711.494 ustep: 0.09033433 
iter: 56  value: -665.6772 mgc: 9660.42 ustep: 0.3006266 
iter: 57  value: -666.0046 mgc: 6842.927 ustep: 0.04844198 
iter: 58  value: -666.2767 mgc: 4777.039 ustep: 0.2201734 
iter: 59  value: -666.3956 mgc: 3432.585 ustep: 0.0388049 
iter: 60  value: -666.5787 mgc: 2682.695 ustep: 0.1970699 
iter: 61  value: -666.6411 mgc: 2219.086 ustep: 0.07071992 
iter: 62  value: -666.8716 mgc: 3320.834 ustep: 0.2660056 
iter: 63  value: -666.8784 mgc: 2550.932 ustep: 0.08664283 
iter: 64  value: -667.1677 mgc: 4782.813 ustep: 0.2944221 
iter: 65  value: -667.2407 mgc: 2836.437 ustep: 0.0476979 
iter: 66  value: -667.3963 mgc: 2790.254 ustep: 0.2184766 
iter: 67  value: -667.4231 mgc: 1816.834 ustep: 0.07571802 
iter: 68  value: -667.6108 mgc: 3232.947 ustep: 0.2752416 
iter: 69  value: -667.6112 mgc: 1908.15 ustep: 0.08875205 
iter: 70  value: -667.8177 mgc: 3872.373 ustep: 0.297983 
iter: 71  value: -667.8656 mgc: 2027.238 ustep: 0.04812483 
iter: 72  value: -667.964 mgc: 1802.059 ustep: 0.2194518 
iter: 73  value: -667.9823 mgc: 1269.323 ustep: 0.1461349 
iter: 74  value: -668.1684 mgc: 3160.324 ustep: 0.3823377 
iter: 75  value: -668.204 mgc: 1718.923 ustep: 0.05840477 
iter: 76  value: -668.2848 mgc: 1694.894 ustep: 0.2417466 
iter: 77  value: -668.2985 mgc: 1129.093 ustep: 0.1556145 
iter: 78  value: -668.4421 mgc: 2764.913 ustep: 0.3945406 
iter: 79  value: -668.4511 mgc: 1406.822 ustep: 0.1162834 
iter: 80  value: -668.5557 mgc: 2557.539 ustep: 0.3410695 
iter: 81  value: -668.5745 mgc: 1307.368 ustep: 0.1038183 
iter: 82  value: -668.6471 mgc: 1777.551 ustep: 0.3222763 
iter: 83  value: -668.6574 mgc: 1007.684 ustep: 0.1891165 
iter: 84  value: -668.7557 mgc: 2265.018 ustep: 0.4349318 
iter: 85  value: -668.7608 mgc: 1077.838 ustep: 0.2360774 
iter: 86  value: -668.8576 mgc: 2438.514 ustep: 0.4859293 
iter: 87  value: -668.8715 mgc: 1162.298 ustep: 0.2580892 
iter: 88  value: -668.9434 mgc: 1947.029 ustep: 0.508074 
iter: 89  value: -668.9762 mgc: 1075.141 ustep: 0.7128218 
iter: 90  value: -669.1102 mgc: 3183.05 ustep: 0.8443033 
iter: 91  value: -669.1526 mgc: 1648.842 ustep: 0.9188679 
iter: 92  value: -669.169 mgc: 2391.027 ustep: 0.9585801 
iter: 93  value: -669.2004 mgc: 2114.154 ustep: 0.9790731 
iter: 94  value: -669.2093 mgc: 1481.687 ustep: 0.9894823 
iter: 95  value: -669.2148 mgc: 959.3185 ustep: 0.9947278 
iter: 96  value: -669.2176 mgc: 661.3593 ustep: 0.9973607 
iter: 97  value: -669.2181 mgc: 255.3366 ustep: 0.9986796 
iter: 98  value: -669.2184 mgc: 178.6988 ustep: 0.9993396 
iter: 99  value: -669.2184 mgc: 47.83874 ustep: 0.9996698 
iter: 100  value: -669.2184 mgc: 30.48595 ustep: 0.9998349 
iter: 101  value: -669.2184 mgc: 3.12622 ustep: 0.9999175 
iter: 102  value: -669.2184 mgc: 0.6513601 ustep: 0.9999587 
iter: 103  value: -669.2184 mgc: 0.002003084 ustep: 0.9999794 
iter: 104  value: -669.2184 mgc: 5.491726e-07 ustep: 0.9999897 
mgc: 3.55076e-07 
outer mgc:  0.294772 
iter: 1  value: 14443938324 mgc: 1616539071 ustep: 3.420548e-09 
iter: 2  value: 345860.4 mgc: 795550017 ustep: 6.186147e-07 
iter: 3  value: 24175.04 mgc: 4591653 ustep: 0.000886442 
iter: 4  value: 19201.96 mgc: 25566.22 ustep: 0.01504682 
iter: 5  value: 16138.29 mgc: 187727.1 ustep: 0.008164776 
iter: 6  value: 15132.06 mgc: 59149.68 ustep: 0.01177717 
iter: 7  value: 10355.62 mgc: 257110.5 ustep: 0.1086118 
iter: 8  value: 611.311 mgc: 884613.5 ustep: 0.3296301 
iter: 9  value: -62.03617 mgc: 109206.3 ustep: 0.5741768 
iter: 10  value: -65.8942 mgc: 96870.22 ustep: 0.1623596 
iter: 11  value: -123.7169 mgc: 173110.2 ustep: 0.4029984 
iter: 12  value: -332.7524 mgc: 125835.4 ustep: 0.3956907 
iter: 13  value: -506.3619 mgc: 88835.45 ustep: 0.2195462 
iter: 14  value: -530.8508 mgc: 50503.39 ustep: 0.2710083 
iter: 15  value: -588.5103 mgc: 93181.4 ustep: 0.1678808 
iter: 16  value: -601.421 mgc: 35248.08 ustep: 0.01633393 
iter: 17  value: -607.666 mgc: 25661.42 ustep: 0.1278915 
iter: 18  value: -608.4469 mgc: 16178.74 ustep: 0.02727655 
iter: 19  value: -611.4497 mgc: 22525.72 ustep: 0.1652396 
iter: 20  value: -614.7527 mgc: 22235.61 ustep: 0.06312501 
iter: 21  value: -620.1516 mgc: 25324.36 ustep: 0.1347246 
iter: 22  value: -621.832 mgc: 14595.13 ustep: 0.3671118 
iter: 23  value: -631.1811 mgc: 36530 ustep: 0.10985 
iter: 24  value: -637.4199 mgc: 13857.32 ustep: 0.3315031 
iter: 25  value: -638.1891 mgc: 8588.763 ustep: 0.1016169 
iter: 26  value: -643.4459 mgc: 13363.98 ustep: 0.3188423 
iter: 27  value: -644.0289 mgc: 1915.221 ustep: 0.05063329 
iter: 28  value: -646.2748 mgc: 5185.835 ustep: 0.2250959 
iter: 29  value: -646.898 mgc: 2709.833 ustep: 0.1485484 
iter: 30  value: -650.7671 mgc: 11037.9 ustep: 0.3854812 
iter: 31  value: -651.0795 mgc: 3503.654 ustep: 0.05879694 
iter: 32  value: -652.8544 mgc: 7489.514 ustep: 0.2425566 
iter: 33  value: -652.9531 mgc: 2896.425 ustep: 0.08127342 
iter: 34  value: -654.9887 mgc: 9425.955 ustep: 0.2851564 
iter: 35  value: -655.2527 mgc: 2568.948 ustep: 0.04658828 
iter: 36  value: -656.3549 mgc: 5121.016 ustep: 0.2159216 
iter: 37  value: -656.5587 mgc: 1818.233 ustep: 0.07512491 
iter: 38  value: -657.879 mgc: 6592.195 ustep: 0.2741618 
iter: 39  value: -658.0921 mgc: 1878.995 ustep: 0.04527329 
iter: 40  value: -658.9038 mgc: 4217.337 ustep: 0.2128539 
iter: 41  value: -658.9224 mgc: 1715.437 ustep: 0.1433001 
iter: 42  value: -660.5902 mgc: 9541.017 ustep: 0.3786121 
iter: 43  value: -660.6619 mgc: 2300.84 ustep: 0.05794107 
iter: 44  value: -661.3759 mgc: 6485.505 ustep: 0.2407855 
iter: 45  value: -661.4459 mgc: 4617.051 ustep: 0.08086657 
iter: 46  value: -661.8014 mgc: 7655.688 ustep: 0.154078 
iter: 47  value: -662.2153 mgc: 7865.85 ustep: 0.06039758 
iter: 48  value: -662.4165 mgc: 5712.946 ustep: 0.1315599 
iter: 49  value: -662.4722 mgc: 6931.725 ustep: 0.1065222 
iter: 50  value: -662.9859 mgc: 9268.063 ustep: 0.1792779 
iter: 51  value: -663.3276 mgc: 7664.419 ustep: 0.06650394 
iter: 52  value: -663.3977 mgc: 6231.959 ustep: 0.2579578 
iter: 53  value: -663.8735 mgc: 9282.39 ustep: 0.08480298 
iter: 54  value: -664.1886 mgc: 7598.201 ustep: 0.2912804 
iter: 55  value: -664.3209 mgc: 8004.029 ustep: 0.09241264 
iter: 56  value: -664.9376 mgc: 9389.099 ustep: 0.3040641 
iter: 57  value: -665.2676 mgc: 6656.214 ustep: 0.04885466 
iter: 58  value: -665.5494 mgc: 4405.462 ustep: 0.2211088 
iter: 59  value: -665.5655 mgc: 3238.364 ustep: 0.07632819 
iter: 60  value: -665.9301 mgc: 5387.879 ustep: 0.2763479 
iter: 61  value: -666.0362 mgc: 3370.232 ustep: 0.04553466 
iter: 62  value: -666.2355 mgc: 2982.135 ustep: 0.2134672 
iter: 63  value: -666.2782 mgc: 2156.612 ustep: 0.07455437 
iter: 64  value: -666.5234 mgc: 3574.827 ustep: 0.2731192 
iter: 65  value: -666.5915 mgc: 2326.095 ustep: 0.04514864 
iter: 66  value: -666.741 mgc: 2143.385 ustep: 0.2125609 
iter: 67  value: -666.7585 mgc: 1599.042 ustep: 0.1431738 
iter: 68  value: -667.057 mgc: 4195.059 ustep: 0.3784453 
iter: 69  value: -667.1074 mgc: 2367.717 ustep: 0.05792034 
iter: 70  value: -667.246 mgc: 2660.198 ustep: 0.2407424 
iter: 71  value: -667.2711 mgc: 1656.189 ustep: 0.08085667 
iter: 72  value: -667.422 mgc: 2764.066 ustep: 0.2844246 
iter: 73  value: -667.4392 mgc: 1586.864 ustep: 0.09084797 
iter: 74  value: -667.5862 mgc: 2861.097 ustep: 0.3014798 
iter: 75  value: -667.6031 mgc: 1537.013 ustep: 0.09474144 
iter: 76  value: -667.7324 mgc: 2652.068 ustep: 0.3078702 
iter: 77  value: -667.753 mgc: 1418.56 ustep: 0.09620175 
iter: 78  value: -667.8596 mgc: 2224.15 ustep: 0.3102331 
iter: 79  value: -667.8821 mgc: 1232.947 ustep: 0.09674204 
iter: 80  value: -667.9685 mgc: 1756.659 ustep: 0.3111027 
iter: 81  value: -667.9811 mgc: 1020.748 ustep: 0.1845018 
iter: 82  value: -668.105 mgc: 2495.278 ustep: 0.4295938 
iter: 83  value: -668.1236 mgc: 1177.703 ustep: 0.1246655 
iter: 84  value: -668.1933 mgc: 1638.721 ustep: 0.3531447 
iter: 85  value: -668.2005 mgc: 929.6371 ustep: 0.3630181 
iter: 86  value: -668.3489 mgc: 3006.501 ustep: 0.6025496 
iter: 87  value: -668.3583 mgc: 1257.011 ustep: 0.3121744 
iter: 88  value: -668.4409 mgc: 2344.1 ustep: 0.5587698 
iter: 89  value: -668.4779 mgc: 1356.946 ustep: 0.7475343 
iter: 90  value: -668.5931 mgc: 3206.158 ustep: 0.8646142 
iter: 91  value: -668.6398 mgc: 2024.919 ustep: 0.9298534 
iter: 92  value: -668.6516 mgc: 2292.608 ustep: 0.9642926 
iter: 93  value: -668.6794 mgc: 2010.117 ustep: 0.9819858 
iter: 94  value: -668.6891 mgc: 1397.694 ustep: 0.9909529 
iter: 95  value: -668.6925 mgc: 763.2029 ustep: 0.9954666 
iter: 96  value: -668.6945 mgc: 543.4526 ustep: 0.997731 
iter: 97  value: -668.6948 mgc: 197.4195 ustep: 0.9988649 
iter: 98  value: -668.695 mgc: 136.1655 ustep: 0.9994324 
iter: 99  value: -668.695 mgc: 33.26257 ustep: 0.9997162 
iter: 100  value: -668.695 mgc: 19.77562 ustep: 0.9998581 
iter: 101  value: -668.695 mgc: 1.477952 ustep: 0.999929 
iter: 102  value: -668.695 mgc: 0.1755953 ustep: 0.9999645 
iter: 103  value: -668.695 mgc: 0.0001573363 ustep: 0.9999823 
iter: 104  value: -668.695 mgc: 3.649594e-07 ustep: 0.9999911 
mgc: 3.752283e-07 
outer mgc:  0.1981541 
iter: 1  value: 14443938324 mgc: 1616539071 ustep: 3.420548e-09 
iter: 2  value: 345860.4 mgc: 795550017 ustep: 6.186147e-07 
iter: 3  value: 24175.1 mgc: 4591653 ustep: 0.000886442 
iter: 4  value: 19202.01 mgc: 25566.22 ustep: 0.01504682 
iter: 5  value: 16138.33 mgc: 187727.3 ustep: 0.008164776 
iter: 6  value: 15132.1 mgc: 59149.68 ustep: 0.01177717 
iter: 7  value: 10355.64 mgc: 257110.7 ustep: 0.1086118 
iter: 8  value: 611.3314 mgc: 884613.4 ustep: 0.3296301 
iter: 9  value: -62.00022 mgc: 109213.8 ustep: 0.5741768 
iter: 10  value: -65.91582 mgc: 96859.88 ustep: 0.1623596 
iter: 11  value: -123.8194 mgc: 173103.5 ustep: 0.4029984 
iter: 12  value: -332.8105 mgc: 125807.8 ustep: 0.3956907 
iter: 13  value: -506.4013 mgc: 88832.7 ustep: 0.2195462 
iter: 14  value: -530.5537 mgc: 50514.33 ustep: 0.2710083 
iter: 15  value: -588.522 mgc: 93428.29 ustep: 0.1678808 
iter: 16  value: -601.4448 mgc: 35237.49 ustep: 0.01633393 
iter: 17  value: -607.6798 mgc: 25625.18 ustep: 0.1278915 
iter: 18  value: -608.4682 mgc: 16175.79 ustep: 0.02727655 
iter: 19  value: -611.4656 mgc: 22494.87 ustep: 0.1652396 
iter: 20  value: -614.776 mgc: 22231.78 ustep: 0.06312501 
iter: 21  value: -620.1667 mgc: 25294.05 ustep: 0.1347246 
iter: 22  value: -621.8665 mgc: 14592.92 ustep: 0.3671118 
iter: 23  value: -631.1985 mgc: 36493.11 ustep: 0.10985 
iter: 24  value: -637.4393 mgc: 13855.11 ustep: 0.3315031 
iter: 25  value: -638.2083 mgc: 8581.852 ustep: 0.1016169 
iter: 26  value: -643.4658 mgc: 13361.96 ustep: 0.3188423 
iter: 27  value: -644.0489 mgc: 1913.997 ustep: 0.05063329 
iter: 28  value: -646.2955 mgc: 5185.371 ustep: 0.2250959 
iter: 29  value: -646.9195 mgc: 2710.858 ustep: 0.1485484 
iter: 30  value: -650.7891 mgc: 11034.97 ustep: 0.3854812 
iter: 31  value: -651.1018 mgc: 3505.139 ustep: 0.05879694 
iter: 32  value: -652.877 mgc: 7488.428 ustep: 0.2425566 
iter: 33  value: -652.9762 mgc: 2896.618 ustep: 0.08127342 
iter: 34  value: -655.0118 mgc: 9424.113 ustep: 0.2851564 
iter: 35  value: -655.2759 mgc: 2569.216 ustep: 0.04658828 
iter: 36  value: -656.3784 mgc: 5120.536 ustep: 0.2159216 
iter: 37  value: -656.5824 mgc: 1818.561 ustep: 0.07512491 
iter: 38  value: -657.9027 mgc: 6590.645 ustep: 0.2741618 
iter: 39  value: -658.116 mgc: 1879.917 ustep: 0.04527329 
iter: 40  value: -658.9277 mgc: 4216.512 ustep: 0.2128539 
iter: 41  value: -658.9473 mgc: 1720.164 ustep: 0.1433001 
iter: 42  value: -660.614 mgc: 9534.254 ustep: 0.3786121 
iter: 43  value: -660.6863 mgc: 2306.316 ustep: 0.05794107 
iter: 44  value: -661.3974 mgc: 6484.083 ustep: 0.2407855 
iter: 45  value: -661.4705 mgc: 4666.409 ustep: 0.08086657 
iter: 46  value: -661.8203 mgc: 7657.298 ustep: 0.154078 
iter: 47  value: -662.2397 mgc: 7923.828 ustep: 0.06039758 
iter: 48  value: -662.4428 mgc: 5724.778 ustep: 0.1315599 
iter: 49  value: -662.4946 mgc: 6916.304 ustep: 0.1065222 
iter: 50  value: -663.0132 mgc: 9291.698 ustep: 0.1792779 
iter: 51  value: -663.3522 mgc: 7642.031 ustep: 0.06650394 
iter: 52  value: -663.4245 mgc: 6238.108 ustep: 0.2579578 
iter: 53  value: -663.898 mgc: 9267.795 ustep: 0.08480298 
iter: 54  value: -664.2138 mgc: 7602.145 ustep: 0.2912804 
iter: 55  value: -664.3457 mgc: 8001.041 ustep: 0.09241264 
iter: 56  value: -664.9623 mgc: 9389.308 ustep: 0.3040641 
iter: 57  value: -665.2923 mgc: 6656.325 ustep: 0.04885466 
iter: 58  value: -665.574 mgc: 4404.59 ustep: 0.2211088 
iter: 59  value: -665.5901 mgc: 3238.482 ustep: 0.07632819 
iter: 60  value: -665.9545 mgc: 5386.65 ustep: 0.2763479 
iter: 61  value: -666.0606 mgc: 3370.325 ustep: 0.04553466 
iter: 62  value: -666.2597 mgc: 2981.678 ustep: 0.2134672 
iter: 63  value: -666.3025 mgc: 2156.624 ustep: 0.07455437 
iter: 64  value: -666.5475 mgc: 3574.254 ustep: 0.2731192 
iter: 65  value: -666.6156 mgc: 2326.205 ustep: 0.04514864 
iter: 66  value: -666.7649 mgc: 2143.188 ustep: 0.2125609 
iter: 67  value: -666.7824 mgc: 1599.135 ustep: 0.1431738 
iter: 68  value: -667.0806 mgc: 4194.585 ustep: 0.3784453 
iter: 69  value: -667.1309 mgc: 2368.074 ustep: 0.05792034 
iter: 70  value: -667.2694 mgc: 2660.23 ustep: 0.2407424 
iter: 71  value: -667.2945 mgc: 1656.405 ustep: 0.08085667 
iter: 72  value: -667.4452 mgc: 2764.262 ustep: 0.2844246 
iter: 73  value: -667.4623 mgc: 1587.154 ustep: 0.09084797 
iter: 74  value: -667.6091 mgc: 2861.45 ustep: 0.3014798 
iter: 75  value: -667.626 mgc: 1537.381 ustep: 0.09474144 
iter: 76  value: -667.7551 mgc: 2652.502 ustep: 0.3078702 
iter: 77  value: -667.7757 mgc: 1418.963 ustep: 0.09620175 
iter: 78  value: -667.882 mgc: 2224.593 ustep: 0.3102331 
iter: 79  value: -667.9045 mgc: 1233.335 ustep: 0.09674204 
iter: 80  value: -667.9907 mgc: 1757.077 ustep: 0.3111027 
iter: 81  value: -668.0032 mgc: 1021.088 ustep: 0.1845018 
iter: 82  value: -668.1268 mgc: 2496.024 ustep: 0.4295938 
iter: 83  value: -668.1453 mgc: 1178.224 ustep: 0.1246655 
iter: 84  value: -668.2148 mgc: 1639.169 ustep: 0.3531447 
iter: 85  value: -668.2217 mgc: 930.0269 ustep: 0.3630181 
iter: 86  value: -668.3696 mgc: 3007.465 ustep: 0.6025496 
iter: 87  value: -668.3789 mgc: 1257.709 ustep: 0.3121744 
iter: 88  value: -668.4611 mgc: 2344.736 ustep: 0.5587698 
iter: 89  value: -668.4975 mgc: 1357.565 ustep: 0.7475343 
iter: 90  value: -668.6119 mgc: 3207.027 ustep: 0.8646142 
iter: 91  value: -668.6581 mgc: 2025.022 ustep: 0.9298534 
iter: 92  value: -668.6698 mgc: 2292.724 ustep: 0.9642926 
iter: 93  value: -668.6975 mgc: 2007.276 ustep: 0.9819858 
iter: 94  value: -668.7071 mgc: 1396.038 ustep: 0.9909529 
iter: 95  value: -668.7105 mgc: 761.3473 ustep: 0.9954666 
iter: 96  value: -668.7125 mgc: 542.0485 ustep: 0.997731 
iter: 97  value: -668.7129 mgc: 196.8232 ustep: 0.9988649 
iter: 98  value: -668.713 mgc: 135.7283 ustep: 0.9994324 
iter: 99  value: -668.7131 mgc: 33.11646 ustep: 0.9997162 
iter: 100  value: -668.7131 mgc: 19.67072 ustep: 0.9998581 
iter: 101  value: -668.7131 mgc: 1.464008 ustep: 0.999929 
iter: 102  value: -668.7131 mgc: 0.1726526 ustep: 0.9999645 
iter: 103  value: -668.7131 mgc: 0.0001523938 ustep: 0.9999823 
iter: 104  value: -668.7131 mgc: 4.122194e-07 ustep: 0.9999911 
mgc: 3.666321e-07 
outer mgc:  0.1985074 
iter: 1  value: 14415079186 mgc: 1613309224 ustep: 3.427395e-09 
iter: 2  value: 346845 mgc: 793960505 ustep: 6.188431e-07 
iter: 3  value: 24174.35 mgc: 4590043 ustep: 0.0008865871 
iter: 4  value: 19201.45 mgc: 25532.8 ustep: 0.01504806 
iter: 5  value: 16137.78 mgc: 187576.3 ustep: 0.008163981 
iter: 6  value: 15131.42 mgc: 58907.79 ustep: 0.01177658 
iter: 7  value: 10257.23 mgc: 257404 ustep: 0.1086091 
iter: 8  value: 609.1729 mgc: 875153.5 ustep: 0.329626 
iter: 9  value: -63.22526 mgc: 107615.5 ustep: 0.5741732 
iter: 10  value: -285.8586 mgc: 96654.26 ustep: 0.08476399 
iter: 11  value: -320.1438 mgc: 108117.1 ustep: 0.2912134 
iter: 12  value: -431.2933 mgc: 56472.08 ustep: 0.1762742 
iter: 13  value: -468.6576 mgc: 67844.19 ustep: 0.2383386 
iter: 14  value: -479.2797 mgc: 53733.66 ustep: 0.4882505 
iter: 15  value: -546.8298 mgc: 58897.24 ustep: 0.2591092 
iter: 16  value: -585.8697 mgc: 65607.83 ustep: 0.02197634 
iter: 17  value: -603.8595 mgc: 51407.98 ustep: 0.1483294 
iter: 18  value: -608.5547 mgc: 21272.14 ustep: 0.01507885 
iter: 19  value: -612.0194 mgc: 13937.24 ustep: 0.1228837 
iter: 20  value: -613.5233 mgc: 13367.45 ustep: 0.02661102 
iter: 21  value: -614.9918 mgc: 15002.08 ustep: 0.1632125 
iter: 22  value: -616.243 mgc: 20915.1 ustep: 0.1213541 
iter: 23  value: -617.1201 mgc: 31597.6 ustep: 0.1927783 
iter: 24  value: -631.4084 mgc: 30852.36 ustep: 0.4391214 
iter: 25  value: -633.8922 mgc: 26972.61 ustep: 0.1269812 
iter: 26  value: -642.7436 mgc: 22573.25 ustep: 0.3564085 
iter: 27  value: -643.6387 mgc: 5895.665 ustep: 0.05519993 
iter: 28  value: -646.0933 mgc: 5896.042 ustep: 0.2350231 
iter: 29  value: -646.2352 mgc: 1822.208 ustep: 0.1527703 
iter: 30  value: -650.7798 mgc: 13699.45 ustep: 0.3909193 
iter: 31  value: -650.9958 mgc: 2253.371 ustep: 0.0594774 
iter: 32  value: -652.8287 mgc: 7673.093 ustep: 0.2439555 
iter: 33  value: -652.8758 mgc: 2927.978 ustep: 0.08159461 
iter: 34  value: -654.947 mgc: 9483.305 ustep: 0.2857191 
iter: 35  value: -655.222 mgc: 3011.843 ustep: 0.04665562 
iter: 36  value: -656.3094 mgc: 4922.652 ustep: 0.2160775 
iter: 37  value: -656.5195 mgc: 2124.697 ustep: 0.07516113 
iter: 38  value: -657.8209 mgc: 6362.668 ustep: 0.2742279 
iter: 39  value: -658.0346 mgc: 2049.844 ustep: 0.04528119 
iter: 40  value: -658.8381 mgc: 4074.634 ustep: 0.2128725 
iter: 41  value: -658.8397 mgc: 1579.954 ustep: 0.1433081 
iter: 42  value: -660.5219 mgc: 9525.719 ustep: 0.3786226 
iter: 43  value: -660.5634 mgc: 1998.895 ustep: 0.05794239 
iter: 44  value: -661.3762 mgc: 6495.281 ustep: 0.2407882 
iter: 45  value: -661.5172 mgc: 1548.643 ustep: 0.04128173 
iter: 46  value: -661.9625 mgc: 3343.46 ustep: 0.2032587 
iter: 47  value: -662.1037 mgc: 3475.845 ustep: 0.1391489 
iter: 48  value: -662.3327 mgc: 6736.029 ustep: 0.3730894 
iter: 49  value: -662.6329 mgc: 10592.75 ustep: 0.1112441 
iter: 50  value: -662.9904 mgc: 11273.38 ustep: 0.183648 
iter: 51  value: -663.6 mgc: 10842.98 ustep: 0.06754572 
iter: 52  value: -664.005 mgc: 7608.49 ustep: 0.1397358 
iter: 53  value: -664.1803 mgc: 5307.545 ustep: 0.05682823 
iter: 54  value: -664.3329 mgc: 4930.781 ustep: 0.2384629 
iter: 55  value: -664.5734 mgc: 6767.582 ustep: 0.08033269 
iter: 56  value: -664.8384 mgc: 6325.853 ustep: 0.2835019 
iter: 57  value: -664.8939 mgc: 6587.76 ustep: 0.09063738 
iter: 58  value: -665.3873 mgc: 8280.687 ustep: 0.3011303 
iter: 59  value: -665.6372 mgc: 5806.108 ustep: 0.04850243 
iter: 60  value: -665.8672 mgc: 3994.958 ustep: 0.2203107 
iter: 61  value: -665.8831 mgc: 2893.895 ustep: 0.07614325 
iter: 62  value: -666.1786 mgc: 4829.112 ustep: 0.2760131 
iter: 63  value: -666.2654 mgc: 2989.501 ustep: 0.04549462 
iter: 64  value: -666.4271 mgc: 2652.103 ustep: 0.2133734 
iter: 65  value: -666.4676 mgc: 1912.311 ustep: 0.07453254 
iter: 66  value: -666.6631 mgc: 3082.329 ustep: 0.2730792 
iter: 67  value: -666.6748 mgc: 2034.915 ustep: 0.08825839 
iter: 68  value: -666.8937 mgc: 3851.893 ustep: 0.2971534 
iter: 69  value: -666.9473 mgc: 2155.526 ustep: 0.04802533 
iter: 70  value: -667.058 mgc: 1922.08 ustep: 0.2192249 
iter: 71  value: -667.0723 mgc: 1344.727 ustep: 0.1460376 
iter: 72  value: -667.287 mgc: 3492.186 ustep: 0.3822105 
iter: 73  value: -667.326 mgc: 1857.913 ustep: 0.05838893 
iter: 74  value: -667.4181 mgc: 1891.659 ustep: 0.2417138 
iter: 75  value: -667.4232 mgc: 1237.297 ustep: 0.1556007 
iter: 76  value: -667.5938 mgc: 3218.349 ustep: 0.3945231 
iter: 77  value: -667.5984 mgc: 1581.803 ustep: 0.1162793 
iter: 78  value: -667.7212 mgc: 2925.692 ustep: 0.3410634 
iter: 79  value: -667.7414 mgc: 1500.77 ustep: 0.1038169 
iter: 80  value: -667.8247 mgc: 2017.565 ustep: 0.3222741 
iter: 81  value: -667.8304 mgc: 1155.124 ustep: 0.1891156 
iter: 82  value: -667.9455 mgc: 2623.521 ustep: 0.4349308 
iter: 83  value: -667.9649 mgc: 1259.608 ustep: 0.1259605 
iter: 84  value: -668.0247 mgc: 1509.644 ustep: 0.3549736 
iter: 85  value: -668.0332 mgc: 893.5521 ustep: 0.595837 
iter: 86  value: -668.2468 mgc: 3950.266 ustep: 0.7719276 
iter: 87  value: -668.2486 mgc: 1425.275 ustep: 0.4096361 
iter: 88  value: -668.3094 mgc: 2528.493 ustep: 0.6400642 
iter: 89  value: -668.3456 mgc: 1776.747 ustep: 0.8000601 
iter: 90  value: -668.396 mgc: 2580.753 ustep: 0.8944713 
iter: 91  value: -668.4314 mgc: 2052.503 ustep: 0.9457704 
iter: 92  value: -668.4431 mgc: 1764.16 ustep: 0.97251 
iter: 93  value: -668.4534 mgc: 1268.416 ustep: 0.9861606 
iter: 94  value: -668.4583 mgc: 900.2245 ustep: 0.9930569 
iter: 95  value: -668.4594 mgc: 401.727 ustep: 0.9965227 
iter: 96  value: -668.46 mgc: 282.5923 ustep: 0.99826 
iter: 97  value: -668.4601 mgc: 89.06547 ustep: 0.9991297 
iter: 98  value: -668.4601 mgc: 59.69376 ustep: 0.9995648 
iter: 99  value: -668.4601 mgc: 9.705402 ustep: 0.9997824 
iter: 100  value: -668.4601 mgc: 3.868979 ustep: 0.9998912 
iter: 101  value: -668.4601 mgc: 0.06698772 ustep: 0.9999456 
iter: 102  value: -668.4601 mgc: 0.0005390262 ustep: 0.9999728 
iter: 103  value: -668.4601 mgc: 3.493451e-07 ustep: 0.9999864 
mgc: 3.276527e-07 
outer mgc:  6.961536e-07 
iter: 1  value: 14472855422 mgc: 1619775385 ustep: 3.413713e-09 
iter: 2  value: 344879.5 mgc: 797142715 ustep: 6.183865e-07 
iter: 3  value: 24175.8 mgc: 4593262 ustep: 0.0008862969 
iter: 4  value: 19202.53 mgc: 25599.66 ustep: 0.01504558 
iter: 5  value: 16138.85 mgc: 187878 ustep: 0.008165569 
iter: 6  value: 15132.75 mgc: 59392.58 ustep: 0.01177777 
iter: 7  value: 10455.8 mgc: 256815.4 ustep: 0.1086146 
iter: 8  value: 613.5257 mgc: 894161.7 ustep: 0.3296343 
iter: 9  value: -60.77529 mgc: 110821.2 ustep: 0.5741805 
iter: 10  value: -69.18234 mgc: 97073.83 ustep: 0.1623606 
iter: 11  value: -123.1956 mgc: 172586 ustep: 0.4029997 
iter: 12  value: -136.592 mgc: 126766.9 ustep: 0.6348591 
iter: 13  value: -289.0399 mgc: 115422.5 ustep: 0.3285275 
iter: 14  value: -615.3022 mgc: 142361.9 ustep: 0.5732159 
iter: 15  value: -622.2526 mgc: 13340.6 ustep: 0.08461504 
iter: 16  value: -625.5702 mgc: 22528.41 ustep: 0.01068198 
iter: 17  value: -627.5479 mgc: 20978.82 ustep: 0.1034433 
iter: 18  value: -629.7001 mgc: 20244.06 ustep: 0.0120504 
iter: 19  value: -631.6216 mgc: 19433.27 ustep: 0.1098633 
iter: 20  value: -634.2905 mgc: 17708.51 ustep: 0.01250071 
iter: 21  value: -635.1298 mgc: 12636.11 ustep: 0.1118954 
iter: 22  value: -636.3622 mgc: 15249.46 ustep: 0.02512627 
iter: 23  value: -639.1604 mgc: 17273.75 ustep: 0.08271141 
iter: 24  value: -639.8124 mgc: 7486.904 ustep: 0.02096883 
iter: 25  value: -641.1222 mgc: 7909.51 ustep: 0.07527181 
iter: 26  value: -641.6133 mgc: 5296.605 ustep: 0.03929418 
iter: 27  value: -642.759 mgc: 8107.936 ustep: 0.1046169 
iter: 28  value: -643.5555 mgc: 8330.901 ustep: 0.1774939 
iter: 29  value: -644.9602 mgc: 16846.49 ustep: 0.1278009 
iter: 30  value: -649.3859 mgc: 13974.79 ustep: 0.3575567 
iter: 31  value: -650.5215 mgc: 10219.1 ustep: 0.0553408 
iter: 32  value: -652.3044 mgc: 5181.405 ustep: 0.2353227 
iter: 33  value: -652.6947 mgc: 1875.682 ustep: 0.07961018 
iter: 34  value: -654.5624 mgc: 6077.063 ustep: 0.2822245 
iter: 35  value: -654.7184 mgc: 2957 ustep: 0.09034587 
iter: 36  value: -656.6332 mgc: 8509.133 ustep: 0.3006458 
iter: 37  value: -656.9121 mgc: 3365.225 ustep: 0.04844429 
iter: 38  value: -657.9191 mgc: 4596.97 ustep: 0.2201786 
iter: 39  value: -658.1248 mgc: 2250.576 ustep: 0.07611265 
iter: 40  value: -659.3128 mgc: 5916.478 ustep: 0.2759576 
iter: 41  value: -659.5117 mgc: 2076.327 ustep: 0.04548799 
iter: 42  value: -660.2416 mgc: 3735.744 ustep: 0.2133578 
iter: 43  value: -660.2926 mgc: 1520.098 ustep: 0.1435171 
iter: 44  value: -661.7784 mgc: 8624.052 ustep: 0.3788986 
iter: 45  value: -661.8327 mgc: 1932.468 ustep: 0.0579767 
iter: 46  value: -662.5515 mgc: 5928.794 ustep: 0.2408594 
iter: 47  value: -662.6822 mgc: 1559.698 ustep: 0.04129027 
iter: 48  value: -663.0663 mgc: 3065.998 ustep: 0.2032797 
iter: 49  value: -663.1639 mgc: 3752.104 ustep: 0.2589751 
iter: 50  value: -663.4256 mgc: 9060.984 ustep: 0.5089451 
iter: 51  value: -664.3173 mgc: 12755.42 ustep: 0.0751047 
iter: 52  value: -664.6478 mgc: 9211.472 ustep: 0.1480022 
iter: 53  value: -664.9864 mgc: 8108.179 ustep: 0.05889515 
iter: 54  value: -665.2758 mgc: 6205.66 ustep: 0.129791 
iter: 55  value: -665.3959 mgc: 4388.26 ustep: 0.05430228 
iter: 56  value: -665.5205 mgc: 4487.201 ustep: 0.2331052 
iter: 57  value: -665.7028 mgc: 6080.431 ustep: 0.07909945 
iter: 58  value: -665.9076 mgc: 5936.021 ustep: 0.2813181 
iter: 59  value: -665.9384 mgc: 6236.125 ustep: 0.09013901 
iter: 60  value: -666.3632 mgc: 7969.464 ustep: 0.3003016 
iter: 61  value: -666.5859 mgc: 5554.224 ustep: 0.04840297 
iter: 62  value: -666.7803 mgc: 3853.672 ustep: 0.2200848 
iter: 63  value: -666.7895 mgc: 2757.264 ustep: 0.0760909 
iter: 64  value: -667.0407 mgc: 4624.514 ustep: 0.2759182 
iter: 65  value: -667.1169 mgc: 2826.326 ustep: 0.04548328 
iter: 66  value: -667.2515 mgc: 2499.697 ustep: 0.2133468 
iter: 67  value: -667.2868 mgc: 1792.956 ustep: 0.07452636 
iter: 68  value: -667.4482 mgc: 2851.503 ustep: 0.2730679 
iter: 69  value: -667.4613 mgc: 1885.882 ustep: 0.0882558 
iter: 70  value: -667.6405 mgc: 3490.312 ustep: 0.2971491 
iter: 71  value: -667.6864 mgc: 1964.432 ustep: 0.04802481 
iter: 72  value: -667.7777 mgc: 1726.542 ustep: 0.2192237 
iter: 73  value: -667.7975 mgc: 1220.236 ustep: 0.1460371 
iter: 74  value: -667.9679 mgc: 2987.801 ustep: 0.3822098 
iter: 75  value: -668.0012 mgc: 1643.986 ustep: 0.05838884 
iter: 76  value: -668.0765 mgc: 1637.689 ustep: 0.2417137 
iter: 77  value: -668.0905 mgc: 1085.134 ustep: 0.1556006 
iter: 78  value: -668.2233 mgc: 2644.424 ustep: 0.394523 
iter: 79  value: -668.2322 mgc: 1343.242 ustep: 0.1162793 
iter: 80  value: -668.3295 mgc: 2457.064 ustep: 0.3410634 
iter: 81  value: -668.3471 mgc: 1246.158 ustep: 0.1038169 
iter: 82  value: -668.4147 mgc: 1705.71 ustep: 0.3222741 
iter: 83  value: -668.4253 mgc: 962.6749 ustep: 0.1891156 
iter: 84  value: -668.5162 mgc: 2152.558 ustep: 0.4349308 
iter: 85  value: -668.5221 mgc: 1021.016 ustep: 0.2360769 
iter: 86  value: -668.6116 mgc: 2312.771 ustep: 0.4859289 
iter: 87  value: -668.6132 mgc: 1090.719 ustep: 0.4496063 
iter: 88  value: -668.7342 mgc: 2991.807 ustep: 0.6705598 
iter: 89  value: -668.7724 mgc: 1460.487 ustep: 0.8188953 
iter: 90  value: -668.8631 mgc: 3331.284 ustep: 0.9049378 
iter: 91  value: -668.9071 mgc: 2319.832 ustep: 0.9512871 
iter: 92  value: -668.9137 mgc: 2127.474 ustep: 0.9753419 
iter: 93  value: -668.9358 mgc: 1847.816 ustep: 0.9875953 
iter: 94  value: -668.9444 mgc: 1251.976 ustep: 0.9937789 
iter: 95  value: -668.9465 mgc: 593.5765 ustep: 0.9968849 
iter: 96  value: -668.9478 mgc: 427.2705 ustep: 0.9984414 
iter: 97  value: -668.948 mgc: 144.9681 ustep: 0.9992205 
iter: 98  value: -668.9481 mgc: 99.00165 ustep: 0.9996102 
iter: 99  value: -668.9481 mgc: 21.03318 ustep: 0.9998051 
iter: 100  value: -668.9481 mgc: 11.14916 ustep: 0.9999026 
iter: 101  value: -668.9481 mgc: 0.5170207 ustep: 0.9999513 
iter: 102  value: -668.9481 mgc: 0.02576288 ustep: 0.9999756 
iter: 103  value: -668.9481 mgc: 3.576745e-06 ustep: 0.9999878 
mgc: 3.629145e-07 
outer mgc:  8.620733e-07 
iter: 1  value: 14443938323 mgc: 1616539071 ustep: 3.420548e-09 
iter: 2  value: 345858.6 mgc: 795550017 ustep: 6.186147e-07 
iter: 3  value: 24173.26 mgc: 4591653 ustep: 0.000886442 
iter: 4  value: 19200.7 mgc: 25566.42 ustep: 0.01504682 
iter: 5  value: 16138.43 mgc: 187727.2 ustep: 0.008159406 
iter: 6  value: 15131.67 mgc: 59137.74 ustep: 0.01177314 
iter: 7  value: 10349.88 mgc: 257057.6 ustep: 0.1085932 
iter: 8  value: 612.1013 mgc: 884055 ustep: 0.3296019 
iter: 9  value: -61.39682 mgc: 109161.5 ustep: 0.5741523 
iter: 10  value: -63.96993 mgc: 96863.95 ustep: 0.1623526 
iter: 11  value: -123.4387 mgc: 173202.8 ustep: 0.4029897 
iter: 12  value: -330.2701 mgc: 125829.5 ustep: 0.395685 
iter: 13  value: -508.0195 mgc: 89768.42 ustep: 0.2195438 
iter: 14  value: -515.3497 mgc: 50248.49 ustep: 0.1461743 
iter: 15  value: -572.2553 mgc: 105810.5 ustep: 0.2140964 
iter: 16  value: -582.7265 mgc: 47809.58 ustep: 0.03807141 
iter: 17  value: -598.4364 mgc: 57676.71 ustep: 0.1951995 
iter: 18  value: -604.7045 mgc: 34599.18 ustep: 0.07027968 
iter: 19  value: -615.3824 mgc: 37823.62 ustep: 0.1427673 
iter: 20  value: -618.5151 mgc: 16678.82 ustep: 0.1118732 
iter: 21  value: -618.9019 mgc: 19614.86 ustep: 0.1842249 
iter: 22  value: -630.5021 mgc: 25160.41 ustep: 0.4292714 
iter: 23  value: -633.632 mgc: 23742.22 ustep: 0.1245874 
iter: 24  value: -642.013 mgc: 19961.13 ustep: 0.3530341 
iter: 25  value: -642.6475 mgc: 2307.688 ustep: 0.0547864 
iter: 26  value: -645.2078 mgc: 5629.849 ustep: 0.2341415 
iter: 27  value: -645.6112 mgc: 1886.398 ustep: 0.1523964 
iter: 28  value: -650.1389 mgc: 12771.39 ustep: 0.3904408 
iter: 29  value: -650.396 mgc: 2381.82 ustep: 0.05941743 
iter: 30  value: -652.2903 mgc: 7581.729 ustep: 0.2438325 
iter: 31  value: -652.3972 mgc: 2897.171 ustep: 0.08156638 
iter: 32  value: -654.5161 mgc: 9312.051 ustep: 0.2856697 
iter: 33  value: -654.8024 mgc: 2881.005 ustep: 0.04664971 
iter: 34  value: -655.9376 mgc: 4918.738 ustep: 0.2160638 
iter: 35  value: -656.1744 mgc: 2031.312 ustep: 0.07515795 
iter: 36  value: -657.5207 mgc: 6274.378 ustep: 0.2742221 
iter: 37  value: -657.7459 mgc: 2008.641 ustep: 0.0452805 
iter: 38  value: -658.5807 mgc: 4036.177 ustep: 0.2128709 
iter: 39  value: -658.6691 mgc: 1605.99 ustep: 0.1433074 
iter: 40  value: -660.3362 mgc: 9034.528 ustep: 0.3786217 
iter: 41  value: -660.4118 mgc: 2220.672 ustep: 0.05794227 
iter: 42  value: -661.1921 mgc: 6357.891 ustep: 0.2407879 
iter: 43  value: -661.2138 mgc: 3418.187 ustep: 0.08086714 
iter: 44  value: -661.6455 mgc: 7525.92 ustep: 0.284443 
iter: 45  value: -661.9633 mgc: 9231.068 ustep: 0.09085217 
iter: 46  value: -662.2511 mgc: 9526.065 ustep: 0.1642126 
iter: 47  value: -662.8412 mgc: 9967.465 ustep: 0.06287567 
iter: 48  value: -663.183 mgc: 6577.677 ustep: 0.1344377 
iter: 49  value: -663.4092 mgc: 5500.187 ustep: 0.05548824 
iter: 50  value: -663.5665 mgc: 4647.142 ustep: 0.2356359 
iter: 51  value: -663.9115 mgc: 7333.735 ustep: 0.07968227 
iter: 52  value: -664.1813 mgc: 6102.328 ustep: 0.2823522 
iter: 53  value: -664.3009 mgc: 7158.204 ustep: 0.09037502 
iter: 54  value: -664.8554 mgc: 8573.226 ustep: 0.3006943 
iter: 55  value: -665.1473 mgc: 6294.013 ustep: 0.0484501 
iter: 56  value: -665.4354 mgc: 4468.145 ustep: 0.2201918 
iter: 57  value: -665.4407 mgc: 3208.212 ustep: 0.07611572 
iter: 58  value: -665.8195 mgc: 5568.233 ustep: 0.2759632 
iter: 59  value: -665.9244 mgc: 3392.57 ustep: 0.04548866 
iter: 60  value: -666.129 mgc: 3100.938 ustep: 0.2133594 
iter: 61  value: -666.1674 mgc: 2204.676 ustep: 0.07452929 
iter: 62  value: -666.4215 mgc: 3755.637 ustep: 0.2730732 
iter: 63  value: -666.4909 mgc: 2391.862 ustep: 0.04514315 
iter: 64  value: -666.6439 mgc: 2242.611 ustep: 0.2125479 
iter: 65  value: -666.6496 mgc: 1647.528 ustep: 0.1431682 
iter: 66  value: -666.9641 mgc: 4480.305 ustep: 0.3784379 
iter: 67  value: -667.0152 mgc: 2454.861 ustep: 0.05791942 
iter: 68  value: -667.1578 mgc: 2769.906 ustep: 0.2407405 
iter: 69  value: -667.1818 mgc: 1723.654 ustep: 0.08085624 
iter: 70  value: -667.337 mgc: 2876.702 ustep: 0.2844239 
iter: 71  value: -667.3528 mgc: 1650.405 ustep: 0.0908478 
iter: 72  value: -667.5042 mgc: 2970.957 ustep: 0.3014795 
iter: 73  value: -667.5203 mgc: 1596.397 ustep: 0.09474138 
iter: 74  value: -667.6531 mgc: 2742.909 ustep: 0.3078701 
iter: 75  value: -667.6735 mgc: 1469.803 ustep: 0.09620173 
iter: 76  value: -667.7826 mgc: 2295.447 ustep: 0.310233 
iter: 77  value: -667.8051 mgc: 1273.609 ustep: 0.09674203 
iter: 78  value: -667.8934 mgc: 1813.532 ustep: 0.3111027 
iter: 79  value: -667.9042 mgc: 1051.572 ustep: 0.1845018 
iter: 80  value: -668.0316 mgc: 2587.649 ustep: 0.4295938 
iter: 81  value: -668.0504 mgc: 1218.445 ustep: 0.1246655 
iter: 82  value: -668.1214 mgc: 1686.177 ustep: 0.3531447 
iter: 83  value: -668.1259 mgc: 959.4853 ustep: 0.3630181 
iter: 84  value: -668.2782 mgc: 3102.434 ustep: 0.6025496 
iter: 85  value: -668.2873 mgc: 1306.288 ustep: 0.3121744 
iter: 86  value: -668.3711 mgc: 2400.605 ustep: 0.5587698 
iter: 87  value: -668.4064 mgc: 1404.17 ustep: 0.7475343 
iter: 88  value: -668.5232 mgc: 3286.808 ustep: 0.8646142 
iter: 89  value: -668.5706 mgc: 2088.4 ustep: 0.9298534 
iter: 90  value: -668.5829 mgc: 2354.132 ustep: 0.9642926 
iter: 91  value: -668.6116 mgc: 2047.703 ustep: 0.9819858 
iter: 92  value: -668.6217 mgc: 1429.432 ustep: 0.9909529 
iter: 93  value: -668.6252 mgc: 774.4076 ustep: 0.9954666 
iter: 94  value: -668.6272 mgc: 552.3647 ustep: 0.997731 
iter: 95  value: -668.6276 mgc: 200.9097 ustep: 0.9988649 
iter: 96  value: -668.6278 mgc: 138.3408 ustep: 0.9994324 
iter: 97  value: -668.6278 mgc: 34.06732 ustep: 0.9997162 
iter: 98  value: -668.6278 mgc: 20.29534 ustep: 0.9998581 
iter: 99  value: -668.6278 mgc: 1.552836 ustep: 0.999929 
iter: 100  value: -668.6278 mgc: 0.1910486 ustep: 0.9999645 
iter: 101  value: -668.6278 mgc: 0.0001861675 ustep: 0.9999823 
iter: 102  value: -668.6278 mgc: 3.486998e-07 ustep: 0.9999911 
mgc: 3.780127e-07 
outer mgc:  0.7644467 
iter: 1  value: 14443938326 mgc: 1616539071 ustep: 3.420548e-09 
iter: 2  value: 345862.3 mgc: 795550017 ustep: 6.186147e-07 
iter: 3  value: 24176.89 mgc: 4591653 ustep: 0.000886442 
iter: 4  value: 19203.27 mgc: 25566.03 ustep: 0.01504682 
iter: 5  value: 16138.18 mgc: 187727.2 ustep: 0.008170162 
iter: 6  value: 15132.49 mgc: 59161.64 ustep: 0.01178122 
iter: 7  value: 10361.39 mgc: 257163.7 ustep: 0.1086305 
iter: 8  value: 610.5481 mgc: 885172.3 ustep: 0.3296584 
iter: 9  value: -62.62781 mgc: 109258.4 ustep: 0.5742015 
iter: 10  value: -67.80225 mgc: 96866.14 ustep: 0.1623666 
iter: 11  value: -124.1129 mgc: 173018.4 ustep: 0.4030071 
iter: 12  value: -335.0664 mgc: 125813.9 ustep: 0.3956964 
iter: 13  value: -504.69 mgc: 87999.04 ustep: 0.2195485 
iter: 14  value: -549.5373 mgc: 50740.36 ustep: 0.4686132 
iter: 15  value: -601.2689 mgc: 72866.54 ustep: 0.1342694 
iter: 16  value: -607.6125 mgc: 27635.26 ustep: 0.01415642 
iter: 17  value: -613.3844 mgc: 26866.17 ustep: 0.1190689 
iter: 18  value: -616.2837 mgc: 17248.07 ustep: 0.01313474 
iter: 19  value: -618.6634 mgc: 12120.6 ustep: 0.1146954 
iter: 20  value: -620.1779 mgc: 13897.95 ustep: 0.02550804 
iter: 21  value: -623.3897 mgc: 14917.58 ustep: 0.08336545 
iter: 22  value: -623.6194 mgc: 6548.986 ustep: 0.041693 
iter: 23  value: -626.6392 mgc: 14075.65 ustep: 0.1079512 
iter: 24  value: -627.1042 mgc: 8687.56 ustep: 0.180608 
iter: 25  value: -631.6098 mgc: 23720.73 ustep: 0.1291903 
iter: 26  value: -637.6713 mgc: 13131.75 ustep: 0.3594946 
iter: 27  value: -638.7382 mgc: 12945.85 ustep: 0.1080791 
iter: 28  value: -644.3408 mgc: 14560.81 ustep: 0.3288209 
iter: 29  value: -644.8929 mgc: 1864.042 ustep: 0.05183916 
iter: 30  value: -647.1036 mgc: 5369.958 ustep: 0.2277594 
iter: 31  value: -647.5199 mgc: 2645.948 ustep: 0.1496839 
iter: 32  value: -651.4629 mgc: 11957.14 ustep: 0.3869514 
iter: 33  value: -651.7219 mgc: 3405.459 ustep: 0.05898064 
iter: 34  value: -653.4776 mgc: 7685.767 ustep: 0.242935 
iter: 35  value: -653.4994 mgc: 2975.419 ustep: 0.08136033 
iter: 36  value: -655.5436 mgc: 9726.212 ustep: 0.2853088 
iter: 37  value: -655.7911 mgc: 2654.888 ustep: 0.04660651 
iter: 38  value: -656.8668 mgc: 5156.313 ustep: 0.2159638 
iter: 39  value: -657.0318 mgc: 1853.894 ustep: 0.07513472 
iter: 40  value: -658.3407 mgc: 6788.683 ustep: 0.2741797 
iter: 41  value: -658.5371 mgc: 1843.6 ustep: 0.04527543 
iter: 42  value: -659.3348 mgc: 4314.74 ustep: 0.212859 
iter: 43  value: -659.501 mgc: 1493.861 ustep: 0.07441286 
iter: 44  value: -660.4649 mgc: 5617.155 ustep: 0.2728599 
iter: 45  value: -660.6324 mgc: 1713.495 ustep: 0.04511766 
iter: 46  value: -661.2116 mgc: 3734.91 ustep: 0.2124879 
iter: 47  value: -661.3056 mgc: 3063.92 ustep: 0.1431424 
iter: 48  value: -662.0757 mgc: 7901.414 ustep: 0.3784037 
iter: 49  value: -662.5843 mgc: 8367.64 ustep: 0.05791518 
iter: 50  value: -662.7741 mgc: 6233.593 ustep: 0.1286271 
iter: 51  value: -663.1413 mgc: 7248.939 ustep: 0.05400354 
iter: 52  value: -663.395 mgc: 4957.012 ustep: 0.1238959 
iter: 53  value: -663.592 mgc: 4733.211 ustep: 0.05278199 
iter: 54  value: -663.7447 mgc: 4113.951 ustep: 0.2298203 
iter: 55  value: -663.78 mgc: 6974.571 ustep: 0.1505611 
iter: 56  value: -664.0737 mgc: 9818.233 ustep: 0.3880833 
iter: 57  value: -664.8294 mgc: 10728.62 ustep: 0.05912221 
iter: 58  value: -665.2415 mgc: 7065.171 ustep: 0.2432263 
iter: 59  value: -665.4419 mgc: 5043.966 ustep: 0.04157381 
iter: 60  value: -665.681 mgc: 3739.235 ustep: 0.2039762 
iter: 61  value: -665.7066 mgc: 2816.608 ustep: 0.07234011 
iter: 62  value: -666.0328 mgc: 4926.79 ustep: 0.2690343 
iter: 63  value: -666.1266 mgc: 3172.254 ustep: 0.04466036 
iter: 64  value: -666.3246 mgc: 3148.636 ustep: 0.2114088 
iter: 65  value: -666.3547 mgc: 2217.56 ustep: 0.07407527 
iter: 66  value: -666.6084 mgc: 3972.906 ustep: 0.2722405 
iter: 67  value: -666.6767 mgc: 2467.707 ustep: 0.04504361 
iter: 68  value: -666.8293 mgc: 2449.673 ustep: 0.2123136 
iter: 69  value: -666.8699 mgc: 1732.189 ustep: 0.07428593 
iter: 70  value: -667.0538 mgc: 2864.078 ustep: 0.2726272 
iter: 71  value: -667.068 mgc: 1877.893 ustep: 0.08815519 
iter: 72  value: -667.2739 mgc: 3641.836 ustep: 0.2969797 
iter: 73  value: -667.3226 mgc: 2010.666 ustep: 0.0480045 
iter: 74  value: -667.429 mgc: 1874.795 ustep: 0.2191774 
iter: 75  value: -667.4442 mgc: 1287.846 ustep: 0.1460173 
iter: 76  value: -667.6495 mgc: 3382.346 ustep: 0.3821838 
iter: 77  value: -667.686 mgc: 1771.33 ustep: 0.0583856 
iter: 78  value: -667.7745 mgc: 1842.529 ustep: 0.241707 
iter: 79  value: -667.7812 mgc: 1196.366 ustep: 0.1555978 
iter: 80  value: -667.9438 mgc: 3106.82 ustep: 0.3945194 
iter: 81  value: -667.9491 mgc: 1521.555 ustep: 0.1162784 
iter: 82  value: -668.0664 mgc: 2827.871 ustep: 0.3410621 
iter: 83  value: -668.086 mgc: 1443.163 ustep: 0.1038166 
iter: 84  value: -668.1658 mgc: 1947.111 ustep: 0.3222736 
iter: 85  value: -668.1729 mgc: 1113.243 ustep: 0.1891154 
iter: 86  value: -668.2824 mgc: 2514.202 ustep: 0.4349306 
iter: 87  value: -668.2841 mgc: 1206.384 ustep: 0.2360768 
iter: 88  value: -668.3916 mgc: 2690.318 ustep: 0.4859288 
iter: 89  value: -668.4053 mgc: 1312.57 ustep: 0.2580889 
iter: 90  value: -668.4842 mgc: 2141.362 ustep: 0.5080737 
iter: 91  value: -668.5106 mgc: 1204.841 ustep: 0.7128216 
iter: 92  value: -668.6586 mgc: 3525.595 ustep: 0.8443032 
iter: 93  value: -668.7032 mgc: 1880.669 ustep: 0.9188679 
iter: 94  value: -668.7197 mgc: 2650.166 ustep: 0.9585801 
iter: 95  value: -668.7579 mgc: 2348.732 ustep: 0.9790731 
iter: 96  value: -668.7693 mgc: 1654.682 ustep: 0.9894823 
iter: 97  value: -668.7754 mgc: 1031.927 ustep: 0.9947278 
iter: 98  value: -668.7788 mgc: 725.1564 ustep: 0.9973607 
iter: 99  value: -668.7794 mgc: 279.4368 ustep: 0.9986796 
iter: 100  value: -668.7797 mgc: 194.7305 ustep: 0.9993396 
iter: 101  value: -668.7798 mgc: 53.93132 ustep: 0.9996698 
iter: 102  value: -668.7798 mgc: 34.51424 ustep: 0.9998349 
iter: 103  value: -668.7798 mgc: 3.914319 ustep: 0.9999175 
iter: 104  value: -668.7798 mgc: 0.9340538 ustep: 0.9999587 
iter: 105  value: -668.7798 mgc: 0.004081403 ustep: 0.9999794 
iter: 106  value: -668.7798 mgc: 2.196678e-06 ustep: 0.9999897 
mgc: 3.70385e-07 
outer mgc:  0.76555 
iter: 1  value: 14443938323 mgc: 1616539071 ustep: 3.420548e-09 
iter: 2  value: 345859 mgc: 795550017 ustep: 6.186147e-07 
iter: 3  value: 24173.69 mgc: 4591653 ustep: 0.000886442 
iter: 4  value: 19201.2 mgc: 25566.22 ustep: 0.01504682 
iter: 5  value: 16137.74 mgc: 187727.3 ustep: 0.008164776 
iter: 6  value: 15131.72 mgc: 59149.68 ustep: 0.01177717 
iter: 7  value: 10355.64 mgc: 257110.6 ustep: 0.1086118 
iter: 8  value: 611.37 mgc: 884613.4 ustep: 0.3296301 
iter: 9  value: -62.03324 mgc: 109213.7 ustep: 0.5741768 
iter: 10  value: -65.89145 mgc: 96864.05 ustep: 0.1623596 
iter: 11  value: -123.7371 mgc: 173106.6 ustep: 0.4029984 
iter: 12  value: -332.7477 mgc: 125820.4 ustep: 0.3956907 
iter: 13  value: -506.3679 mgc: 88832.94 ustep: 0.2195462 
iter: 14  value: -530.6652 mgc: 50509.5 ustep: 0.2710083 
iter: 15  value: -588.5013 mgc: 93320.03 ustep: 0.1678808 
iter: 16  value: -601.4179 mgc: 35242.87 ustep: 0.01633393 
iter: 17  value: -607.6568 mgc: 25640.35 ustep: 0.1278915 
iter: 18  value: -608.4424 mgc: 16177.48 ustep: 0.02727655 
iter: 19  value: -611.4416 mgc: 22507.87 ustep: 0.1652396 
iter: 20  value: -614.7493 mgc: 22233.9 ustep: 0.06312501 
iter: 21  value: -620.1433 mgc: 25307.02 ustep: 0.1347246 
iter: 22  value: -621.8349 mgc: 14594.11 ustep: 0.3671118 
iter: 23  value: -631.1741 mgc: 36508.87 ustep: 0.10985 
iter: 24  value: -637.4141 mgc: 13856.35 ustep: 0.3315031 
iter: 25  value: -638.1831 mgc: 8585.095 ustep: 0.1016169 
iter: 26  value: -643.4403 mgc: 13363.06 ustep: 0.3188423 
iter: 27  value: -644.0234 mgc: 1914.743 ustep: 0.05063329 
iter: 28  value: -646.2696 mgc: 5185.602 ustep: 0.2250959 
iter: 29  value: -646.8932 mgc: 2710.302 ustep: 0.1485484 
iter: 30  value: -650.7627 mgc: 11036.45 ustep: 0.3854812 
iter: 31  value: -651.0752 mgc: 3504.359 ustep: 0.05879694 
iter: 32  value: -652.8502 mgc: 7488.974 ustep: 0.2425566 
iter: 33  value: -652.9492 mgc: 2896.553 ustep: 0.08127342 
iter: 34  value: -654.9848 mgc: 9425.038 ustep: 0.2851564 
iter: 35  value: -655.2489 mgc: 2569.118 ustep: 0.04658828 
iter: 36  value: -656.3512 mgc: 5120.775 ustep: 0.2159216 
iter: 37  value: -656.5552 mgc: 1818.418 ustep: 0.07512491 
iter: 38  value: -657.8754 mgc: 6591.423 ustep: 0.2741618 
iter: 39  value: -658.0886 mgc: 1879.47 ustep: 0.04527329 
iter: 40  value: -658.9003 mgc: 4216.926 ustep: 0.2128539 
iter: 41  value: -658.9195 mgc: 1717.754 ustep: 0.1433001 
iter: 42  value: -660.5867 mgc: 9537.672 ustep: 0.3786121 
iter: 43  value: -660.6587 mgc: 2303.55 ustep: 0.05794107 
iter: 44  value: -661.3713 mgc: 6484.799 ustep: 0.2407855 
iter: 45  value: -661.4428 mgc: 4641.226 ustep: 0.08086657 
iter: 46  value: -661.7955 mgc: 7656.459 ustep: 0.154078 
iter: 47  value: -662.2121 mgc: 7894.432 ustep: 0.06039758 
iter: 48  value: -662.4142 mgc: 5718.752 ustep: 0.1315599 
iter: 49  value: -662.468 mgc: 6924.221 ustep: 0.1065222 
iter: 50  value: -662.9842 mgc: 9279.669 ustep: 0.1792779 
iter: 51  value: -663.3245 mgc: 7653.43 ustep: 0.06650394 
iter: 52  value: -663.3957 mgc: 6234.991 ustep: 0.2579578 
iter: 53  value: -663.8704 mgc: 9275.215 ustep: 0.08480298 
iter: 54  value: -664.1858 mgc: 7600.151 ustep: 0.2912804 
iter: 55  value: -664.3179 mgc: 8002.566 ustep: 0.09241264 
iter: 56  value: -664.9346 mgc: 9389.209 ustep: 0.3040641 
iter: 57  value: -665.2646 mgc: 6656.279 ustep: 0.04885466 
iter: 58  value: -665.5463 mgc: 4405.035 ustep: 0.2211088 
iter: 59  value: -665.5624 mgc: 3238.428 ustep: 0.07632819 
iter: 60  value: -665.9269 mgc: 5387.275 ustep: 0.2763479 
iter: 61  value: -666.033 mgc: 3370.285 ustep: 0.04553466 
iter: 62  value: -666.2322 mgc: 2981.91 ustep: 0.2134672 
iter: 63  value: -666.275 mgc: 2156.622 ustep: 0.07455437 
iter: 64  value: -666.52 mgc: 3574.545 ustep: 0.2731192 
iter: 65  value: -666.5882 mgc: 2326.154 ustep: 0.04514864 
iter: 66  value: -666.7376 mgc: 2143.288 ustep: 0.2125609 
iter: 67  value: -666.755 mgc: 1599.091 ustep: 0.1431738 
iter: 68  value: -667.0534 mgc: 4194.823 ustep: 0.3784453 
iter: 69  value: -667.1037 mgc: 2367.899 ustep: 0.05792034 
iter: 70  value: -667.2423 mgc: 2660.214 ustep: 0.2407424 
iter: 71  value: -667.2674 mgc: 1656.298 ustep: 0.08085667 
iter: 72  value: -667.4182 mgc: 2764.162 ustep: 0.2844246 
iter: 73  value: -667.4354 mgc: 1587.01 ustep: 0.09084797 
iter: 74  value: -667.5822 mgc: 2861.271 ustep: 0.3014798 
iter: 75  value: -667.5992 mgc: 1537.197 ustep: 0.09474144 
iter: 76  value: -667.7284 mgc: 2652.282 ustep: 0.3078702 
iter: 77  value: -667.7489 mgc: 1418.762 ustep: 0.09620175 
iter: 78  value: -667.8554 mgc: 2224.368 ustep: 0.3102331 
iter: 79  value: -667.8779 mgc: 1233.141 ustep: 0.09674204 
iter: 80  value: -667.9642 mgc: 1756.864 ustep: 0.3111027 
iter: 81  value: -667.9768 mgc: 1020.917 ustep: 0.1845018 
iter: 82  value: -668.1005 mgc: 2495.644 ustep: 0.4295938 
iter: 83  value: -668.1191 mgc: 1177.962 ustep: 0.1246655 
iter: 84  value: -668.1887 mgc: 1638.941 ustep: 0.3531447 
iter: 85  value: -668.1957 mgc: 929.8308 ustep: 0.3630181 
iter: 86  value: -668.3439 mgc: 3006.974 ustep: 0.6025496 
iter: 87  value: -668.3532 mgc: 1257.358 ustep: 0.3121744 
iter: 88  value: -668.4356 mgc: 2344.412 ustep: 0.5587698 
iter: 89  value: -668.4723 mgc: 1357.254 ustep: 0.7475343 
iter: 90  value: -668.5871 mgc: 3206.583 ustep: 0.8646142 
iter: 91  value: -668.6336 mgc: 2024.971 ustep: 0.9298534 
iter: 92  value: -668.6453 mgc: 2292.658 ustep: 0.9642926 
iter: 93  value: -668.6731 mgc: 2008.702 ustep: 0.9819858 
iter: 94  value: -668.6827 mgc: 1396.865 ustep: 0.9909529 
iter: 95  value: -668.6861 mgc: 762.2755 ustep: 0.9954666 
iter: 96  value: -668.6881 mgc: 542.7505 ustep: 0.997731 
iter: 97  value: -668.6885 mgc: 197.1212 ustep: 0.9988649 
iter: 98  value: -668.6886 mgc: 135.9466 ustep: 0.9994324 
iter: 99  value: -668.6886 mgc: 33.18941 ustep: 0.9997162 
iter: 100  value: -668.6887 mgc: 19.72301 ustep: 0.9998581 
iter: 101  value: -668.6887 mgc: 1.470959 ustep: 0.999929 
iter: 102  value: -668.6887 mgc: 0.1741156 ustep: 0.9999645 
iter: 103  value: -668.6887 mgc: 0.0001545904 ustep: 0.9999823 
iter: 104  value: -668.6887 mgc: 4.000722e-07 ustep: 0.9999911 
mgc: 4.113087e-07 
outer mgc:  0.03929171 
iter: 1  value: 14443938326 mgc: 1616539071 ustep: 3.420548e-09 
iter: 2  value: 345861.9 mgc: 795550017 ustep: 6.186147e-07 
iter: 3  value: 24176.46 mgc: 4591653 ustep: 0.000886442 
iter: 4  value: 19202.77 mgc: 25566.22 ustep: 0.01504682 
iter: 5  value: 16138.88 mgc: 187727.1 ustep: 0.008164776 
iter: 6  value: 15132.43 mgc: 59149.68 ustep: 0.01177717 
iter: 7  value: 10355.62 mgc: 257110.5 ustep: 0.1086118 
iter: 8  value: 611.2722 mgc: 884613.5 ustep: 0.3296301 
iter: 9  value: -62.00341 mgc: 109206.5 ustep: 0.5741768 
iter: 10  value: -65.91873 mgc: 96866.06 ustep: 0.1623596 
iter: 11  value: -123.7994 mgc: 173107.1 ustep: 0.4029984 
iter: 12  value: -332.8153 mgc: 125822.9 ustep: 0.3956907 
iter: 13  value: -506.3955 mgc: 88835.2 ustep: 0.2195462 
iter: 14  value: -530.7402 mgc: 50508.22 ustep: 0.2710083 
iter: 15  value: -588.5312 mgc: 93289.27 ustep: 0.1678808 
iter: 16  value: -601.448 mgc: 35242.71 ustep: 0.01633393 
iter: 17  value: -607.689 mgc: 25646.29 ustep: 0.1278915 
iter: 18  value: -608.4729 mgc: 16177.05 ustep: 0.02727655 
iter: 19  value: -611.4738 mgc: 22512.75 ustep: 0.1652396 
iter: 20  value: -614.7796 mgc: 22233.49 ustep: 0.06312501 
iter: 21  value: -620.1752 mgc: 25311.42 ustep: 0.1347246 
iter: 22  value: -621.8637 mgc: 14593.94 ustep: 0.3671118 
iter: 23  value: -631.2057 mgc: 36514.28 ustep: 0.10985 
iter: 24  value: -637.4453 mgc: 13856.07 ustep: 0.3315031 
iter: 25  value: -638.2145 mgc: 8585.527 ustep: 0.1016169 
iter: 26  value: -643.4715 mgc: 13362.88 ustep: 0.3188423 
iter: 27  value: -644.0546 mgc: 1914.477 ustep: 0.05063329 
iter: 28  value: -646.3008 mgc: 5185.602 ustep: 0.2250959 
iter: 29  value: -646.9244 mgc: 2710.389 ustep: 0.1485484 
iter: 30  value: -650.7937 mgc: 11036.42 ustep: 0.3854812 
iter: 31  value: -651.1062 mgc: 3504.433 ustep: 0.05879694 
iter: 32  value: -652.8813 mgc: 7488.968 ustep: 0.2425566 
iter: 33  value: -652.9803 mgc: 2896.489 ustep: 0.08127342 
iter: 34  value: -655.0159 mgc: 9425.029 ustep: 0.2851564 
iter: 35  value: -655.2799 mgc: 2569.044 ustep: 0.04658828 
iter: 36  value: -656.3823 mgc: 5120.776 ustep: 0.2159216 
iter: 37  value: -656.5862 mgc: 1818.376 ustep: 0.07512491 
iter: 38  value: -657.9064 mgc: 6591.415 ustep: 0.2741618 
iter: 39  value: -658.1196 mgc: 1879.441 ustep: 0.04527329 
iter: 40  value: -658.9314 mgc: 4216.921 ustep: 0.2128539 
iter: 41  value: -658.9505 mgc: 1717.843 ustep: 0.1433001 
iter: 42  value: -660.6177 mgc: 9537.595 ustep: 0.3786121 
iter: 43  value: -660.6897 mgc: 2303.598 ustep: 0.05794107 
iter: 44  value: -661.4022 mgc: 6484.783 ustep: 0.2407855 
iter: 45  value: -661.4738 mgc: 4642.136 ustep: 0.08086657 
iter: 46  value: -661.8264 mgc: 7656.501 ustep: 0.154078 
iter: 47  value: -662.2431 mgc: 7895.473 ustep: 0.06039758 
iter: 48  value: -662.4452 mgc: 5718.974 ustep: 0.1315599 
iter: 49  value: -662.499 mgc: 6923.896 ustep: 0.1065222 
iter: 50  value: -663.0152 mgc: 9280.112 ustep: 0.1792779 
iter: 51  value: -663.3554 mgc: 7652.976 ustep: 0.06650394 
iter: 52  value: -663.4267 mgc: 6235.099 ustep: 0.2579578 
iter: 53  value: -663.9013 mgc: 9274.904 ustep: 0.08480298 
iter: 54  value: -664.2168 mgc: 7600.217 ustep: 0.2912804 
iter: 55  value: -664.3489 mgc: 8002.478 ustep: 0.09241264 
iter: 56  value: -664.9656 mgc: 9389.203 ustep: 0.3040641 
iter: 57  value: -665.2955 mgc: 6656.253 ustep: 0.04885466 
iter: 58  value: -665.5773 mgc: 4405.013 ustep: 0.2211088 
iter: 59  value: -665.5934 mgc: 3238.416 ustep: 0.07632819 
iter: 60  value: -665.9579 mgc: 5387.246 ustep: 0.2763479 
iter: 61  value: -666.064 mgc: 3370.269 ustep: 0.04553466 
iter: 62  value: -666.2632 mgc: 2981.898 ustep: 0.2134672 
iter: 63  value: -666.3059 mgc: 2156.612 ustep: 0.07455437 
iter: 64  value: -666.551 mgc: 3574.531 ustep: 0.2731192 
iter: 65  value: -666.6191 mgc: 2326.144 ustep: 0.04514864 
iter: 66  value: -666.7685 mgc: 2143.282 ustep: 0.2125609 
iter: 67  value: -666.786 mgc: 1599.085 ustep: 0.1431738 
iter: 68  value: -667.0844 mgc: 4194.812 ustep: 0.3784453 
iter: 69  value: -667.1347 mgc: 2367.89 ustep: 0.05792034 
iter: 70  value: -667.2733 mgc: 2660.211 ustep: 0.2407424 
iter: 71  value: -667.2984 mgc: 1656.294 ustep: 0.08085667 
iter: 72  value: -667.4492 mgc: 2764.163 ustep: 0.2844246 
iter: 73  value: -667.4663 mgc: 1587.007 ustep: 0.09084797 
iter: 74  value: -667.6132 mgc: 2861.274 ustep: 0.3014798 
iter: 75  value: -667.6301 mgc: 1537.195 ustep: 0.09474144 
iter: 76  value: -667.7593 mgc: 2652.287 ustep: 0.3078702 
iter: 77  value: -667.7799 mgc: 1418.761 ustep: 0.09620175 
iter: 78  value: -667.8864 mgc: 2224.374 ustep: 0.3102331 
iter: 79  value: -667.9088 mgc: 1233.141 ustep: 0.09674204 
iter: 80  value: -667.9952 mgc: 1756.87 ustep: 0.3111027 
iter: 81  value: -668.0077 mgc: 1020.918 ustep: 0.1845018 
iter: 82  value: -668.1315 mgc: 2495.657 ustep: 0.4295938 
iter: 83  value: -668.1501 mgc: 1177.965 ustep: 0.1246655 
iter: 84  value: -668.2197 mgc: 1638.948 ustep: 0.3531447 
iter: 85  value: -668.2267 mgc: 929.8334 ustep: 0.3630181 
iter: 86  value: -668.3748 mgc: 3006.992 ustep: 0.6025496 
iter: 87  value: -668.3842 mgc: 1257.363 ustep: 0.3121744 
iter: 88  value: -668.4666 mgc: 2344.424 ustep: 0.5587698 
iter: 89  value: -668.5033 mgc: 1357.259 ustep: 0.7475343 
iter: 90  value: -668.618 mgc: 3206.604 ustep: 0.8646142 
iter: 91  value: -668.6645 mgc: 2024.974 ustep: 0.9298534 
iter: 92  value: -668.6762 mgc: 2292.677 ustep: 0.9642926 
iter: 93  value: -668.704 mgc: 2008.694 ustep: 0.9819858 
iter: 94  value: -668.7137 mgc: 1396.869 ustep: 0.9909529 
iter: 95  value: -668.7171 mgc: 762.2744 ustep: 0.9954666 
iter: 96  value: -668.719 mgc: 542.7505 ustep: 0.997731 
iter: 97  value: -668.7194 mgc: 197.1214 ustep: 0.9988649 
iter: 98  value: -668.7196 mgc: 135.9471 ustep: 0.9994324 
iter: 99  value: -668.7196 mgc: 33.18954 ustep: 0.9997162 
iter: 100  value: -668.7196 mgc: 19.72327 ustep: 0.9998581 
iter: 101  value: -668.7196 mgc: 1.47098 ustep: 0.999929 
iter: 102  value: -668.7196 mgc: 0.174123 ustep: 0.9999645 
iter: 103  value: -668.7196 mgc: 0.000154865 ustep: 0.9999823 
iter: 104  value: -668.7196 mgc: 3.665045e-07 ustep: 0.9999911 
mgc: 3.858804e-07 
outer mgc:  0.03927595 
iter: 1  value: 14443938323 mgc: 1616539071 ustep: 3.420548e-09 
iter: 2  value: 345859.1 mgc: 795550017 ustep: 6.186147e-07 
iter: 3  value: 24173.78 mgc: 4591653 ustep: 0.000886442 
iter: 4  value: 19200.81 mgc: 25566.22 ustep: 0.01504682 
iter: 5  value: 16137.38 mgc: 187695.7 ustep: 0.008164776 
iter: 6  value: 15131.07 mgc: 59149.71 ustep: 0.01177717 
iter: 7  value: 10355.41 mgc: 257098.3 ustep: 0.1086118 
iter: 8  value: 611.3064 mgc: 884613.6 ustep: 0.3296301 
iter: 9  value: -61.93724 mgc: 109151.8 ustep: 0.5741768 
iter: 10  value: -65.92516 mgc: 96861.29 ustep: 0.1623596 
iter: 11  value: -123.7021 mgc: 173108.9 ustep: 0.4029984 
iter: 12  value: -333.2651 mgc: 125818.1 ustep: 0.3956907 
iter: 13  value: -506.3277 mgc: 88722.9 ustep: 0.2195462 
iter: 14  value: -532.6514 mgc: 50492.84 ustep: 0.2710083 
iter: 15  value: -588.5059 mgc: 91742.98 ustep: 0.1678808 
iter: 16  value: -601.3424 mgc: 35256.12 ustep: 0.01633393 
iter: 17  value: -607.6546 mgc: 25859.03 ustep: 0.1278915 
iter: 18  value: -608.3882 mgc: 16177.77 ustep: 0.02727655 
iter: 19  value: -611.4414 mgc: 22692.03 ustep: 0.1652396 
iter: 20  value: -614.6927 mgc: 22233.4 ustep: 0.06312501 
iter: 21  value: -620.1452 mgc: 25483.47 ustep: 0.1347246 
iter: 22  value: -621.732 mgc: 14593.17 ustep: 0.3671118 
iter: 23  value: -631.1776 mgc: 36721.64 ustep: 0.10985 
iter: 24  value: -637.4113 mgc: 13854.05 ustep: 0.3315031 
iter: 25  value: -638.1871 mgc: 8622.677 ustep: 0.1016169 
iter: 26  value: -643.4439 mgc: 13360.78 ustep: 0.3188423 
iter: 27  value: -644.0271 mgc: 1919.125 ustep: 0.05063329 
iter: 28  value: -646.2734 mgc: 5185.102 ustep: 0.2250959 
iter: 29  value: -646.8972 mgc: 2710.501 ustep: 0.1485484 
iter: 30  value: -650.7664 mgc: 11034.95 ustep: 0.3854812 
iter: 31  value: -651.079 mgc: 3504.907 ustep: 0.05879694 
iter: 32  value: -652.854 mgc: 7488.394 ustep: 0.2425566 
iter: 33  value: -652.9531 mgc: 2897.002 ustep: 0.08127342 
iter: 34  value: -654.9886 mgc: 9424.309 ustep: 0.2851564 
iter: 35  value: -655.2527 mgc: 2569.49 ustep: 0.04658828 
iter: 36  value: -656.355 mgc: 5120.57 ustep: 0.2159216 
iter: 37  value: -656.559 mgc: 1818.596 ustep: 0.07512491 
iter: 38  value: -657.8792 mgc: 6591.018 ustep: 0.2741618 
iter: 39  value: -658.0924 mgc: 1879.701 ustep: 0.04527329 
iter: 40  value: -658.9041 mgc: 4216.723 ustep: 0.2128539 
iter: 41  value: -658.9234 mgc: 1718.464 ustep: 0.1433001 
iter: 42  value: -660.5904 mgc: 9536.425 ustep: 0.3786121 
iter: 43  value: -660.6625 mgc: 2304.429 ustep: 0.05794107 
iter: 44  value: -661.3746 mgc: 6484.485 ustep: 0.2407855 
iter: 45  value: -661.4466 mgc: 4648.789 ustep: 0.08086657 
iter: 46  value: -661.7985 mgc: 7656.597 ustep: 0.154078 
iter: 47  value: -662.2159 mgc: 7903.319 ustep: 0.06039758 
iter: 48  value: -662.4183 mgc: 5720.489 ustep: 0.1315599 
iter: 49  value: -662.4715 mgc: 6921.792 ustep: 0.1065222 
iter: 50  value: -662.9884 mgc: 9283.146 ustep: 0.1792779 
iter: 51  value: -663.3283 mgc: 7649.881 ustep: 0.06650394 
iter: 52  value: -663.3999 mgc: 6235.823 ustep: 0.2579578 
iter: 53  value: -663.8742 mgc: 9272.759 ustep: 0.08480298 
iter: 54  value: -664.1897 mgc: 7600.586 ustep: 0.2912804 
iter: 55  value: -664.3218 mgc: 8001.857 ustep: 0.09241264 
iter: 56  value: -664.9385 mgc: 9388.987 ustep: 0.3040641 
iter: 57  value: -665.2684 mgc: 6656.045 ustep: 0.04885466 
iter: 58  value: -665.5502 mgc: 4404.762 ustep: 0.2211088 
iter: 59  value: -665.5663 mgc: 3238.32 ustep: 0.07632819 
iter: 60  value: -665.9308 mgc: 5386.866 ustep: 0.2763479 
iter: 61  value: -666.0368 mgc: 3370.137 ustep: 0.04553466 
iter: 62  value: -666.2361 mgc: 2981.711 ustep: 0.2134672 
iter: 63  value: -666.2788 mgc: 2156.523 ustep: 0.07455437 
iter: 64  value: -666.5239 mgc: 3574.249 ustep: 0.2731192 
iter: 65  value: -666.592 mgc: 2326.039 ustep: 0.04514864 
iter: 66  value: -666.7414 mgc: 2143.13 ustep: 0.2125609 
iter: 67  value: -666.7589 mgc: 1599.02 ustep: 0.1431738 
iter: 68  value: -667.0573 mgc: 4194.362 ustep: 0.3784453 
iter: 69  value: -667.1076 mgc: 2367.773 ustep: 0.05792034 
iter: 70  value: -667.2462 mgc: 2660.04 ustep: 0.2407424 
iter: 71  value: -667.2713 mgc: 1656.203 ustep: 0.08085667 
iter: 72  value: -667.422 mgc: 2763.984 ustep: 0.2844246 
iter: 73  value: -667.4392 mgc: 1586.923 ustep: 0.09084797 
iter: 74  value: -667.5861 mgc: 2861.099 ustep: 0.3014798 
iter: 75  value: -667.603 mgc: 1537.118 ustep: 0.09474144 
iter: 76  value: -667.7322 mgc: 2652.143 ustep: 0.3078702 
iter: 77  value: -667.7528 mgc: 1418.695 ustep: 0.09620175 
iter: 78  value: -667.8592 mgc: 2224.262 ustep: 0.3102331 
iter: 79  value: -667.8817 mgc: 1233.089 ustep: 0.09674204 
iter: 80  value: -667.9681 mgc: 1756.78 ustep: 0.3111027 
iter: 81  value: -667.9806 mgc: 1020.879 ustep: 0.1845018 
iter: 82  value: -668.1043 mgc: 2495.504 ustep: 0.4295938 
iter: 83  value: -668.1229 mgc: 1177.913 ustep: 0.1246655 
iter: 84  value: -668.1925 mgc: 1638.871 ustep: 0.3531447 
iter: 85  value: -668.1995 mgc: 929.7941 ustep: 0.3630181 
iter: 86  value: -668.3477 mgc: 3006.825 ustep: 0.6025496 
iter: 87  value: -668.3571 mgc: 1257.3 ustep: 0.3121744 
iter: 88  value: -668.4394 mgc: 2344.329 ustep: 0.5587698 
iter: 89  value: -668.4761 mgc: 1357.198 ustep: 0.7475343 
iter: 90  value: -668.5909 mgc: 3206.457 ustep: 0.8646142 
iter: 91  value: -668.6374 mgc: 2024.902 ustep: 0.9298534 
iter: 92  value: -668.6491 mgc: 2292.558 ustep: 0.9642926 
iter: 93  value: -668.6769 mgc: 2008.664 ustep: 0.9819858 
iter: 94  value: -668.6865 mgc: 1396.813 ustep: 0.9909529 
iter: 95  value: -668.6899 mgc: 762.2509 ustep: 0.9954666 
iter: 96  value: -668.6919 mgc: 542.7285 ustep: 0.997731 
iter: 97  value: -668.6923 mgc: 197.112 ustep: 0.9988649 
iter: 98  value: -668.6924 mgc: 135.9389 ustep: 0.9994324 
iter: 99  value: -668.6925 mgc: 33.18706 ustep: 0.9997162 
iter: 100  value: -668.6925 mgc: 19.72086 ustep: 0.9998581 
iter: 101  value: -668.6925 mgc: 1.470717 ustep: 0.999929 
iter: 102  value: -668.6925 mgc: 0.1740552 ustep: 0.9999645 
iter: 103  value: -668.6925 mgc: 0.0001551396 ustep: 0.9999823 
iter: 104  value: -668.6925 mgc: 3.715418e-07 ustep: 0.9999911 
mgc: 3.64638e-07 
outer mgc:  0.1154668 
iter: 1  value: 14443938326 mgc: 1616539071 ustep: 3.420548e-09 
iter: 2  value: 345861.7 mgc: 795550017 ustep: 6.186147e-07 
iter: 3  value: 24176.37 mgc: 4591653 ustep: 0.000886442 
iter: 4  value: 19203.16 mgc: 25566.22 ustep: 0.01504682 
iter: 5  value: 16139.24 mgc: 187758.7 ustep: 0.008164775 
iter: 6  value: 15133.09 mgc: 59149.65 ustep: 0.01177717 
iter: 7  value: 10355.84 mgc: 257122.8 ustep: 0.1086118 
iter: 8  value: 611.3361 mgc: 884613.3 ustep: 0.3296301 
iter: 9  value: -62.09951 mgc: 109268.4 ustep: 0.5741768 
iter: 10  value: -65.88563 mgc: 96868.82 ustep: 0.1623596 
iter: 11  value: -123.8342 mgc: 173104.5 ustep: 0.4029984 
iter: 12  value: -332.2954 mgc: 125825.2 ustep: 0.3956907 
iter: 13  value: -506.4356 mgc: 88945.65 ustep: 0.2195462 
iter: 14  value: -528.6969 mgc: 50524.81 ustep: 0.2710083 
iter: 15  value: -588.5264 mgc: 94885.7 ustep: 0.1678808 
iter: 16  value: -601.5229 mgc: 35229.4 ustep: 0.01633393 
iter: 17  value: -607.6912 mgc: 25427.27 ustep: 0.1278915 
iter: 18  value: -608.5266 mgc: 16176.76 ustep: 0.02727655 
iter: 19  value: -611.4739 mgc: 22328.49 ustep: 0.1652396 
iter: 20  value: -614.8358 mgc: 22234 ustep: 0.06312501 
iter: 21  value: -620.1732 mgc: 25134.77 ustep: 0.1347246 
iter: 22  value: -621.966 mgc: 14594.88 ustep: 0.3671118 
iter: 23  value: -631.2021 mgc: 36301.56 ustep: 0.10985 
iter: 24  value: -637.448 mgc: 13858.38 ustep: 0.3315031 
iter: 25  value: -638.2104 mgc: 8547.927 ustep: 0.1016169 
iter: 26  value: -643.4679 mgc: 13365.16 ustep: 0.3188423 
iter: 27  value: -644.0507 mgc: 1909.988 ustep: 0.05063329 
iter: 28  value: -646.297 mgc: 5186.105 ustep: 0.2250959 
iter: 29  value: -646.9203 mgc: 2710.189 ustep: 0.1485484 
iter: 30  value: -650.7899 mgc: 11037.93 ustep: 0.3854812 
iter: 31  value: -651.1023 mgc: 3503.883 ustep: 0.05879694 
iter: 32  value: -652.8774 mgc: 7489.55 ustep: 0.2425566 
iter: 33  value: -652.9763 mgc: 2896.039 ustep: 0.08127342 
iter: 34  value: -655.012 mgc: 9425.761 ustep: 0.2851564 
iter: 35  value: -655.276 mgc: 2568.671 ustep: 0.04658828 
iter: 36  value: -656.3784 mgc: 5120.982 ustep: 0.2159216 
iter: 37  value: -656.5823 mgc: 1818.197 ustep: 0.07512491 
iter: 38  value: -657.9026 mgc: 6591.823 ustep: 0.2741618 
iter: 39  value: -658.1158 mgc: 1879.21 ustep: 0.04527329 
iter: 40  value: -658.9275 mgc: 4217.126 ustep: 0.2128539 
iter: 41  value: -658.9465 mgc: 1717.131 ustep: 0.1433001 
iter: 42  value: -660.6139 mgc: 9538.848 ustep: 0.3786121 
iter: 43  value: -660.6858 mgc: 2302.717 ustep: 0.05794107 
iter: 44  value: -661.3988 mgc: 6485.098 ustep: 0.2407855 
iter: 45  value: -661.4699 mgc: 4634.553 ustep: 0.08086657 
iter: 46  value: -661.8234 mgc: 7656.366 ustep: 0.154078 
iter: 47  value: -662.2392 mgc: 7886.535 ustep: 0.06039758 
iter: 48  value: -662.4411 mgc: 5717.23 ustep: 0.1315599 
iter: 49  value: -662.4954 mgc: 6926.328 ustep: 0.1065222 
iter: 50  value: -663.0109 mgc: 9276.62 ustep: 0.1792779 
iter: 51  value: -663.3515 mgc: 7656.542 ustep: 0.06650394 
iter: 52  value: -663.4224 mgc: 6234.262 ustep: 0.2579578 
iter: 53  value: -663.8974 mgc: 9277.375 ustep: 0.08480298 
iter: 54  value: -664.2128 mgc: 7599.778 ustep: 0.2912804 
iter: 55  value: -664.3449 mgc: 8003.193 ustep: 0.09241264 
iter: 56  value: -664.9616 mgc: 9389.425 ustep: 0.3040641 
iter: 57  value: -665.2916 mgc: 6656.489 ustep: 0.04885466 
iter: 58  value: -665.5734 mgc: 4405.287 ustep: 0.2211088 
iter: 59  value: -665.5894 mgc: 3238.525 ustep: 0.07632819 
iter: 60  value: -665.9539 mgc: 5387.657 ustep: 0.2763479 
iter: 61  value: -666.06 mgc: 3370.418 ustep: 0.04553466 
iter: 62  value: -666.2592 mgc: 2982.098 ustep: 0.2134672 
iter: 63  value: -666.302 mgc: 2156.712 ustep: 0.07455437 
iter: 64  value: -666.5471 mgc: 3574.828 ustep: 0.2731192 
iter: 65  value: -666.6152 mgc: 2326.26 ustep: 0.04514864 
iter: 66  value: -666.7646 mgc: 2143.44 ustep: 0.2125609 
iter: 67  value: -666.782 mgc: 1599.157 ustep: 0.1431738 
iter: 68  value: -667.0805 mgc: 4195.276 ustep: 0.3784453 
iter: 69  value: -667.1308 mgc: 2368.017 ustep: 0.05792034 
iter: 70  value: -667.2694 mgc: 2660.386 ustep: 0.2407424 
iter: 71  value: -667.2945 mgc: 1656.39 ustep: 0.08085667 
iter: 72  value: -667.4453 mgc: 2764.341 ustep: 0.2844246 
iter: 73  value: -667.4624 mgc: 1587.094 ustep: 0.09084797 
iter: 74  value: -667.6093 mgc: 2861.446 ustep: 0.3014798 
iter: 75  value: -667.6262 mgc: 1537.275 ustep: 0.09474144 
iter: 76  value: -667.7554 mgc: 2652.426 ustep: 0.3078702 
iter: 77  value: -667.776 mgc: 1418.828 ustep: 0.09620175 
iter: 78  value: -667.8825 mgc: 2224.481 ustep: 0.3102331 
iter: 79  value: -667.9049 mgc: 1233.193 ustep: 0.09674204 
iter: 80  value: -667.9913 mgc: 1756.955 ustep: 0.3111027 
iter: 81  value: -668.0038 mgc: 1020.957 ustep: 0.1845018 
iter: 82  value: -668.1276 mgc: 2495.797 ustep: 0.4295938 
iter: 83  value: -668.1462 mgc: 1178.015 ustep: 0.1246655 
iter: 84  value: -668.2158 mgc: 1639.019 ustep: 0.3531447 
iter: 85  value: -668.2228 mgc: 929.8703 ustep: 0.3630181 
iter: 86  value: -668.3709 mgc: 3007.141 ustep: 0.6025496 
iter: 87  value: -668.3803 mgc: 1257.421 ustep: 0.3121744 
iter: 88  value: -668.4627 mgc: 2344.508 ustep: 0.5587698 
iter: 89  value: -668.4994 mgc: 1357.315 ustep: 0.7475343 
iter: 90  value: -668.6141 mgc: 3206.731 ustep: 0.8646142 
iter: 91  value: -668.6606 mgc: 2025.043 ustep: 0.9298534 
iter: 92  value: -668.6723 mgc: 2292.778 ustep: 0.9642926 
iter: 93  value: -668.7001 mgc: 2008.732 ustep: 0.9819858 
iter: 94  value: -668.7098 mgc: 1396.922 ustep: 0.9909529 
iter: 95  value: -668.7132 mgc: 762.299 ustep: 0.9954666 
iter: 96  value: -668.7152 mgc: 542.7725 ustep: 0.997731 
iter: 97  value: -668.7155 mgc: 197.1305 ustep: 0.9988649 
iter: 98  value: -668.7157 mgc: 135.9548 ustep: 0.9994324 
iter: 99  value: -668.7157 mgc: 33.1919 ustep: 0.9997162 
iter: 100  value: -668.7157 mgc: 19.72543 ustep: 0.9998581 
iter: 101  value: -668.7157 mgc: 1.471223 ustep: 0.999929 
iter: 102  value: -668.7157 mgc: 0.1741834 ustep: 0.9999645 
iter: 103  value: -668.7157 mgc: 0.000154865 ustep: 0.9999823 
iter: 104  value: -668.7157 mgc: 3.684104e-07 ustep: 0.9999911 
mgc: 3.695291e-07 
outer mgc:  0.1155526 
iter: 1  value: 14443938306 mgc: 1616539071 ustep: 3.420548e-09 
iter: 2  value: 345842 mgc: 795550017 ustep: 6.186147e-07 
iter: 3  value: 24157.43 mgc: 4591653 ustep: 0.000886442 
iter: 4  value: 19192.43 mgc: 25568.54 ustep: 0.01504682 
iter: 5  value: 16110.98 mgc: 187576.4 ustep: 0.008255428 
iter: 6  value: 15124.89 mgc: 58741.47 ustep: 0.0118451 
iter: 7  value: 10112.78 mgc: 259390.4 ustep: 0.1089243 
iter: 8  value: 601.9095 mgc: 864737.4 ustep: 0.3301038 
iter: 9  value: -71.21034 mgc: 105274.1 ustep: 0.5745892 
iter: 10  value: -286.341 mgc: 96904.74 ustep: 0.08482879 
iter: 11  value: -323.2843 mgc: 108235.2 ustep: 0.2913247 
iter: 12  value: -430.0683 mgc: 57096.04 ustep: 0.1763203 
iter: 13  value: -452.5596 mgc: 68686.23 ustep: 0.2383746 
iter: 14  value: -484.6924 mgc: 62004.77 ustep: 0.2846307 
iter: 15  value: -507.096 mgc: 82509.7 ustep: 0.3170002 
iter: 16  value: -547.1103 mgc: 81658.74 ustep: 0.05041114 
iter: 17  value: -586.6684 mgc: 87460.43 ustep: 0.2246018 
iter: 18  value: -598.7899 mgc: 40679.98 ustep: 0.07713667 
iter: 19  value: -610.9019 mgc: 39835.15 ustep: 0.1501657 
iter: 20  value: -612.4122 mgc: 18219.28 ustep: 0.2174013 
iter: 21  value: -620.4474 mgc: 32333.18 ustep: 0.1452555 
iter: 22  value: -630.8682 mgc: 18843.85 ustep: 0.3811859 
iter: 23  value: -632.0012 mgc: 11714.75 ustep: 0.1131392 
iter: 24  value: -639.2852 mgc: 16319.08 ustep: 0.336428 
iter: 25  value: -639.9739 mgc: 1518.349 ustep: 0.05276162 
iter: 26  value: -642.7307 mgc: 5265.204 ustep: 0.229776 
iter: 27  value: -643.2683 mgc: 2300.944 ustep: 0.2784471 
iter: 28  value: -650.9069 mgc: 19086.43 ustep: 0.5277281 
iter: 29  value: -651.2729 mgc: 2529.223 ustep: 0.03967954 
iter: 30  value: -652.5688 mgc: 5447.109 ustep: 0.1992773 
iter: 31  value: -652.6356 mgc: 2888.202 ustep: 0.1374156 
iter: 32  value: -655.345 mgc: 11885.88 ustep: 0.370759 
iter: 33  value: -655.4601 mgc: 3430.74 ustep: 0.05696734 
iter: 34  value: -656.8193 mgc: 8246.767 ustep: 0.2387544 
iter: 35  value: -657.064 mgc: 2334.456 ustep: 0.04103799 
iter: 36  value: -657.8929 mgc: 4373.971 ustep: 0.2026581 
iter: 37  value: -657.9206 mgc: 1792.056 ustep: 0.1388879 
iter: 38  value: -659.6552 mgc: 9816.773 ustep: 0.3727393 
iter: 39  value: -659.7087 mgc: 2407.808 ustep: 0.05721243 
iter: 40  value: -660.5931 mgc: 7138.136 ustep: 0.2392673 
iter: 41  value: -660.7799 mgc: 2601.239 ustep: 0.04109946 
iter: 42  value: -661.0762 mgc: 3795.609 ustep: 0.2028097 
iter: 43  value: -661.2543 mgc: 6869.584 ustep: 0.2586233 
iter: 44  value: -661.7213 mgc: 11054.07 ustep: 0.1627086 
iter: 45  value: -662.2816 mgc: 10294.03 ustep: 0.06250998 
iter: 46  value: -662.5648 mgc: 7705.62 ustep: 0.134016 
iter: 47  value: -662.9526 mgc: 7669.151 ustep: 0.05538104 
iter: 48  value: -663.2248 mgc: 5477.351 ustep: 0.1255781 
iter: 49  value: -663.4325 mgc: 4982.723 ustep: 0.05321767 
iter: 50  value: -663.5252 mgc: 4305.128 ustep: 0.2307665 
iter: 51  value: -663.565 mgc: 7511.781 ustep: 0.1509634 
iter: 52  value: -663.7056 mgc: 10292.94 ustep: 0.3886012 
iter: 53  value: -664.6555 mgc: 11699.33 ustep: 0.05918703 
iter: 54  value: -665.0505 mgc: 7183.05 ustep: 0.2433595 
iter: 55  value: -665.2709 mgc: 5309.433 ustep: 0.04158976 
iter: 56  value: -665.5028 mgc: 3792.921 ustep: 0.2040153 
iter: 57  value: -665.5272 mgc: 2927.553 ustep: 0.07234926 
iter: 58  value: -665.8466 mgc: 5020.545 ustep: 0.2690513 
iter: 59  value: -665.9445 mgc: 3293.122 ustep: 0.04466239 
iter: 60  value: -666.1387 mgc: 3208.256 ustep: 0.2114137 
iter: 61  value: -666.1656 mgc: 2276.448 ustep: 0.07407639 
iter: 62  value: -666.4165 mgc: 4067.416 ustep: 0.2722426 
iter: 63  value: -666.4857 mgc: 2530.566 ustep: 0.04504386 
iter: 64  value: -666.6356 mgc: 2498.241 ustep: 0.2123142 
iter: 65  value: -666.6739 mgc: 1764.019 ustep: 0.07428606 
iter: 66  value: -666.8555 mgc: 2935.205 ustep: 0.2726274 
iter: 67  value: -666.8658 mgc: 1910.324 ustep: 0.08815524 
iter: 68  value: -667.071 mgc: 3730.205 ustep: 0.2969798 
iter: 69  value: -667.1199 mgc: 2045.911 ustep: 0.04800451 
iter: 70  value: -667.2243 mgc: 1896.696 ustep: 0.2191774 
iter: 71  value: -667.2363 mgc: 1302.809 ustep: 0.1460173 
iter: 72  value: -667.4393 mgc: 3435.031 ustep: 0.3821838 
iter: 73  value: -667.4757 mgc: 1791.74 ustep: 0.05838561 
iter: 74  value: -667.5624 mgc: 1850.28 ustep: 0.241707 
iter: 75  value: -667.5678 mgc: 1203.387 ustep: 0.1555978 
iter: 76  value: -667.7276 mgc: 3116.926 ustep: 0.3945194 
iter: 77  value: -667.7327 mgc: 1527.815 ustep: 0.1162784 
iter: 78  value: -667.8476 mgc: 2819.267 ustep: 0.3410621 
iter: 79  value: -667.867 mgc: 1442.252 ustep: 0.1038166 
iter: 80  value: -667.945 mgc: 1934.259 ustep: 0.3222736 
iter: 81  value: -667.9519 mgc: 1107.286 ustep: 0.1891154 
iter: 82  value: -668.0588 mgc: 2490.745 ustep: 0.4349306 
iter: 83  value: -668.0605 mgc: 1195.448 ustep: 0.2360768 
iter: 84  value: -668.1654 mgc: 2660.415 ustep: 0.4859288 
iter: 85  value: -668.1789 mgc: 1295.445 ustep: 0.2580889 
iter: 86  value: -668.2557 mgc: 2113.676 ustep: 0.5080737 
iter: 87  value: -668.2819 mgc: 1185.848 ustep: 0.7128216 
iter: 88  value: -668.426 mgc: 3469.525 ustep: 0.8443032 
iter: 89  value: -668.4695 mgc: 1840.907 ustep: 0.9188679 
iter: 90  value: -668.4861 mgc: 2602.122 ustep: 0.9585801 
iter: 91  value: -668.5226 mgc: 2297.732 ustep: 0.9790731 
iter: 92  value: -668.5335 mgc: 1618.037 ustep: 0.9894823 
iter: 93  value: -668.5395 mgc: 1011.868 ustep: 0.9947278 
iter: 94  value: -668.5427 mgc: 708.8787 ustep: 0.9973607 
iter: 95  value: -668.5433 mgc: 272.8997 ustep: 0.9986796 
iter: 96  value: -668.5436 mgc: 190.2729 ustep: 0.9993396 
iter: 97  value: -668.5436 mgc: 52.24965 ustep: 0.9996698 
iter: 98  value: -668.5436 mgc: 33.38536 ustep: 0.9998349 
iter: 99  value: -668.5436 mgc: 3.689069 ustep: 0.9999175 
iter: 100  value: -668.5436 mgc: 0.8497013 ustep: 0.9999587 
iter: 101  value: -668.5436 mgc: 0.003389179 ustep: 0.9999794 
iter: 102  value: -668.5436 mgc: 1.372926e-06 ustep: 0.9999897 
mgc: 3.725318e-07 
outer mgc:  0.4841325 
iter: 1  value: 14443938343 mgc: 1616539071 ustep: 3.420548e-09 
iter: 2  value: 345878.9 mgc: 795550017 ustep: 6.186147e-07 
iter: 3  value: 24192.75 mgc: 4591653 ustep: 0.000886442 
iter: 4  value: 19211.54 mgc: 25563.9 ustep: 0.01504682 
iter: 5  value: 16165.43 mgc: 187876.9 ustep: 0.008075494 
iter: 6  value: 15139.52 mgc: 59558.02 ustep: 0.01170994 
iter: 7  value: 10606.52 mgc: 254849.9 ustep: 0.1083016 
iter: 8  value: 621.0134 mgc: 904746.1 ustep: 0.3291592 
iter: 9  value: -51.66697 mgc: 113200.6 ustep: 0.5737666 
iter: 10  value: -69.82576 mgc: 96819.93 ustep: 0.1622427 
iter: 11  value: -120.296 mgc: 172288.4 ustep: 0.4028533 
iter: 12  value: -123.1482 mgc: 125547.8 ustep: 0.6347438 
iter: 13  value: -318.1 mgc: 115434.7 ustep: 0.3284678 
iter: 14  value: -616.5613 mgc: 139897.3 ustep: 0.5731638 
iter: 15  value: -619.9007 mgc: 12976.64 ustep: 0.08460694 
iter: 16  value: -630.8687 mgc: 22553.65 ustep: 0.2909436 
iter: 17  value: -632.5613 mgc: 7637.269 ustep: 0.04728113 
iter: 18  value: -633.1438 mgc: 7465.953 ustep: 0.007632038 
iter: 19  value: -633.4903 mgc: 8245.495 ustep: 0.0874528 
iter: 20  value: -633.9658 mgc: 15649.89 ustep: 0.02167043 
iter: 21  value: -637.289 mgc: 20270.57 ustep: 0.07657158 
iter: 22  value: -638.2346 mgc: 10005.94 ustep: 0.01007038 
iter: 23  value: -638.6023 mgc: 8199.993 ustep: 0.1004412 
iter: 24  value: -640.1408 mgc: 13624.63 ustep: 0.02353674 
iter: 25  value: -641.8087 mgc: 12406.4 ustep: 0.0799385 
iter: 26  value: -642.5137 mgc: 7813.205 ustep: 0.02055274 
iter: 27  value: -643.6189 mgc: 7430.883 ustep: 0.07449156 
iter: 28  value: -644.13 mgc: 5780.014 ustep: 0.03905853 
iter: 29  value: -644.9737 mgc: 7886.03 ustep: 0.1042846 
iter: 30  value: -645.7467 mgc: 9179.454 ustep: 0.1771815 
iter: 31  value: -646.5576 mgc: 16607.4 ustep: 0.1276612 
iter: 32  value: -651.1047 mgc: 15382.77 ustep: 0.3573613 
iter: 33  value: -652.0827 mgc: 9632.38 ustep: 0.05531682 
iter: 34  value: -653.7115 mgc: 5385.892 ustep: 0.2352718 
iter: 35  value: -654.0062 mgc: 1734.59 ustep: 0.07959845 
iter: 36  value: -655.7434 mgc: 6455.241 ustep: 0.2822038 
iter: 37  value: -655.7521 mgc: 2766.928 ustep: 0.09034113 
iter: 38  value: -657.6151 mgc: 9104.485 ustep: 0.300638 
iter: 39  value: -657.8556 mgc: 3280.273 ustep: 0.04844334 
iter: 40  value: -658.7838 mgc: 4661.179 ustep: 0.2201765 
iter: 41  value: -658.9339 mgc: 2300.035 ustep: 0.07611216 
iter: 42  value: -660.0531 mgc: 6135.931 ustep: 0.2759567 
iter: 43  value: -660.2284 mgc: 2078.803 ustep: 0.04548788 
iter: 44  value: -660.9035 mgc: 3799.003 ustep: 0.2133576 
iter: 45  value: -661.0494 mgc: 1464.175 ustep: 0.07452887 
iter: 46  value: -661.8645 mgc: 4970.359 ustep: 0.2730725 
iter: 47  value: -662.0043 mgc: 1548.436 ustep: 0.04514306 
iter: 48  value: -662.5139 mgc: 3294.592 ustep: 0.2125477 
iter: 49  value: -662.5752 mgc: 1854.853 ustep: 0.1431681 
iter: 50  value: -663.5464 mgc: 7162.374 ustep: 0.3784378 
iter: 51  value: -663.663 mgc: 3459.804 ustep: 0.05791941 
iter: 52  value: -663.692 mgc: 5090.3 ustep: 0.2407404 
iter: 53  value: -664.1746 mgc: 8947.125 ustep: 0.08085623 
iter: 54  value: -664.3699 mgc: 6407.936 ustep: 0.1540673 
iter: 55  value: -664.6573 mgc: 6844.782 ustep: 0.06039493 
iter: 56  value: -664.7405 mgc: 5160.867 ustep: 0.2458292 
iter: 57  value: -665.0345 mgc: 7694.342 ustep: 0.08202461 
iter: 58  value: -665.3221 mgc: 6775.238 ustep: 0.2864708 
iter: 59  value: -665.3421 mgc: 6738.192 ustep: 0.09131493 
iter: 60  value: -665.8766 mgc: 8701.252 ustep: 0.3022534 
iter: 61  value: -666.1203 mgc: 5805.671 ustep: 0.04863724 
iter: 62  value: -666.3486 mgc: 4043.837 ustep: 0.2206165 
iter: 63  value: -666.36 mgc: 2879.434 ustep: 0.07621412 
iter: 64  value: -666.6529 mgc: 4863.292 ustep: 0.2761414 
iter: 65  value: -666.7375 mgc: 2968.02 ustep: 0.04550997 
iter: 66  value: -666.8955 mgc: 2644.504 ustep: 0.2134093 
iter: 67  value: -666.9346 mgc: 1896.707 ustep: 0.07454091 
iter: 68  value: -667.1252 mgc: 3065.88 ustep: 0.2730945 
iter: 69  value: -667.1364 mgc: 2014.758 ustep: 0.08826188 
iter: 70  value: -667.3495 mgc: 3818.072 ustep: 0.2971593 
iter: 71  value: -667.4019 mgc: 2131.217 ustep: 0.04802604 
iter: 72  value: -667.5094 mgc: 1899.463 ustep: 0.2192265 
iter: 73  value: -667.524 mgc: 1329.698 ustep: 0.1460383 
iter: 74  value: -667.7315 mgc: 3433.557 ustep: 0.3822114 
iter: 75  value: -667.7695 mgc: 1831.647 ustep: 0.05838904 
iter: 76  value: -667.8587 mgc: 1862.672 ustep: 0.2417141 
iter: 77  value: -667.8646 mgc: 1218.939 ustep: 0.1556008 
iter: 78  value: -668.0289 mgc: 3153.214 ustep: 0.3945232 
iter: 79  value: -668.0336 mgc: 1552.726 ustep: 0.1162793 
iter: 80  value: -668.1523 mgc: 2874.619 ustep: 0.3410634 
iter: 81  value: -668.1719 mgc: 1470.519 ustep: 0.1038169 
iter: 82  value: -668.2523 mgc: 1983.724 ustep: 0.3222741 
iter: 83  value: -668.2582 mgc: 1132.873 ustep: 0.1891156 
iter: 84  value: -668.369 mgc: 2572.256 ustep: 0.4349308 
iter: 85  value: -668.3692 mgc: 1231.767 ustep: 0.2360769 
iter: 86  value: -668.478 mgc: 2752.121 ustep: 0.4859289 
iter: 87  value: -668.491 mgc: 1344.495 ustep: 0.258089 
iter: 88  value: -668.5704 mgc: 2189.986 ustep: 0.5080738 
iter: 89  value: -668.5926 mgc: 1234.218 ustep: 0.7128217 
iter: 90  value: -668.7421 mgc: 3613.088 ustep: 0.8443032 
iter: 91  value: -668.7857 mgc: 1931.254 ustep: 0.9188679 
iter: 92  value: -668.8024 mgc: 2710.986 ustep: 0.9585801 
iter: 93  value: -668.8416 mgc: 2393.007 ustep: 0.9790731 
iter: 94  value: -668.8537 mgc: 1688.015 ustep: 0.9894823 
iter: 95  value: -668.8599 mgc: 1043.57 ustep: 0.9947278 
iter: 96  value: -668.8633 mgc: 735.0083 ustep: 0.9973607 
iter: 97  value: -668.8639 mgc: 283.195 ustep: 0.9986796 
iter: 98  value: -668.8643 mgc: 196.984 ustep: 0.9993396 
iter: 99  value: -668.8643 mgc: 54.85542 ustep: 0.9996698 
iter: 100  value: -668.8643 mgc: 35.07476 ustep: 0.9998349 
iter: 101  value: -668.8643 mgc: 4.036202 ustep: 0.9999175 
iter: 102  value: -668.8643 mgc: 0.9782397 ustep: 0.9999587 
iter: 103  value: -668.8643 mgc: 0.004480372 ustep: 0.9999794 
iter: 104  value: -668.8643 mgc: 2.745845e-06 ustep: 0.9999897 
mgc: 4.35781e-07 
outer mgc:  0.4842282 
iter: 1  value: 14443938324 mgc: 1616539071 ustep: 3.420548e-09 
iter: 2  value: 345860.1 mgc: 795550017 ustep: 6.186147e-07 
iter: 3  value: 24174.74 mgc: 4591653 ustep: 0.000886442 
iter: 4  value: 19201.68 mgc: 25566.22 ustep: 0.01504682 
iter: 5  value: 16138.01 mgc: 187727.2 ustep: 0.008164776 
iter: 6  value: 15131.8 mgc: 59149.68 ustep: 0.01177717 
iter: 7  value: 10355.44 mgc: 257110.6 ustep: 0.1086118 
iter: 8  value: 611.2799 mgc: 884613.5 ustep: 0.3296301 
iter: 9  value: -61.98461 mgc: 109209.6 ustep: 0.5741768 
iter: 10  value: -65.86568 mgc: 96865.31 ustep: 0.1623596 
iter: 11  value: -123.7405 mgc: 173107.4 ustep: 0.4029984 
iter: 12  value: -332.752 mgc: 125821.9 ustep: 0.3956907 
iter: 13  value: -506.3541 mgc: 88835.66 ustep: 0.2195462 
iter: 14  value: -530.6417 mgc: 50508.84 ustep: 0.2710083 
iter: 15  value: -588.4923 mgc: 93333.6 ustep: 0.1678808 
iter: 16  value: -601.4113 mgc: 35242.59 ustep: 0.01633393 
iter: 17  value: -607.6511 mgc: 25639.42 ustep: 0.1278915 
iter: 18  value: -608.437 mgc: 16177.23 ustep: 0.02727655 
iter: 19  value: -611.4374 mgc: 22507 ustep: 0.1652396 
iter: 20  value: -614.7456 mgc: 22233.68 ustep: 0.06312501 
iter: 21  value: -620.1402 mgc: 25306 ustep: 0.1347246 
iter: 22  value: -621.8345 mgc: 14594.04 ustep: 0.3671118 
iter: 23  value: -631.1736 mgc: 36507.73 ustep: 0.10985 
iter: 24  value: -637.4147 mgc: 13856.26 ustep: 0.3315031 
iter: 25  value: -638.1839 mgc: 8584.578 ustep: 0.1016169 
iter: 26  value: -643.4418 mgc: 13363.03 ustep: 0.3188423 
iter: 27  value: -644.0249 mgc: 1914.477 ustep: 0.05063329 
iter: 28  value: -646.2715 mgc: 5185.628 ustep: 0.2250959 
iter: 29  value: -646.8952 mgc: 2710.32 ustep: 0.1485484 
iter: 30  value: -650.765 mgc: 11036.52 ustep: 0.3854812 
iter: 31  value: -651.0775 mgc: 3504.319 ustep: 0.05879694 
iter: 32  value: -652.8526 mgc: 7489.017 ustep: 0.2425566 
iter: 33  value: -652.9517 mgc: 2896.455 ustep: 0.08127342 
iter: 34  value: -654.9874 mgc: 9425.101 ustep: 0.2851564 
iter: 35  value: -655.2514 mgc: 2569.019 ustep: 0.04658828 
iter: 36  value: -656.3538 mgc: 5120.801 ustep: 0.2159216 
iter: 37  value: -656.5578 mgc: 1818.363 ustep: 0.07512491 
iter: 38  value: -657.8781 mgc: 6591.472 ustep: 0.2741618 
iter: 39  value: -658.0913 mgc: 1879.413 ustep: 0.04527329 
iter: 40  value: -658.903 mgc: 4216.954 ustep: 0.2128539 
iter: 41  value: -658.9221 mgc: 1717.722 ustep: 0.1433001 
iter: 42  value: -660.5894 mgc: 9537.799 ustep: 0.3786121 
iter: 43  value: -660.6614 mgc: 2303.454 ustep: 0.05794107 
iter: 44  value: -661.374 mgc: 6484.84 ustep: 0.2407855 
iter: 45  value: -661.4455 mgc: 4640.846 ustep: 0.08086657 
iter: 46  value: -661.7982 mgc: 7656.485 ustep: 0.154078 
iter: 47  value: -662.2148 mgc: 7893.961 ustep: 0.06039758 
iter: 48  value: -662.4169 mgc: 5718.683 ustep: 0.1315599 
iter: 49  value: -662.4707 mgc: 6924.318 ustep: 0.1065222 
iter: 50  value: -662.9868 mgc: 9279.529 ustep: 0.1792779 
iter: 51  value: -663.3272 mgc: 7653.589 ustep: 0.06650394 
iter: 52  value: -663.3983 mgc: 6234.962 ustep: 0.2579578 
iter: 53  value: -663.873 mgc: 9275.327 ustep: 0.08480298 
iter: 54  value: -664.1885 mgc: 7600.148 ustep: 0.2912804 
iter: 55  value: -664.3206 mgc: 8002.598 ustep: 0.09241264 
iter: 56  value: -664.9373 mgc: 9389.245 ustep: 0.3040641 
iter: 57  value: -665.2672 mgc: 6656.291 ustep: 0.04885466 
iter: 58  value: -665.549 mgc: 4405.06 ustep: 0.2211088 
iter: 59  value: -665.5651 mgc: 3238.434 ustep: 0.07632819 
iter: 60  value: -665.9296 mgc: 5387.316 ustep: 0.2763479 
iter: 61  value: -666.0357 mgc: 3370.294 ustep: 0.04553466 
iter: 62  value: -666.2349 mgc: 2981.932 ustep: 0.2134672 
iter: 63  value: -666.2776 mgc: 2156.629 ustep: 0.07455437 
iter: 64  value: -666.5227 mgc: 3574.58 ustep: 0.2731192 
iter: 65  value: -666.5908 mgc: 2326.163 ustep: 0.04514864 
iter: 66  value: -666.7402 mgc: 2143.308 ustep: 0.2125609 
iter: 67  value: -666.7577 mgc: 1599.097 ustep: 0.1431738 
iter: 68  value: -667.0561 mgc: 4194.889 ustep: 0.3784453 
iter: 69  value: -667.1064 mgc: 2367.911 ustep: 0.05792034 
iter: 70  value: -667.245 mgc: 2660.24 ustep: 0.2407424 
iter: 71  value: -667.2701 mgc: 1656.31 ustep: 0.08085667 
iter: 72  value: -667.4209 mgc: 2764.191 ustep: 0.2844246 
iter: 73  value: -667.438 mgc: 1587.021 ustep: 0.09084797 
iter: 74  value: -667.5849 mgc: 2861.301 ustep: 0.3014798 
iter: 75  value: -667.6018 mgc: 1537.208 ustep: 0.09474144 
iter: 76  value: -667.731 mgc: 2652.308 ustep: 0.3078702 
iter: 77  value: -667.7516 mgc: 1418.772 ustep: 0.09620175 
iter: 78  value: -667.8581 mgc: 2224.39 ustep: 0.3102331 
iter: 79  value: -667.8805 mgc: 1233.15 ustep: 0.09674204 
iter: 80  value: -667.9669 mgc: 1756.883 ustep: 0.3111027 
iter: 81  value: -667.9794 mgc: 1020.924 ustep: 0.1845018 
iter: 82  value: -668.1032 mgc: 2495.676 ustep: 0.4295938 
iter: 83  value: -668.1218 mgc: 1177.972 ustep: 0.1246655 
iter: 84  value: -668.1914 mgc: 1638.958 ustep: 0.3531447 
iter: 85  value: -668.1984 mgc: 929.8387 ustep: 0.3630181 
iter: 86  value: -668.3465 mgc: 3007.011 ustep: 0.6025496 
iter: 87  value: -668.3559 mgc: 1257.371 ustep: 0.3121744 
iter: 88  value: -668.4383 mgc: 2344.433 ustep: 0.5587698 
iter: 89  value: -668.475 mgc: 1357.266 ustep: 0.7475343 
iter: 90  value: -668.5897 mgc: 3206.614 ustep: 0.8646142 
iter: 91  value: -668.6362 mgc: 2024.983 ustep: 0.9298534 
iter: 92  value: -668.6479 mgc: 2292.68 ustep: 0.9642926 
iter: 93  value: -668.6757 mgc: 2008.699 ustep: 0.9819858 
iter: 94  value: -668.6854 mgc: 1396.871 ustep: 0.9909529 
iter: 95  value: -668.6888 mgc: 762.2755 ustep: 0.9954666 
iter: 96  value: -668.6907 mgc: 542.7515 ustep: 0.997731 
iter: 97  value: -668.6911 mgc: 197.1217 ustep: 0.9988649 
iter: 98  value: -668.6913 mgc: 135.9474 ustep: 0.9994324 
iter: 99  value: -668.6913 mgc: 33.18964 ustep: 0.9997162 
iter: 100  value: -668.6913 mgc: 19.72335 ustep: 0.9998581 
iter: 101  value: -668.6913 mgc: 1.470992 ustep: 0.999929 
iter: 102  value: -668.6913 mgc: 0.174126 ustep: 0.9999645 
iter: 103  value: -668.6913 mgc: 0.000154865 ustep: 0.9999823 
iter: 104  value: -668.6913 mgc: 3.732598e-07 ustep: 0.9999911 
mgc: 4.079667e-07 
outer mgc:  0.03485482 
iter: 1  value: 14443938325 mgc: 1616539071 ustep: 3.420548e-09 
iter: 2  value: 345860.8 mgc: 795550017 ustep: 6.186147e-07 
iter: 3  value: 24175.41 mgc: 4591653 ustep: 0.000886442 
iter: 4  value: 19202.29 mgc: 25566.22 ustep: 0.01504682 
iter: 5  value: 16138.6 mgc: 187727.2 ustep: 0.008164776 
iter: 6  value: 15132.36 mgc: 59149.68 ustep: 0.01177717 
iter: 7  value: 10355.82 mgc: 257110.5 ustep: 0.1086118 
iter: 8  value: 611.3622 mgc: 884613.4 ustep: 0.3296301 
iter: 9  value: -62.05203 mgc: 109210.6 ustep: 0.5741768 
iter: 10  value: -65.94452 mgc: 96864.8 ustep: 0.1623596 
iter: 11  value: -123.796 mgc: 173106.3 ustep: 0.4029984 
iter: 12  value: -332.811 mgc: 125821.4 ustep: 0.3956907 
iter: 13  value: -506.4093 mgc: 88832.48 ustep: 0.2195462 
iter: 14  value: -530.7637 mgc: 50508.88 ustep: 0.2710083 
iter: 15  value: -588.5401 mgc: 93275.7 ustep: 0.1678808 
iter: 16  value: -601.4545 mgc: 35242.99 ustep: 0.01633393 
iter: 17  value: -607.6947 mgc: 25647.22 ustep: 0.1278915 
iter: 18  value: -608.4783 mgc: 16177.31 ustep: 0.02727655 
iter: 19  value: -611.478 mgc: 22513.62 ustep: 0.1652396 
iter: 20  value: -614.7833 mgc: 22233.71 ustep: 0.06312501 
iter: 21  value: -620.1783 mgc: 25312.45 ustep: 0.1347246 
iter: 22  value: -621.8641 mgc: 14594.01 ustep: 0.3671118 
iter: 23  value: -631.2062 mgc: 36515.43 ustep: 0.10985 
iter: 24  value: -637.4446 mgc: 13856.16 ustep: 0.3315031 
iter: 25  value: -638.2136 mgc: 8586.043 ustep: 0.1016169 
iter: 26  value: -643.47 mgc: 13362.91 ustep: 0.3188423 
iter: 27  value: -644.053 mgc: 1914.743 ustep: 0.05063329 
iter: 28  value: -646.299 mgc: 5185.577 ustep: 0.2250959 
iter: 29  value: -646.9224 mgc: 2710.371 ustep: 0.1485484 
iter: 30  value: -650.7914 mgc: 11036.34 ustep: 0.3854812 
iter: 31  value: -651.1039 mgc: 3504.473 ustep: 0.05879694 
iter: 32  value: -652.8788 mgc: 7488.924 ustep: 0.2425566 
iter: 33  value: -652.9778 mgc: 2896.587 ustep: 0.08127342 
iter: 34  value: -655.0133 mgc: 9424.965 ustep: 0.2851564 
iter: 35  value: -655.2773 mgc: 2569.144 ustep: 0.04658828 
iter: 36  value: -656.3797 mgc: 5120.75 ustep: 0.2159216 
iter: 37  value: -656.5836 mgc: 1818.431 ustep: 0.07512491 
iter: 38  value: -657.9038 mgc: 6591.366 ustep: 0.2741618 
iter: 39  value: -658.117 mgc: 1879.499 ustep: 0.04527329 
iter: 40  value: -658.9287 mgc: 4216.894 ustep: 0.2128539 
iter: 41  value: -658.9478 mgc: 1717.876 ustep: 0.1433001 
iter: 42  value: -660.615 mgc: 9537.466 ustep: 0.3786121 
iter: 43  value: -660.687 mgc: 2303.695 ustep: 0.05794107 
iter: 44  value: -661.3995 mgc: 6484.741 ustep: 0.2407855 
iter: 45  value: -661.4711 mgc: 4642.518 ustep: 0.08086657 
iter: 46  value: -661.8236 mgc: 7656.476 ustep: 0.154078 
iter: 47  value: -662.2404 mgc: 7895.946 ustep: 0.06039758 
iter: 48  value: -662.4425 mgc: 5719.043 ustep: 0.1315599 
iter: 49  value: -662.4963 mgc: 6923.799 ustep: 0.1065222 
iter: 50  value: -663.0125 mgc: 9280.253 ustep: 0.1792779 
iter: 51  value: -663.3527 mgc: 7652.816 ustep: 0.06650394 
iter: 52  value: -663.424 mgc: 6235.129 ustep: 0.2579578 
iter: 53  value: -663.8986 mgc: 9274.791 ustep: 0.08480298 
iter: 54  value: -664.2141 mgc: 7600.219 ustep: 0.2912804 
iter: 55  value: -664.3462 mgc: 8002.446 ustep: 0.09241264 
iter: 56  value: -664.9629 mgc: 9389.167 ustep: 0.3040641 
iter: 57  value: -665.2928 mgc: 6656.241 ustep: 0.04885466 
iter: 58  value: -665.5746 mgc: 4404.988 ustep: 0.2211088 
iter: 59  value: -665.5907 mgc: 3238.41 ustep: 0.07632819 
iter: 60  value: -665.9552 mgc: 5387.205 ustep: 0.2763479 
iter: 61  value: -666.0613 mgc: 3370.26 ustep: 0.04553466 
iter: 62  value: -666.2605 mgc: 2981.877 ustep: 0.2134672 
iter: 63  value: -666.3033 mgc: 2156.605 ustep: 0.07455437 
iter: 64  value: -666.5483 mgc: 3574.495 ustep: 0.2731192 
iter: 65  value: -666.6164 mgc: 2326.135 ustep: 0.04514864 
iter: 66  value: -666.7659 mgc: 2143.262 ustep: 0.2125609 
iter: 67  value: -666.7833 mgc: 1599.079 ustep: 0.1431738 
iter: 68  value: -667.0817 mgc: 4194.746 ustep: 0.3784453 
iter: 69  value: -667.132 mgc: 2367.878 ustep: 0.05792034 
iter: 70  value: -667.2706 mgc: 2660.185 ustep: 0.2407424 
iter: 71  value: -667.2957 mgc: 1656.282 ustep: 0.08085667 
iter: 72  value: -667.4465 mgc: 2764.133 ustep: 0.2844246 
iter: 73  value: -667.4637 mgc: 1586.995 ustep: 0.09084797 
iter: 74  value: -667.6105 mgc: 2861.244 ustep: 0.3014798 
iter: 75  value: -667.6275 mgc: 1537.184 ustep: 0.09474144 
iter: 76  value: -667.7567 mgc: 2652.26 ustep: 0.3078702 
iter: 77  value: -667.7772 mgc: 1418.751 ustep: 0.09620175 
iter: 78  value: -667.8837 mgc: 2224.352 ustep: 0.3102331 
iter: 79  value: -667.9062 mgc: 1233.132 ustep: 0.09674204 
iter: 80  value: -667.9925 mgc: 1756.852 ustep: 0.3111027 
iter: 81  value: -668.005 mgc: 1020.911 ustep: 0.1845018 
iter: 82  value: -668.1288 mgc: 2495.624 ustep: 0.4295938 
iter: 83  value: -668.1474 mgc: 1177.955 ustep: 0.1246655 
iter: 84  value: -668.217 mgc: 1638.932 ustep: 0.3531447 
iter: 85  value: -668.224 mgc: 929.8255 ustep: 0.3630181 
iter: 86  value: -668.3722 mgc: 3006.955 ustep: 0.6025496 
iter: 87  value: -668.3815 mgc: 1257.35 ustep: 0.3121744 
iter: 88  value: -668.4639 mgc: 2344.404 ustep: 0.5587698 
iter: 89  value: -668.5006 mgc: 1357.246 ustep: 0.7475343 
iter: 90  value: -668.6154 mgc: 3206.573 ustep: 0.8646142 
iter: 91  value: -668.6618 mgc: 2024.962 ustep: 0.9298534 
iter: 92  value: -668.6736 mgc: 2292.655 ustep: 0.9642926 
iter: 93  value: -668.7013 mgc: 2008.697 ustep: 0.9819858 
iter: 94  value: -668.711 mgc: 1396.863 ustep: 0.9909529 
iter: 95  value: -668.7144 mgc: 762.2743 ustep: 0.9954666 
iter: 96  value: -668.7164 mgc: 542.7495 ustep: 0.997731 
iter: 97  value: -668.7167 mgc: 197.1208 ustep: 0.9988649 
iter: 98  value: -668.7169 mgc: 135.9463 ustep: 0.9994324 
iter: 99  value: -668.7169 mgc: 33.18931 ustep: 0.9997162 
iter: 100  value: -668.7169 mgc: 19.72293 ustep: 0.9998581 
iter: 101  value: -668.7169 mgc: 1.470947 ustep: 0.999929 
iter: 102  value: -668.7169 mgc: 0.1741126 ustep: 0.9999645 
iter: 103  value: -668.7169 mgc: 0.0001551396 ustep: 0.9999823 
iter: 104  value: -668.7169 mgc: 3.838725e-07 ustep: 0.9999911 
mgc: 3.985055e-07 
outer mgc:  0.03491304 
iter: 1  value: 14443938311 mgc: 1616539071 ustep: 3.420548e-09 
iter: 2  value: 345846.3 mgc: 795550017 ustep: 6.186147e-07 
iter: 3  value: 24161.33 mgc: 4591653 ustep: 0.000886442 
iter: 4  value: 19190.44 mgc: 25583.22 ustep: 0.01504682 
iter: 5  value: 16130.17 mgc: 187738.9 ustep: 0.008164613 
iter: 6  value: 15120.63 mgc: 59137.72 ustep: 0.01177705 
iter: 7  value: 10352.98 mgc: 257044.5 ustep: 0.1086113 
iter: 8  value: 612.6275 mgc: 884425.4 ustep: 0.3296293 
iter: 9  value: -57.89153 mgc: 109580.5 ustep: 0.5741761 
iter: 10  value: -65.63581 mgc: 96860.69 ustep: 0.1623594 
iter: 11  value: -123.4874 mgc: 173027.3 ustep: 0.4029981 
iter: 12  value: -331.94 mgc: 125677.6 ustep: 0.3956905 
iter: 13  value: -510.627 mgc: 89115.68 ustep: 0.2195461 
iter: 14  value: -521.417 mgc: 49077.79 ustep: 0.2710083 
iter: 15  value: -587.8052 mgc: 100427.6 ustep: 0.1678808 
iter: 16  value: -601.6961 mgc: 35367.59 ustep: 0.01633393 
iter: 17  value: -607.6383 mgc: 24650.72 ustep: 0.1278915 
iter: 18  value: -608.6228 mgc: 16148.32 ustep: 0.02727654 
iter: 19  value: -611.3821 mgc: 21682 ustep: 0.1652396 
iter: 20  value: -614.9431 mgc: 22208.76 ustep: 0.06312501 
iter: 21  value: -620.0808 mgc: 24516.4 ustep: 0.1347246 
iter: 22  value: -622.2226 mgc: 14589.72 ustep: 0.3671118 
iter: 23  value: -631.105 mgc: 35578.83 ustep: 0.10985 
iter: 24  value: -637.3713 mgc: 13859.67 ustep: 0.3315031 
iter: 25  value: -638.1105 mgc: 8413.396 ustep: 0.1016169 
iter: 26  value: -643.3697 mgc: 13371.03 ustep: 0.3188423 
iter: 27  value: -643.9514 mgc: 1886.253 ustep: 0.05063329 
iter: 28  value: -646.1978 mgc: 5188.334 ustep: 0.2250959 
iter: 29  value: -646.82 mgc: 2709.581 ustep: 0.1485484 
iter: 30  value: -650.6907 mgc: 11045.23 ustep: 0.3854812 
iter: 31  value: -651.0028 mgc: 3502.346 ustep: 0.05879694 
iter: 32  value: -652.7782 mgc: 7492.725 ustep: 0.2425566 
iter: 33  value: -652.8765 mgc: 2895.434 ustep: 0.08127342 
iter: 34  value: -654.9129 mgc: 9430.236 ustep: 0.2851564 
iter: 35  value: -655.1767 mgc: 2568.283 ustep: 0.04658828 
iter: 36  value: -656.2793 mgc: 5122.572 ustep: 0.2159216 
iter: 37  value: -656.4828 mgc: 1818.066 ustep: 0.07512491 
iter: 38  value: -657.8035 mgc: 6595.282 ustep: 0.2741618 
iter: 39  value: -658.0165 mgc: 1878.526 ustep: 0.04527329 
iter: 40  value: -658.8285 mgc: 4219.116 ustep: 0.2128539 
iter: 41  value: -658.846 mgc: 1710.874 ustep: 0.1433001 
iter: 42  value: -660.5154 mgc: 9550.619 ustep: 0.3786121 
iter: 43  value: -660.5864 mgc: 2296.3 ustep: 0.05794107 
iter: 44  value: -661.3034 mgc: 6488.482 ustep: 0.2407855 
iter: 45  value: -661.3703 mgc: 4567.055 ustep: 0.08086657 
iter: 46  value: -661.7317 mgc: 7655.878 ustep: 0.154078 
iter: 47  value: -662.1401 mgc: 7807.696 ustep: 0.06039758 
iter: 48  value: -662.339 mgc: 5702.159 ustep: 0.1315599 
iter: 49  value: -662.399 mgc: 6951.16 ustep: 0.1065222 
iter: 50  value: -662.9074 mgc: 9246.513 ustep: 0.1792779 
iter: 51  value: -663.2522 mgc: 7692.319 ustep: 0.06650394 
iter: 52  value: -663.3193 mgc: 6227.971 ustep: 0.2579578 
iter: 53  value: -663.798 mgc: 9303.077 ustep: 0.08480298 
iter: 54  value: -664.112 mgc: 7597.645 ustep: 0.2912804 
iter: 55  value: -664.2449 mgc: 8012.009 ustep: 0.09241264 
iter: 56  value: -664.8617 mgc: 9393.7 ustep: 0.3040641 
iter: 57  value: -665.1919 mgc: 6660.473 ustep: 0.04885466 
iter: 58  value: -665.4738 mgc: 4408.705 ustep: 0.2211088 
iter: 59  value: -665.4897 mgc: 3240.363 ustep: 0.07632819 
iter: 60  value: -665.8545 mgc: 5392.733 ustep: 0.2763479 
iter: 61  value: -665.9606 mgc: 3372.719 ustep: 0.04553466 
iter: 62  value: -666.1599 mgc: 2984.571 ustep: 0.2134672 
iter: 63  value: -666.2025 mgc: 2158.175 ustep: 0.07455437 
iter: 64  value: -666.4477 mgc: 3578.546 ustep: 0.2731192 
iter: 65  value: -666.5159 mgc: 2327.936 ustep: 0.04514864 
iter: 66  value: -666.6654 mgc: 2145.423 ustep: 0.2125609 
iter: 67  value: -666.6825 mgc: 1600.195 ustep: 0.1431738 
iter: 68  value: -666.9812 mgc: 4201.159 ustep: 0.3784453 
iter: 69  value: -667.0315 mgc: 2369.85 ustep: 0.05792034 
iter: 70  value: -667.1702 mgc: 2662.579 ustep: 0.2407424 
iter: 71  value: -667.1953 mgc: 1657.743 ustep: 0.08085667 
iter: 72  value: -667.3461 mgc: 2766.58 ustep: 0.2844246 
iter: 73  value: -667.3632 mgc: 1588.329 ustep: 0.09084797 
iter: 74  value: -667.5102 mgc: 2863.583 ustep: 0.3014798 
iter: 75  value: -667.5271 mgc: 1538.401 ustep: 0.09474144 
iter: 76  value: -667.6563 mgc: 2654.121 ustep: 0.3078702 
iter: 77  value: -667.6769 mgc: 1419.773 ustep: 0.09620175 
iter: 78  value: -667.7834 mgc: 2225.76 ustep: 0.3102331 
iter: 79  value: -667.8059 mgc: 1233.915 ustep: 0.09674204 
iter: 80  value: -667.8922 mgc: 1757.955 ustep: 0.3111027 
iter: 81  value: -667.9047 mgc: 1021.479 ustep: 0.1845018 
iter: 82  value: -668.0285 mgc: 2497.425 ustep: 0.4295938 
iter: 83  value: -668.0471 mgc: 1178.695 ustep: 0.1246655 
iter: 84  value: -668.1167 mgc: 1639.799 ustep: 0.3531447 
iter: 85  value: -668.1237 mgc: 930.3586 ustep: 0.3630181 
iter: 86  value: -668.2719 mgc: 3008.693 ustep: 0.6025496 
iter: 87  value: -668.2813 mgc: 1258.218 ustep: 0.3121744 
iter: 88  value: -668.3637 mgc: 2345.314 ustep: 0.5587698 
iter: 89  value: -668.4003 mgc: 1358.051 ustep: 0.7475343 
iter: 90  value: -668.5151 mgc: 3207.87 ustep: 0.8646142 
iter: 91  value: -668.5616 mgc: 2025.97 ustep: 0.9298534 
iter: 92  value: -668.5733 mgc: 2293.624 ustep: 0.9642926 
iter: 93  value: -668.6011 mgc: 2009.242 ustep: 0.9819858 
iter: 94  value: -668.6108 mgc: 1397.356 ustep: 0.9909529 
iter: 95  value: -668.6142 mgc: 762.4531 ustep: 0.9954666 
iter: 96  value: -668.6162 mgc: 542.9059 ustep: 0.997731 
iter: 97  value: -668.6165 mgc: 197.1814 ustep: 0.9988649 
iter: 98  value: -668.6167 mgc: 135.9904 ustep: 0.9994324 
iter: 99  value: -668.6167 mgc: 33.20426 ustep: 0.9997162 
iter: 100  value: -668.6167 mgc: 19.73473 ustep: 0.9998581 
iter: 101  value: -668.6167 mgc: 1.472452 ustep: 0.999929 
iter: 102  value: -668.6167 mgc: 0.1744624 ustep: 0.9999645 
iter: 103  value: -668.6167 mgc: 0.0001554142 ustep: 0.9999823 
iter: 104  value: -668.6167 mgc: 3.300287e-07 ustep: 0.9999911 
mgc: 3.635009e-07 
outer mgc:  0.1539708 
iter: 1  value: 14443938338 mgc: 1616539071 ustep: 3.420548e-09 
iter: 2  value: 345874.5 mgc: 795550017 ustep: 6.186147e-07 
iter: 3  value: 24188.84 mgc: 4591653 ustep: 0.000886442 
iter: 4  value: 19213.54 mgc: 25549.2 ustep: 0.01504682 
iter: 5  value: 16146.46 mgc: 187715.5 ustep: 0.008164938 
iter: 6  value: 15143.57 mgc: 59161.67 ustep: 0.0117773 
iter: 7  value: 10358.29 mgc: 257176.7 ustep: 0.1086124 
iter: 8  value: 610.0142 mgc: 884802.6 ustep: 0.329631 
iter: 9  value: -65.97115 mgc: 108839 ustep: 0.5741776 
iter: 10  value: -66.17332 mgc: 96869.26 ustep: 0.1623598 
iter: 11  value: -124.0346 mgc: 173180.1 ustep: 0.4029987 
iter: 12  value: -333.6821 mgc: 125966 ustep: 0.3956909 
iter: 13  value: -502.3259 mgc: 88546.33 ustep: 0.2195462 
iter: 14  value: -514.7656 mgc: 51304.62 ustep: 0.4686108 
iter: 15  value: -545.3801 mgc: 100849.7 ustep: 0.2505326 
iter: 16  value: -573.6283 mgc: 78139.61 ustep: 0.04244837 
iter: 17  value: -600.327 mgc: 82690.02 ustep: 0.2061094 
iter: 18  value: -614.4393 mgc: 45452.26 ustep: 0.07283897 
iter: 19  value: -624.3437 mgc: 42219.23 ustep: 0.1455616 
iter: 20  value: -626.1378 mgc: 22241.08 ustep: 0.2135864 
iter: 21  value: -630.5964 mgc: 32164.41 ustep: 0.1436155 
iter: 22  value: -640.7067 mgc: 23651.68 ustep: 0.3790285 
iter: 23  value: -642.0903 mgc: 10037.37 ustep: 0.05799284 
iter: 24  value: -644.8582 mgc: 6492.459 ustep: 0.240893 
iter: 25  value: -644.8739 mgc: 1772.723 ustep: 0.155254 
iter: 26  value: -649.9836 mgc: 14901.59 ustep: 0.3940835 
iter: 27  value: -650.2174 mgc: 2116.642 ustep: 0.05987455 
iter: 28  value: -652.1836 mgc: 7857.996 ustep: 0.2447683 
iter: 29  value: -652.2522 mgc: 2953.955 ustep: 0.08178117 
iter: 30  value: -654.4448 mgc: 9639.634 ustep: 0.2860455 
iter: 31  value: -654.7476 mgc: 3169.231 ustep: 0.04669468 
iter: 32  value: -655.8991 mgc: 4983.342 ustep: 0.2161679 
iter: 33  value: -656.1434 mgc: 2289.747 ustep: 0.07518213 
iter: 34  value: -657.5082 mgc: 6362.106 ustep: 0.2742662 
iter: 35  value: -657.7438 mgc: 2208.227 ustep: 0.04528577 
iter: 36  value: -658.5914 mgc: 4099.251 ustep: 0.2128832 
iter: 37  value: -658.6571 mgc: 1690.136 ustep: 0.1433127 
iter: 38  value: -660.3719 mgc: 9318.075 ustep: 0.3786288 
iter: 39  value: -660.4352 mgc: 2211.443 ustep: 0.05794315 
iter: 40  value: -661.2728 mgc: 6558.63 ustep: 0.2407898 
iter: 41  value: -661.4385 mgc: 2237.447 ustep: 0.04128192 
iter: 42  value: -661.7888 mgc: 3425.624 ustep: 0.2032592 
iter: 43  value: -661.8975 mgc: 5768.885 ustep: 0.4508977 
iter: 44  value: -662.5914 mgc: 13766.15 ustep: 0.242894 
iter: 45  value: -663.0285 mgc: 12018.54 ustep: 0.08135091 
iter: 46  value: -663.5141 mgc: 11181.95 ustep: 0.1545807 
iter: 47  value: -664.0223 mgc: 9469.62 ustep: 0.06052129 
iter: 48  value: -664.3252 mgc: 6513.118 ustep: 0.1317047 
iter: 49  value: -664.5156 mgc: 5215.429 ustep: 0.05479197 
iter: 50  value: -664.5898 mgc: 4565.102 ustep: 0.2341534 
iter: 51  value: -664.9075 mgc: 7226.623 ustep: 0.07934093 
iter: 52  value: -665.0794 mgc: 6033.345 ustep: 0.2817471 
iter: 53  value: -665.1944 mgc: 7157.629 ustep: 0.0902369 
iter: 54  value: -665.6553 mgc: 8399.295 ustep: 0.3004645 
iter: 55  value: -665.938 mgc: 6223.367 ustep: 0.04842253 
iter: 56  value: -666.173 mgc: 4270.465 ustep: 0.2201292 
iter: 57  value: -666.1746 mgc: 3087.828 ustep: 0.0761012 
iter: 58  value: -666.4861 mgc: 5262.177 ustep: 0.2759369 
iter: 59  value: -666.5794 mgc: 3224.046 ustep: 0.04548551 
iter: 60  value: -666.7448 mgc: 2878.465 ustep: 0.213352 
iter: 61  value: -666.7788 mgc: 2054.622 ustep: 0.07452757 
iter: 62  value: -666.9825 mgc: 3415.087 ustep: 0.2730701 
iter: 63  value: -667.042 mgc: 2195.854 ustep: 0.04514278 
iter: 64  value: -667.1648 mgc: 2006.289 ustep: 0.2125471 
iter: 65  value: -667.1811 mgc: 1495.321 ustep: 0.1431678 
iter: 66  value: -667.4239 mgc: 3815.005 ustep: 0.3784374 
iter: 67  value: -667.4684 mgc: 2172.298 ustep: 0.05791936 
iter: 68  value: -667.5816 mgc: 2382.018 ustep: 0.2407404 
iter: 69  value: -667.6061 mgc: 1492.908 ustep: 0.08085621 
iter: 70  value: -667.7275 mgc: 2405.543 ustep: 0.2844238 
iter: 71  value: -667.7467 mgc: 1406.479 ustep: 0.09084778 
iter: 72  value: -667.8636 mgc: 2433.983 ustep: 0.3014795 
iter: 73  value: -667.8819 mgc: 1334.171 ustep: 0.09474137 
iter: 74  value: -667.9848 mgc: 2228.846 ustep: 0.3078701 
iter: 75  value: -668.0047 mgc: 1208.052 ustep: 0.09620173 
iter: 76  value: -668.09 mgc: 1847.351 ustep: 0.310233 
iter: 77  value: -668.096 mgc: 1036.603 ustep: 0.1841425 
iter: 78  value: -668.2216 mgc: 2683.393 ustep: 0.4291754 
iter: 79  value: -668.2387 mgc: 1219.855 ustep: 0.1245642 
iter: 80  value: -668.3077 mgc: 1737.536 ustep: 0.3530012 
iter: 81  value: -668.3221 mgc: 980.7749 ustep: 0.201809 
iter: 82  value: -668.4036 mgc: 1907.608 ustep: 0.4492867 
iter: 83  value: -668.4087 mgc: 966.805 ustep: 0.425781 
iter: 84  value: -668.5408 mgc: 2960.308 ustep: 0.6525537 
iter: 85  value: -668.5687 mgc: 1307.669 ustep: 0.8078272 
iter: 86  value: -668.6951 mgc: 3806.673 ustep: 0.8988022 
iter: 87  value: -668.7401 mgc: 2326.737 ustep: 0.948057 
iter: 88  value: -668.7511 mgc: 2348.73 ustep: 0.8376966 
iter: 89  value: -668.7768 mgc: 1967.121 ustep: 0.9152662 
iter: 90  value: -668.7845 mgc: 1281.622 ustep: 0.9566998 
iter: 91  value: -668.7885 mgc: 809.3177 ustep: 0.9781125 
iter: 92  value: -668.7907 mgc: 570.4207 ustep: 0.9889968 
iter: 93  value: -668.7911 mgc: 229.2836 ustep: 0.9944837 
iter: 94  value: -668.7914 mgc: 161.5215 ustep: 0.9972383 
iter: 95  value: -668.7914 mgc: 42.87596 ustep: 0.9986183 
iter: 96  value: -668.7914 mgc: 27.27005 ustep: 0.999309 
iter: 97  value: -668.7914 mgc: 2.596196 ustep: 0.9996545 
iter: 98  value: -668.7914 mgc: 0.4833299 ustep: 0.9998272 
iter: 99  value: -668.7914 mgc: 0.001142542 ustep: 0.9999136 
iter: 100  value: -668.7914 mgc: 5.491818e-07 ustep: 0.9999568 
mgc: 3.92695e-07 
outer mgc:  0.1540775 
iter: 1  value: 14443938316 mgc: 1616539071 ustep: 3.420548e-09 
iter: 2  value: 345852.1 mgc: 795550017 ustep: 6.186147e-07 
iter: 3  value: 24167.19 mgc: 4591653 ustep: 0.000886442 
iter: 4  value: 19197.95 mgc: 25566.23 ustep: 0.01504682 
iter: 5  value: 16137.85 mgc: 187727.3 ustep: 0.008154357 
iter: 6  value: 15130.81 mgc: 59126.56 ustep: 0.01176935 
iter: 7  value: 10358.01 mgc: 257011.2 ustep: 0.1085758 
iter: 8  value: 612.3857 mgc: 884594.9 ustep: 0.3295754 
iter: 9  value: -60.43753 mgc: 109371.6 ustep: 0.5741292 
iter: 10  value: -64.17036 mgc: 96855.96 ustep: 0.162346 
iter: 11  value: -123.7483 mgc: 173455.2 ustep: 0.4029816 
iter: 12  value: -327.2549 mgc: 125790 ustep: 0.3956797 
iter: 13  value: -509.6185 mgc: 91297.43 ustep: 0.2195416 
iter: 14  value: -554.3079 mgc: 49735.33 ustep: 0.03872873 
iter: 15  value: -578.5625 mgc: 71030.53 ustep: 0.1968765 
iter: 16  value: -579.9441 mgc: 34225.45 ustep: 0.03598106 
iter: 17  value: -597.5494 mgc: 55246.94 ustep: 0.1897678 
iter: 18  value: -598.2079 mgc: 30451.77 ustep: 0.0689975 
iter: 19  value: -612.1172 mgc: 42495.01 ustep: 0.1413518 
iter: 20  value: -613.6845 mgc: 16005.02 ustep: 0.111204 
iter: 21  value: -616.441 mgc: 24068.61 ustep: 0.1836112 
iter: 22  value: -625.4228 mgc: 24432.24 ustep: 0.4285559 
iter: 23  value: -631.6677 mgc: 29918.01 ustep: 0.1244142 
iter: 24  value: -640.2761 mgc: 19756.69 ustep: 0.3527887 
iter: 25  value: -641.0015 mgc: 2811.232 ustep: 0.05475636 
iter: 26  value: -643.73 mgc: 5610.848 ustep: 0.2340774 
iter: 27  value: -644.3214 mgc: 1984.673 ustep: 0.1523692 
iter: 28  value: -648.9902 mgc: 12352.4 ustep: 0.390406 
iter: 29  value: -649.2963 mgc: 2534.315 ustep: 0.05941306 
iter: 30  value: -651.2832 mgc: 7581.18 ustep: 0.2438236 
iter: 31  value: -651.4482 mgc: 2961.812 ustep: 0.08156433 
iter: 32  value: -653.6481 mgc: 9258.77 ustep: 0.2856661 
iter: 33  value: -653.9578 mgc: 2896.539 ustep: 0.04664928 
iter: 34  value: -655.1552 mgc: 4966.138 ustep: 0.2160628 
iter: 35  value: -655.4262 mgc: 2047.503 ustep: 0.07515772 
iter: 36  value: -656.8315 mgc: 6233.625 ustep: 0.2742217 
iter: 37  value: -657.0766 mgc: 2072.499 ustep: 0.04528045 
iter: 38  value: -657.9498 mgc: 4032.038 ustep: 0.2128707 
iter: 39  value: -658.1282 mgc: 1989.08 ustep: 0.1433073 
iter: 40  value: -659.7694 mgc: 8577.463 ustep: 0.3786217 
iter: 41  value: -659.9084 mgc: 3114.917 ustep: 0.05794226 
iter: 42  value: -660.4129 mgc: 6368.902 ustep: 0.2407879 
iter: 43  value: -660.7646 mgc: 7837.608 ustep: 0.08086714 
iter: 44  value: -661.0131 mgc: 7875.613 ustep: 0.1540786 
iter: 45  value: -661.5557 mgc: 9228.074 ustep: 0.06039772 
iter: 46  value: -661.9158 mgc: 6402.636 ustep: 0.1315601 
iter: 47  value: -662.1794 mgc: 5781.768 ustep: 0.05475502 
iter: 48  value: -662.3665 mgc: 4940.402 ustep: 0.2340745 
iter: 49  value: -662.7886 mgc: 8049.82 ustep: 0.07932275 
iter: 50  value: -663.0968 mgc: 6662.457 ustep: 0.2817148 
iter: 51  value: -663.2318 mgc: 8049.254 ustep: 0.09022953 
iter: 52  value: -663.9175 mgc: 9731.851 ustep: 0.3004523 
iter: 53  value: -664.2855 mgc: 7194.541 ustep: 0.04842106 
iter: 54  value: -664.6479 mgc: 5225.905 ustep: 0.2201258 
iter: 55  value: -664.7927 mgc: 3739.117 ustep: 0.03879917 
iter: 56  value: -665.0415 mgc: 3008.416 ustep: 0.1970554 
iter: 57  value: -665.119 mgc: 2474.265 ustep: 0.0707165 
iter: 58  value: -665.4361 mgc: 3829.916 ustep: 0.2659991 
iter: 59  value: -665.5363 mgc: 2896.585 ustep: 0.04429759 
iter: 60  value: -665.752 mgc: 2770.162 ustep: 0.2105489 
iter: 61  value: -665.8089 mgc: 2112.318 ustep: 0.07387493 
iter: 62  value: -666.0776 mgc: 3513.975 ustep: 0.2718722 
iter: 63  value: -666.1508 mgc: 2377.916 ustep: 0.04499959 
iter: 64  value: -666.3246 mgc: 2389.409 ustep: 0.2122098 
iter: 65  value: -666.3741 mgc: 1716.431 ustep: 0.07426178 
iter: 66  value: -666.5834 mgc: 2843.346 ustep: 0.2725829 
iter: 67  value: -666.6024 mgc: 1894.743 ustep: 0.08814507 
iter: 68  value: -666.837 mgc: 3756.085 ustep: 0.2969627 
iter: 69  value: -666.889 mgc: 2067.419 ustep: 0.04800246 
iter: 70  value: -667.0136 mgc: 2041.022 ustep: 0.2191727 
iter: 71  value: -667.021 mgc: 1361.043 ustep: 0.1460153 
iter: 72  value: -667.2693 mgc: 3843.783 ustep: 0.3821812 
iter: 73  value: -667.3088 mgc: 1915.773 ustep: 0.05838528 
iter: 74  value: -667.4131 mgc: 2087.933 ustep: 0.2417063 
iter: 75  value: -667.4412 mgc: 1331.017 ustep: 0.08107813 
iter: 76  value: -667.55 mgc: 1975.258 ustep: 0.2848137 
iter: 77  value: -667.5753 mgc: 1229.537 ustep: 0.09093677 
iter: 78  value: -667.6775 mgc: 1916.311 ustep: 0.3016271 
iter: 79  value: -667.6782 mgc: 1135.441 ustep: 0.180585 
iter: 80  value: -667.8424 mgc: 3192.972 ustep: 0.4250105 
iter: 81  value: -667.855 mgc: 1434.108 ustep: 0.1235576 
iter: 82  value: -667.9517 mgc: 2372.979 ustep: 0.3515724 
iter: 83  value: -667.9538 mgc: 1262.138 ustep: 0.2012181 
iter: 84  value: -668.0727 mgc: 2787.593 ustep: 0.4486285 
iter: 85  value: -668.0789 mgc: 1358.981 ustep: 0.2419214 
iter: 86  value: -668.183 mgc: 2634.114 ustep: 0.4919059 
iter: 87  value: -668.186 mgc: 1386.832 ustep: 0.4535024 
iter: 88  value: -668.3202 mgc: 3253.235 ustep: 0.6734585 
iter: 89  value: -668.3628 mgc: 1766.19 ustep: 0.8206631 
iter: 90  value: -668.4613 mgc: 3660.844 ustep: 0.905914 
iter: 91  value: -668.5148 mgc: 2622.329 ustep: 0.9518 
iter: 92  value: -668.5266 mgc: 2387.031 ustep: 0.9756048 
iter: 93  value: -668.5501 mgc: 1924.746 ustep: 0.9877283 
iter: 94  value: -668.5601 mgc: 1348.177 ustep: 0.9938458 
iter: 95  value: -668.5624 mgc: 621.9852 ustep: 0.9969185 
iter: 96  value: -668.5638 mgc: 445.6348 ustep: 0.9984582 
iter: 97  value: -668.564 mgc: 153.0348 ustep: 0.9992289 
iter: 98  value: -668.5641 mgc: 103.5289 ustep: 0.9996144 
iter: 99  value: -668.5641 mgc: 22.69244 ustep: 0.9998072 
iter: 100  value: -668.5641 mgc: 12.15379 ustep: 0.9999036 
iter: 101  value: -668.5641 mgc: 0.6156278 ustep: 0.9999518 
iter: 102  value: -668.5641 mgc: 0.03512109 ustep: 0.9999759 
iter: 103  value: -668.5641 mgc: 6.864602e-06 ustep: 0.999988 
mgc: 3.74694e-07 
outer mgc:  0.1196059 
iter: 1  value: 14443938333 mgc: 1616539071 ustep: 3.420548e-09 
iter: 2  value: 345868.7 mgc: 795550017 ustep: 6.186147e-07 
iter: 3  value: 24182.97 mgc: 4591653 ustep: 0.000886442 
iter: 4  value: 19206.02 mgc: 25566.22 ustep: 0.01504682 
iter: 5  value: 16138.75 mgc: 187727.1 ustep: 0.008175235 
iter: 6  value: 15133.35 mgc: 59172.84 ustep: 0.01178503 
iter: 7  value: 10353.21 mgc: 257210.2 ustep: 0.108648 
iter: 8  value: 610.2574 mgc: 884629.9 ustep: 0.329685 
iter: 9  value: -63.55086 mgc: 109048.3 ustep: 0.5742246 
iter: 10  value: -67.47268 mgc: 96874.11 ustep: 0.1623732 
iter: 11  value: -123.8036 mgc: 172803.8 ustep: 0.4030153 
iter: 12  value: -336.8837 mgc: 125853.2 ustep: 0.3957017 
iter: 13  value: -503.0677 mgc: 86981.13 ustep: 0.2195508 
iter: 14  value: -577.96 mgc: 51073.22 ustep: 0.4686156 
iter: 15  value: -601.1839 mgc: 38250.2 ustep: 0.13427 
iter: 16  value: -605.5417 mgc: 27806.12 ustep: 0.01415646 
iter: 17  value: -613.1723 mgc: 31818.17 ustep: 0.119069 
iter: 18  value: -615.6771 mgc: 17334.26 ustep: 0.01313475 
iter: 19  value: -618.5349 mgc: 14838.13 ustep: 0.1146955 
iter: 20  value: -619.3288 mgc: 13912.86 ustep: 0.02550805 
iter: 21  value: -619.99 mgc: 18484.46 ustep: 0.1597964 
iter: 22  value: -623.1612 mgc: 22850.13 ustep: 0.06179989 
iter: 23  value: -627.4557 mgc: 25135.59 ustep: 0.1331943 
iter: 24  value: -629.4323 mgc: 15782.63 ustep: 0.2031243 
iter: 25  value: -632.7784 mgc: 25528.17 ustep: 0.1390905 
iter: 26  value: -640.5847 mgc: 18306.82 ustep: 0.3730111 
iter: 27  value: -640.8504 mgc: 11848.78 ustep: 0.1112258 
iter: 28  value: -646.6996 mgc: 16157.32 ustep: 0.333572 
iter: 29  value: -647.178 mgc: 1827.009 ustep: 0.05241495 
iter: 30  value: -649.2067 mgc: 5223.105 ustep: 0.2290202 
iter: 31  value: -649.4044 mgc: 2013.976 ustep: 0.1502207 
iter: 32  value: -653.188 mgc: 12243.15 ustep: 0.3876444 
iter: 33  value: -653.3708 mgc: 2596.221 ustep: 0.05906731 
iter: 34  value: -654.9786 mgc: 7358.622 ustep: 0.2431134 
iter: 35  value: -655.2889 mgc: 2882.369 ustep: 0.04156028 
iter: 36  value: -656.2867 mgc: 3673.502 ustep: 0.203943 
iter: 37  value: -656.4299 mgc: 2285.713 ustep: 0.4516553 
iter: 38  value: -661.1579 mgc: 18016.97 ustep: 0.6720859 
iter: 39  value: -661.3918 mgc: 2988.598 ustep: 0.02640494 
iter: 40  value: -661.8089 mgc: 3464.5 ustep: 0.1625797 
iter: 41  value: -661.9406 mgc: 1904.593 ustep: 0.1210654 
iter: 42  value: -662.7289 mgc: 6571.212 ustep: 0.3480097 
iter: 43  value: -662.8251 mgc: 2914.059 ustep: 0.05417204 
iter: 44  value: -663.07 mgc: 6176.223 ustep: 0.2328256 
iter: 45  value: -663.2545 mgc: 7598.285 ustep: 0.07903502 
iter: 46  value: -663.7467 mgc: 8698.395 ustep: 0.07921314 
iter: 47  value: -663.9799 mgc: 5405.969 ustep: 0.04047238 
iter: 48  value: -664.0939 mgc: 3993.076 ustep: 0.1062654 
iter: 49  value: -664.2065 mgc: 5520.529 ustep: 0.09392117 
iter: 50  value: -664.3922 mgc: 6872.632 ustep: 0.1672378 
iter: 51  value: -664.6747 mgc: 7433.805 ustep: 0.06360923 
iter: 52  value: -664.9408 mgc: 6347.914 ustep: 0.1352804 
iter: 53  value: -665.1115 mgc: 5200.173 ustep: 0.05570224 
iter: 54  value: -665.1268 mgc: 4807.634 ustep: 0.2360896 
iter: 55  value: -665.4289 mgc: 7441.357 ustep: 0.07978671 
iter: 56  value: -665.55 mgc: 6472.442 ustep: 0.2825372 
iter: 57  value: -665.6381 mgc: 7437.949 ustep: 0.09041722 
iter: 58  value: -666.0796 mgc: 8863.099 ustep: 0.3007645 
iter: 59  value: -666.3775 mgc: 6458.76 ustep: 0.04845853 
iter: 60  value: -666.5845 mgc: 4321.344 ustep: 0.220211 
iter: 61  value: -666.6841 mgc: 3140.476 ustep: 0.03880943 
iter: 62  value: -666.8222 mgc: 2390.153 ustep: 0.1970814 
iter: 63  value: -666.8758 mgc: 2006.647 ustep: 0.07072262 
iter: 64  value: -667.0458 mgc: 2857.285 ustep: 0.2660107 
iter: 65  value: -667.065 mgc: 2274.657 ustep: 0.086644 
iter: 66  value: -667.2728 mgc: 3972.062 ustep: 0.2944241 
iter: 67  value: -667.3321 mgc: 2452.917 ustep: 0.04769813 
iter: 68  value: -667.448 mgc: 2341.563 ustep: 0.2184772 
iter: 69  value: -667.4759 mgc: 1546.049 ustep: 0.07571815 
iter: 70  value: -667.6116 mgc: 2600.008 ustep: 0.2752418 
iter: 71  value: -667.6248 mgc: 1592.266 ustep: 0.0887521 
iter: 72  value: -667.7697 mgc: 3033.874 ustep: 0.2979831 
iter: 73  value: -667.7748 mgc: 1639.945 ustep: 0.09394284 
iter: 74  value: -667.9134 mgc: 3123.323 ustep: 0.3065703 
iter: 75  value: -667.9244 mgc: 1597.972 ustep: 0.09590461 
iter: 76  value: -668.0399 mgc: 2738.146 ustep: 0.3097537 
iter: 77  value: -668.0576 mgc: 1446.37 ustep: 0.09663242 
iter: 78  value: -668.1489 mgc: 2187.449 ustep: 0.3109265 
iter: 79  value: -668.1689 mgc: 1219.713 ustep: 0.09690062 
iter: 80  value: -668.2414 mgc: 1672.043 ustep: 0.3113575 
iter: 81  value: -668.2524 mgc: 981.0091 ustep: 0.1846071 
iter: 82  value: -668.3553 mgc: 2309.363 ustep: 0.4297163 
iter: 83  value: -668.3718 mgc: 1100.403 ustep: 0.1246951 
iter: 84  value: -668.4295 mgc: 1493.182 ustep: 0.3531867 
iter: 85  value: -668.4383 mgc: 846.7037 ustep: 0.3630459 
iter: 86  value: -668.5588 mgc: 2660.882 ustep: 0.6025726 
iter: 87  value: -668.5674 mgc: 1097.256 ustep: 0.3121858 
iter: 88  value: -668.6357 mgc: 2083.579 ustep: 0.55878 
iter: 89  value: -668.6693 mgc: 1156.226 ustep: 0.7475411 
iter: 90  value: -668.765 mgc: 2791.563 ustep: 0.8646182 
iter: 91  value: -668.8019 mgc: 1678.475 ustep: 0.9298555 
iter: 92  value: -668.8127 mgc: 1946.25 ustep: 0.9642937 
iter: 93  value: -668.8328 mgc: 1700.362 ustep: 0.9819864 
iter: 94  value: -668.8396 mgc: 1163.725 ustep: 0.9909532 
iter: 95  value: -668.8422 mgc: 652.8912 ustep: 0.9954668 
iter: 96  value: -668.8437 mgc: 455.3159 ustep: 0.997731 
iter: 97  value: -668.8439 mgc: 162.9669 ustep: 0.998865 
iter: 98  value: -668.8441 mgc: 112.7964 ustep: 0.9994324 
iter: 99  value: -668.8441 mgc: 25.27737 ustep: 0.9997162 
iter: 100  value: -668.8441 mgc: 14.34414 ustep: 0.9998581 
iter: 101  value: -668.8441 mgc: 0.8113844 ustep: 0.9999291 
iter: 102  value: -668.8441 mgc: 0.06056314 ustep: 0.9999645 
iter: 103  value: -668.8441 mgc: 1.922088e-05 ustep: 0.9999823 
mgc: 3.653613e-07 
outer mgc:  0.1195208 
iter: 1  value: 14443938326 mgc: 1616539071 ustep: 3.420548e-09 
iter: 2  value: 345863.1 mgc: 795550017 ustep: 6.186147e-07 
iter: 3  value: 24177.29 mgc: 4591653 ustep: 0.000886442 
iter: 4  value: 19202.16 mgc: 25665.78 ustep: 0.01504682 
iter: 5  value: 16133.54 mgc: 187684.9 ustep: 0.008185712 
iter: 6  value: 15129.65 mgc: 59157.55 ustep: 0.01179289 
iter: 7  value: 10337.17 mgc: 257338.7 ustep: 0.1086842 
iter: 8  value: 608.8678 mgc: 883275.4 ustep: 0.3297399 
iter: 9  value: -65.59411 mgc: 108906.7 ustep: 0.5742724 
iter: 10  value: -69.40654 mgc: 96727.2 ustep: 0.1623869 
iter: 11  value: -124.6988 mgc: 172663.3 ustep: 0.4030322 
iter: 12  value: -337.3571 mgc: 125843.1 ustep: 0.3957127 
iter: 13  value: -499.8366 mgc: 87517.13 ustep: 0.2195554 
iter: 14  value: -557.1734 mgc: 51419.28 ustep: 0.4686205 
iter: 15  value: -602.1711 mgc: 65415.45 ustep: 0.1342712 
iter: 16  value: -607.4367 mgc: 27540.41 ustep: 0.01415654 
iter: 17  value: -613.5741 mgc: 27850.59 ustep: 0.1190694 
iter: 18  value: -616.3878 mgc: 17203.9 ustep: 0.01313477 
iter: 19  value: -618.8573 mgc: 12586.24 ustep: 0.1146956 
iter: 20  value: -620.2431 mgc: 13867.99 ustep: 0.02550806 
iter: 21  value: -620.2753 mgc: 15527.7 ustep: 0.1597965 
iter: 22  value: -620.4172 mgc: 22814.36 ustep: 0.1197922 
iter: 23  value: -629.5794 mgc: 35347.71 ustep: 0.1007606 
iter: 24  value: -632.0824 mgc: 10449.63 ustep: 0.3174964 
iter: 25  value: -632.2044 mgc: 24301.06 ustep: 0.1871428 
iter: 26  value: -644.3327 mgc: 27187.79 ustep: 0.4326568 
iter: 27  value: -645.2094 mgc: 7833.54 ustep: 0.06479729 
iter: 28  value: -647.974 mgc: 8620.286 ustep: 0.2546277 
iter: 29  value: -648.174 mgc: 1534.938 ustep: 0.08404089 
iter: 30  value: -650.9879 mgc: 9699.348 ustep: 0.2899691 
iter: 31  value: -651.3718 mgc: 2382.376 ustep: 0.04716442 
iter: 32  value: -652.8134 mgc: 4733.641 ustep: 0.217252 
iter: 33  value: -653.1034 mgc: 3135.689 ustep: 0.1451914 
iter: 34  value: -655.8106 mgc: 10562.41 ustep: 0.3811017 
iter: 35  value: -655.9978 mgc: 3778.047 ustep: 0.05825082 
iter: 36  value: -657.3279 mgc: 7456.057 ustep: 0.2414279 
iter: 37  value: -657.5773 mgc: 2403.317 ustep: 0.04135838 
iter: 38  value: -658.4082 mgc: 3932.324 ustep: 0.2034473 
iter: 39  value: -658.5595 mgc: 1733.201 ustep: 0.1392308 
iter: 40  value: -660.2057 mgc: 8621.522 ustep: 0.3731992 
iter: 41  value: -660.2829 mgc: 2239.775 ustep: 0.05726938 
iter: 42  value: -661.1474 mgc: 6576.326 ustep: 0.2393863 
iter: 43  value: -661.3129 mgc: 1795.796 ustep: 0.04111373 
iter: 44  value: -661.7733 mgc: 3550.831 ustep: 0.2028449 
iter: 45  value: -661.8242 mgc: 4351.949 ustep: 0.2586497 
iter: 46  value: -661.9796 mgc: 10611.82 ustep: 0.5086253 
iter: 47  value: -663.197 mgc: 15047.97 ustep: 0.07505953 
iter: 48  value: -663.6156 mgc: 10995.63 ustep: 0.1479538 
iter: 49  value: -664.0917 mgc: 9778.319 ustep: 0.05888313 
iter: 50  value: -664.4648 mgc: 7397.289 ustep: 0.1297768 
iter: 51  value: -664.6203 mgc: 5337.617 ustep: 0.05429863 
iter: 52  value: -664.7294 mgc: 5440.221 ustep: 0.2330974 
iter: 53  value: -664.9593 mgc: 7446.874 ustep: 0.07909765 
iter: 54  value: -665.198 mgc: 7423.195 ustep: 0.2813149 
iter: 55  value: -665.6334 mgc: 7675.991 ustep: 0.04612866 
iter: 56  value: -665.8714 mgc: 4601.557 ustep: 0.2148544 
iter: 57  value: -665.8794 mgc: 3949.965 ustep: 0.07487693 
iter: 58  value: -666.2376 mgc: 6163.443 ustep: 0.2737091 
iter: 59  value: -666.3725 mgc: 4180.108 ustep: 0.04521917 
iter: 60  value: -666.5767 mgc: 3682.272 ustep: 0.2127267 
iter: 61  value: -666.5867 mgc: 2633.383 ustep: 0.07438209 
iter: 62  value: -666.8601 mgc: 4709.217 ustep: 0.2728035 
iter: 63  value: -666.9385 mgc: 2889.983 ustep: 0.04511091 
iter: 64  value: -667.0934 mgc: 2777.4 ustep: 0.2124721 
iter: 65  value: -667.1249 mgc: 1950.606 ustep: 0.07432282 
iter: 66  value: -667.3163 mgc: 3324.149 ustep: 0.2726949 
iter: 67  value: -667.3718 mgc: 2107.16 ustep: 0.04509792 
iter: 68  value: -667.4877 mgc: 1980.924 ustep: 0.2124415 
iter: 69  value: -667.5014 mgc: 1457.209 ustep: 0.1431223 
iter: 70  value: -667.7313 mgc: 3754.518 ustep: 0.3783773 
iter: 71  value: -667.773 mgc: 2107.583 ustep: 0.05791189 
iter: 72  value: -667.8801 mgc: 2342.39 ustep: 0.2407248 
iter: 73  value: -667.9034 mgc: 1458.125 ustep: 0.08085264 
iter: 74  value: -668.0179 mgc: 2352.091 ustep: 0.2844176 
iter: 75  value: -668.0364 mgc: 1371.508 ustep: 0.09084635 
iter: 76  value: -668.1464 mgc: 2364.018 ustep: 0.3014771 
iter: 77  value: -668.1643 mgc: 1296.339 ustep: 0.09474083 
iter: 78  value: -668.2607 mgc: 2151.9 ustep: 0.3078692 
iter: 79  value: -668.2801 mgc: 1168.801 ustep: 0.09620153 
iter: 80  value: -668.36 mgc: 1773.636 ustep: 0.3102327 
iter: 81  value: -668.3674 mgc: 999.0674 ustep: 0.1841424 
iter: 82  value: -668.4843 mgc: 2551.16 ustep: 0.4291752 
iter: 83  value: -668.5006 mgc: 1163.098 ustep: 0.1245641 
iter: 84  value: -668.5654 mgc: 1659.123 ustep: 0.3530011 
iter: 85  value: -668.5674 mgc: 932.3431 ustep: 0.3629233 
iter: 86  value: -668.7065 mgc: 3011.37 ustep: 0.6024709 
iter: 87  value: -668.7147 mgc: 1253.819 ustep: 0.3121355 
iter: 88  value: -668.7906 mgc: 2293.54 ustep: 0.558735 
iter: 89  value: -668.8233 mgc: 1335.331 ustep: 0.747511 
iter: 90  value: -668.9289 mgc: 3093.556 ustep: 0.8646007 
iter: 91  value: -668.9712 mgc: 1947.777 ustep: 0.9298461 
iter: 92  value: -668.9834 mgc: 2198.907 ustep: 0.9642889 
iter: 93  value: -669.008 mgc: 1895.945 ustep: 0.9819839 
iter: 94  value: -669.0167 mgc: 1319.761 ustep: 0.9909519 
iter: 95  value: -669.0197 mgc: 717.2594 ustep: 0.9954661 
iter: 96  value: -669.0215 mgc: 508.3818 ustep: 0.9977307 
iter: 97  value: -669.0218 mgc: 183.4243 ustep: 0.9988648 
iter: 98  value: -669.022 mgc: 126.6254 ustep: 0.9994323 
iter: 99  value: -669.022 mgc: 30.00495 ustep: 0.9997161 
iter: 100  value: -669.022 mgc: 17.56467 ustep: 0.9998581 
iter: 101  value: -669.022 mgc: 1.188244 ustep: 0.999929 
iter: 102  value: -669.022 mgc: 0.1198094 ustep: 0.9999645 
iter: 103  value: -669.022 mgc: 7.413754e-05 ustep: 0.9999823 
iter: 104  value: -669.022 mgc: 4.141411e-07 ustep: 0.9999911 
mgc: 4.198265e-07 
outer mgc:  0.0707772 
iter: 1  value: 14443938323 mgc: 1616539071 ustep: 3.420548e-09 
iter: 2  value: 345857.8 mgc: 795550017 ustep: 6.186147e-07 
iter: 3  value: 24172.85 mgc: 4591653 ustep: 0.000886442 
iter: 4  value: 19201.81 mgc: 25467.03 ustep: 0.01504682 
iter: 5  value: 16143.05 mgc: 187769.5 ustep: 0.008143983 
iter: 6  value: 15134.51 mgc: 59141.86 ustep: 0.01176155 
iter: 7  value: 10373.97 mgc: 256883.6 ustep: 0.1085398 
iter: 8  value: 613.777 mgc: 885939 ustep: 0.3295209 
iter: 9  value: -58.26999 mgc: 109510.6 ustep: 0.5740817 
iter: 10  value: -62.34273 mgc: 97002.73 ustep: 0.1623325 
iter: 11  value: -122.8978 mgc: 173553.9 ustep: 0.4029647 
iter: 12  value: -327.951 mgc: 125798.7 ustep: 0.3956687 
iter: 13  value: -512.6543 mgc: 90271.28 ustep: 0.219537 
iter: 14  value: -541.6654 mgc: 48525.64 ustep: 0.07596392 
iter: 15  value: -586.5826 mgc: 84165.25 ustep: 0.1489199 
iter: 16  value: -595.0805 mgc: 25093.36 ustep: 0.01511719 
iter: 17  value: -601.0458 mgc: 19340.49 ustep: 0.1230397 
iter: 18  value: -601.568 mgc: 12717.79 ustep: 0.02663185 
iter: 19  value: -606.0024 mgc: 19923.21 ustep: 0.1632764 
iter: 20  value: -608.3305 mgc: 19342.75 ustep: 0.06264811 
iter: 21  value: -614.4612 mgc: 24676.6 ustep: 0.1341754 
iter: 22  value: -617.7001 mgc: 13331.08 ustep: 0.366363 
iter: 23  value: -619.1141 mgc: 35407.16 ustep: 0.207342 
iter: 24  value: -637.0417 mgc: 34211.61 ustep: 0.4554027 
iter: 25  value: -639.301 mgc: 13300.61 ustep: 0.06778134 
iter: 26  value: -642.7823 mgc: 9221 ustep: 0.2604225 
iter: 27  value: -643.2437 mgc: 2336.961 ustep: 0.0853667 
iter: 28  value: -646.6652 mgc: 9944.335 ustep: 0.2922466 
iter: 29  value: -647.1544 mgc: 2243.461 ustep: 0.04743721 
iter: 30  value: -648.9309 mgc: 4747.992 ustep: 0.2178791 
iter: 31  value: -649.404 mgc: 3205.982 ustep: 0.2697871 
iter: 32  value: -654.4413 mgc: 15895.53 ustep: 0.5194584 
iter: 33  value: -654.8122 mgc: 4235.54 ustep: 0.03905931 
iter: 34  value: -655.8107 mgc: 5422.178 ustep: 0.1977145 
iter: 35  value: -656.0507 mgc: 2344.365 ustep: 0.0708715 
iter: 36  value: -657.2798 mgc: 6614.284 ustep: 0.2662904 
iter: 37  value: -657.532 mgc: 2466.764 ustep: 0.0443324 
iter: 38  value: -658.2876 mgc: 4403.387 ustep: 0.2106315 
iter: 39  value: -658.4273 mgc: 3575.086 ustep: 0.1423417 
iter: 40  value: -659.3886 mgc: 9124.021 ustep: 0.3773443 
iter: 41  value: -660.0799 mgc: 9636.847 ustep: 0.05778354 
iter: 42  value: -660.2554 mgc: 7515.502 ustep: 0.1284701 
iter: 43  value: -660.8457 mgc: 9373.835 ustep: 0.05396319 
iter: 44  value: -661.1536 mgc: 6156.934 ustep: 0.1238464 
iter: 45  value: -661.4659 mgc: 6348.554 ustep: 0.05276914 
iter: 46  value: -661.5255 mgc: 5281.228 ustep: 0.2297924 
iter: 47  value: -662.0771 mgc: 9414.483 ustep: 0.07833562 
iter: 48  value: -662.2722 mgc: 7513.029 ustep: 0.279957 
iter: 49  value: -662.3932 mgc: 9605.672 ustep: 0.08982837 
iter: 50  value: -663.1918 mgc: 11693.72 ustep: 0.2997838 
iter: 51  value: -663.6843 mgc: 8664.029 ustep: 0.04834085 
iter: 52  value: -664.1039 mgc: 6401.685 ustep: 0.2199435 
iter: 53  value: -664.2857 mgc: 4528.303 ustep: 0.03877719 
iter: 54  value: -664.5604 mgc: 3746.243 ustep: 0.1969996 
iter: 55  value: -664.6088 mgc: 2984.654 ustep: 0.07070338 
iter: 56  value: -664.9834 mgc: 5109.106 ustep: 0.2659745 
iter: 57  value: -665.0975 mgc: 3546.096 ustep: 0.04429464 
iter: 58  value: -665.3447 mgc: 3638.515 ustep: 0.2105419 
iter: 59  value: -665.3628 mgc: 2585.739 ustep: 0.07387329 
iter: 60  value: -665.6964 mgc: 4892.812 ustep: 0.2718692 
iter: 61  value: -665.7798 mgc: 2969.631 ustep: 0.04499923 
iter: 62  value: -665.9785 mgc: 3127.925 ustep: 0.212209 
iter: 63  value: -666.0061 mgc: 2122.365 ustep: 0.07426158 
iter: 64  value: -666.2589 mgc: 3924.442 ustep: 0.2725825 
iter: 65  value: -666.3237 mgc: 2365.915 ustep: 0.0450845 
iter: 66  value: -666.4741 mgc: 2390.792 ustep: 0.2124099 
iter: 67  value: -666.515 mgc: 1676.726 ustep: 0.07430834 
iter: 68  value: -666.6951 mgc: 2767.223 ustep: 0.2726683 
iter: 69  value: -666.7124 mgc: 1816.576 ustep: 0.08816457 
iter: 70  value: -666.9114 mgc: 3493.715 ustep: 0.2969955 
iter: 71  value: -666.9585 mgc: 1939.657 ustep: 0.0480064 
iter: 72  value: -667.0627 mgc: 1808.927 ustep: 0.2191817 
iter: 73  value: -667.0824 mgc: 1247.934 ustep: 0.1460191 
iter: 74  value: -667.2798 mgc: 3215.847 ustep: 0.3821863 
iter: 75  value: -667.3152 mgc: 1707.61 ustep: 0.05838591 
iter: 76  value: -667.4016 mgc: 1778.38 ustep: 0.2417076 
iter: 77  value: -667.4116 mgc: 1155.849 ustep: 0.155598 
iter: 78  value: -667.5681 mgc: 2971.715 ustep: 0.3945197 
iter: 79  value: -667.5744 mgc: 1462.633 ustep: 0.1162785 
iter: 80  value: -667.688 mgc: 2739.898 ustep: 0.3410622 
iter: 81  value: -667.7071 mgc: 1387.975 ustep: 0.1038166 
iter: 82  value: -667.785 mgc: 1897.169 ustep: 0.3222737 
iter: 83  value: -667.7931 mgc: 1077.457 ustep: 0.1891155 
iter: 84  value: -667.8995 mgc: 2443.741 ustep: 0.4349306 
iter: 85  value: -667.9021 mgc: 1166.04 ustep: 0.2360768 
iter: 86  value: -668.0066 mgc: 2621.716 ustep: 0.4859288 
iter: 87  value: -668.0203 mgc: 1268.61 ustep: 0.2580889 
iter: 88  value: -668.0971 mgc: 2089.216 ustep: 0.5080737 
iter: 89  value: -668.125 mgc: 1169.288 ustep: 0.7128216 
iter: 90  value: -668.269 mgc: 3438.102 ustep: 0.8443032 
iter: 91  value: -668.3128 mgc: 1818.503 ustep: 0.9188679 
iter: 92  value: -668.3293 mgc: 2582.485 ustep: 0.9585801 
iter: 93  value: -668.3656 mgc: 2286.14 ustep: 0.9790731 
iter: 94  value: -668.3763 mgc: 1606.742 ustep: 0.9894823 
iter: 95  value: -668.3822 mgc: 1010.423 ustep: 0.9947278 
iter: 96  value: -668.3854 mgc: 705.6765 ustep: 0.9973607 
iter: 97  value: -668.386 mgc: 271.7099 ustep: 0.9986796 
iter: 98  value: -668.3863 mgc: 189.2289 ustep: 0.9993396 
iter: 99  value: -668.3863 mgc: 51.84441 ustep: 0.9996698 
iter: 100  value: -668.3864 mgc: 33.02874 ustep: 0.9998349 
iter: 101  value: -668.3864 mgc: 3.624509 ustep: 0.9999175 
iter: 102  value: -668.3864 mgc: 0.821782 ustep: 0.9999587 
iter: 103  value: -668.3864 mgc: 0.003178299 ustep: 0.9999794 
iter: 104  value: -668.3864 mgc: 1.372926e-06 ustep: 0.9999897 
mgc: 3.8703e-07 
outer mgc:  0.07075916 
outer mgc:  4.511856 
